[Header]
Data File Name	C:\PACsolution\Data1\Ch1\2026_05_07\210601.gcd
Output Date	2026/05/08
Output Time	0:53:53

[File Information]
Type	ÃÞ°ÀÌ§²Ù
Generated	2026/05/07 21:06:01
Generated by	
Modified	2026/05/07 21:06:01
Modified by	

[Sample Information]
Operator Name	System Administrator
Acquisition Date	2026/05/07 19:33:54
Type	
Level	0
Sample Name	
Sample ID	
ISTD Amount1	1
ISTD Amount2	0
ISTD Amount3	0
ISTD Amount4	0
ISTD Amount5	0
ISTD Amount6	0
ISTD Amount7	0
ISTD Amount8	0
ISTD Amount9	0
ISTD Amount10	0
ISTD Amount11	0
ISTD Amount12	0
ISTD Amount13	0
ISTD Amount14	0
ISTD Amount15	0
ISTD Amount16	0
Sample Amount	100
Dilution Factor	1
Vial#	-1
Injection Volume	9.18356e-039
Injection Count	1
Bar Code	

[Original Files]
Data File	C:\PACsolution\WORK\PAC1\@CHRM1.D02
Method File	210601.GCM
Batch File	
Report Format File	C:\PACsolution\SYSTEM\DEFAULT.gcr

[File Comment]


[Configration]
Instrument Name	‘•’u–¼1
Instrument #	1
Line #	1

[Peak Table (Ch1)]
# of Peaks	1
Peak#	R.Time	I.Time	F.Time	Area	Height	A/H	Conc.	Mark	ID#	Name	k'	Plate #	Plate Ht.	Tailing	Resolution	Sep.Factor
1	69.251	69.142	69.490	1652	204	8.00	99.99999	   			0.000	0.000	0.000	0.000	0.000	0.000

[Compound Results (Ch1)]
# of IDs	0

[Group Results (Ch1)]
# of Groups	0

[Chromatogram (Ch1)]
Interval(msec)	100
# of Points	54001
Start Time(min)	0.000
End Time(min)	90.002
R.Time	Intensity
0.00000	1126
0.00167	1126
0.00333	1127
0.00500	1126
0.00667	1126
0.00833	1127
0.01000	1126
0.01167	1127
0.01333	1126
0.01500	1127
0.01667	1127
0.01833	1127
0.02000	1127
0.02167	1127
0.02333	1128
0.02500	1127
0.02667	1128
0.02833	1127
0.03000	1128
0.03167	1128
0.03333	1128
0.03500	1128
0.03667	1128
0.03833	1128
0.04000	1128
0.04167	1128
0.04333	1128
0.04500	1128
0.04667	1129
0.04833	1128
0.05000	1128
0.05167	1128
0.05333	1127
0.05500	1128
0.05667	1127
0.05833	1127
0.06000	1127
0.06167	1127
0.06333	1126
0.06500	1127
0.06667	1126
0.06833	1126
0.07000	1126
0.07167	1126
0.07333	1126
0.07500	1126
0.07667	1126
0.07833	1125
0.08000	1126
0.08167	1125
0.08333	1126
0.08500	1126
0.08667	1125
0.08833	1126
0.09000	1126
0.09167	1126
0.09333	1126
0.09500	1126
0.09667	1127
0.09833	1126
0.10000	1127
0.10167	1127
0.10333	1126
0.10500	1127
0.10667	1128
0.10833	1127
0.11000	1128
0.11167	1127
0.11333	1128
0.11500	1128
0.11667	1128
0.11833	1127
0.12000	1129
0.12167	1128
0.12333	1128
0.12500	1127
0.12667	1129
0.12833	1127
0.13000	1128
0.13167	1128
0.13333	1128
0.13500	1128
0.13667	1128
0.13833	1128
0.14000	1127
0.14167	1128
0.14333	1127
0.14500	1128
0.14667	1127
0.14833	1127
0.15000	1128
0.15167	1127
0.15333	1127
0.15500	1127
0.15667	1126
0.15833	1127
0.16000	1126
0.16167	1127
0.16333	1126
0.16500	1127
0.16667	1126
0.16833	1126
0.17000	1126
0.17167	1127
0.17333	1125
0.17500	1126
0.17667	1126
0.17833	1126
0.18000	1125
0.18167	1125
0.18333	1126
0.18500	1125
0.18667	1125
0.18833	1125
0.19000	1125
0.19167	1126
0.19333	1125
0.19500	1125
0.19667	1125
0.19833	1125
0.20000	1125
0.20167	1125
0.20333	1124
0.20500	1125
0.20667	1124
0.20833	1124
0.21000	1124
0.21167	1125
0.21333	1124
0.21500	1124
0.21667	1125
0.21833	1124
0.22000	1124
0.22167	1124
0.22333	1125
0.22500	1123
0.22667	1125
0.22833	1124
0.23000	1124
0.23167	1124
0.23333	1124
0.23500	1124
0.23667	1125
0.23833	1124
0.24000	1124
0.24167	1124
0.24333	1124
0.24500	1124
0.24667	1124
0.24833	1124
0.25000	1124
0.25167	1124
0.25333	1124
0.25500	1124
0.25667	1124
0.25833	1124
0.26000	1124
0.26167	1124
0.26333	1124
0.26500	1124
0.26667	1124
0.26833	1124
0.27000	1124
0.27167	1124
0.27333	1124
0.27500	1124
0.27667	1123
0.27833	1124
0.28000	1123
0.28167	1124
0.28333	1123
0.28500	1123
0.28667	1123
0.28833	1122
0.29000	1123
0.29167	1122
0.29333	1123
0.29500	1122
0.29667	1122
0.29833	1123
0.30000	1122
0.30167	1122
0.30333	1122
0.30500	1122
0.30667	1122
0.30833	1122
0.31000	1122
0.31167	1121
0.31333	1122
0.31500	1122
0.31667	1123
0.31833	1122
0.32000	1122
0.32167	1123
0.32333	1123
0.32500	1122
0.32667	1123
0.32833	1123
0.33000	1122
0.33167	1123
0.33333	1123
0.33500	1122
0.33667	1123
0.33833	1122
0.34000	1122
0.34167	1123
0.34333	1122
0.34500	1122
0.34667	1122
0.34833	1122
0.35000	1122
0.35167	1122
0.35333	1122
0.35500	1121
0.35667	1122
0.35833	1121
0.36000	1121
0.36167	1121
0.36333	1121
0.36500	1121
0.36667	1120
0.36833	1121
0.37000	1120
0.37167	1121
0.37333	1120
0.37500	1121
0.37667	1120
0.37833	1120
0.38000	1120
0.38167	1120
0.38333	1119
0.38500	1120
0.38667	1119
0.38833	1120
0.39000	1119
0.39167	1119
0.39333	1119
0.39500	1119
0.39667	1119
0.39833	1118
0.40000	1119
0.40167	1118
0.40333	1118
0.40500	1118
0.40667	1117
0.40833	1118
0.41000	1117
0.41167	1118
0.41333	1118
0.41500	1117
0.41667	1118
0.41833	1117
0.42000	1117
0.42167	1117
0.42333	1118
0.42500	1117
0.42667	1118
0.42833	1118
0.43000	1117
0.43167	1118
0.43333	1118
0.43500	1118
0.43667	1117
0.43833	1118
0.44000	1118
0.44167	1118
0.44333	1118
0.44500	1118
0.44667	1118
0.44833	1118
0.45000	1118
0.45167	1118
0.45333	1118
0.45500	1118
0.45667	1118
0.45833	1118
0.46000	1118
0.46167	1118
0.46333	1118
0.46500	1118
0.46667	1118
0.46833	1119
0.47000	1118
0.47167	1118
0.47333	1118
0.47500	1118
0.47667	1118
0.47833	1118
0.48000	1118
0.48167	1118
0.48333	1118
0.48500	1118
0.48667	1118
0.48833	1118
0.49000	1118
0.49167	1118
0.49333	1118
0.49500	1117
0.49667	1118
0.49833	1118
0.50000	1118
0.50167	1118
0.50333	1118
0.50500	1118
0.50667	1118
0.50833	1118
0.51000	1118
0.51167	1118
0.51333	1118
0.51500	1118
0.51667	1118
0.51833	1118
0.52000	1118
0.52167	1119
0.52333	1118
0.52500	1118
0.52667	1119
0.52833	1118
0.53000	1118
0.53167	1119
0.53333	1118
0.53500	1119
0.53667	1118
0.53833	1119
0.54000	1118
0.54167	1119
0.54333	1118
0.54500	1119
0.54667	1119
0.54833	1118
0.55000	1119
0.55167	1118
0.55333	1118
0.55500	1118
0.55667	1118
0.55833	1117
0.56000	1118
0.56167	1118
0.56333	1117
0.56500	1117
0.56667	1118
0.56833	1117
0.57000	1117
0.57167	1118
0.57333	1117
0.57500	1117
0.57667	1117
0.57833	1117
0.58000	1117
0.58167	1117
0.58333	1117
0.58500	1117
0.58667	1117
0.58833	1117
0.59000	1116
0.59167	1117
0.59333	1116
0.59500	1116
0.59667	1117
0.59833	1116
0.60000	1116
0.60167	1117
0.60333	1116
0.60500	1116
0.60667	1116
0.60833	1116
0.61000	1116
0.61167	1116
0.61333	1116
0.61500	1115
0.61667	1116
0.61833	1115
0.62000	1115
0.62167	1115
0.62333	1115
0.62500	1115
0.62667	1114
0.62833	1115
0.63000	1115
0.63167	1114
0.63333	1115
0.63500	1115
0.63667	1114
0.63833	1115
0.64000	1114
0.64167	1114
0.64333	1115
0.64500	1114
0.64667	1115
0.64833	1115
0.65000	1114
0.65167	1115
0.65333	1115
0.65500	1115
0.65667	1114
0.65833	1115
0.66000	1115
0.66167	1115
0.66333	1115
0.66500	1115
0.66667	1115
0.66833	1115
0.67000	1115
0.67167	1116
0.67333	1115
0.67500	1116
0.67667	1116
0.67833	1116
0.68000	1115
0.68167	1116
0.68333	1116
0.68500	1116
0.68667	1116
0.68833	1116
0.69000	1115
0.69167	1116
0.69333	1116
0.69500	1115
0.69667	1116
0.69833	1115
0.70000	1116
0.70167	1115
0.70333	1115
0.70500	1116
0.70667	1115
0.70833	1115
0.71000	1115
0.71167	1115
0.71333	1115
0.71500	1115
0.71667	1114
0.71833	1115
0.72000	1114
0.72167	1114
0.72333	1115
0.72500	1114
0.72667	1114
0.72833	1114
0.73000	1114
0.73167	1114
0.73333	1114
0.73500	1114
0.73667	1115
0.73833	1114
0.74000	1115
0.74167	1114
0.74333	1115
0.74500	1114
0.74667	1115
0.74833	1114
0.75000	1115
0.75167	1115
0.75333	1114
0.75500	1115
0.75667	1115
0.75833	1115
0.76000	1115
0.76167	1115
0.76333	1114
0.76500	1115
0.76667	1115
0.76833	1115
0.77000	1115
0.77167	1115
0.77333	1115
0.77500	1115
0.77667	1115
0.77833	1114
0.78000	1115
0.78167	1114
0.78333	1115
0.78500	1114
0.78667	1115
0.78833	1114
0.79000	1115
0.79167	1114
0.79333	1115
0.79500	1114
0.79667	1114
0.79833	1115
0.80000	1114
0.80167	1114
0.80333	1114
0.80500	1114
0.80667	1113
0.80833	1114
0.81000	1113
0.81167	1114
0.81333	1113
0.81500	1113
0.81667	1114
0.81833	1113
0.82000	1113
0.82167	1113
0.82333	1113
0.82500	1112
0.82667	1113
0.82833	1112
0.83000	1112
0.83167	1112
0.83333	1112
0.83500	1112
0.83667	1112
0.83833	1111
0.84000	1111
0.84167	1112
0.84333	1111
0.84500	1110
0.84667	1111
0.84833	1110
0.85000	1111
0.85167	1110
0.85333	1110
0.85500	1110
0.85667	1109
0.85833	1110
0.86000	1109
0.86167	1110
0.86333	1109
0.86500	1109
0.86667	1109
0.86833	1109
0.87000	1108
0.87167	1109
0.87333	1109
0.87500	1109
0.87667	1108
0.87833	1109
0.88000	1108
0.88167	1108
0.88333	1109
0.88500	1108
0.88667	1109
0.88833	1108
0.89000	1108
0.89167	1109
0.89333	1108
0.89500	1108
0.89667	1108
0.89833	1108
0.90000	1108
0.90167	1109
0.90333	1108
0.90500	1108
0.90667	1108
0.90833	1108
0.91000	1108
0.91167	1108
0.91333	1108
0.91500	1107
0.91667	1108
0.91833	1108
0.92000	1108
0.92167	1108
0.92333	1108
0.92500	1108
0.92667	1108
0.92833	1109
0.93000	1108
0.93167	1108
0.93333	1109
0.93500	1108
0.93667	1109
0.93833	1108
0.94000	1109
0.94167	1109
0.94333	1109
0.94500	1109
0.94667	1109
0.94833	1108
0.95000	1109
0.95167	1109
0.95333	1109
0.95500	1109
0.95667	1109
0.95833	1108
0.96000	1109
0.96167	1108
0.96333	1108
0.96500	1108
0.96667	1108
0.96833	1109
0.97000	1108
0.97167	1108
0.97333	1108
0.97500	1108
0.97667	1108
0.97833	1109
0.98000	1108
0.98167	1108
0.98333	1109
0.98500	1108
0.98667	1108
0.98833	1109
0.99000	1108
0.99167	1109
0.99333	1108
0.99500	1109
0.99667	1108
0.99833	1108
1.00000	1108
1.00167	1108
1.00333	1108
1.00500	1108
1.00667	1108
1.00833	1108
1.01000	1108
1.01167	1107
1.01333	1107
1.01500	1107
1.01667	1107
1.01833	1106
1.02000	1106
1.02167	1107
1.02333	1105
1.02500	1106
1.02667	1105
1.02833	1106
1.03000	1105
1.03167	1105
1.03333	1104
1.03500	1105
1.03667	1104
1.03833	1104
1.04000	1104
1.04167	1105
1.04333	1104
1.04500	1104
1.04667	1104
1.04833	1105
1.05000	1104
1.05167	1104
1.05333	1104
1.05500	1105
1.05667	1104
1.05833	1104
1.06000	1104
1.06167	1105
1.06333	1104
1.06500	1104
1.06667	1104
1.06833	1104
1.07000	1104
1.07167	1104
1.07333	1104
1.07500	1103
1.07667	1104
1.07833	1103
1.08000	1103
1.08167	1103
1.08333	1102
1.08500	1102
1.08667	1102
1.08833	1101
1.09000	1102
1.09167	1101
1.09333	1102
1.09500	1101
1.09667	1101
1.09833	1101
1.10000	1101
1.10167	1100
1.10333	1101
1.10500	1101
1.10667	1101
1.10833	1101
1.11000	1100
1.11167	1101
1.11333	1101
1.11500	1101
1.11667	1101
1.11833	1102
1.12000	1101
1.12167	1102
1.12333	1101
1.12500	1102
1.12667	1102
1.12833	1102
1.13000	1102
1.13167	1102
1.13333	1103
1.13500	1102
1.13667	1103
1.13833	1102
1.14000	1103
1.14167	1102
1.14333	1102
1.14500	1103
1.14667	1103
1.14833	1102
1.15000	1103
1.15167	1103
1.15333	1103
1.15500	1103
1.15667	1102
1.15833	1103
1.16000	1103
1.16167	1103
1.16333	1102
1.16500	1103
1.16667	1102
1.16833	1103
1.17000	1103
1.17167	1102
1.17333	1103
1.17500	1102
1.17667	1103
1.17833	1102
1.18000	1103
1.18167	1102
1.18333	1103
1.18500	1102
1.18667	1103
1.18833	1102
1.19000	1102
1.19167	1102
1.19333	1103
1.19500	1102
1.19667	1103
1.19833	1102
1.20000	1103
1.20167	1102
1.20333	1103
1.20500	1102
1.20667	1103
1.20833	1103
1.21000	1102
1.21167	1103
1.21333	1103
1.21500	1103
1.21667	1102
1.21833	1103
1.22000	1103
1.22167	1103
1.22333	1103
1.22500	1103
1.22667	1103
1.22833	1103
1.23000	1103
1.23167	1104
1.23333	1103
1.23500	1104
1.23667	1103
1.23833	1103
1.24000	1102
1.24167	1103
1.24333	1103
1.24500	1102
1.24667	1102
1.24833	1103
1.25000	1102
1.25167	1102
1.25333	1102
1.25500	1102
1.25667	1103
1.25833	1102
1.26000	1102
1.26167	1102
1.26333	1102
1.26500	1102
1.26667	1102
1.26833	1102
1.27000	1102
1.27167	1102
1.27333	1101
1.27500	1102
1.27667	1102
1.27833	1102
1.28000	1101
1.28167	1102
1.28333	1102
1.28500	1102
1.28667	1102
1.28833	1101
1.29000	1102
1.29167	1102
1.29333	1102
1.29500	1102
1.29667	1102
1.29833	1102
1.30000	1101
1.30167	1102
1.30333	1102
1.30500	1102
1.30667	1102
1.30833	1102
1.31000	1102
1.31167	1102
1.31333	1103
1.31500	1102
1.31667	1102
1.31833	1102
1.32000	1102
1.32167	1102
1.32333	1102
1.32500	1102
1.32667	1102
1.32833	1103
1.33000	1102
1.33167	1102
1.33333	1102
1.33500	1102
1.33667	1102
1.33833	1102
1.34000	1103
1.34167	1102
1.34333	1103
1.34500	1102
1.34667	1102
1.34833	1103
1.35000	1102
1.35167	1102
1.35333	1102
1.35500	1101
1.35667	1102
1.35833	1102
1.36000	1102
1.36167	1101
1.36333	1102
1.36500	1101
1.36667	1101
1.36833	1100
1.37000	1101
1.37167	1101
1.37333	1100
1.37500	1100
1.37667	1101
1.37833	1100
1.38000	1100
1.38167	1100
1.38333	1100
1.38500	1100
1.38667	1100
1.38833	1100
1.39000	1101
1.39167	1100
1.39333	1100
1.39500	1101
1.39667	1101
1.39833	1101
1.40000	1100
1.40167	1102
1.40333	1100
1.40500	1101
1.40667	1101
1.40833	1102
1.41000	1101
1.41167	1101
1.41333	1101
1.41500	1100
1.41667	1101
1.41833	1101
1.42000	1100
1.42167	1100
1.42333	1100
1.42500	1099
1.42667	1099
1.42833	1100
1.43000	1099
1.43167	1099
1.43333	1099
1.43500	1099
1.43667	1098
1.43833	1099
1.44000	1098
1.44167	1099
1.44333	1098
1.44500	1098
1.44667	1098
1.44833	1098
1.45000	1098
1.45167	1098
1.45333	1098
1.45500	1098
1.45667	1098
1.45833	1098
1.46000	1099
1.46167	1098
1.46333	1099
1.46500	1099
1.46667	1100
1.46833	1099
1.47000	1100
1.47167	1100
1.47333	1100
1.47500	1100
1.47667	1100
1.47833	1100
1.48000	1100
1.48167	1101
1.48333	1100
1.48500	1101
1.48667	1100
1.48833	1101
1.49000	1101
1.49167	1101
1.49333	1101
1.49500	1101
1.49667	1101
1.49833	1100
1.50000	1101
1.50167	1101
1.50333	1101
1.50500	1101
1.50667	1100
1.50833	1101
1.51000	1101
1.51167	1101
1.51333	1101
1.51500	1100
1.51667	1101
1.51833	1101
1.52000	1101
1.52167	1101
1.52333	1101
1.52500	1101
1.52667	1101
1.52833	1100
1.53000	1100
1.53167	1101
1.53333	1101
1.53500	1100
1.53667	1100
1.53833	1101
1.54000	1100
1.54167	1100
1.54333	1100
1.54500	1099
1.54667	1100
1.54833	1099
1.55000	1100
1.55167	1099
1.55333	1100
1.55500	1099
1.55667	1099
1.55833	1099
1.56000	1098
1.56167	1099
1.56333	1098
1.56500	1098
1.56667	1099
1.56833	1098
1.57000	1097
1.57167	1098
1.57333	1098
1.57500	1097
1.57667	1098
1.57833	1097
1.58000	1097
1.58167	1097
1.58333	1097
1.58500	1097
1.58667	1096
1.58833	1097
1.59000	1096
1.59167	1097
1.59333	1096
1.59500	1097
1.59667	1096
1.59833	1096
1.60000	1096
1.60167	1096
1.60333	1096
1.60500	1096
1.60667	1096
1.60833	1097
1.61000	1096
1.61167	1097
1.61333	1096
1.61500	1097
1.61667	1096
1.61833	1097
1.62000	1097
1.62167	1097
1.62333	1097
1.62500	1098
1.62667	1097
1.62833	1098
1.63000	1098
1.63167	1097
1.63333	1098
1.63500	1098
1.63667	1097
1.63833	1098
1.64000	1098
1.64167	1098
1.64333	1098
1.64500	1097
1.64667	1098
1.64833	1097
1.65000	1097
1.65167	1098
1.65333	1097
1.65500	1096
1.65667	1097
1.65833	1097
1.66000	1096
1.66167	1096
1.66333	1096
1.66500	1096
1.66667	1096
1.66833	1096
1.67000	1095
1.67167	1095
1.67333	1095
1.67500	1095
1.67667	1094
1.67833	1095
1.68000	1094
1.68167	1094
1.68333	1094
1.68500	1094
1.68667	1094
1.68833	1093
1.69000	1094
1.69167	1093
1.69333	1093
1.69500	1093
1.69667	1093
1.69833	1092
1.70000	1093
1.70167	1092
1.70333	1093
1.70500	1092
1.70667	1092
1.70833	1093
1.71000	1092
1.71167	1093
1.71333	1092
1.71500	1093
1.71667	1093
1.71833	1093
1.72000	1093
1.72167	1093
1.72333	1094
1.72500	1093
1.72667	1094
1.72833	1093
1.73000	1094
1.73167	1094
1.73333	1094
1.73500	1094
1.73667	1094
1.73833	1094
1.74000	1094
1.74167	1094
1.74333	1094
1.74500	1094
1.74667	1094
1.74833	1093
1.75000	1093
1.75167	1094
1.75333	1093
1.75500	1093
1.75667	1092
1.75833	1092
1.76000	1092
1.76167	1092
1.76333	1091
1.76500	1092
1.76667	1091
1.76833	1091
1.77000	1091
1.77167	1091
1.77333	1091
1.77500	1090
1.77667	1090
1.77833	1090
1.78000	1090
1.78167	1090
1.78333	1090
1.78500	1090
1.78667	1090
1.78833	1089
1.79000	1090
1.79167	1090
1.79333	1090
1.79500	1090
1.79667	1090
1.79833	1090
1.80000	1090
1.80167	1090
1.80333	1091
1.80500	1090
1.80667	1091
1.80833	1090
1.81000	1091
1.81167	1090
1.81333	1091
1.81500	1092
1.81667	1091
1.81833	1091
1.82000	1091
1.82167	1091
1.82333	1091
1.82500	1091
1.82667	1091
1.82833	1091
1.83000	1091
1.83167	1091
1.83333	1091
1.83500	1091
1.83667	1091
1.83833	1090
1.84000	1091
1.84167	1091
1.84333	1090
1.84500	1091
1.84667	1090
1.84833	1091
1.85000	1090
1.85167	1090
1.85333	1090
1.85500	1090
1.85667	1090
1.85833	1089
1.86000	1089
1.86167	1090
1.86333	1089
1.86500	1088
1.86667	1089
1.86833	1089
1.87000	1089
1.87167	1089
1.87333	1088
1.87500	1089
1.87667	1089
1.87833	1088
1.88000	1089
1.88167	1089
1.88333	1088
1.88500	1089
1.88667	1088
1.88833	1088
1.89000	1089
1.89167	1088
1.89333	1088
1.89500	1089
1.89667	1088
1.89833	1089
1.90000	1088
1.90167	1089
1.90333	1089
1.90500	1089
1.90667	1089
1.90833	1089
1.91000	1089
1.91167	1089
1.91333	1089
1.91500	1090
1.91667	1089
1.91833	1089
1.92000	1090
1.92167	1089
1.92333	1089
1.92500	1089
1.92667	1089
1.92833	1089
1.93000	1089
1.93167	1089
1.93333	1089
1.93500	1089
1.93667	1089
1.93833	1089
1.94000	1089
1.94167	1089
1.94333	1089
1.94500	1089
1.94667	1089
1.94833	1089
1.95000	1089
1.95167	1089
1.95333	1089
1.95500	1089
1.95667	1089
1.95833	1088
1.96000	1089
1.96167	1088
1.96333	1089
1.96500	1089
1.96667	1088
1.96833	1089
1.97000	1088
1.97167	1089
1.97333	1088
1.97500	1088
1.97667	1088
1.97833	1088
1.98000	1088
1.98167	1088
1.98333	1087
1.98500	1088
1.98667	1087
1.98833	1087
1.99000	1087
1.99167	1087
1.99333	1087
1.99500	1088
1.99667	1087
1.99833	1087
2.00000	1087
2.00167	1088
2.00333	1087
2.00500	1087
2.00667	1087
2.00833	1088
2.01000	1087
2.01167	1087
2.01333	1087
2.01500	1088
2.01667	1087
2.01833	1088
2.02000	1087
2.02167	1088
2.02333	1087
2.02500	1088
2.02667	1087
2.02833	1088
2.03000	1088
2.03167	1087
2.03333	1088
2.03500	1088
2.03667	1087
2.03833	1088
2.04000	1087
2.04167	1088
2.04333	1087
2.04500	1087
2.04667	1088
2.04833	1087
2.05000	1087
2.05167	1088
2.05333	1087
2.05500	1087
2.05667	1088
2.05833	1087
2.06000	1087
2.06167	1087
2.06333	1087
2.06500	1088
2.06667	1087
2.06833	1087
2.07000	1088
2.07167	1087
2.07333	1087
2.07500	1087
2.07667	1087
2.07833	1087
2.08000	1087
2.08167	1088
2.08333	1087
2.08500	1088
2.08667	1087
2.08833	1087
2.09000	1087
2.09167	1086
2.09333	1087
2.09500	1087
2.09667	1087
2.09833	1087
2.10000	1086
2.10167	1088
2.10333	1087
2.10500	1087
2.10667	1088
2.10833	1088
2.11000	1087
2.11167	1088
2.11333	1088
2.11500	1088
2.11667	1088
2.11833	1088
2.12000	1089
2.12167	1088
2.12333	1088
2.12500	1088
2.12667	1089
2.12833	1088
2.13000	1088
2.13167	1088
2.13333	1088
2.13500	1088
2.13667	1088
2.13833	1088
2.14000	1088
2.14167	1088
2.14333	1088
2.14500	1089
2.14667	1088
2.14833	1088
2.15000	1089
2.15167	1088
2.15333	1089
2.15500	1089
2.15667	1089
2.15833	1089
2.16000	1089
2.16167	1090
2.16333	1090
2.16500	1090
2.16667	1091
2.16833	1090
2.17000	1090
2.17167	1091
2.17333	1089
2.17500	1090
2.17667	1090
2.17833	1090
2.18000	1090
2.18167	1090
2.18333	1090
2.18500	1090
2.18667	1089
2.18833	1090
2.19000	1089
2.19167	1088
2.19333	1089
2.19500	1089
2.19667	1088
2.19833	1088
2.20000	1087
2.20167	1088
2.20333	1086
2.20500	1087
2.20667	1086
2.20833	1086
2.21000	1086
2.21167	1085
2.21333	1085
2.21500	1084
2.21667	1084
2.21833	1085
2.22000	1083
2.22167	1084
2.22333	1083
2.22500	1083
2.22667	1084
2.22833	1082
2.23000	1083
2.23167	1083
2.23333	1082
2.23500	1082
2.23667	1083
2.23833	1082
2.24000	1081
2.24167	1082
2.24333	1082
2.24500	1082
2.24667	1081
2.24833	1082
2.25000	1082
2.25167	1082
2.25333	1082
2.25500	1081
2.25667	1082
2.25833	1082
2.26000	1082
2.26167	1082
2.26333	1082
2.26500	1082
2.26667	1082
2.26833	1083
2.27000	1082
2.27167	1082
2.27333	1083
2.27500	1082
2.27667	1083
2.27833	1082
2.28000	1083
2.28167	1083
2.28333	1083
2.28500	1083
2.28667	1083
2.28833	1083
2.29000	1083
2.29167	1084
2.29333	1083
2.29500	1083
2.29667	1083
2.29833	1083
2.30000	1083
2.30167	1083
2.30333	1082
2.30500	1083
2.30667	1082
2.30833	1083
2.31000	1082
2.31167	1082
2.31333	1082
2.31500	1082
2.31667	1082
2.31833	1082
2.32000	1082
2.32167	1082
2.32333	1082
2.32500	1082
2.32667	1081
2.32833	1082
2.33000	1082
2.33167	1083
2.33333	1082
2.33500	1083
2.33667	1083
2.33833	1083
2.34000	1084
2.34167	1084
2.34333	1084
2.34500	1084
2.34667	1084
2.34833	1084
2.35000	1085
2.35167	1084
2.35333	1085
2.35500	1085
2.35667	1085
2.35833	1085
2.36000	1084
2.36167	1085
2.36333	1085
2.36500	1085
2.36667	1085
2.36833	1084
2.37000	1085
2.37167	1085
2.37333	1085
2.37500	1084
2.37667	1085
2.37833	1085
2.38000	1084
2.38167	1085
2.38333	1084
2.38500	1084
2.38667	1084
2.38833	1084
2.39000	1084
2.39167	1083
2.39333	1083
2.39500	1083
2.39667	1083
2.39833	1083
2.40000	1082
2.40167	1083
2.40333	1082
2.40500	1082
2.40667	1082
2.40833	1081
2.41000	1081
2.41167	1081
2.41333	1081
2.41500	1080
2.41667	1081
2.41833	1080
2.42000	1080
2.42167	1079
2.42333	1080
2.42500	1079
2.42667	1080
2.42833	1079
2.43000	1079
2.43167	1079
2.43333	1079
2.43500	1079
2.43667	1080
2.43833	1079
2.44000	1078
2.44167	1079
2.44333	1079
2.44500	1078
2.44667	1079
2.44833	1079
2.45000	1079
2.45167	1079
2.45333	1079
2.45500	1079
2.45667	1079
2.45833	1079
2.46000	1079
2.46167	1079
2.46333	1079
2.46500	1079
2.46667	1080
2.46833	1079
2.47000	1079
2.47167	1080
2.47333	1079
2.47500	1080
2.47667	1080
2.47833	1079
2.48000	1080
2.48167	1081
2.48333	1080
2.48500	1080
2.48667	1080
2.48833	1081
2.49000	1080
2.49167	1081
2.49333	1081
2.49500	1081
2.49667	1080
2.49833	1081
2.50000	1081
2.50167	1081
2.50333	1081
2.50500	1081
2.50667	1081
2.50833	1081
2.51000	1081
2.51167	1081
2.51333	1081
2.51500	1080
2.51667	1081
2.51833	1081
2.52000	1081
2.52167	1081
2.52333	1082
2.52500	1081
2.52667	1082
2.52833	1081
2.53000	1082
2.53167	1082
2.53333	1082
2.53500	1082
2.53667	1083
2.53833	1082
2.54000	1083
2.54167	1082
2.54333	1083
2.54500	1083
2.54667	1083
2.54833	1083
2.55000	1083
2.55167	1083
2.55333	1084
2.55500	1083
2.55667	1084
2.55833	1084
2.56000	1083
2.56167	1084
2.56333	1084
2.56500	1084
2.56667	1083
2.56833	1083
2.57000	1083
2.57167	1083
2.57333	1083
2.57500	1083
2.57667	1083
2.57833	1082
2.58000	1082
2.58167	1082
2.58333	1082
2.58500	1082
2.58667	1081
2.58833	1082
2.59000	1081
2.59167	1081
2.59333	1082
2.59500	1081
2.59667	1080
2.59833	1081
2.60000	1081
2.60167	1081
2.60333	1080
2.60500	1081
2.60667	1080
2.60833	1081
2.61000	1080
2.61167	1081
2.61333	1080
2.61500	1080
2.61667	1081
2.61833	1080
2.62000	1081
2.62167	1080
2.62333	1081
2.62500	1081
2.62667	1081
2.62833	1080
2.63000	1081
2.63167	1081
2.63333	1080
2.63500	1081
2.63667	1081
2.63833	1081
2.64000	1080
2.64167	1081
2.64333	1081
2.64500	1081
2.64667	1081
2.64833	1081
2.65000	1080
2.65167	1081
2.65333	1081
2.65500	1080
2.65667	1080
2.65833	1080
2.66000	1080
2.66167	1080
2.66333	1079
2.66500	1080
2.66667	1080
2.66833	1079
2.67000	1079
2.67167	1079
2.67333	1079
2.67500	1079
2.67667	1078
2.67833	1078
2.68000	1079
2.68167	1078
2.68333	1078
2.68500	1078
2.68667	1078
2.68833	1077
2.69000	1078
2.69167	1078
2.69333	1078
2.69500	1078
2.69667	1078
2.69833	1078
2.70000	1078
2.70167	1078
2.70333	1078
2.70500	1079
2.70667	1078
2.70833	1079
2.71000	1078
2.71167	1079
2.71333	1078
2.71500	1079
2.71667	1078
2.71833	1079
2.72000	1078
2.72167	1079
2.72333	1078
2.72500	1079
2.72667	1078
2.72833	1079
2.73000	1079
2.73167	1079
2.73333	1079
2.73500	1079
2.73667	1079
2.73833	1079
2.74000	1079
2.74167	1079
2.74333	1079
2.74500	1079
2.74667	1079
2.74833	1080
2.75000	1079
2.75167	1080
2.75333	1080
2.75500	1079
2.75667	1080
2.75833	1080
2.76000	1080
2.76167	1080
2.76333	1080
2.76500	1079
2.76667	1080
2.76833	1080
2.77000	1080
2.77167	1080
2.77333	1079
2.77500	1080
2.77667	1080
2.77833	1079
2.78000	1079
2.78167	1080
2.78333	1079
2.78500	1078
2.78667	1079
2.78833	1078
2.79000	1078
2.79167	1078
2.79333	1078
2.79500	1077
2.79667	1078
2.79833	1077
2.80000	1077
2.80167	1077
2.80333	1076
2.80500	1077
2.80667	1076
2.80833	1076
2.81000	1076
2.81167	1076
2.81333	1075
2.81500	1076
2.81667	1075
2.81833	1075
2.82000	1075
2.82167	1075
2.82333	1075
2.82500	1075
2.82667	1074
2.82833	1075
2.83000	1074
2.83167	1075
2.83333	1074
2.83500	1075
2.83667	1074
2.83833	1075
2.84000	1074
2.84167	1075
2.84333	1075
2.84500	1074
2.84667	1075
2.84833	1075
2.85000	1075
2.85167	1075
2.85333	1075
2.85500	1075
2.85667	1076
2.85833	1075
2.86000	1076
2.86167	1076
2.86333	1076
2.86500	1076
2.86667	1077
2.86833	1076
2.87000	1077
2.87167	1077
2.87333	1077
2.87500	1078
2.87667	1077
2.87833	1078
2.88000	1077
2.88167	1078
2.88333	1078
2.88500	1078
2.88667	1078
2.88833	1078
2.89000	1079
2.89167	1078
2.89333	1078
2.89500	1079
2.89667	1078
2.89833	1078
2.90000	1078
2.90167	1078
2.90333	1078
2.90500	1078
2.90667	1078
2.90833	1077
2.91000	1078
2.91167	1077
2.91333	1077
2.91500	1077
2.91667	1077
2.91833	1077
2.92000	1076
2.92167	1077
2.92333	1076
2.92500	1076
2.92667	1076
2.92833	1076
2.93000	1076
2.93167	1075
2.93333	1076
2.93500	1075
2.93667	1075
2.93833	1074
2.94000	1075
2.94167	1074
2.94333	1074
2.94500	1075
2.94667	1073
2.94833	1074
2.95000	1074
2.95167	1073
2.95333	1074
2.95500	1073
2.95667	1073
2.95833	1073
2.96000	1073
2.96167	1073
2.96333	1073
2.96500	1073
2.96667	1072
2.96833	1073
2.97000	1072
2.97167	1071
2.97333	1072
2.97500	1072
2.97667	1071
2.97833	1072
2.98000	1072
2.98167	1071
2.98333	1072
2.98500	1071
2.98667	1071
2.98833	1072
2.99000	1071
2.99167	1071
2.99333	1071
2.99500	1071
2.99667	1071
2.99833	1071
3.00000	1071
3.00167	1071
3.00333	1070
3.00500	1071
3.00667	1071
3.00833	1070
3.01000	1071
3.01167	1070
3.01333	1071
3.01500	1070
3.01667	1070
3.01833	1070
3.02000	1070
3.02167	1071
3.02333	1071
3.02500	1071
3.02667	1071
3.02833	1071
3.03000	1071
3.03167	1071
3.03333	1071
3.03500	1072
3.03667	1071
3.03833	1072
3.04000	1072
3.04167	1072
3.04333	1073
3.04500	1072
3.04667	1072
3.04833	1073
3.05000	1073
3.05167	1072
3.05333	1073
3.05500	1073
3.05667	1073
3.05833	1074
3.06000	1073
3.06167	1072
3.06333	1073
3.06500	1073
3.06667	1073
3.06833	1074
3.07000	1073
3.07167	1073
3.07333	1073
3.07500	1072
3.07667	1073
3.07833	1072
3.08000	1072
3.08167	1072
3.08333	1072
3.08500	1071
3.08667	1072
3.08833	1071
3.09000	1071
3.09167	1071
3.09333	1071
3.09500	1071
3.09667	1070
3.09833	1071
3.10000	1070
3.10167	1071
3.10333	1071
3.10500	1070
3.10667	1071
3.10833	1071
3.11000	1070
3.11167	1071
3.11333	1070
3.11500	1071
3.11667	1070
3.11833	1071
3.12000	1071
3.12167	1070
3.12333	1071
3.12500	1071
3.12667	1071
3.12833	1070
3.13000	1071
3.13167	1071
3.13333	1071
3.13500	1070
3.13667	1071
3.13833	1070
3.14000	1071
3.14167	1071
3.14333	1070
3.14500	1071
3.14667	1071
3.14833	1070
3.15000	1071
3.15167	1070
3.15333	1071
3.15500	1070
3.15667	1070
3.15833	1070
3.16000	1071
3.16167	1070
3.16333	1070
3.16500	1070
3.16667	1070
3.16833	1070
3.17000	1070
3.17167	1070
3.17333	1070
3.17500	1070
3.17667	1069
3.17833	1070
3.18000	1069
3.18167	1070
3.18333	1069
3.18500	1069
3.18667	1070
3.18833	1069
3.19000	1069
3.19167	1069
3.19333	1069
3.19500	1069
3.19667	1069
3.19833	1068
3.20000	1069
3.20167	1069
3.20333	1068
3.20500	1069
3.20667	1068
3.20833	1069
3.21000	1069
3.21167	1068
3.21333	1069
3.21500	1069
3.21667	1068
3.21833	1069
3.22000	1069
3.22167	1069
3.22333	1069
3.22500	1069
3.22667	1069
3.22833	1070
3.23000	1069
3.23167	1069
3.23333	1069
3.23500	1069
3.23667	1069
3.23833	1069
3.24000	1069
3.24167	1069
3.24333	1069
3.24500	1069
3.24667	1069
3.24833	1068
3.25000	1069
3.25167	1069
3.25333	1069
3.25500	1069
3.25667	1068
3.25833	1069
3.26000	1068
3.26167	1069
3.26333	1069
3.26500	1068
3.26667	1069
3.26833	1069
3.27000	1068
3.27167	1069
3.27333	1069
3.27500	1069
3.27667	1069
3.27833	1069
3.28000	1069
3.28167	1070
3.28333	1069
3.28500	1069
3.28667	1070
3.28833	1069
3.29000	1070
3.29167	1069
3.29333	1070
3.29500	1070
3.29667	1070
3.29833	1069
3.30000	1070
3.30167	1069
3.30333	1070
3.30500	1069
3.30667	1070
3.30833	1069
3.31000	1070
3.31167	1069
3.31333	1069
3.31500	1069
3.31667	1069
3.31833	1068
3.32000	1069
3.32167	1069
3.32333	1069
3.32500	1068
3.32667	1068
3.32833	1068
3.33000	1068
3.33167	1068
3.33333	1068
3.33500	1068
3.33667	1067
3.33833	1068
3.34000	1068
3.34167	1067
3.34333	1068
3.34500	1067
3.34667	1066
3.34833	1067
3.35000	1067
3.35167	1066
3.35333	1067
3.35500	1066
3.35667	1066
3.35833	1067
3.36000	1066
3.36167	1066
3.36333	1067
3.36500	1066
3.36667	1067
3.36833	1066
3.37000	1067
3.37167	1067
3.37333	1067
3.37500	1067
3.37667	1067
3.37833	1067
3.38000	1068
3.38167	1067
3.38333	1068
3.38500	1068
3.38667	1068
3.38833	1068
3.39000	1068
3.39167	1068
3.39333	1069
3.39500	1069
3.39667	1068
3.39833	1069
3.40000	1069
3.40167	1069
3.40333	1068
3.40500	1069
3.40667	1069
3.40833	1069
3.41000	1068
3.41167	1069
3.41333	1068
3.41500	1069
3.41667	1068
3.41833	1068
3.42000	1067
3.42167	1067
3.42333	1067
3.42500	1067
3.42667	1066
3.42833	1067
3.43000	1067
3.43167	1066
3.43333	1067
3.43500	1066
3.43667	1066
3.43833	1066
3.44000	1066
3.44167	1066
3.44333	1065
3.44500	1066
3.44667	1065
3.44833	1066
3.45000	1065
3.45167	1065
3.45333	1066
3.45500	1066
3.45667	1065
3.45833	1066
3.46000	1066
3.46167	1065
3.46333	1066
3.46500	1066
3.46667	1066
3.46833	1065
3.47000	1066
3.47167	1066
3.47333	1066
3.47500	1065
3.47667	1066
3.47833	1066
3.48000	1067
3.48167	1066
3.48333	1066
3.48500	1066
3.48667	1067
3.48833	1066
3.49000	1067
3.49167	1066
3.49333	1067
3.49500	1067
3.49667	1067
3.49833	1066
3.50000	1067
3.50167	1067
3.50333	1066
3.50500	1067
3.50667	1066
3.50833	1066
3.51000	1067
3.51167	1066
3.51333	1065
3.51500	1066
3.51667	1066
3.51833	1065
3.52000	1065
3.52167	1065
3.52333	1066
3.52500	1065
3.52667	1065
3.52833	1065
3.53000	1064
3.53167	1065
3.53333	1064
3.53500	1064
3.53667	1064
3.53833	1064
3.54000	1063
3.54167	1063
3.54333	1064
3.54500	1063
3.54667	1063
3.54833	1064
3.55000	1063
3.55167	1063
3.55333	1064
3.55500	1063
3.55667	1063
3.55833	1064
3.56000	1063
3.56167	1064
3.56333	1064
3.56500	1064
3.56667	1064
3.56833	1064
3.57000	1064
3.57167	1064
3.57333	1065
3.57500	1064
3.57667	1065
3.57833	1065
3.58000	1065
3.58167	1065
3.58333	1065
3.58500	1066
3.58667	1065
3.58833	1066
3.59000	1065
3.59167	1066
3.59333	1065
3.59500	1065
3.59667	1065
3.59833	1065
3.60000	1065
3.60167	1065
3.60333	1065
3.60500	1064
3.60667	1065
3.60833	1064
3.61000	1065
3.61167	1064
3.61333	1063
3.61500	1065
3.61667	1064
3.61833	1064
3.62000	1063
3.62167	1064
3.62333	1064
3.62500	1063
3.62667	1063
3.62833	1063
3.63000	1064
3.63167	1063
3.63333	1063
3.63500	1063
3.63667	1064
3.63833	1063
3.64000	1064
3.64167	1064
3.64333	1064
3.64500	1063
3.64667	1064
3.64833	1065
3.65000	1064
3.65167	1064
3.65333	1065
3.65500	1064
3.65667	1064
3.65833	1065
3.66000	1064
3.66167	1065
3.66333	1064
3.66500	1065
3.66667	1064
3.66833	1065
3.67000	1065
3.67167	1064
3.67333	1065
3.67500	1064
3.67667	1064
3.67833	1065
3.68000	1064
3.68167	1064
3.68333	1064
3.68500	1065
3.68667	1064
3.68833	1064
3.69000	1064
3.69167	1064
3.69333	1064
3.69500	1063
3.69667	1064
3.69833	1064
3.70000	1064
3.70167	1063
3.70333	1064
3.70500	1063
3.70667	1063
3.70833	1063
3.71000	1064
3.71167	1063
3.71333	1063
3.71500	1064
3.71667	1063
3.71833	1063
3.72000	1064
3.72167	1063
3.72333	1063
3.72500	1063
3.72667	1062
3.72833	1063
3.73000	1063
3.73167	1063
3.73333	1062
3.73500	1063
3.73667	1063
3.73833	1063
3.74000	1063
3.74167	1062
3.74333	1063
3.74500	1063
3.74667	1062
3.74833	1063
3.75000	1062
3.75167	1062
3.75333	1063
3.75500	1062
3.75667	1062
3.75833	1062
3.76000	1061
3.76167	1062
3.76333	1061
3.76500	1061
3.76667	1061
3.76833	1061
3.77000	1061
3.77167	1061
3.77333	1060
3.77500	1060
3.77667	1060
3.77833	1060
3.78000	1060
3.78167	1060
3.78333	1059
3.78500	1059
3.78667	1058
3.78833	1059
3.79000	1058
3.79167	1058
3.79333	1058
3.79500	1058
3.79667	1058
3.79833	1058
3.80000	1058
3.80167	1058
3.80333	1058
3.80500	1058
3.80667	1058
3.80833	1059
3.81000	1058
3.81167	1059
3.81333	1059
3.81500	1060
3.81667	1059
3.81833	1060
3.82000	1060
3.82167	1060
3.82333	1060
3.82500	1060
3.82667	1061
3.82833	1060
3.83000	1061
3.83167	1061
3.83333	1061
3.83500	1062
3.83667	1061
3.83833	1062
3.84000	1062
3.84167	1062
3.84333	1062
3.84500	1062
3.84667	1063
3.84833	1063
3.85000	1063
3.85167	1063
3.85333	1063
3.85500	1064
3.85667	1063
3.85833	1064
3.86000	1064
3.86167	1064
3.86333	1064
3.86500	1064
3.86667	1065
3.86833	1064
3.87000	1065
3.87167	1064
3.87333	1065
3.87500	1064
3.87667	1065
3.87833	1065
3.88000	1065
3.88167	1065
3.88333	1064
3.88500	1065
3.88667	1065
3.88833	1064
3.89000	1065
3.89167	1065
3.89333	1064
3.89500	1065
3.89667	1065
3.89833	1064
3.90000	1065
3.90167	1064
3.90333	1064
3.90500	1065
3.90667	1064
3.90833	1065
3.91000	1064
3.91167	1064
3.91333	1064
3.91500	1064
3.91667	1064
3.91833	1065
3.92000	1064
3.92167	1064
3.92333	1064
3.92500	1064
3.92667	1065
3.92833	1064
3.93000	1064
3.93167	1064
3.93333	1063
3.93500	1064
3.93667	1064
3.93833	1064
3.94000	1064
3.94167	1063
3.94333	1064
3.94500	1063
3.94667	1063
3.94833	1064
3.95000	1063
3.95167	1063
3.95333	1063
3.95500	1062
3.95667	1063
3.95833	1062
3.96000	1062
3.96167	1062
3.96333	1062
3.96500	1062
3.96667	1061
3.96833	1061
3.97000	1061
3.97167	1061
3.97333	1061
3.97500	1061
3.97667	1060
3.97833	1061
3.98000	1060
3.98167	1060
3.98333	1059
3.98500	1060
3.98667	1060
3.98833	1060
3.99000	1059
3.99167	1060
3.99333	1060
3.99500	1059
3.99667	1060
3.99833	1060
4.00000	1061
4.00167	1060
4.00333	1060
4.00500	1061
4.00667	1060
4.00833	1061
4.01000	1062
4.01167	1061
4.01333	1062
4.01500	1062
4.01667	1062
4.01833	1062
4.02000	1063
4.02167	1063
4.02333	1063
4.02500	1063
4.02667	1063
4.02833	1064
4.03000	1063
4.03167	1064
4.03333	1064
4.03500	1063
4.03667	1064
4.03833	1063
4.04000	1063
4.04167	1063
4.04333	1063
4.04500	1063
4.04667	1062
4.04833	1062
4.05000	1062
4.05167	1061
4.05333	1061
4.05500	1061
4.05667	1061
4.05833	1060
4.06000	1059
4.06167	1059
4.06333	1059
4.06500	1059
4.06667	1058
4.06833	1058
4.07000	1057
4.07167	1057
4.07333	1057
4.07500	1057
4.07667	1056
4.07833	1056
4.08000	1056
4.08167	1057
4.08333	1056
4.08500	1056
4.08667	1056
4.08833	1055
4.09000	1056
4.09167	1056
4.09333	1055
4.09500	1056
4.09667	1056
4.09833	1056
4.10000	1056
4.10167	1056
4.10333	1057
4.10500	1056
4.10667	1057
4.10833	1056
4.11000	1057
4.11167	1057
4.11333	1056
4.11500	1057
4.11667	1057
4.11833	1057
4.12000	1058
4.12167	1057
4.12333	1057
4.12500	1058
4.12667	1058
4.12833	1057
4.13000	1058
4.13167	1058
4.13333	1057
4.13500	1058
4.13667	1058
4.13833	1057
4.14000	1058
4.14167	1057
4.14333	1057
4.14500	1058
4.14667	1057
4.14833	1056
4.15000	1057
4.15167	1057
4.15333	1056
4.15500	1056
4.15667	1056
4.15833	1056
4.16000	1056
4.16167	1056
4.16333	1056
4.16500	1055
4.16667	1055
4.16833	1056
4.17000	1055
4.17167	1055
4.17333	1056
4.17500	1055
4.17667	1055
4.17833	1055
4.18000	1055
4.18167	1054
4.18333	1055
4.18500	1054
4.18667	1054
4.18833	1055
4.19000	1054
4.19167	1054
4.19333	1054
4.19500	1054
4.19667	1054
4.19833	1055
4.20000	1054
4.20167	1054
4.20333	1055
4.20500	1054
4.20667	1055
4.20833	1054
4.21000	1055
4.21167	1055
4.21333	1054
4.21500	1055
4.21667	1054
4.21833	1054
4.22000	1055
4.22167	1054
4.22333	1054
4.22500	1054
4.22667	1055
4.22833	1054
4.23000	1055
4.23167	1054
4.23333	1055
4.23500	1055
4.23667	1054
4.23833	1054
4.24000	1055
4.24167	1054
4.24333	1055
4.24500	1054
4.24667	1054
4.24833	1054
4.25000	1054
4.25167	1054
4.25333	1055
4.25500	1054
4.25667	1054
4.25833	1054
4.26000	1054
4.26167	1054
4.26333	1054
4.26500	1053
4.26667	1054
4.26833	1054
4.27000	1054
4.27167	1054
4.27333	1054
4.27500	1054
4.27667	1054
4.27833	1053
4.28000	1054
4.28167	1053
4.28333	1053
4.28500	1054
4.28667	1053
4.28833	1053
4.29000	1053
4.29167	1053
4.29333	1053
4.29500	1053
4.29667	1053
4.29833	1053
4.30000	1053
4.30167	1053
4.30333	1054
4.30500	1053
4.30667	1053
4.30833	1053
4.31000	1054
4.31167	1053
4.31333	1054
4.31500	1054
4.31667	1054
4.31833	1054
4.32000	1054
4.32167	1054
4.32333	1055
4.32500	1054
4.32667	1055
4.32833	1055
4.33000	1055
4.33167	1055
4.33333	1055
4.33500	1055
4.33667	1055
4.33833	1055
4.34000	1054
4.34167	1055
4.34333	1054
4.34500	1054
4.34667	1054
4.34833	1054
4.35000	1055
4.35167	1053
4.35333	1054
4.35500	1054
4.35667	1053
4.35833	1054
4.36000	1053
4.36167	1053
4.36333	1052
4.36500	1053
4.36667	1052
4.36833	1053
4.37000	1052
4.37167	1052
4.37333	1051
4.37500	1052
4.37667	1052
4.37833	1051
4.38000	1052
4.38167	1051
4.38333	1051
4.38500	1051
4.38667	1052
4.38833	1051
4.39000	1051
4.39167	1050
4.39333	1051
4.39500	1051
4.39667	1051
4.39833	1051
4.40000	1051
4.40167	1051
4.40333	1051
4.40500	1051
4.40667	1052
4.40833	1051
4.41000	1052
4.41167	1052
4.41333	1052
4.41500	1051
4.41667	1052
4.41833	1052
4.42000	1052
4.42167	1052
4.42333	1052
4.42500	1053
4.42667	1052
4.42833	1052
4.43000	1053
4.43167	1052
4.43333	1053
4.43500	1052
4.43667	1053
4.43833	1053
4.44000	1053
4.44167	1053
4.44333	1052
4.44500	1053
4.44667	1053
4.44833	1053
4.45000	1053
4.45167	1054
4.45333	1053
4.45500	1054
4.45667	1054
4.45833	1054
4.46000	1054
4.46167	1054
4.46333	1055
4.46500	1055
4.46667	1054
4.46833	1055
4.47000	1055
4.47167	1055
4.47333	1056
4.47500	1055
4.47667	1055
4.47833	1055
4.48000	1056
4.48167	1055
4.48333	1055
4.48500	1055
4.48667	1055
4.48833	1055
4.49000	1054
4.49167	1054
4.49333	1055
4.49500	1054
4.49667	1054
4.49833	1053
4.50000	1054
4.50167	1053
4.50333	1053
4.50500	1053
4.50667	1052
4.50833	1053
4.51000	1052
4.51167	1052
4.51333	1052
4.51500	1052
4.51667	1052
4.51833	1051
4.52000	1051
4.52167	1052
4.52333	1051
4.52500	1051
4.52667	1051
4.52833	1051
4.53000	1052
4.53167	1051
4.53333	1051
4.53500	1051
4.53667	1052
4.53833	1051
4.54000	1052
4.54167	1051
4.54333	1051
4.54500	1052
4.54667	1051
4.54833	1052
4.55000	1051
4.55167	1052
4.55333	1052
4.55500	1051
4.55667	1052
4.55833	1052
4.56000	1052
4.56167	1052
4.56333	1052
4.56500	1052
4.56667	1052
4.56833	1051
4.57000	1052
4.57167	1052
4.57333	1051
4.57500	1052
4.57667	1052
4.57833	1051
4.58000	1052
4.58167	1052
4.58333	1051
4.58500	1052
4.58667	1052
4.58833	1052
4.59000	1052
4.59167	1051
4.59333	1052
4.59500	1051
4.59667	1052
4.59833	1051
4.60000	1052
4.60167	1051
4.60333	1051
4.60500	1051
4.60667	1051
4.60833	1050
4.61000	1050
4.61167	1050
4.61333	1050
4.61500	1050
4.61667	1050
4.61833	1049
4.62000	1050
4.62167	1048
4.62333	1049
4.62500	1049
4.62667	1048
4.62833	1049
4.63000	1048
4.63167	1047
4.63333	1048
4.63500	1048
4.63667	1047
4.63833	1047
4.64000	1047
4.64167	1047
4.64333	1047
4.64500	1047
4.64667	1047
4.64833	1047
4.65000	1047
4.65167	1046
4.65333	1047
4.65500	1047
4.65667	1046
4.65833	1047
4.66000	1047
4.66167	1046
4.66333	1047
4.66500	1047
4.66667	1047
4.66833	1047
4.67000	1046
4.67167	1047
4.67333	1047
4.67500	1047
4.67667	1047
4.67833	1047
4.68000	1047
4.68167	1047
4.68333	1047
4.68500	1047
4.68667	1047
4.68833	1047
4.69000	1047
4.69167	1047
4.69333	1047
4.69500	1047
4.69667	1047
4.69833	1048
4.70000	1047
4.70167	1048
4.70333	1048
4.70500	1048
4.70667	1048
4.70833	1048
4.71000	1049
4.71167	1048
4.71333	1049
4.71500	1048
4.71667	1049
4.71833	1049
4.72000	1049
4.72167	1049
4.72333	1049
4.72500	1050
4.72667	1049
4.72833	1050
4.73000	1050
4.73167	1050
4.73333	1049
4.73500	1051
4.73667	1050
4.73833	1050
4.74000	1050
4.74167	1051
4.74333	1050
4.74500	1051
4.74667	1050
4.74833	1051
4.75000	1050
4.75167	1051
4.75333	1050
4.75500	1051
4.75667	1050
4.75833	1050
4.76000	1051
4.76167	1050
4.76333	1051
4.76500	1051
4.76667	1050
4.76833	1051
4.77000	1050
4.77167	1050
4.77333	1051
4.77500	1050
4.77667	1050
4.77833	1050
4.78000	1050
4.78167	1050
4.78333	1050
4.78500	1049
4.78667	1050
4.78833	1050
4.79000	1050
4.79167	1049
4.79333	1050
4.79500	1050
4.79667	1050
4.79833	1049
4.80000	1050
4.80167	1050
4.80333	1050
4.80500	1050
4.80667	1050
4.80833	1049
4.81000	1051
4.81167	1050
4.81333	1050
4.81500	1051
4.81667	1051
4.81833	1051
4.82000	1051
4.82167	1052
4.82333	1051
4.82500	1052
4.82667	1051
4.82833	1052
4.83000	1051
4.83167	1052
4.83333	1051
4.83500	1051
4.83667	1051
4.83833	1051
4.84000	1051
4.84167	1051
4.84333	1050
4.84500	1051
4.84667	1050
4.84833	1050
4.85000	1050
4.85167	1050
4.85333	1049
4.85500	1050
4.85667	1049
4.85833	1050
4.86000	1049
4.86167	1049
4.86333	1049
4.86500	1048
4.86667	1049
4.86833	1049
4.87000	1049
4.87167	1048
4.87333	1049
4.87500	1048
4.87667	1049
4.87833	1048
4.88000	1049
4.88167	1049
4.88333	1049
4.88500	1049
4.88667	1049
4.88833	1049
4.89000	1049
4.89167	1049
4.89333	1049
4.89500	1049
4.89667	1049
4.89833	1049
4.90000	1049
4.90167	1049
4.90333	1049
4.90500	1049
4.90667	1050
4.90833	1049
4.91000	1049
4.91167	1050
4.91333	1049
4.91500	1050
4.91667	1050
4.91833	1050
4.92000	1049
4.92167	1050
4.92333	1049
4.92500	1049
4.92667	1049
4.92833	1050
4.93000	1049
4.93167	1049
4.93333	1048
4.93500	1049
4.93667	1048
4.93833	1048
4.94000	1048
4.94167	1047
4.94333	1048
4.94500	1047
4.94667	1047
4.94833	1047
4.95000	1046
4.95167	1047
4.95333	1046
4.95500	1046
4.95667	1045
4.95833	1045
4.96000	1045
4.96167	1045
4.96333	1045
4.96500	1045
4.96667	1044
4.96833	1045
4.97000	1044
4.97167	1044
4.97333	1044
4.97500	1044
4.97667	1044
4.97833	1044
4.98000	1045
4.98167	1044
4.98333	1045
4.98500	1044
4.98667	1045
4.98833	1045
4.99000	1045
4.99167	1045
4.99333	1045
4.99500	1046
4.99667	1046
4.99833	1046
5.00000	1046
5.00167	1046
5.00333	1046
5.00500	1047
5.00667	1046
5.00833	1047
5.01000	1047
5.01167	1047
5.01333	1046
5.01500	1047
5.01667	1046
5.01833	1046
5.02000	1046
5.02167	1046
5.02333	1046
5.02500	1046
5.02667	1045
5.02833	1045
5.03000	1045
5.03167	1044
5.03333	1045
5.03500	1043
5.03667	1044
5.03833	1043
5.04000	1043
5.04167	1043
5.04333	1042
5.04500	1042
5.04667	1041
5.04833	1042
5.05000	1041
5.05167	1041
5.05333	1041
5.05500	1041
5.05667	1040
5.05833	1041
5.06000	1040
5.06167	1040
5.06333	1041
5.06500	1040
5.06667	1040
5.06833	1041
5.07000	1040
5.07167	1041
5.07333	1041
5.07500	1041
5.07667	1042
5.07833	1042
5.08000	1042
5.08167	1042
5.08333	1042
5.08500	1043
5.08667	1043
5.08833	1043
5.09000	1043
5.09167	1044
5.09333	1044
5.09500	1044
5.09667	1045
5.09833	1045
5.10000	1045
5.10167	1045
5.10333	1046
5.10500	1045
5.10667	1046
5.10833	1045
5.11000	1047
5.11167	1046
5.11333	1046
5.11500	1046
5.11667	1046
5.11833	1047
5.12000	1046
5.12167	1046
5.12333	1046
5.12500	1047
5.12667	1046
5.12833	1046
5.13000	1046
5.13167	1046
5.13333	1046
5.13500	1047
5.13667	1046
5.13833	1046
5.14000	1045
5.14167	1046
5.14333	1046
5.14500	1046
5.14667	1045
5.14833	1045
5.15000	1046
5.15167	1045
5.15333	1046
5.15500	1045
5.15667	1045
5.15833	1045
5.16000	1046
5.16167	1045
5.16333	1045
5.16500	1046
5.16667	1045
5.16833	1046
5.17000	1045
5.17167	1046
5.17333	1046
5.17500	1046
5.17667	1046
5.17833	1046
5.18000	1046
5.18167	1046
5.18333	1047
5.18500	1046
5.18667	1046
5.18833	1046
5.19000	1047
5.19167	1046
5.19333	1047
5.19500	1046
5.19667	1047
5.19833	1046
5.20000	1046
5.20167	1046
5.20333	1046
5.20500	1046
5.20667	1046
5.20833	1045
5.21000	1045
5.21167	1046
5.21333	1044
5.21500	1045
5.21667	1044
5.21833	1044
5.22000	1044
5.22167	1044
5.22333	1044
5.22500	1043
5.22667	1043
5.22833	1043
5.23000	1043
5.23167	1042
5.23333	1042
5.23500	1042
5.23667	1041
5.23833	1041
5.24000	1041
5.24167	1041
5.24333	1041
5.24500	1040
5.24667	1040
5.24833	1040
5.25000	1040
5.25167	1040
5.25333	1039
5.25500	1040
5.25667	1039
5.25833	1039
5.26000	1039
5.26167	1039
5.26333	1038
5.26500	1040
5.26667	1039
5.26833	1039
5.27000	1039
5.27167	1040
5.27333	1039
5.27500	1040
5.27667	1040
5.27833	1039
5.28000	1040
5.28167	1041
5.28333	1040
5.28500	1040
5.28667	1041
5.28833	1041
5.29000	1041
5.29167	1041
5.29333	1041
5.29500	1041
5.29667	1041
5.29833	1042
5.30000	1041
5.30167	1042
5.30333	1042
5.30500	1042
5.30667	1042
5.30833	1042
5.31000	1042
5.31167	1043
5.31333	1042
5.31500	1043
5.31667	1042
5.31833	1043
5.32000	1043
5.32167	1043
5.32333	1042
5.32500	1044
5.32667	1043
5.32833	1043
5.33000	1043
5.33167	1043
5.33333	1043
5.33500	1044
5.33667	1043
5.33833	1043
5.34000	1044
5.34167	1043
5.34333	1044
5.34500	1043
5.34667	1044
5.34833	1043
5.35000	1044
5.35167	1043
5.35333	1044
5.35500	1043
5.35667	1043
5.35833	1044
5.36000	1043
5.36167	1044
5.36333	1043
5.36500	1044
5.36667	1043
5.36833	1044
5.37000	1043
5.37167	1043
5.37333	1043
5.37500	1044
5.37667	1043
5.37833	1043
5.38000	1043
5.38167	1044
5.38333	1043
5.38500	1043
5.38667	1043
5.38833	1043
5.39000	1043
5.39167	1042
5.39333	1043
5.39500	1043
5.39667	1043
5.39833	1043
5.40000	1043
5.40167	1042
5.40333	1043
5.40500	1043
5.40667	1043
5.40833	1044
5.41000	1043
5.41167	1043
5.41333	1043
5.41500	1043
5.41667	1043
5.41833	1043
5.42000	1043
5.42167	1043
5.42333	1042
5.42500	1043
5.42667	1042
5.42833	1043
5.43000	1042
5.43167	1043
5.43333	1042
5.43500	1043
5.43667	1042
5.43833	1042
5.44000	1042
5.44167	1043
5.44333	1042
5.44500	1042
5.44667	1042
5.44833	1041
5.45000	1042
5.45167	1041
5.45333	1042
5.45500	1041
5.45667	1042
5.45833	1041
5.46000	1041
5.46167	1041
5.46333	1041
5.46500	1041
5.46667	1041
5.46833	1041
5.47000	1040
5.47167	1041
5.47333	1040
5.47500	1040
5.47667	1040
5.47833	1040
5.48000	1039
5.48167	1039
5.48333	1039
5.48500	1039
5.48667	1038
5.48833	1039
5.49000	1038
5.49167	1039
5.49333	1038
5.49500	1038
5.49667	1038
5.49833	1038
5.50000	1038
5.50167	1037
5.50333	1038
5.50500	1038
5.50667	1037
5.50833	1038
5.51000	1038
5.51167	1038
5.51333	1037
5.51500	1037
5.51667	1038
5.51833	1037
5.52000	1037
5.52167	1038
5.52333	1037
5.52500	1037
5.52667	1037
5.52833	1037
5.53000	1037
5.53167	1037
5.53333	1037
5.53500	1037
5.53667	1036
5.53833	1037
5.54000	1037
5.54167	1037
5.54333	1036
5.54500	1037
5.54667	1037
5.54833	1037
5.55000	1036
5.55167	1037
5.55333	1037
5.55500	1037
5.55667	1036
5.55833	1037
5.56000	1038
5.56167	1037
5.56333	1037
5.56500	1037
5.56667	1038
5.56833	1037
5.57000	1038
5.57167	1038
5.57333	1039
5.57500	1038
5.57667	1039
5.57833	1039
5.58000	1039
5.58167	1040
5.58333	1039
5.58500	1040
5.58667	1039
5.58833	1040
5.59000	1040
5.59167	1040
5.59333	1040
5.59500	1040
5.59667	1040
5.59833	1040
5.60000	1040
5.60167	1040
5.60333	1040
5.60500	1040
5.60667	1039
5.60833	1040
5.61000	1040
5.61167	1039
5.61333	1040
5.61500	1039
5.61667	1039
5.61833	1039
5.62000	1038
5.62167	1039
5.62333	1039
5.62500	1038
5.62667	1039
5.62833	1038
5.63000	1038
5.63167	1038
5.63333	1038
5.63500	1038
5.63667	1038
5.63833	1037
5.64000	1038
5.64167	1038
5.64333	1037
5.64500	1038
5.64667	1038
5.64833	1037
5.65000	1038
5.65167	1037
5.65333	1038
5.65500	1037
5.65667	1037
5.65833	1038
5.66000	1037
5.66167	1037
5.66333	1038
5.66500	1037
5.66667	1037
5.66833	1038
5.67000	1037
5.67167	1038
5.67333	1037
5.67500	1038
5.67667	1038
5.67833	1037
5.68000	1038
5.68167	1038
5.68333	1038
5.68500	1038
5.68667	1039
5.68833	1038
5.69000	1039
5.69167	1039
5.69333	1039
5.69500	1039
5.69667	1039
5.69833	1038
5.70000	1040
5.70167	1039
5.70333	1039
5.70500	1039
5.70667	1039
5.70833	1039
5.71000	1039
5.71167	1039
5.71333	1039
5.71500	1039
5.71667	1039
5.71833	1039
5.72000	1039
5.72167	1039
5.72333	1039
5.72500	1039
5.72667	1039
5.72833	1038
5.73000	1039
5.73167	1039
5.73333	1039
5.73500	1038
5.73667	1039
5.73833	1038
5.74000	1039
5.74167	1039
5.74333	1038
5.74500	1039
5.74667	1039
5.74833	1038
5.75000	1039
5.75167	1039
5.75333	1038
5.75500	1039
5.75667	1038
5.75833	1039
5.76000	1038
5.76167	1038
5.76333	1038
5.76500	1039
5.76667	1038
5.76833	1038
5.77000	1038
5.77167	1038
5.77333	1038
5.77500	1038
5.77667	1038
5.77833	1037
5.78000	1038
5.78167	1037
5.78333	1037
5.78500	1037
5.78667	1037
5.78833	1037
5.79000	1037
5.79167	1037
5.79333	1037
5.79500	1036
5.79667	1037
5.79833	1036
5.80000	1036
5.80167	1037
5.80333	1036
5.80500	1036
5.80667	1035
5.80833	1036
5.81000	1036
5.81167	1036
5.81333	1036
5.81500	1035
5.81667	1036
5.81833	1035
5.82000	1036
5.82167	1036
5.82333	1035
5.82500	1036
5.82667	1036
5.82833	1036
5.83000	1036
5.83167	1036
5.83333	1035
5.83500	1036
5.83667	1037
5.83833	1036
5.84000	1036
5.84167	1037
5.84333	1036
5.84500	1037
5.84667	1036
5.84833	1037
5.85000	1037
5.85167	1037
5.85333	1037
5.85500	1038
5.85667	1037
5.85833	1037
5.86000	1038
5.86167	1038
5.86333	1037
5.86500	1038
5.86667	1037
5.86833	1038
5.87000	1038
5.87167	1038
5.87333	1037
5.87500	1038
5.87667	1038
5.87833	1037
5.88000	1038
5.88167	1037
5.88333	1037
5.88500	1037
5.88667	1037
5.88833	1037
5.89000	1037
5.89167	1036
5.89333	1037
5.89500	1036
5.89667	1037
5.89833	1036
5.90000	1037
5.90167	1036
5.90333	1036
5.90500	1037
5.90667	1036
5.90833	1036
5.91000	1036
5.91167	1036
5.91333	1036
5.91500	1036
5.91667	1037
5.91833	1036
5.92000	1036
5.92167	1037
5.92333	1036
5.92500	1037
5.92667	1037
5.92833	1037
5.93000	1037
5.93167	1037
5.93333	1037
5.93500	1037
5.93667	1037
5.93833	1038
5.94000	1037
5.94167	1038
5.94333	1037
5.94500	1038
5.94667	1038
5.94833	1038
5.95000	1037
5.95167	1038
5.95333	1038
5.95500	1038
5.95667	1038
5.95833	1038
5.96000	1037
5.96167	1038
5.96333	1037
5.96500	1038
5.96667	1037
5.96833	1038
5.97000	1037
5.97167	1038
5.97333	1037
5.97500	1037
5.97667	1037
5.97833	1037
5.98000	1036
5.98167	1037
5.98333	1037
5.98500	1036
5.98667	1037
5.98833	1037
5.99000	1036
5.99167	1037
5.99333	1037
5.99500	1036
5.99667	1037
5.99833	1036
6.00000	1037
6.00167	1037
6.00333	1036
6.00500	1037
6.00667	1037
6.00833	1036
6.01000	1037
6.01167	1037
6.01333	1036
6.01500	1037
6.01667	1037
6.01833	1036
6.02000	1037
6.02167	1037
6.02333	1036
6.02500	1037
6.02667	1037
6.02833	1036
6.03000	1036
6.03167	1037
6.03333	1036
6.03500	1036
6.03667	1036
6.03833	1036
6.04000	1035
6.04167	1036
6.04333	1035
6.04500	1035
6.04667	1035
6.04833	1035
6.05000	1035
6.05167	1034
6.05333	1035
6.05500	1034
6.05667	1034
6.05833	1034
6.06000	1034
6.06167	1034
6.06333	1034
6.06500	1034
6.06667	1034
6.06833	1033
6.07000	1034
6.07167	1034
6.07333	1034
6.07500	1034
6.07667	1033
6.07833	1034
6.08000	1034
6.08167	1034
6.08333	1034
6.08500	1034
6.08667	1034
6.08833	1034
6.09000	1033
6.09167	1034
6.09333	1034
6.09500	1034
6.09667	1034
6.09833	1034
6.10000	1035
6.10167	1034
6.10333	1035
6.10500	1034
6.10667	1035
6.10833	1035
6.11000	1034
6.11167	1035
6.11333	1035
6.11500	1035
6.11667	1035
6.11833	1035
6.12000	1035
6.12167	1035
6.12333	1036
6.12500	1035
6.12667	1035
6.12833	1036
6.13000	1035
6.13167	1036
6.13333	1035
6.13500	1035
6.13667	1036
6.13833	1036
6.14000	1035
6.14167	1035
6.14333	1035
6.14500	1036
6.14667	1035
6.14833	1035
6.15000	1035
6.15167	1035
6.15333	1035
6.15500	1035
6.15667	1034
6.15833	1035
6.16000	1035
6.16167	1034
6.16333	1034
6.16500	1035
6.16667	1034
6.16833	1034
6.17000	1034
6.17167	1034
6.17333	1034
6.17500	1034
6.17667	1034
6.17833	1034
6.18000	1034
6.18167	1034
6.18333	1034
6.18500	1035
6.18667	1034
6.18833	1035
6.19000	1035
6.19167	1034
6.19333	1035
6.19500	1034
6.19667	1035
6.19833	1034
6.20000	1035
6.20167	1034
6.20333	1034
6.20500	1035
6.20667	1034
6.20833	1034
6.21000	1034
6.21167	1034
6.21333	1034
6.21500	1034
6.21667	1033
6.21833	1033
6.22000	1034
6.22167	1033
6.22333	1032
6.22500	1033
6.22667	1033
6.22833	1032
6.23000	1032
6.23167	1032
6.23333	1031
6.23500	1032
6.23667	1031
6.23833	1031
6.24000	1030
6.24167	1031
6.24333	1030
6.24500	1030
6.24667	1030
6.24833	1030
6.25000	1030
6.25167	1030
6.25333	1030
6.25500	1029
6.25667	1030
6.25833	1029
6.26000	1030
6.26167	1029
6.26333	1029
6.26500	1030
6.26667	1029
6.26833	1029
6.27000	1030
6.27167	1029
6.27333	1030
6.27500	1030
6.27667	1030
6.27833	1030
6.28000	1030
6.28167	1031
6.28333	1031
6.28500	1030
6.28667	1031
6.28833	1032
6.29000	1031
6.29167	1031
6.29333	1032
6.29500	1032
6.29667	1033
6.29833	1032
6.30000	1033
6.30167	1033
6.30333	1033
6.30500	1033
6.30667	1034
6.30833	1034
6.31000	1033
6.31167	1033
6.31333	1034
6.31500	1034
6.31667	1034
6.31833	1033
6.32000	1034
6.32167	1033
6.32333	1034
6.32500	1033
6.32667	1034
6.32833	1033
6.33000	1034
6.33167	1033
6.33333	1033
6.33500	1033
6.33667	1033
6.33833	1033
6.34000	1033
6.34167	1033
6.34333	1033
6.34500	1032
6.34667	1033
6.34833	1032
6.35000	1033
6.35167	1032
6.35333	1032
6.35500	1033
6.35667	1032
6.35833	1032
6.36000	1033
6.36167	1032
6.36333	1033
6.36500	1033
6.36667	1033
6.36833	1032
6.37000	1032
6.37167	1033
6.37333	1032
6.37500	1033
6.37667	1033
6.37833	1032
6.38000	1033
6.38167	1033
6.38333	1033
6.38500	1033
6.38667	1032
6.38833	1033
6.39000	1032
6.39167	1032
6.39333	1033
6.39500	1032
6.39667	1033
6.39833	1032
6.40000	1032
6.40167	1033
6.40333	1032
6.40500	1032
6.40667	1032
6.40833	1032
6.41000	1032
6.41167	1031
6.41333	1032
6.41500	1031
6.41667	1032
6.41833	1030
6.42000	1031
6.42167	1031
6.42333	1030
6.42500	1030
6.42667	1030
6.42833	1030
6.43000	1030
6.43167	1030
6.43333	1029
6.43500	1030
6.43667	1029
6.43833	1030
6.44000	1029
6.44167	1030
6.44333	1029
6.44500	1030
6.44667	1029
6.44833	1029
6.45000	1030
6.45167	1029
6.45333	1030
6.45500	1029
6.45667	1030
6.45833	1029
6.46000	1030
6.46167	1030
6.46333	1030
6.46500	1030
6.46667	1029
6.46833	1030
6.47000	1030
6.47167	1030
6.47333	1029
6.47500	1030
6.47667	1029
6.47833	1030
6.48000	1030
6.48167	1030
6.48333	1030
6.48500	1030
6.48667	1030
6.48833	1029
6.49000	1030
6.49167	1030
6.49333	1030
6.49500	1030
6.49667	1029
6.49833	1030
6.50000	1030
6.50167	1029
6.50333	1030
6.50500	1030
6.50667	1030
6.50833	1030
6.51000	1030
6.51167	1030
6.51333	1030
6.51500	1030
6.51667	1030
6.51833	1030
6.52000	1030
6.52167	1030
6.52333	1030
6.52500	1030
6.52667	1031
6.52833	1030
6.53000	1031
6.53167	1030
6.53333	1031
6.53500	1030
6.53667	1031
6.53833	1031
6.54000	1031
6.54167	1030
6.54333	1031
6.54500	1030
6.54667	1031
6.54833	1030
6.55000	1030
6.55167	1030
6.55333	1030
6.55500	1030
6.55667	1030
6.55833	1030
6.56000	1030
6.56167	1030
6.56333	1029
6.56500	1030
6.56667	1029
6.56833	1030
6.57000	1029
6.57167	1029
6.57333	1029
6.57500	1029
6.57667	1029
6.57833	1028
6.58000	1029
6.58167	1028
6.58333	1027
6.58500	1028
6.58667	1028
6.58833	1027
6.59000	1028
6.59167	1027
6.59333	1028
6.59500	1027
6.59667	1028
6.59833	1027
6.60000	1028
6.60167	1028
6.60333	1028
6.60500	1028
6.60667	1028
6.60833	1028
6.61000	1028
6.61167	1028
6.61333	1028
6.61500	1029
6.61667	1028
6.61833	1029
6.62000	1029
6.62167	1029
6.62333	1029
6.62500	1029
6.62667	1029
6.62833	1030
6.63000	1029
6.63167	1030
6.63333	1029
6.63500	1030
6.63667	1029
6.63833	1030
6.64000	1029
6.64167	1029
6.64333	1029
6.64500	1029
6.64667	1029
6.64833	1029
6.65000	1029
6.65167	1030
6.65333	1029
6.65500	1029
6.65667	1028
6.65833	1029
6.66000	1029
6.66167	1029
6.66333	1028
6.66500	1029
6.66667	1029
6.66833	1028
6.67000	1029
6.67167	1028
6.67333	1029
6.67500	1029
6.67667	1029
6.67833	1029
6.68000	1029
6.68167	1029
6.68333	1029
6.68500	1029
6.68667	1029
6.68833	1029
6.69000	1029
6.69167	1029
6.69333	1029
6.69500	1029
6.69667	1029
6.69833	1029
6.70000	1029
6.70167	1028
6.70333	1029
6.70500	1028
6.70667	1028
6.70833	1028
6.71000	1028
6.71167	1028
6.71333	1028
6.71500	1028
6.71667	1027
6.71833	1028
6.72000	1027
6.72167	1027
6.72333	1028
6.72500	1027
6.72667	1027
6.72833	1027
6.73000	1027
6.73167	1027
6.73333	1027
6.73500	1027
6.73667	1027
6.73833	1026
6.74000	1027
6.74167	1027
6.74333	1027
6.74500	1026
6.74667	1027
6.74833	1027
6.75000	1027
6.75167	1027
6.75333	1027
6.75500	1028
6.75667	1028
6.75833	1027
6.76000	1028
6.76167	1028
6.76333	1028
6.76500	1028
6.76667	1028
6.76833	1028
6.77000	1029
6.77167	1028
6.77333	1029
6.77500	1029
6.77667	1029
6.77833	1028
6.78000	1029
6.78167	1028
6.78333	1029
6.78500	1029
6.78667	1028
6.78833	1028
6.79000	1029
6.79167	1028
6.79333	1028
6.79500	1028
6.79667	1027
6.79833	1028
6.80000	1028
6.80167	1027
6.80333	1028
6.80500	1027
6.80667	1027
6.80833	1027
6.81000	1027
6.81167	1027
6.81333	1026
6.81500	1027
6.81667	1027
6.81833	1027
6.82000	1026
6.82167	1027
6.82333	1027
6.82500	1026
6.82667	1027
6.82833	1027
6.83000	1027
6.83167	1027
6.83333	1027
6.83500	1027
6.83667	1027
6.83833	1027
6.84000	1027
6.84167	1028
6.84333	1028
6.84500	1027
6.84667	1028
6.84833	1028
6.85000	1027
6.85167	1028
6.85333	1028
6.85500	1027
6.85667	1028
6.85833	1028
6.86000	1027
6.86167	1028
6.86333	1028
6.86500	1028
6.86667	1028
6.86833	1028
6.87000	1028
6.87167	1027
6.87333	1028
6.87500	1028
6.87667	1028
6.87833	1027
6.88000	1028
6.88167	1027
6.88333	1027
6.88500	1028
6.88667	1027
6.88833	1027
6.89000	1027
6.89167	1027
6.89333	1027
6.89500	1027
6.89667	1027
6.89833	1028
6.90000	1026
6.90167	1028
6.90333	1027
6.90500	1027
6.90667	1027
6.90833	1027
6.91000	1027
6.91167	1028
6.91333	1027
6.91500	1028
6.91667	1027
6.91833	1028
6.92000	1028
6.92167	1028
6.92333	1028
6.92500	1028
6.92667	1028
6.92833	1028
6.93000	1029
6.93167	1029
6.93333	1028
6.93500	1029
6.93667	1029
6.93833	1029
6.94000	1030
6.94167	1029
6.94333	1029
6.94500	1029
6.94667	1029
6.94833	1029
6.95000	1029
6.95167	1029
6.95333	1029
6.95500	1029
6.95667	1029
6.95833	1029
6.96000	1028
6.96167	1029
6.96333	1028
6.96500	1028
6.96667	1028
6.96833	1028
6.97000	1028
6.97167	1027
6.97333	1028
6.97500	1027
6.97667	1028
6.97833	1027
6.98000	1027
6.98167	1027
6.98333	1027
6.98500	1027
6.98667	1026
6.98833	1027
6.99000	1027
6.99167	1026
6.99333	1027
6.99500	1027
6.99667	1026
6.99833	1026
7.00000	1026
7.00167	1026
7.00333	1027
7.00500	1026
7.00667	1026
7.00833	1025
7.01000	1026
7.01167	1025
7.01333	1025
7.01500	1025
7.01667	1025
7.01833	1025
7.02000	1024
7.02167	1025
7.02333	1024
7.02500	1024
7.02667	1025
7.02833	1023
7.03000	1024
7.03167	1024
7.03333	1024
7.03500	1023
7.03667	1024
7.03833	1023
7.04000	1023
7.04167	1024
7.04333	1023
7.04500	1024
7.04667	1023
7.04833	1023
7.05000	1024
7.05167	1023
7.05333	1024
7.05500	1023
7.05667	1024
7.05833	1023
7.06000	1024
7.06167	1023
7.06333	1024
7.06500	1024
7.06667	1024
7.06833	1024
7.07000	1024
7.07167	1024
7.07333	1024
7.07500	1024
7.07667	1025
7.07833	1024
7.08000	1024
7.08167	1024
7.08333	1024
7.08500	1025
7.08667	1024
7.08833	1024
7.09000	1024
7.09167	1025
7.09333	1024
7.09500	1024
7.09667	1024
7.09833	1024
7.10000	1024
7.10167	1024
7.10333	1024
7.10500	1024
7.10667	1024
7.10833	1023
7.11000	1023
7.11167	1024
7.11333	1023
7.11500	1023
7.11667	1023
7.11833	1023
7.12000	1023
7.12167	1022
7.12333	1022
7.12500	1023
7.12667	1022
7.12833	1021
7.13000	1022
7.13167	1022
7.13333	1022
7.13500	1021
7.13667	1022
7.13833	1021
7.14000	1021
7.14167	1021
7.14333	1021
7.14500	1021
7.14667	1022
7.14833	1021
7.15000	1020
7.15167	1021
7.15333	1021
7.15500	1021
7.15667	1021
7.15833	1022
7.16000	1021
7.16167	1021
7.16333	1021
7.16500	1021
7.16667	1022
7.16833	1021
7.17000	1022
7.17167	1021
7.17333	1022
7.17500	1021
7.17667	1022
7.17833	1021
7.18000	1022
7.18167	1022
7.18333	1022
7.18500	1022
7.18667	1022
7.18833	1022
7.19000	1022
7.19167	1022
7.19333	1022
7.19500	1023
7.19667	1022
7.19833	1022
7.20000	1022
7.20167	1023
7.20333	1022
7.20500	1022
7.20667	1023
7.20833	1022
7.21000	1023
7.21167	1022
7.21333	1023
7.21500	1022
7.21667	1023
7.21833	1022
7.22000	1022
7.22167	1022
7.22333	1023
7.22500	1022
7.22667	1022
7.22833	1022
7.23000	1022
7.23167	1022
7.23333	1021
7.23500	1022
7.23667	1021
7.23833	1021
7.24000	1022
7.24167	1021
7.24333	1020
7.24500	1021
7.24667	1021
7.24833	1021
7.25000	1020
7.25167	1020
7.25333	1020
7.25500	1021
7.25667	1020
7.25833	1020
7.26000	1020
7.26167	1020
7.26333	1020
7.26500	1020
7.26667	1021
7.26833	1020
7.27000	1021
7.27167	1021
7.27333	1021
7.27500	1021
7.27667	1021
7.27833	1022
7.28000	1021
7.28167	1022
7.28333	1022
7.28500	1022
7.28667	1023
7.28833	1022
7.29000	1022
7.29167	1022
7.29333	1023
7.29500	1022
7.29667	1023
7.29833	1022
7.30000	1023
7.30167	1022
7.30333	1023
7.30500	1022
7.30667	1022
7.30833	1023
7.31000	1022
7.31167	1022
7.31333	1023
7.31500	1022
7.31667	1022
7.31833	1023
7.32000	1022
7.32167	1022
7.32333	1022
7.32500	1022
7.32667	1022
7.32833	1023
7.33000	1022
7.33167	1022
7.33333	1023
7.33500	1022
7.33667	1023
7.33833	1022
7.34000	1022
7.34167	1023
7.34333	1023
7.34500	1022
7.34667	1023
7.34833	1022
7.35000	1023
7.35167	1023
7.35333	1022
7.35500	1023
7.35667	1023
7.35833	1022
7.36000	1022
7.36167	1023
7.36333	1022
7.36500	1021
7.36667	1022
7.36833	1022
7.37000	1021
7.37167	1021
7.37333	1021
7.37500	1021
7.37667	1020
7.37833	1021
7.38000	1020
7.38167	1021
7.38333	1020
7.38500	1020
7.38667	1020
7.38833	1020
7.39000	1019
7.39167	1020
7.39333	1019
7.39500	1020
7.39667	1020
7.39833	1020
7.40000	1021
7.40167	1020
7.40333	1020
7.40500	1021
7.40667	1021
7.40833	1021
7.41000	1021
7.41167	1022
7.41333	1022
7.41500	1022
7.41667	1022
7.41833	1022
7.42000	1023
7.42167	1022
7.42333	1023
7.42500	1022
7.42667	1023
7.42833	1023
7.43000	1022
7.43167	1023
7.43333	1022
7.43500	1022
7.43667	1023
7.43833	1022
7.44000	1021
7.44167	1022
7.44333	1021
7.44500	1021
7.44667	1021
7.44833	1021
7.45000	1020
7.45167	1020
7.45333	1019
7.45500	1020
7.45667	1018
7.45833	1019
7.46000	1018
7.46167	1018
7.46333	1017
7.46500	1018
7.46667	1017
7.46833	1017
7.47000	1016
7.47167	1017
7.47333	1016
7.47500	1017
7.47667	1016
7.47833	1016
7.48000	1017
7.48167	1016
7.48333	1017
7.48500	1017
7.48667	1017
7.48833	1017
7.49000	1017
7.49167	1018
7.49333	1017
7.49500	1018
7.49667	1018
7.49833	1018
7.50000	1018
7.50167	1018
7.50333	1019
7.50500	1019
7.50667	1019
7.50833	1020
7.51000	1019
7.51167	1020
7.51333	1021
7.51500	1021
7.51667	1021
7.51833	1021
7.52000	1022
7.52167	1022
7.52333	1022
7.52500	1023
7.52667	1022
7.52833	1023
7.53000	1024
7.53167	1023
7.53333	1024
7.53500	1024
7.53667	1024
7.53833	1024
7.54000	1024
7.54167	1024
7.54333	1024
7.54500	1024
7.54667	1024
7.54833	1024
7.55000	1024
7.55167	1024
7.55333	1024
7.55500	1023
7.55667	1024
7.55833	1023
7.56000	1023
7.56167	1023
7.56333	1023
7.56500	1023
7.56667	1022
7.56833	1023
7.57000	1022
7.57167	1022
7.57333	1023
7.57500	1022
7.57667	1022
7.57833	1022
7.58000	1022
7.58167	1022
7.58333	1022
7.58500	1022
7.58667	1021
7.58833	1022
7.59000	1022
7.59167	1021
7.59333	1022
7.59500	1021
7.59667	1021
7.59833	1022
7.60000	1021
7.60167	1021
7.60333	1021
7.60500	1021
7.60667	1021
7.60833	1021
7.61000	1021
7.61167	1020
7.61333	1021
7.61500	1021
7.61667	1020
7.61833	1021
7.62000	1020
7.62167	1020
7.62333	1020
7.62500	1020
7.62667	1019
7.62833	1020
7.63000	1019
7.63167	1019
7.63333	1020
7.63500	1018
7.63667	1019
7.63833	1018
7.64000	1018
7.64167	1019
7.64333	1018
7.64500	1018
7.64667	1018
7.64833	1018
7.65000	1018
7.65167	1018
7.65333	1018
7.65500	1018
7.65667	1018
7.65833	1017
7.66000	1018
7.66167	1017
7.66333	1018
7.66500	1018
7.66667	1018
7.66833	1017
7.67000	1018
7.67167	1017
7.67333	1018
7.67500	1018
7.67667	1017
7.67833	1018
7.68000	1017
7.68167	1017
7.68333	1018
7.68500	1017
7.68667	1017
7.68833	1017
7.69000	1017
7.69167	1017
7.69333	1016
7.69500	1017
7.69667	1017
7.69833	1016
7.70000	1017
7.70167	1017
7.70333	1016
7.70500	1017
7.70667	1016
7.70833	1017
7.71000	1016
7.71167	1016
7.71333	1016
7.71500	1016
7.71667	1016
7.71833	1016
7.72000	1015
7.72167	1016
7.72333	1016
7.72500	1016
7.72667	1016
7.72833	1016
7.73000	1016
7.73167	1016
7.73333	1016
7.73500	1016
7.73667	1016
7.73833	1016
7.74000	1017
7.74167	1017
7.74333	1016
7.74500	1017
7.74667	1017
7.74833	1017
7.75000	1017
7.75167	1018
7.75333	1017
7.75500	1018
7.75667	1018
7.75833	1018
7.76000	1018
7.76167	1018
7.76333	1018
7.76500	1019
7.76667	1018
7.76833	1019
7.77000	1018
7.77167	1019
7.77333	1019
7.77500	1019
7.77667	1018
7.77833	1019
7.78000	1019
7.78167	1018
7.78333	1019
7.78500	1019
7.78667	1018
7.78833	1019
7.79000	1018
7.79167	1019
7.79333	1018
7.79500	1018
7.79667	1018
7.79833	1018
7.80000	1018
7.80167	1018
7.80333	1018
7.80500	1018
7.80667	1018
7.80833	1017
7.81000	1017
7.81167	1018
7.81333	1017
7.81500	1016
7.81667	1017
7.81833	1017
7.82000	1016
7.82167	1017
7.82333	1016
7.82500	1016
7.82667	1016
7.82833	1017
7.83000	1016
7.83167	1015
7.83333	1016
7.83500	1016
7.83667	1015
7.83833	1016
7.84000	1015
7.84167	1015
7.84333	1015
7.84500	1015
7.84667	1015
7.84833	1015
7.85000	1014
7.85167	1015
7.85333	1015
7.85500	1015
7.85667	1015
7.85833	1015
7.86000	1015
7.86167	1015
7.86333	1015
7.86500	1015
7.86667	1015
7.86833	1016
7.87000	1015
7.87167	1015
7.87333	1016
7.87500	1015
7.87667	1015
7.87833	1015
7.88000	1015
7.88167	1015
7.88333	1016
7.88500	1015
7.88667	1015
7.88833	1015
7.89000	1015
7.89167	1015
7.89333	1015
7.89500	1014
7.89667	1015
7.89833	1014
7.90000	1015
7.90167	1014
7.90333	1014
7.90500	1015
7.90667	1013
7.90833	1014
7.91000	1014
7.91167	1013
7.91333	1014
7.91500	1013
7.91667	1014
7.91833	1014
7.92000	1013
7.92167	1014
7.92333	1013
7.92500	1013
7.92667	1014
7.92833	1013
7.93000	1013
7.93167	1014
7.93333	1013
7.93500	1014
7.93667	1013
7.93833	1014
7.94000	1013
7.94167	1014
7.94333	1014
7.94500	1014
7.94667	1014
7.94833	1013
7.95000	1014
7.95167	1014
7.95333	1015
7.95500	1014
7.95667	1015
7.95833	1014
7.96000	1014
7.96167	1015
7.96333	1014
7.96500	1015
7.96667	1014
7.96833	1014
7.97000	1014
7.97167	1014
7.97333	1014
7.97500	1014
7.97667	1013
7.97833	1014
7.98000	1014
7.98167	1013
7.98333	1014
7.98500	1013
7.98667	1014
7.98833	1013
7.99000	1014
7.99167	1013
7.99333	1014
7.99500	1013
7.99667	1013
7.99833	1014
8.00000	1013
8.00167	1014
8.00333	1013
8.00500	1014
8.00667	1013
8.00833	1014
8.01000	1014
8.01167	1014
8.01333	1014
8.01500	1014
8.01667	1015
8.01833	1014
8.02000	1015
8.02167	1015
8.02333	1015
8.02500	1015
8.02667	1015
8.02833	1015
8.03000	1016
8.03167	1015
8.03333	1015
8.03500	1016
8.03667	1015
8.03833	1016
8.04000	1015
8.04167	1016
8.04333	1016
8.04500	1015
8.04667	1016
8.04833	1015
8.05000	1016
8.05167	1015
8.05333	1016
8.05500	1016
8.05667	1015
8.05833	1015
8.06000	1015
8.06167	1015
8.06333	1015
8.06500	1015
8.06667	1015
8.06833	1015
8.07000	1015
8.07167	1014
8.07333	1015
8.07500	1014
8.07667	1014
8.07833	1014
8.08000	1014
8.08167	1014
8.08333	1013
8.08500	1014
8.08667	1013
8.08833	1013
8.09000	1013
8.09167	1013
8.09333	1013
8.09500	1013
8.09667	1012
8.09833	1013
8.10000	1013
8.10167	1012
8.10333	1013
8.10500	1013
8.10667	1012
8.10833	1012
8.11000	1012
8.11167	1012
8.11333	1012
8.11500	1012
8.11667	1011
8.11833	1012
8.12000	1012
8.12167	1012
8.12333	1011
8.12500	1012
8.12667	1011
8.12833	1012
8.13000	1011
8.13167	1012
8.13333	1011
8.13500	1012
8.13667	1011
8.13833	1012
8.14000	1011
8.14167	1012
8.14333	1012
8.14500	1012
8.14667	1012
8.14833	1013
8.15000	1012
8.15167	1013
8.15333	1013
8.15500	1013
8.15667	1013
8.15833	1013
8.16000	1013
8.16167	1013
8.16333	1014
8.16500	1013
8.16667	1013
8.16833	1014
8.17000	1014
8.17167	1013
8.17333	1014
8.17500	1014
8.17667	1014
8.17833	1014
8.18000	1013
8.18167	1014
8.18333	1014
8.18500	1014
8.18667	1013
8.18833	1013
8.19000	1013
8.19167	1013
8.19333	1013
8.19500	1013
8.19667	1013
8.19833	1012
8.20000	1013
8.20167	1012
8.20333	1012
8.20500	1011
8.20667	1012
8.20833	1011
8.21000	1011
8.21167	1011
8.21333	1010
8.21500	1010
8.21667	1011
8.21833	1010
8.22000	1010
8.22167	1010
8.22333	1010
8.22500	1009
8.22667	1010
8.22833	1010
8.23000	1010
8.23167	1009
8.23333	1009
8.23500	1010
8.23667	1009
8.23833	1009
8.24000	1009
8.24167	1009
8.24333	1009
8.24500	1009
8.24667	1009
8.24833	1009
8.25000	1008
8.25167	1009
8.25333	1009
8.25500	1009
8.25667	1009
8.25833	1008
8.26000	1009
8.26167	1008
8.26333	1009
8.26500	1008
8.26667	1008
8.26833	1008
8.27000	1008
8.27167	1007
8.27333	1008
8.27500	1007
8.27667	1008
8.27833	1007
8.28000	1008
8.28167	1007
8.28333	1007
8.28500	1008
8.28667	1007
8.28833	1007
8.29000	1007
8.29167	1008
8.29333	1007
8.29500	1008
8.29667	1007
8.29833	1007
8.30000	1008
8.30167	1008
8.30333	1008
8.30500	1008
8.30667	1008
8.30833	1008
8.31000	1009
8.31167	1008
8.31333	1009
8.31500	1009
8.31667	1009
8.31833	1009
8.32000	1009
8.32167	1010
8.32333	1010
8.32500	1010
8.32667	1010
8.32833	1011
8.33000	1010
8.33167	1011
8.33333	1011
8.33500	1011
8.33667	1012
8.33833	1011
8.34000	1012
8.34167	1012
8.34333	1011
8.34500	1012
8.34667	1012
8.34833	1012
8.35000	1011
8.35167	1012
8.35333	1012
8.35500	1012
8.35667	1012
8.35833	1011
8.36000	1012
8.36167	1011
8.36333	1011
8.36500	1011
8.36667	1012
8.36833	1011
8.37000	1011
8.37167	1011
8.37333	1011
8.37500	1011
8.37667	1011
8.37833	1011
8.38000	1011
8.38167	1011
8.38333	1010
8.38500	1011
8.38667	1011
8.38833	1011
8.39000	1011
8.39167	1012
8.39333	1011
8.39500	1011
8.39667	1012
8.39833	1012
8.40000	1012
8.40167	1012
8.40333	1012
8.40500	1013
8.40667	1012
8.40833	1013
8.41000	1013
8.41167	1013
8.41333	1013
8.41500	1014
8.41667	1013
8.41833	1014
8.42000	1013
8.42167	1014
8.42333	1014
8.42500	1014
8.42667	1015
8.42833	1014
8.43000	1014
8.43167	1014
8.43333	1015
8.43500	1014
8.43667	1014
8.43833	1014
8.44000	1014
8.44167	1014
8.44333	1014
8.44500	1014
8.44667	1013
8.44833	1013
8.45000	1013
8.45167	1013
8.45333	1012
8.45500	1012
8.45667	1012
8.45833	1012
8.46000	1012
8.46167	1011
8.46333	1011
8.46500	1011
8.46667	1010
8.46833	1010
8.47000	1010
8.47167	1009
8.47333	1009
8.47500	1008
8.47667	1009
8.47833	1008
8.48000	1008
8.48167	1007
8.48333	1007
8.48500	1007
8.48667	1007
8.48833	1007
8.49000	1007
8.49167	1006
8.49333	1007
8.49500	1007
8.49667	1006
8.49833	1006
8.50000	1007
8.50167	1006
8.50333	1006
8.50500	1007
8.50667	1007
8.50833	1007
8.51000	1007
8.51167	1007
8.51333	1007
8.51500	1007
8.51667	1007
8.51833	1007
8.52000	1008
8.52167	1007
8.52333	1008
8.52500	1008
8.52667	1007
8.52833	1008
8.53000	1008
8.53167	1007
8.53333	1008
8.53500	1008
8.53667	1008
8.53833	1008
8.54000	1008
8.54167	1007
8.54333	1008
8.54500	1008
8.54667	1008
8.54833	1007
8.55000	1008
8.55167	1007
8.55333	1008
8.55500	1008
8.55667	1007
8.55833	1007
8.56000	1008
8.56167	1007
8.56333	1007
8.56500	1008
8.56667	1007
8.56833	1007
8.57000	1008
8.57167	1007
8.57333	1008
8.57500	1008
8.57667	1008
8.57833	1008
8.58000	1008
8.58167	1008
8.58333	1008
8.58500	1008
8.58667	1009
8.58833	1009
8.59000	1009
8.59167	1009
8.59333	1009
8.59500	1009
8.59667	1010
8.59833	1009
8.60000	1010
8.60167	1009
8.60333	1010
8.60500	1010
8.60667	1010
8.60833	1010
8.61000	1010
8.61167	1010
8.61333	1010
8.61500	1010
8.61667	1010
8.61833	1009
8.62000	1010
8.62167	1010
8.62333	1009
8.62500	1010
8.62667	1010
8.62833	1010
8.63000	1010
8.63167	1009
8.63333	1010
8.63500	1010
8.63667	1010
8.63833	1010
8.64000	1011
8.64167	1010
8.64333	1011
8.64500	1010
8.64667	1011
8.64833	1010
8.65000	1011
8.65167	1010
8.65333	1011
8.65500	1010
8.65667	1011
8.65833	1010
8.66000	1011
8.66167	1010
8.66333	1010
8.66500	1010
8.66667	1010
8.66833	1009
8.67000	1010
8.67167	1009
8.67333	1010
8.67500	1009
8.67667	1009
8.67833	1009
8.68000	1009
8.68167	1009
8.68333	1009
8.68500	1009
8.68667	1009
8.68833	1008
8.69000	1009
8.69167	1008
8.69333	1009
8.69500	1008
8.69667	1008
8.69833	1008
8.70000	1009
8.70167	1008
8.70333	1008
8.70500	1008
8.70667	1008
8.70833	1007
8.71000	1008
8.71167	1007
8.71333	1008
8.71500	1009
8.71667	1008
8.71833	1008
8.72000	1008
8.72167	1008
8.72333	1008
8.72500	1008
8.72667	1008
8.72833	1009
8.73000	1008
8.73167	1008
8.73333	1008
8.73500	1007
8.73667	1008
8.73833	1008
8.74000	1007
8.74167	1007
8.74333	1008
8.74500	1007
8.74667	1007
8.74833	1007
8.75000	1007
8.75167	1007
8.75333	1007
8.75500	1006
8.75667	1007
8.75833	1006
8.76000	1007
8.76167	1006
8.76333	1007
8.76500	1006
8.76667	1007
8.76833	1006
8.77000	1007
8.77167	1006
8.77333	1007
8.77500	1007
8.77667	1007
8.77833	1008
8.78000	1007
8.78167	1008
8.78333	1009
8.78500	1008
8.78667	1009
8.78833	1008
8.79000	1009
8.79167	1009
8.79333	1009
8.79500	1009
8.79667	1009
8.79833	1009
8.80000	1009
8.80167	1009
8.80333	1009
8.80500	1009
8.80667	1009
8.80833	1010
8.81000	1009
8.81167	1008
8.81333	1009
8.81500	1009
8.81667	1008
8.81833	1008
8.82000	1009
8.82167	1008
8.82333	1008
8.82500	1008
8.82667	1007
8.82833	1008
8.83000	1007
8.83167	1008
8.83333	1007
8.83500	1007
8.83667	1007
8.83833	1007
8.84000	1007
8.84167	1006
8.84333	1007
8.84500	1007
8.84667	1007
8.84833	1007
8.85000	1007
8.85167	1007
8.85333	1007
8.85500	1007
8.85667	1007
8.85833	1007
8.86000	1007
8.86167	1007
8.86333	1007
8.86500	1007
8.86667	1007
8.86833	1007
8.87000	1006
8.87167	1007
8.87333	1007
8.87500	1007
8.87667	1007
8.87833	1006
8.88000	1007
8.88167	1006
8.88333	1006
8.88500	1006
8.88667	1006
8.88833	1006
8.89000	1006
8.89167	1006
8.89333	1005
8.89500	1006
8.89667	1006
8.89833	1006
8.90000	1006
8.90167	1005
8.90333	1005
8.90500	1006
8.90667	1005
8.90833	1006
8.91000	1005
8.91167	1006
8.91333	1006
8.91500	1005
8.91667	1006
8.91833	1006
8.92000	1006
8.92167	1006
8.92333	1006
8.92500	1007
8.92667	1006
8.92833	1006
8.93000	1007
8.93167	1006
8.93333	1007
8.93500	1006
8.93667	1006
8.93833	1007
8.94000	1007
8.94167	1006
8.94333	1007
8.94500	1007
8.94667	1006
8.94833	1007
8.95000	1006
8.95167	1006
8.95333	1007
8.95500	1006
8.95667	1006
8.95833	1006
8.96000	1006
8.96167	1005
8.96333	1006
8.96500	1005
8.96667	1006
8.96833	1005
8.97000	1005
8.97167	1005
8.97333	1005
8.97500	1005
8.97667	1006
8.97833	1005
8.98000	1005
8.98167	1005
8.98333	1005
8.98500	1005
8.98667	1005
8.98833	1005
8.99000	1005
8.99167	1005
8.99333	1005
8.99500	1005
8.99667	1005
8.99833	1006
9.00000	1005
9.00167	1006
9.00333	1006
9.00500	1005
9.00667	1006
9.00833	1006
9.01000	1006
9.01167	1005
9.01333	1006
9.01500	1006
9.01667	1006
9.01833	1006
9.02000	1005
9.02167	1006
9.02333	1006
9.02500	1005
9.02667	1005
9.02833	1006
9.03000	1005
9.03167	1005
9.03333	1005
9.03500	1005
9.03667	1005
9.03833	1004
9.04000	1005
9.04167	1004
9.04333	1005
9.04500	1004
9.04667	1005
9.04833	1004
9.05000	1005
9.05167	1004
9.05333	1004
9.05500	1005
9.05667	1004
9.05833	1004
9.06000	1004
9.06167	1003
9.06333	1004
9.06500	1004
9.06667	1003
9.06833	1003
9.07000	1004
9.07167	1003
9.07333	1003
9.07500	1004
9.07667	1003
9.07833	1003
9.08000	1003
9.08167	1003
9.08333	1003
9.08500	1003
9.08667	1002
9.08833	1003
9.09000	1003
9.09167	1003
9.09333	1002
9.09500	1003
9.09667	1002
9.09833	1002
9.10000	1002
9.10167	1002
9.10333	1002
9.10500	1002
9.10667	1002
9.10833	1002
9.11000	1002
9.11167	1002
9.11333	1002
9.11500	1002
9.11667	1002
9.11833	1002
9.12000	1001
9.12167	1002
9.12333	1003
9.12500	1002
9.12667	1001
9.12833	1002
9.13000	1002
9.13167	1002
9.13333	1002
9.13500	1003
9.13667	1002
9.13833	1003
9.14000	1003
9.14167	1003
9.14333	1003
9.14500	1003
9.14667	1003
9.14833	1004
9.15000	1003
9.15167	1004
9.15333	1004
9.15500	1004
9.15667	1004
9.15833	1004
9.16000	1004
9.16167	1004
9.16333	1005
9.16500	1004
9.16667	1005
9.16833	1005
9.17000	1005
9.17167	1005
9.17333	1005
9.17500	1006
9.17667	1006
9.17833	1006
9.18000	1006
9.18167	1006
9.18333	1006
9.18500	1007
9.18667	1006
9.18833	1007
9.19000	1007
9.19167	1008
9.19333	1007
9.19500	1007
9.19667	1008
9.19833	1008
9.20000	1007
9.20167	1008
9.20333	1008
9.20500	1008
9.20667	1008
9.20833	1008
9.21000	1008
9.21167	1008
9.21333	1008
9.21500	1008
9.21667	1008
9.21833	1007
9.22000	1008
9.22167	1007
9.22333	1008
9.22500	1007
9.22667	1007
9.22833	1007
9.23000	1007
9.23167	1007
9.23333	1007
9.23500	1006
9.23667	1006
9.23833	1006
9.24000	1006
9.24167	1006
9.24333	1005
9.24500	1005
9.24667	1005
9.24833	1005
9.25000	1005
9.25167	1004
9.25333	1005
9.25500	1004
9.25667	1004
9.25833	1004
9.26000	1003
9.26167	1004
9.26333	1004
9.26500	1003
9.26667	1003
9.26833	1003
9.27000	1003
9.27167	1003
9.27333	1003
9.27500	1003
9.27667	1002
9.27833	1003
9.28000	1002
9.28167	1002
9.28333	1002
9.28500	1002
9.28667	1002
9.28833	1001
9.29000	1002
9.29167	1001
9.29333	1002
9.29500	1001
9.29667	1002
9.29833	1001
9.30000	1002
9.30167	1001
9.30333	1002
9.30500	1001
9.30667	1002
9.30833	1001
9.31000	1002
9.31167	1002
9.31333	1002
9.31500	1002
9.31667	1002
9.31833	1002
9.32000	1002
9.32167	1003
9.32333	1003
9.32500	1002
9.32667	1003
9.32833	1003
9.33000	1003
9.33167	1003
9.33333	1003
9.33500	1003
9.33667	1003
9.33833	1004
9.34000	1003
9.34167	1003
9.34333	1003
9.34500	1004
9.34667	1003
9.34833	1003
9.35000	1003
9.35167	1003
9.35333	1003
9.35500	1003
9.35667	1003
9.35833	1002
9.36000	1003
9.36167	1002
9.36333	1002
9.36500	1002
9.36667	1002
9.36833	1002
9.37000	1001
9.37167	1001
9.37333	1001
9.37500	1001
9.37667	1001
9.37833	1000
9.38000	1001
9.38167	1001
9.38333	1001
9.38500	1000
9.38667	1001
9.38833	1001
9.39000	1000
9.39167	1001
9.39333	1001
9.39500	1000
9.39667	1001
9.39833	1002
9.40000	1001
9.40167	1001
9.40333	1001
9.40500	1002
9.40667	1001
9.40833	1002
9.41000	1001
9.41167	1002
9.41333	1002
9.41500	1002
9.41667	1002
9.41833	1003
9.42000	1002
9.42167	1002
9.42333	1003
9.42500	1002
9.42667	1003
9.42833	1002
9.43000	1003
9.43167	1002
9.43333	1003
9.43500	1002
9.43667	1002
9.43833	1002
9.44000	1001
9.44167	1002
9.44333	1002
9.44500	1002
9.44667	1001
9.44833	1001
9.45000	1001
9.45167	1001
9.45333	1001
9.45500	1000
9.45667	1000
9.45833	1000
9.46000	1000
9.46167	1000
9.46333	999
9.46500	999
9.46667	999
9.46833	998
9.47000	999
9.47167	998
9.47333	998
9.47500	997
9.47667	998
9.47833	997
9.48000	998
9.48167	997
9.48333	997
9.48500	997
9.48667	997
9.48833	997
9.49000	997
9.49167	997
9.49333	997
9.49500	997
9.49667	997
9.49833	997
9.50000	997
9.50167	997
9.50333	997
9.50500	997
9.50667	998
9.50833	997
9.51000	997
9.51167	998
9.51333	997
9.51500	997
9.51667	997
9.51833	997
9.52000	997
9.52167	997
9.52333	996
9.52500	997
9.52667	997
9.52833	997
9.53000	997
9.53167	996
9.53333	997
9.53500	996
9.53667	997
9.53833	997
9.54000	997
9.54167	997
9.54333	997
9.54500	997
9.54667	997
9.54833	997
9.55000	998
9.55167	997
9.55333	998
9.55500	998
9.55667	998
9.55833	999
9.56000	999
9.56167	999
9.56333	999
9.56500	999
9.56667	999
9.56833	999
9.57000	1000
9.57167	999
9.57333	1000
9.57500	1000
9.57667	1000
9.57833	1000
9.58000	1000
9.58167	1000
9.58333	1000
9.58500	1000
9.58667	1000
9.58833	999
9.59000	1000
9.59167	1000
9.59333	1000
9.59500	1000
9.59667	1000
9.59833	999
9.60000	1000
9.60167	999
9.60333	1000
9.60500	999
9.60667	999
9.60833	999
9.61000	999
9.61167	999
9.61333	999
9.61500	999
9.61667	999
9.61833	999
9.62000	998
9.62167	999
9.62333	999
9.62500	999
9.62667	999
9.62833	999
9.63000	998
9.63167	999
9.63333	999
9.63500	999
9.63667	999
9.63833	999
9.64000	998
9.64167	999
9.64333	999
9.64500	998
9.64667	999
9.64833	999
9.65000	998
9.65167	998
9.65333	999
9.65500	997
9.65667	998
9.65833	998
9.66000	998
9.66167	997
9.66333	998
9.66500	997
9.66667	998
9.66833	998
9.67000	997
9.67167	998
9.67333	997
9.67500	998
9.67667	998
9.67833	998
9.68000	997
9.68167	998
9.68333	998
9.68500	998
9.68667	999
9.68833	998
9.69000	998
9.69167	999
9.69333	999
9.69500	998
9.69667	1000
9.69833	999
9.70000	1000
9.70167	999
9.70333	1000
9.70500	1001
9.70667	1000
9.70833	1001
9.71000	1000
9.71167	1000
9.71333	1001
9.71500	1000
9.71667	1001
9.71833	1001
9.72000	1001
9.72167	1000
9.72333	1001
9.72500	1001
9.72667	1001
9.72833	1000
9.73000	1001
9.73167	1001
9.73333	1000
9.73500	1001
9.73667	1000
9.73833	1001
9.74000	1000
9.74167	1001
9.74333	1000
9.74500	1000
9.74667	1000
9.74833	1001
9.75000	1000
9.75167	1000
9.75333	1000
9.75500	999
9.75667	1000
9.75833	1000
9.76000	999
9.76167	1000
9.76333	999
9.76500	999
9.76667	1000
9.76833	999
9.77000	1000
9.77167	999
9.77333	1000
9.77500	999
9.77667	1000
9.77833	1000
9.78000	999
9.78167	1000
9.78333	1000
9.78500	1000
9.78667	1000
9.78833	1000
9.79000	1000
9.79167	1001
9.79333	1000
9.79500	1001
9.79667	1001
9.79833	1002
9.80000	1001
9.80167	1002
9.80333	1002
9.80500	1002
9.80667	1003
9.80833	1002
9.81000	1003
9.81167	1003
9.81333	1004
9.81500	1004
9.81667	1004
9.81833	1004
9.82000	1004
9.82167	1004
9.82333	1005
9.82500	1004
9.82667	1005
9.82833	1004
9.83000	1004
9.83167	1005
9.83333	1004
9.83500	1004
9.83667	1004
9.83833	1004
9.84000	1003
9.84167	1003
9.84333	1003
9.84500	1003
9.84667	1002
9.84833	1002
9.85000	1001
9.85167	1002
9.85333	1001
9.85500	1001
9.85667	1000
9.85833	1000
9.86000	1000
9.86167	1000
9.86333	999
9.86500	999
9.86667	999
9.86833	998
9.87000	999
9.87167	998
9.87333	997
9.87500	998
9.87667	997
9.87833	997
9.88000	997
9.88167	997
9.88333	996
9.88500	997
9.88667	996
9.88833	997
9.89000	996
9.89167	996
9.89333	997
9.89500	996
9.89667	997
9.89833	996
9.90000	997
9.90167	997
9.90333	997
9.90500	997
9.90667	997
9.90833	997
9.91000	998
9.91167	997
9.91333	998
9.91500	997
9.91667	998
9.91833	997
9.92000	998
9.92167	998
9.92333	997
9.92500	998
9.92667	998
9.92833	997
9.93000	998
9.93167	998
9.93333	998
9.93500	998
9.93667	998
9.93833	998
9.94000	997
9.94167	998
9.94333	997
9.94500	997
9.94667	998
9.94833	997
9.95000	998
9.95167	997
9.95333	998
9.95500	997
9.95667	997
9.95833	998
9.96000	997
9.96167	997
9.96333	997
9.96500	997
9.96667	997
9.96833	997
9.97000	997
9.97167	996
9.97333	997
9.97500	997
9.97667	997
9.97833	997
9.98000	996
9.98167	997
9.98333	997
9.98500	997
9.98667	997
9.98833	996
9.99000	997
9.99167	996
9.99333	996
9.99500	997
9.99667	996
9.99833	996
10.00000	996
10.00167	996
10.00333	996
10.00500	996
10.00667	996
10.00833	996
10.01000	996
10.01167	996
10.01333	996
10.01500	996
10.01667	996
10.01833	996
10.02000	996
10.02167	996
10.02333	996
10.02500	996
10.02667	996
10.02833	996
10.03000	996
10.03167	995
10.03333	996
10.03500	995
10.03667	996
10.03833	995
10.04000	996
10.04167	996
10.04333	995
10.04500	996
10.04667	995
10.04833	996
10.05000	995
10.05167	995
10.05333	995
10.05500	996
10.05667	995
10.05833	995
10.06000	996
10.06167	995
10.06333	995
10.06500	995
10.06667	995
10.06833	995
10.07000	995
10.07167	994
10.07333	995
10.07500	995
10.07667	995
10.07833	995
10.08000	995
10.08167	995
10.08333	995
10.08500	995
10.08667	995
10.08833	995
10.09000	996
10.09167	996
10.09333	995
10.09500	996
10.09667	996
10.09833	996
10.10000	996
10.10167	996
10.10333	997
10.10500	996
10.10667	997
10.10833	996
10.11000	997
10.11167	997
10.11333	996
10.11500	997
10.11667	997
10.11833	996
10.12000	997
10.12167	996
10.12333	996
10.12500	997
10.12667	996
10.12833	996
10.13000	996
10.13167	996
10.13333	995
10.13500	995
10.13667	996
10.13833	995
10.14000	995
10.14167	994
10.14333	995
10.14500	994
10.14667	995
10.14833	994
10.15000	994
10.15167	994
10.15333	994
10.15500	993
10.15667	994
10.15833	994
10.16000	994
10.16167	993
10.16333	994
10.16500	994
10.16667	993
10.16833	994
10.17000	993
10.17167	994
10.17333	993
10.17500	994
10.17667	994
10.17833	993
10.18000	994
10.18167	994
10.18333	994
10.18500	993
10.18667	994
10.18833	994
10.19000	994
10.19167	993
10.19333	994
10.19500	993
10.19667	994
10.19833	993
10.20000	993
10.20167	993
10.20333	994
10.20500	993
10.20667	993
10.20833	993
10.21000	992
10.21167	994
10.21333	993
10.21500	993
10.21667	993
10.21833	994
10.22000	993
10.22167	993
10.22333	994
10.22500	994
10.22667	993
10.22833	994
10.23000	993
10.23167	994
10.23333	995
10.23500	994
10.23667	995
10.23833	994
10.24000	995
10.24167	995
10.24333	996
10.24500	996
10.24667	995
10.24833	996
10.25000	996
10.25167	996
10.25333	996
10.25500	997
10.25667	996
10.25833	997
10.26000	997
10.26167	996
10.26333	997
10.26500	997
10.26667	997
10.26833	997
10.27000	997
10.27167	997
10.27333	997
10.27500	997
10.27667	997
10.27833	997
10.28000	997
10.28167	996
10.28333	997
10.28500	997
10.28667	997
10.28833	997
10.29000	998
10.29167	997
10.29333	997
10.29500	997
10.29667	997
10.29833	997
10.30000	997
10.30167	998
10.30333	997
10.30500	997
10.30667	997
10.30833	997
10.31000	997
10.31167	997
10.31333	997
10.31500	997
10.31667	996
10.31833	997
10.32000	997
10.32167	996
10.32333	997
10.32500	996
10.32667	997
10.32833	997
10.33000	996
10.33167	997
10.33333	996
10.33500	997
10.33667	997
10.33833	996
10.34000	997
10.34167	997
10.34333	997
10.34500	997
10.34667	997
10.34833	997
10.35000	997
10.35167	998
10.35333	997
10.35500	998
10.35667	997
10.35833	998
10.36000	998
10.36167	998
10.36333	998
10.36500	998
10.36667	999
10.36833	999
10.37000	998
10.37167	999
10.37333	999
10.37500	998
10.37667	999
10.37833	998
10.38000	999
10.38167	998
10.38333	999
10.38500	998
10.38667	998
10.38833	998
10.39000	998
10.39167	998
10.39333	998
10.39500	997
10.39667	998
10.39833	997
10.40000	997
10.40167	997
10.40333	997
10.40500	997
10.40667	997
10.40833	996
10.41000	996
10.41167	996
10.41333	995
10.41500	996
10.41667	995
10.41833	995
10.42000	994
10.42167	995
10.42333	994
10.42500	994
10.42667	993
10.42833	994
10.43000	993
10.43167	993
10.43333	993
10.43500	992
10.43667	993
10.43833	992
10.44000	992
10.44167	991
10.44333	992
10.44500	991
10.44667	991
10.44833	991
10.45000	991
10.45167	990
10.45333	991
10.45500	991
10.45667	990
10.45833	990
10.46000	991
10.46167	990
10.46333	990
10.46500	990
10.46667	990
10.46833	990
10.47000	990
10.47167	990
10.47333	990
10.47500	990
10.47667	991
10.47833	990
10.48000	990
10.48167	991
10.48333	990
10.48500	991
10.48667	990
10.48833	991
10.49000	991
10.49167	991
10.49333	991
10.49500	991
10.49667	991
10.49833	992
10.50000	991
10.50167	992
10.50333	992
10.50500	991
10.50667	992
10.50833	992
10.51000	992
10.51167	992
10.51333	992
10.51500	992
10.51667	992
10.51833	992
10.52000	992
10.52167	992
10.52333	993
10.52500	992
10.52667	992
10.52833	993
10.53000	992
10.53167	992
10.53333	992
10.53500	992
10.53667	992
10.53833	993
10.54000	992
10.54167	992
10.54333	992
10.54500	993
10.54667	992
10.54833	992
10.55000	992
10.55167	991
10.55333	992
10.55500	992
10.55667	991
10.55833	991
10.56000	991
10.56167	991
10.56333	991
10.56500	990
10.56667	990
10.56833	990
10.57000	990
10.57167	990
10.57333	989
10.57500	989
10.57667	989
10.57833	988
10.58000	989
10.58167	988
10.58333	987
10.58500	988
10.58667	988
10.58833	987
10.59000	987
10.59167	987
10.59333	987
10.59500	987
10.59667	987
10.59833	987
10.60000	987
10.60167	987
10.60333	987
10.60500	987
10.60667	988
10.60833	987
10.61000	987
10.61167	988
10.61333	988
10.61500	988
10.61667	988
10.61833	988
10.62000	988
10.62167	989
10.62333	989
10.62500	989
10.62667	989
10.62833	989
10.63000	990
10.63167	989
10.63333	990
10.63500	990
10.63667	989
10.63833	990
10.64000	990
10.64167	990
10.64333	990
10.64500	990
10.64667	990
10.64833	990
10.65000	989
10.65167	990
10.65333	990
10.65500	989
10.65667	990
10.65833	990
10.66000	989
10.66167	989
10.66333	989
10.66500	990
10.66667	989
10.66833	989
10.67000	990
10.67167	989
10.67333	989
10.67500	990
10.67667	990
10.67833	990
10.68000	990
10.68167	989
10.68333	990
10.68500	991
10.68667	990
10.68833	991
10.69000	990
10.69167	992
10.69333	991
10.69500	991
10.69667	992
10.69833	991
10.70000	992
10.70167	992
10.70333	992
10.70500	992
10.70667	992
10.70833	993
10.71000	992
10.71167	992
10.71333	993
10.71500	992
10.71667	993
10.71833	992
10.72000	992
10.72167	992
10.72333	992
10.72500	992
10.72667	992
10.72833	992
10.73000	992
10.73167	992
10.73333	992
10.73500	992
10.73667	992
10.73833	992
10.74000	992
10.74167	991
10.74333	992
10.74500	992
10.74667	992
10.74833	993
10.75000	992
10.75167	992
10.75333	992
10.75500	993
10.75667	992
10.75833	992
10.76000	992
10.76167	992
10.76333	992
10.76500	991
10.76667	992
10.76833	992
10.77000	992
10.77167	992
10.77333	991
10.77500	991
10.77667	992
10.77833	991
10.78000	991
10.78167	990
10.78333	991
10.78500	991
10.78667	991
10.78833	990
10.79000	990
10.79167	991
10.79333	990
10.79500	990
10.79667	990
10.79833	990
10.80000	989
10.80167	990
10.80333	990
10.80500	989
10.80667	990
10.80833	989
10.81000	989
10.81167	989
10.81333	989
10.81500	989
10.81667	989
10.81833	989
10.82000	988
10.82167	989
10.82333	988
10.82500	988
10.82667	988
10.82833	989
10.83000	988
10.83167	988
10.83333	988
10.83500	988
10.83667	988
10.83833	987
10.84000	988
10.84167	988
10.84333	987
10.84500	987
10.84667	988
10.84833	986
10.85000	987
10.85167	987
10.85333	987
10.85500	986
10.85667	987
10.85833	986
10.86000	986
10.86167	986
10.86333	986
10.86500	986
10.86667	986
10.86833	986
10.87000	986
10.87167	985
10.87333	986
10.87500	986
10.87667	985
10.87833	985
10.88000	985
10.88167	986
10.88333	985
10.88500	985
10.88667	985
10.88833	985
10.89000	986
10.89167	985
10.89333	985
10.89500	986
10.89667	985
10.89833	986
10.90000	985
10.90167	985
10.90333	986
10.90500	986
10.90667	985
10.90833	986
10.91000	986
10.91167	985
10.91333	985
10.91500	986
10.91667	985
10.91833	986
10.92000	985
10.92167	985
10.92333	986
10.92500	985
10.92667	986
10.92833	985
10.93000	985
10.93167	985
10.93333	986
10.93500	985
10.93667	985
10.93833	986
10.94000	985
10.94167	985
10.94333	985
10.94500	985
10.94667	985
10.94833	985
10.95000	985
10.95167	985
10.95333	985
10.95500	985
10.95667	985
10.95833	985
10.96000	985
10.96167	985
10.96333	985
10.96500	985
10.96667	985
10.96833	986
10.97000	986
10.97167	985
10.97333	986
10.97500	986
10.97667	986
10.97833	987
10.98000	987
10.98167	987
10.98333	987
10.98500	987
10.98667	988
10.98833	988
10.99000	988
10.99167	988
10.99333	989
10.99500	989
10.99667	988
10.99833	989
11.00000	988
11.00167	989
11.00333	988
11.00500	989
11.00667	989
11.00833	988
11.01000	989
11.01167	988
11.01333	988
11.01500	989
11.01667	988
11.01833	988
11.02000	988
11.02167	987
11.02333	987
11.02500	988
11.02667	987
11.02833	987
11.03000	987
11.03167	986
11.03333	987
11.03500	986
11.03667	987
11.03833	986
11.04000	986
11.04167	986
11.04333	986
11.04500	986
11.04667	986
11.04833	986
11.05000	985
11.05167	986
11.05333	985
11.05500	985
11.05667	985
11.05833	985
11.06000	984
11.06167	984
11.06333	984
11.06500	984
11.06667	984
11.06833	983
11.07000	983
11.07167	983
11.07333	982
11.07500	983
11.07667	982
11.07833	982
11.08000	982
11.08167	981
11.08333	982
11.08500	982
11.08667	981
11.08833	982
11.09000	981
11.09167	982
11.09333	982
11.09500	982
11.09667	982
11.09833	982
11.10000	982
11.10167	983
11.10333	983
11.10500	983
11.10667	983
11.10833	983
11.11000	983
11.11167	984
11.11333	984
11.11500	984
11.11667	984
11.11833	985
11.12000	985
11.12167	984
11.12333	986
11.12500	985
11.12667	986
11.12833	986
11.13000	986
11.13167	986
11.13333	987
11.13500	986
11.13667	986
11.13833	986
11.14000	987
11.14167	986
11.14333	986
11.14500	986
11.14667	986
11.14833	986
11.15000	986
11.15167	986
11.15333	986
11.15500	986
11.15667	986
11.15833	985
11.16000	986
11.16167	986
11.16333	986
11.16500	985
11.16667	986
11.16833	985
11.17000	985
11.17167	986
11.17333	986
11.17500	985
11.17667	986
11.17833	985
11.18000	986
11.18167	985
11.18333	986
11.18500	986
11.18667	986
11.18833	986
11.19000	986
11.19167	986
11.19333	987
11.19500	987
11.19667	987
11.19833	987
11.20000	987
11.20167	988
11.20333	987
11.20500	988
11.20667	988
11.20833	988
11.21000	989
11.21167	988
11.21333	989
11.21500	989
11.21667	990
11.21833	989
11.22000	989
11.22167	990
11.22333	990
11.22500	990
11.22667	989
11.22833	990
11.23000	989
11.23167	990
11.23333	989
11.23500	989
11.23667	989
11.23833	989
11.24000	989
11.24167	988
11.24333	988
11.24500	989
11.24667	988
11.24833	988
11.25000	988
11.25167	988
11.25333	987
11.25500	988
11.25667	987
11.25833	988
11.26000	987
11.26167	987
11.26333	988
11.26500	987
11.26667	987
11.26833	988
11.27000	987
11.27167	987
11.27333	987
11.27500	987
11.27667	987
11.27833	987
11.28000	986
11.28167	987
11.28333	987
11.28500	987
11.28667	987
11.28833	987
11.29000	986
11.29167	987
11.29333	987
11.29500	986
11.29667	987
11.29833	986
11.30000	987
11.30167	987
11.30333	986
11.30500	986
11.30667	986
11.30833	987
11.31000	986
11.31167	986
11.31333	986
11.31500	986
11.31667	986
11.31833	986
11.32000	986
11.32167	985
11.32333	986
11.32500	985
11.32667	985
11.32833	985
11.33000	985
11.33167	985
11.33333	985
11.33500	985
11.33667	984
11.33833	985
11.34000	984
11.34167	984
11.34333	983
11.34500	984
11.34667	984
11.34833	983
11.35000	984
11.35167	984
11.35333	983
11.35500	984
11.35667	983
11.35833	983
11.36000	984
11.36167	983
11.36333	983
11.36500	983
11.36667	984
11.36833	983
11.37000	984
11.37167	983
11.37333	984
11.37500	984
11.37667	983
11.37833	984
11.38000	984
11.38167	983
11.38333	984
11.38500	984
11.38667	984
11.38833	984
11.39000	983
11.39167	984
11.39333	983
11.39500	983
11.39667	984
11.39833	983
11.40000	982
11.40167	983
11.40333	983
11.40500	982
11.40667	983
11.40833	982
11.41000	982
11.41167	982
11.41333	982
11.41500	982
11.41667	982
11.41833	982
11.42000	982
11.42167	981
11.42333	982
11.42500	982
11.42667	981
11.42833	982
11.43000	982
11.43167	982
11.43333	982
11.43500	982
11.43667	983
11.43833	982
11.44000	982
11.44167	983
11.44333	982
11.44500	982
11.44667	983
11.44833	983
11.45000	982
11.45167	983
11.45333	982
11.45500	983
11.45667	983
11.45833	983
11.46000	983
11.46167	983
11.46333	983
11.46500	983
11.46667	983
11.46833	983
11.47000	983
11.47167	983
11.47333	983
11.47500	983
11.47667	983
11.47833	982
11.48000	983
11.48167	983
11.48333	982
11.48500	983
11.48667	983
11.48833	982
11.49000	983
11.49167	983
11.49333	982
11.49500	983
11.49667	982
11.49833	983
11.50000	982
11.50167	982
11.50333	983
11.50500	982
11.50667	983
11.50833	983
11.51000	982
11.51167	983
11.51333	983
11.51500	983
11.51667	983
11.51833	984
11.52000	984
11.52167	983
11.52333	984
11.52500	984
11.52667	984
11.52833	984
11.53000	984
11.53167	985
11.53333	984
11.53500	985
11.53667	985
11.53833	984
11.54000	985
11.54167	984
11.54333	985
11.54500	984
11.54667	985
11.54833	985
11.55000	984
11.55167	985
11.55333	984
11.55500	984
11.55667	984
11.55833	984
11.56000	984
11.56167	983
11.56333	983
11.56500	983
11.56667	983
11.56833	983
11.57000	982
11.57167	983
11.57333	982
11.57500	983
11.57667	982
11.57833	982
11.58000	983
11.58167	982
11.58333	983
11.58500	982
11.58667	982
11.58833	982
11.59000	983
11.59167	982
11.59333	983
11.59500	983
11.59667	982
11.59833	983
11.60000	984
11.60167	983
11.60333	983
11.60500	984
11.60667	984
11.60833	983
11.61000	984
11.61167	985
11.61333	984
11.61500	985
11.61667	984
11.61833	985
11.62000	984
11.62167	985
11.62333	985
11.62500	985
11.62667	985
11.62833	985
11.63000	986
11.63167	985
11.63333	986
11.63500	986
11.63667	986
11.63833	986
11.64000	986
11.64167	986
11.64333	987
11.64500	986
11.64667	987
11.64833	987
11.65000	987
11.65167	987
11.65333	987
11.65500	987
11.65667	987
11.65833	987
11.66000	987
11.66167	987
11.66333	987
11.66500	988
11.66667	987
11.66833	987
11.67000	987
11.67167	987
11.67333	987
11.67500	986
11.67667	986
11.67833	986
11.68000	986
11.68167	985
11.68333	986
11.68500	985
11.68667	984
11.68833	985
11.69000	984
11.69167	984
11.69333	983
11.69500	984
11.69667	983
11.69833	983
11.70000	983
11.70167	982
11.70333	982
11.70500	982
11.70667	982
11.70833	982
11.71000	981
11.71167	981
11.71333	982
11.71500	981
11.71667	981
11.71833	981
11.72000	981
11.72167	982
11.72333	981
11.72500	982
11.72667	981
11.72833	982
11.73000	982
11.73167	981
11.73333	983
11.73500	982
11.73667	982
11.73833	983
11.74000	982
11.74167	983
11.74333	983
11.74500	983
11.74667	983
11.74833	983
11.75000	983
11.75167	983
11.75333	983
11.75500	983
11.75667	983
11.75833	983
11.76000	982
11.76167	983
11.76333	983
11.76500	982
11.76667	983
11.76833	982
11.77000	983
11.77167	982
11.77333	983
11.77500	982
11.77667	981
11.77833	982
11.78000	982
11.78167	982
11.78333	981
11.78500	982
11.78667	981
11.78833	982
11.79000	981
11.79167	981
11.79333	981
11.79500	981
11.79667	980
11.79833	981
11.80000	980
11.80167	981
11.80333	980
11.80500	980
11.80667	981
11.80833	980
11.81000	980
11.81167	981
11.81333	980
11.81500	980
11.81667	980
11.81833	980
11.82000	980
11.82167	980
11.82333	980
11.82500	980
11.82667	979
11.82833	980
11.83000	979
11.83167	980
11.83333	979
11.83500	980
11.83667	979
11.83833	979
11.84000	980
11.84167	979
11.84333	979
11.84500	980
11.84667	979
11.84833	980
11.85000	980
11.85167	979
11.85333	980
11.85500	979
11.85667	980
11.85833	980
11.86000	979
11.86167	980
11.86333	980
11.86500	980
11.86667	980
11.86833	980
11.87000	980
11.87167	980
11.87333	980
11.87500	980
11.87667	980
11.87833	980
11.88000	980
11.88167	980
11.88333	980
11.88500	980
11.88667	980
11.88833	979
11.89000	980
11.89167	980
11.89333	979
11.89500	980
11.89667	979
11.89833	980
11.90000	979
11.90167	980
11.90333	979
11.90500	979
11.90667	980
11.90833	979
11.91000	979
11.91167	979
11.91333	979
11.91500	979
11.91667	979
11.91833	979
11.92000	979
11.92167	978
11.92333	979
11.92500	978
11.92667	979
11.92833	978
11.93000	978
11.93167	978
11.93333	978
11.93500	978
11.93667	979
11.93833	978
11.94000	979
11.94167	978
11.94333	979
11.94500	978
11.94667	979
11.94833	978
11.95000	979
11.95167	978
11.95333	979
11.95500	979
11.95667	979
11.95833	979
11.96000	979
11.96167	978
11.96333	979
11.96500	980
11.96667	979
11.96833	979
11.97000	979
11.97167	979
11.97333	979
11.97500	980
11.97667	980
11.97833	979
11.98000	980
11.98167	980
11.98333	980
11.98500	980
11.98667	980
11.98833	981
11.99000	981
11.99167	981
11.99333	981
11.99500	982
11.99667	981
11.99833	982
12.00000	982
12.00167	982
12.00333	982
12.00500	983
12.00667	982
12.00833	983
12.01000	983
12.01167	983
12.01333	982
12.01500	983
12.01667	983
12.01833	982
12.02000	983
12.02167	982
12.02333	982
12.02500	982
12.02667	982
12.02833	981
12.03000	982
12.03167	981
12.03333	981
12.03500	980
12.03667	980
12.03833	980
12.04000	980
12.04167	980
12.04333	979
12.04500	980
12.04667	979
12.04833	979
12.05000	979
12.05167	978
12.05333	979
12.05500	978
12.05667	978
12.05833	978
12.06000	978
12.06167	977
12.06333	978
12.06500	977
12.06667	978
12.06833	977
12.07000	978
12.07167	977
12.07333	977
12.07500	977
12.07667	976
12.07833	977
12.08000	977
12.08167	977
12.08333	977
12.08500	977
12.08667	978
12.08833	977
12.09000	977
12.09167	976
12.09333	977
12.09500	977
12.09667	977
12.09833	978
12.10000	977
12.10167	977
12.10333	976
12.10500	977
12.10667	977
12.10833	977
12.11000	977
12.11167	977
12.11333	976
12.11500	977
12.11667	976
12.11833	977
12.12000	976
12.12167	976
12.12333	976
12.12500	975
12.12667	976
12.12833	976
12.13000	975
12.13167	976
12.13333	975
12.13500	976
12.13667	975
12.13833	976
12.14000	976
12.14167	975
12.14333	976
12.14500	976
12.14667	976
12.14833	976
12.15000	975
12.15167	976
12.15333	976
12.15500	976
12.15667	976
12.15833	977
12.16000	976
12.16167	977
12.16333	976
12.16500	977
12.16667	978
12.16833	977
12.17000	977
12.17167	977
12.17333	977
12.17500	977
12.17667	977
12.17833	977
12.18000	978
12.18167	978
12.18333	977
12.18500	978
12.18667	977
12.18833	978
12.19000	977
12.19167	978
12.19333	977
12.19500	978
12.19667	977
12.19833	978
12.20000	977
12.20167	978
12.20333	977
12.20500	978
12.20667	978
12.20833	977
12.21000	978
12.21167	978
12.21333	978
12.21500	978
12.21667	979
12.21833	978
12.22000	978
12.22167	979
12.22333	978
12.22500	978
12.22667	979
12.22833	978
12.23000	979
12.23167	978
12.23333	978
12.23500	978
12.23667	978
12.23833	978
12.24000	978
12.24167	977
12.24333	977
12.24500	977
12.24667	976
12.24833	977
12.25000	976
12.25167	977
12.25333	976
12.25500	976
12.25667	976
12.25833	976
12.26000	976
12.26167	976
12.26333	976
12.26500	976
12.26667	976
12.26833	975
12.27000	976
12.27167	976
12.27333	975
12.27500	976
12.27667	976
12.27833	975
12.28000	976
12.28167	976
12.28333	975
12.28500	976
12.28667	975
12.28833	976
12.29000	975
12.29167	976
12.29333	975
12.29500	976
12.29667	976
12.29833	975
12.30000	975
12.30167	976
12.30333	975
12.30500	976
12.30667	975
12.30833	975
12.31000	976
12.31167	975
12.31333	975
12.31500	976
12.31667	975
12.31833	975
12.32000	976
12.32167	976
12.32333	975
12.32500	976
12.32667	976
12.32833	977
12.33000	976
12.33167	976
12.33333	977
12.33500	977
12.33667	976
12.33833	977
12.34000	977
12.34167	977
12.34333	978
12.34500	977
12.34667	977
12.34833	978
12.35000	977
12.35167	978
12.35333	977
12.35500	977
12.35667	978
12.35833	977
12.36000	977
12.36167	977
12.36333	977
12.36500	977
12.36667	977
12.36833	977
12.37000	977
12.37167	977
12.37333	977
12.37500	976
12.37667	977
12.37833	976
12.38000	977
12.38167	977
12.38333	976
12.38500	976
12.38667	976
12.38833	976
12.39000	976
12.39167	976
12.39333	977
12.39500	976
12.39667	976
12.39833	977
12.40000	977
12.40167	976
12.40333	977
12.40500	977
12.40667	977
12.40833	977
12.41000	977
12.41167	977
12.41333	978
12.41500	977
12.41667	978
12.41833	978
12.42000	978
12.42167	978
12.42333	978
12.42500	978
12.42667	979
12.42833	978
12.43000	979
12.43167	979
12.43333	978
12.43500	979
12.43667	979
12.43833	980
12.44000	979
12.44167	979
12.44333	980
12.44500	979
12.44667	979
12.44833	979
12.45000	979
12.45167	979
12.45333	978
12.45500	979
12.45667	979
12.45833	978
12.46000	978
12.46167	978
12.46333	977
12.46500	977
12.46667	977
12.46833	978
12.47000	976
12.47167	977
12.47333	977
12.47500	976
12.47667	977
12.47833	976
12.48000	975
12.48167	976
12.48333	975
12.48500	975
12.48667	975
12.48833	975
12.49000	975
12.49167	976
12.49333	975
12.49500	974
12.49667	975
12.49833	974
12.50000	975
12.50167	974
12.50333	974
12.50500	975
12.50667	974
12.50833	974
12.51000	975
12.51167	975
12.51333	974
12.51500	975
12.51667	974
12.51833	975
12.52000	975
12.52167	974
12.52333	975
12.52500	975
12.52667	975
12.52833	975
12.53000	976
12.53167	975
12.53333	975
12.53500	975
12.53667	975
12.53833	975
12.54000	975
12.54167	976
12.54333	975
12.54500	976
12.54667	976
12.54833	976
12.55000	976
12.55167	976
12.55333	976
12.55500	976
12.55667	976
12.55833	976
12.56000	976
12.56167	976
12.56333	976
12.56500	976
12.56667	977
12.56833	976
12.57000	977
12.57167	976
12.57333	976
12.57500	977
12.57667	976
12.57833	976
12.58000	977
12.58167	976
12.58333	976
12.58500	976
12.58667	976
12.58833	976
12.59000	976
12.59167	976
12.59333	976
12.59500	976
12.59667	975
12.59833	976
12.60000	976
12.60167	975
12.60333	976
12.60500	975
12.60667	976
12.60833	976
12.61000	976
12.61167	975
12.61333	976
12.61500	976
12.61667	975
12.61833	976
12.62000	976
12.62167	975
12.62333	976
12.62500	975
12.62667	976
12.62833	975
12.63000	975
12.63167	975
12.63333	976
12.63500	974
12.63667	975
12.63833	975
12.64000	974
12.64167	975
12.64333	974
12.64500	974
12.64667	973
12.64833	974
12.65000	973
12.65167	973
12.65333	973
12.65500	973
12.65667	973
12.65833	973
12.66000	972
12.66167	973
12.66333	973
12.66500	972
12.66667	973
12.66833	972
12.67000	973
12.67167	972
12.67333	973
12.67500	972
12.67667	972
12.67833	972
12.68000	973
12.68167	972
12.68333	972
12.68500	972
12.68667	973
12.68833	972
12.69000	973
12.69167	972
12.69333	973
12.69500	973
12.69667	972
12.69833	973
12.70000	972
12.70167	973
12.70333	972
12.70500	973
12.70667	972
12.70833	972
12.71000	972
12.71167	972
12.71333	972
12.71500	971
12.71667	972
12.71833	972
12.72000	971
12.72167	972
12.72333	971
12.72500	972
12.72667	971
12.72833	971
12.73000	972
12.73167	971
12.73333	971
12.73500	971
12.73667	971
12.73833	971
12.74000	972
12.74167	971
12.74333	971
12.74500	971
12.74667	972
12.74833	971
12.75000	972
12.75167	972
12.75333	971
12.75500	972
12.75667	972
12.75833	972
12.76000	972
12.76167	972
12.76333	972
12.76500	972
12.76667	972
12.76833	973
12.77000	972
12.77167	973
12.77333	973
12.77500	972
12.77667	973
12.77833	973
12.78000	973
12.78167	972
12.78333	972
12.78500	973
12.78667	973
12.78833	972
12.79000	973
12.79167	972
12.79333	973
12.79500	972
12.79667	972
12.79833	972
12.80000	971
12.80167	972
12.80333	972
12.80500	971
12.80667	972
12.80833	971
12.81000	972
12.81167	971
12.81333	971
12.81500	972
12.81667	971
12.81833	972
12.82000	971
12.82167	971
12.82333	972
12.82500	971
12.82667	971
12.82833	972
12.83000	971
12.83167	971
12.83333	972
12.83500	971
12.83667	971
12.83833	972
12.84000	971
12.84167	971
12.84333	972
12.84500	971
12.84667	972
12.84833	971
12.85000	972
12.85167	971
12.85333	972
12.85500	972
12.85667	972
12.85833	971
12.86000	972
12.86167	972
12.86333	972
12.86500	972
12.86667	972
12.86833	972
12.87000	972
12.87167	972
12.87333	971
12.87500	973
12.87667	972
12.87833	972
12.88000	972
12.88167	972
12.88333	972
12.88500	972
12.88667	973
12.88833	971
12.89000	972
12.89167	972
12.89333	972
12.89500	972
12.89667	973
12.89833	972
12.90000	972
12.90167	972
12.90333	972
12.90500	972
12.90667	972
12.90833	972
12.91000	973
12.91167	972
12.91333	973
12.91500	972
12.91667	973
12.91833	973
12.92000	974
12.92167	973
12.92333	974
12.92500	973
12.92667	974
12.92833	974
12.93000	974
12.93167	974
12.93333	974
12.93500	974
12.93667	974
12.93833	974
12.94000	974
12.94167	975
12.94333	974
12.94500	974
12.94667	975
12.94833	974
12.95000	974
12.95167	974
12.95333	973
12.95500	974
12.95667	974
12.95833	973
12.96000	973
12.96167	973
12.96333	972
12.96500	972
12.96667	972
12.96833	972
12.97000	972
12.97167	971
12.97333	971
12.97500	971
12.97667	971
12.97833	971
12.98000	970
12.98167	970
12.98333	969
12.98500	970
12.98667	969
12.98833	970
12.99000	969
12.99167	969
12.99333	969
12.99500	969
12.99667	969
12.99833	968
13.00000	969
13.00167	968
13.00333	968
13.00500	969
13.00667	968
13.00833	968
13.01000	968
13.01167	969
13.01333	968
13.01500	968
13.01667	968
13.01833	969
13.02000	968
13.02167	969
13.02333	968
13.02500	968
13.02667	969
13.02833	968
13.03000	969
13.03167	968
13.03333	969
13.03500	968
13.03667	969
13.03833	969
13.04000	968
13.04167	969
13.04333	968
13.04500	969
13.04667	968
13.04833	969
13.05000	968
13.05167	969
13.05333	969
13.05500	969
13.05667	969
13.05833	969
13.06000	969
13.06167	969
13.06333	970
13.06500	970
13.06667	970
13.06833	970
13.07000	970
13.07167	971
13.07333	970
13.07500	971
13.07667	971
13.07833	971
13.08000	972
13.08167	971
13.08333	971
13.08500	972
13.08667	972
13.08833	972
13.09000	972
13.09167	972
13.09333	972
13.09500	972
13.09667	973
13.09833	972
13.10000	973
13.10167	973
13.10333	972
13.10500	973
13.10667	972
13.10833	972
13.11000	973
13.11167	972
13.11333	972
13.11500	972
13.11667	973
13.11833	972
13.12000	972
13.12167	972
13.12333	972
13.12500	971
13.12667	972
13.12833	971
13.13000	972
13.13167	971
13.13333	972
13.13500	971
13.13667	971
13.13833	971
13.14000	971
13.14167	971
13.14333	970
13.14500	971
13.14667	971
13.14833	970
13.15000	970
13.15167	971
13.15333	970
13.15500	970
13.15667	970
13.15833	969
13.16000	970
13.16167	969
13.16333	969
13.16500	969
13.16667	969
13.16833	969
13.17000	968
13.17167	969
13.17333	968
13.17500	968
13.17667	969
13.17833	968
13.18000	968
13.18167	968
13.18333	968
13.18500	967
13.18667	968
13.18833	968
13.19000	968
13.19167	967
13.19333	967
13.19500	968
13.19667	967
13.19833	968
13.20000	967
13.20167	968
13.20333	968
13.20500	967
13.20667	968
13.20833	967
13.21000	968
13.21167	967
13.21333	967
13.21500	967
13.21667	967
13.21833	968
13.22000	967
13.22167	967
13.22333	967
13.22500	967
13.22667	967
13.22833	967
13.23000	967
13.23167	966
13.23333	967
13.23500	967
13.23667	966
13.23833	967
13.24000	967
13.24167	966
13.24333	966
13.24500	967
13.24667	966
13.24833	966
13.25000	966
13.25167	966
13.25333	966
13.25500	966
13.25667	966
13.25833	966
13.26000	966
13.26167	967
13.26333	966
13.26500	967
13.26667	967
13.26833	967
13.27000	967
13.27167	967
13.27333	967
13.27500	968
13.27667	968
13.27833	968
13.28000	968
13.28167	969
13.28333	968
13.28500	969
13.28667	969
13.28833	969
13.29000	970
13.29167	970
13.29333	970
13.29500	970
13.29667	970
13.29833	971
13.30000	971
13.30167	971
13.30333	971
13.30500	972
13.30667	972
13.30833	972
13.31000	972
13.31167	972
13.31333	973
13.31500	972
13.31667	973
13.31833	972
13.32000	972
13.32167	973
13.32333	972
13.32500	972
13.32667	972
13.32833	972
13.33000	971
13.33167	972
13.33333	971
13.33500	971
13.33667	970
13.33833	971
13.34000	970
13.34167	969
13.34333	969
13.34500	969
13.34667	969
13.34833	968
13.35000	968
13.35167	967
13.35333	967
13.35500	966
13.35667	966
13.35833	966
13.36000	966
13.36167	965
13.36333	965
13.36500	965
13.36667	964
13.36833	964
13.37000	964
13.37167	965
13.37333	963
13.37500	964
13.37667	964
13.37833	964
13.38000	965
13.38167	964
13.38333	964
13.38500	964
13.38667	964
13.38833	964
13.39000	965
13.39167	964
13.39333	965
13.39500	964
13.39667	965
13.39833	965
13.40000	964
13.40167	965
13.40333	965
13.40500	965
13.40667	966
13.40833	965
13.41000	965
13.41167	965
13.41333	966
13.41500	965
13.41667	965
13.41833	965
13.42000	965
13.42167	965
13.42333	965
13.42500	965
13.42667	964
13.42833	964
13.43000	965
13.43167	964
13.43333	963
13.43500	964
13.43667	963
13.43833	964
13.44000	963
13.44167	963
13.44333	962
13.44500	963
13.44667	963
13.44833	962
13.45000	963
13.45167	962
13.45333	963
13.45500	963
13.45667	963
13.45833	962
13.46000	963
13.46167	963
13.46333	963
13.46500	964
13.46667	963
13.46833	964
13.47000	964
13.47167	964
13.47333	965
13.47500	964
13.47667	965
13.47833	965
13.48000	964
13.48167	965
13.48333	966
13.48500	965
13.48667	966
13.48833	965
13.49000	966
13.49167	967
13.49333	966
13.49500	967
13.49667	966
13.49833	967
13.50000	967
13.50167	968
13.50333	968
13.50500	968
13.50667	969
13.50833	968
13.51000	969
13.51167	968
13.51333	969
13.51500	969
13.51667	969
13.51833	970
13.52000	969
13.52167	969
13.52333	970
13.52500	969
13.52667	969
13.52833	969
13.53000	969
13.53167	969
13.53333	969
13.53500	969
13.53667	969
13.53833	968
13.54000	969
13.54167	968
13.54333	968
13.54500	967
13.54667	967
13.54833	967
13.55000	967
13.55167	967
13.55333	967
13.55500	967
13.55667	967
13.55833	967
13.56000	966
13.56167	967
13.56333	966
13.56500	967
13.56667	966
13.56833	967
13.57000	967
13.57167	966
13.57333	967
13.57500	966
13.57667	967
13.57833	966
13.58000	967
13.58167	966
13.58333	967
13.58500	967
13.58667	966
13.58833	967
13.59000	966
13.59167	967
13.59333	966
13.59500	966
13.59667	966
13.59833	967
13.60000	966
13.60167	966
13.60333	966
13.60500	966
13.60667	966
13.60833	966
13.61000	965
13.61167	966
13.61333	966
13.61500	965
13.61667	966
13.61833	965
13.62000	966
13.62167	965
13.62333	966
13.62500	966
13.62667	966
13.62833	965
13.63000	966
13.63167	966
13.63333	966
13.63500	966
13.63667	966
13.63833	966
13.64000	966
13.64167	966
13.64333	966
13.64500	966
13.64667	966
13.64833	966
13.65000	965
13.65167	966
13.65333	966
13.65500	966
13.65667	966
13.65833	965
13.66000	966
13.66167	965
13.66333	965
13.66500	965
13.66667	965
13.66833	965
13.67000	965
13.67167	965
13.67333	965
13.67500	965
13.67667	964
13.67833	965
13.68000	964
13.68167	965
13.68333	965
13.68500	964
13.68667	965
13.68833	965
13.69000	965
13.69167	964
13.69333	965
13.69500	965
13.69667	965
13.69833	964
13.70000	965
13.70167	965
13.70333	964
13.70500	965
13.70667	965
13.70833	964
13.71000	965
13.71167	964
13.71333	965
13.71500	964
13.71667	964
13.71833	964
13.72000	964
13.72167	964
13.72333	964
13.72500	964
13.72667	964
13.72833	964
13.73000	963
13.73167	964
13.73333	964
13.73500	964
13.73667	964
13.73833	965
13.74000	964
13.74167	964
13.74333	963
13.74500	965
13.74667	964
13.74833	964
13.75000	964
13.75167	965
13.75333	964
13.75500	963
13.75667	964
13.75833	964
13.76000	964
13.76167	963
13.76333	963
13.76500	964
13.76667	963
13.76833	963
13.77000	963
13.77167	963
13.77333	963
13.77500	962
13.77667	963
13.77833	963
13.78000	962
13.78167	962
13.78333	962
13.78500	962
13.78667	962
13.78833	962
13.79000	961
13.79167	962
13.79333	962
13.79500	961
13.79667	962
13.79833	962
13.80000	961
13.80167	962
13.80333	962
13.80500	962
13.80667	962
13.80833	962
13.81000	962
13.81167	963
13.81333	963
13.81500	963
13.81667	963
13.81833	963
13.82000	964
13.82167	964
13.82333	963
13.82500	964
13.82667	965
13.82833	964
13.83000	965
13.83167	964
13.83333	965
13.83500	965
13.83667	965
13.83833	966
13.84000	966
13.84167	965
13.84333	966
13.84500	966
13.84667	966
13.84833	966
13.85000	967
13.85167	966
13.85333	966
13.85500	966
13.85667	966
13.85833	966
13.86000	966
13.86167	965
13.86333	966
13.86500	965
13.86667	966
13.86833	965
13.87000	965
13.87167	964
13.87333	965
13.87500	964
13.87667	965
13.87833	964
13.88000	964
13.88167	963
13.88333	964
13.88500	963
13.88667	963
13.88833	963
13.89000	963
13.89167	962
13.89333	963
13.89500	962
13.89667	962
13.89833	962
13.90000	961
13.90167	961
13.90333	962
13.90500	961
13.90667	961
13.90833	961
13.91000	961
13.91167	961
13.91333	961
13.91500	960
13.91667	961
13.91833	961
13.92000	961
13.92167	960
13.92333	961
13.92500	960
13.92667	961
13.92833	960
13.93000	961
13.93167	961
13.93333	961
13.93500	961
13.93667	961
13.93833	961
13.94000	961
13.94167	962
13.94333	961
13.94500	962
13.94667	961
13.94833	962
13.95000	962
13.95167	962
13.95333	961
13.95500	962
13.95667	962
13.95833	962
13.96000	963
13.96167	962
13.96333	962
13.96500	963
13.96667	963
13.96833	962
13.97000	963
13.97167	963
13.97333	963
13.97500	963
13.97667	963
13.97833	963
13.98000	963
13.98167	963
13.98333	963
13.98500	963
13.98667	962
13.98833	963
13.99000	962
13.99167	963
13.99333	963
13.99500	963
13.99667	964
13.99833	963
14.00000	963
14.00167	963
14.00333	963
14.00500	964
14.00667	963
14.00833	964
14.01000	964
14.01167	964
14.01333	964
14.01500	963
14.01667	964
14.01833	964
14.02000	964
14.02167	964
14.02333	964
14.02500	964
14.02667	964
14.02833	964
14.03000	964
14.03167	964
14.03333	963
14.03500	964
14.03667	963
14.03833	964
14.04000	963
14.04167	963
14.04333	963
14.04500	962
14.04667	963
14.04833	962
14.05000	962
14.05167	962
14.05333	962
14.05500	962
14.05667	961
14.05833	962
14.06000	962
14.06167	961
14.06333	962
14.06500	962
14.06667	961
14.06833	962
14.07000	962
14.07167	962
14.07333	962
14.07500	962
14.07667	962
14.07833	961
14.08000	962
14.08167	962
14.08333	962
14.08500	962
14.08667	962
14.08833	963
14.09000	962
14.09167	963
14.09333	963
14.09500	963
14.09667	962
14.09833	963
14.10000	963
14.10167	963
14.10333	963
14.10500	963
14.10667	963
14.10833	962
14.11000	963
14.11167	963
14.11333	963
14.11500	962
14.11667	963
14.11833	962
14.12000	963
14.12167	962
14.12333	963
14.12500	962
14.12667	962
14.12833	963
14.13000	962
14.13167	962
14.13333	962
14.13500	962
14.13667	963
14.13833	962
14.14000	962
14.14167	962
14.14333	962
14.14500	962
14.14667	962
14.14833	963
14.15000	962
14.15167	963
14.15333	962
14.15500	963
14.15667	963
14.15833	962
14.16000	963
14.16167	964
14.16333	963
14.16500	963
14.16667	964
14.16833	963
14.17000	963
14.17167	964
14.17333	963
14.17500	963
14.17667	963
14.17833	963
14.18000	963
14.18167	963
14.18333	963
14.18500	963
14.18667	963
14.18833	963
14.19000	964
14.19167	963
14.19333	963
14.19500	963
14.19667	963
14.19833	963
14.20000	963
14.20167	963
14.20333	963
14.20500	963
14.20667	963
14.20833	963
14.21000	962
14.21167	963
14.21333	963
14.21500	963
14.21667	962
14.21833	963
14.22000	963
14.22167	962
14.22333	963
14.22500	963
14.22667	962
14.22833	963
14.23000	962
14.23167	963
14.23333	963
14.23500	963
14.23667	963
14.23833	963
14.24000	963
14.24167	964
14.24333	963
14.24500	963
14.24667	964
14.24833	964
14.25000	963
14.25167	964
14.25333	964
14.25500	964
14.25667	964
14.25833	963
14.26000	964
14.26167	964
14.26333	963
14.26500	964
14.26667	964
14.26833	964
14.27000	964
14.27167	964
14.27333	964
14.27500	964
14.27667	964
14.27833	963
14.28000	964
14.28167	963
14.28333	963
14.28500	963
14.28667	963
14.28833	962
14.29000	963
14.29167	962
14.29333	962
14.29500	962
14.29667	961
14.29833	962
14.30000	961
14.30167	961
14.30333	962
14.30500	961
14.30667	961
14.30833	961
14.31000	960
14.31167	961
14.31333	960
14.31500	961
14.31667	960
14.31833	960
14.32000	960
14.32167	960
14.32333	960
14.32500	960
14.32667	960
14.32833	960
14.33000	960
14.33167	960
14.33333	960
14.33500	959
14.33667	960
14.33833	960
14.34000	960
14.34167	960
14.34333	960
14.34500	960
14.34667	961
14.34833	959
14.35000	961
14.35167	960
14.35333	960
14.35500	961
14.35667	961
14.35833	960
14.36000	961
14.36167	961
14.36333	960
14.36500	961
14.36667	961
14.36833	961
14.37000	961
14.37167	961
14.37333	962
14.37500	961
14.37667	962
14.37833	961
14.38000	962
14.38167	962
14.38333	962
14.38500	962
14.38667	962
14.38833	961
14.39000	962
14.39167	962
14.39333	962
14.39500	962
14.39667	962
14.39833	961
14.40000	961
14.40167	961
14.40333	961
14.40500	961
14.40667	960
14.40833	961
14.41000	960
14.41167	960
14.41333	960
14.41500	960
14.41667	959
14.41833	959
14.42000	959
14.42167	959
14.42333	959
14.42500	959
14.42667	958
14.42833	959
14.43000	958
14.43167	958
14.43333	958
14.43500	958
14.43667	958
14.43833	958
14.44000	958
14.44167	957
14.44333	958
14.44500	958
14.44667	957
14.44833	958
14.45000	957
14.45167	958
14.45333	958
14.45500	957
14.45667	957
14.45833	957
14.46000	957
14.46167	957
14.46333	957
14.46500	956
14.46667	957
14.46833	956
14.47000	957
14.47167	956
14.47333	956
14.47500	957
14.47667	956
14.47833	957
14.48000	957
14.48167	957
14.48333	957
14.48500	957
14.48667	957
14.48833	958
14.49000	958
14.49167	958
14.49333	958
14.49500	959
14.49667	958
14.49833	959
14.50000	959
14.50167	959
14.50333	959
14.50500	960
14.50667	959
14.50833	960
14.51000	961
14.51167	960
14.51333	960
14.51500	961
14.51667	960
14.51833	961
14.52000	961
14.52167	961
14.52333	961
14.52500	961
14.52667	961
14.52833	961
14.53000	962
14.53167	961
14.53333	961
14.53500	962
14.53667	961
14.53833	962
14.54000	961
14.54167	962
14.54333	961
14.54500	962
14.54667	962
14.54833	962
14.55000	962
14.55167	962
14.55333	962
14.55500	961
14.55667	962
14.55833	962
14.56000	961
14.56167	962
14.56333	962
14.56500	962
14.56667	961
14.56833	962
14.57000	961
14.57167	962
14.57333	961
14.57500	961
14.57667	961
14.57833	961
14.58000	961
14.58167	960
14.58333	960
14.58500	960
14.58667	960
14.58833	960
14.59000	960
14.59167	959
14.59333	959
14.59500	959
14.59667	959
14.59833	959
14.60000	959
14.60167	958
14.60333	958
14.60500	958
14.60667	958
14.60833	958
14.61000	958
14.61167	958
14.61333	958
14.61500	958
14.61667	959
14.61833	958
14.62000	958
14.62167	959
14.62333	959
14.62500	959
14.62667	959
14.62833	959
14.63000	959
14.63167	960
14.63333	960
14.63500	960
14.63667	961
14.63833	961
14.64000	961
14.64167	961
14.64333	962
14.64500	962
14.64667	962
14.64833	962
14.65000	962
14.65167	962
14.65333	963
14.65500	962
14.65667	963
14.65833	962
14.66000	962
14.66167	962
14.66333	962
14.66500	962
14.66667	961
14.66833	962
14.67000	961
14.67167	962
14.67333	961
14.67500	961
14.67667	962
14.67833	960
14.68000	961
14.68167	960
14.68333	961
14.68500	960
14.68667	961
14.68833	960
14.69000	960
14.69167	960
14.69333	960
14.69500	960
14.69667	959
14.69833	960
14.70000	960
14.70167	960
14.70333	960
14.70500	959
14.70667	960
14.70833	961
14.71000	960
14.71167	960
14.71333	961
14.71500	960
14.71667	961
14.71833	960
14.72000	960
14.72167	961
14.72333	960
14.72500	961
14.72667	960
14.72833	961
14.73000	960
14.73167	961
14.73333	960
14.73500	960
14.73667	961
14.73833	960
14.74000	960
14.74167	960
14.74333	960
14.74500	960
14.74667	960
14.74833	960
14.75000	960
14.75167	960
14.75333	960
14.75500	960
14.75667	960
14.75833	960
14.76000	960
14.76167	959
14.76333	960
14.76500	959
14.76667	960
14.76833	960
14.77000	959
14.77167	960
14.77333	959
14.77500	960
14.77667	959
14.77833	959
14.78000	960
14.78167	959
14.78333	959
14.78500	958
14.78667	959
14.78833	959
14.79000	959
14.79167	958
14.79333	959
14.79500	959
14.79667	958
14.79833	958
14.80000	959
14.80167	958
14.80333	958
14.80500	958
14.80667	959
14.80833	958
14.81000	958
14.81167	958
14.81333	957
14.81500	958
14.81667	957
14.81833	957
14.82000	957
14.82167	957
14.82333	956
14.82500	956
14.82667	956
14.82833	956
14.83000	955
14.83167	956
14.83333	955
14.83500	954
14.83667	955
14.83833	954
14.84000	955
14.84167	954
14.84333	954
14.84500	955
14.84667	954
14.84833	955
14.85000	954
14.85167	955
14.85333	955
14.85500	955
14.85667	955
14.85833	955
14.86000	955
14.86167	956
14.86333	956
14.86500	956
14.86667	956
14.86833	956
14.87000	957
14.87167	957
14.87333	957
14.87500	957
14.87667	957
14.87833	957
14.88000	957
14.88167	958
14.88333	957
14.88500	957
14.88667	958
14.88833	957
14.89000	958
14.89167	957
14.89333	957
14.89500	957
14.89667	958
14.89833	957
14.90000	957
14.90167	957
14.90333	957
14.90500	957
14.90667	957
14.90833	957
14.91000	957
14.91167	957
14.91333	957
14.91500	956
14.91667	957
14.91833	957
14.92000	956
14.92167	957
14.92333	956
14.92500	957
14.92667	956
14.92833	956
14.93000	957
14.93167	956
14.93333	957
14.93500	956
14.93667	956
14.93833	957
14.94000	956
14.94167	957
14.94333	956
14.94500	957
14.94667	957
14.94833	956
14.95000	957
14.95167	957
14.95333	957
14.95500	957
14.95667	957
14.95833	957
14.96000	957
14.96167	957
14.96333	958
14.96500	957
14.96667	958
14.96833	958
14.97000	958
14.97167	958
14.97333	958
14.97500	958
14.97667	958
14.97833	959
14.98000	959
14.98167	958
14.98333	959
14.98500	958
14.98667	959
14.98833	959
14.99000	959
14.99167	959
14.99333	959
14.99500	959
14.99667	959
14.99833	958
15.00000	959
15.00167	959
15.00333	959
15.00500	959
15.00667	959
15.00833	959
15.01000	958
15.01167	959
15.01333	959
15.01500	958
15.01667	958
15.01833	959
15.02000	958
15.02167	959
15.02333	958
15.02500	959
15.02667	958
15.02833	958
15.03000	958
15.03167	958
15.03333	958
15.03500	958
15.03667	957
15.03833	958
15.04000	958
15.04167	958
15.04333	958
15.04500	957
15.04667	957
15.04833	958
15.05000	956
15.05167	957
15.05333	957
15.05500	956
15.05667	956
15.05833	956
15.06000	956
15.06167	956
15.06333	956
15.06500	955
15.06667	955
15.06833	956
15.07000	955
15.07167	955
15.07333	954
15.07500	955
15.07667	954
15.07833	954
15.08000	954
15.08167	954
15.08333	954
15.08500	954
15.08667	954
15.08833	954
15.09000	953
15.09167	953
15.09333	953
15.09500	954
15.09667	953
15.09833	953
15.10000	953
15.10167	953
15.10333	953
15.10500	953
15.10667	952
15.10833	953
15.11000	953
15.11167	953
15.11333	953
15.11500	953
15.11667	953
15.11833	953
15.12000	952
15.12167	953
15.12333	953
15.12500	952
15.12667	953
15.12833	952
15.13000	952
15.13167	953
15.13333	953
15.13500	952
15.13667	953
15.13833	952
15.14000	953
15.14167	953
15.14333	953
15.14500	953
15.14667	953
15.14833	954
15.15000	953
15.15167	953
15.15333	953
15.15500	954
15.15667	953
15.15833	954
15.16000	954
15.16167	954
15.16333	954
15.16500	955
15.16667	954
15.16833	955
15.17000	955
15.17167	955
15.17333	954
15.17500	955
15.17667	955
15.17833	956
15.18000	955
15.18167	955
15.18333	954
15.18500	955
15.18667	954
15.18833	954
15.19000	954
15.19167	954
15.19333	953
15.19500	954
15.19667	953
15.19833	952
15.20000	953
15.20167	953
15.20333	952
15.20500	953
15.20667	952
15.20833	952
15.21000	952
15.21167	952
15.21333	952
15.21500	951
15.21667	952
15.21833	952
15.22000	952
15.22167	951
15.22333	952
15.22500	952
15.22667	952
15.22833	952
15.23000	952
15.23167	952
15.23333	953
15.23500	952
15.23667	953
15.23833	953
15.24000	953
15.24167	954
15.24333	953
15.24500	954
15.24667	954
15.24833	954
15.25000	954
15.25167	955
15.25333	954
15.25500	955
15.25667	954
15.25833	955
15.26000	955
15.26167	955
15.26333	955
15.26500	955
15.26667	955
15.26833	955
15.27000	955
15.27167	956
15.27333	955
15.27500	955
15.27667	955
15.27833	956
15.28000	955
15.28167	955
15.28333	956
15.28500	955
15.28667	955
15.28833	955
15.29000	954
15.29167	955
15.29333	955
15.29500	955
15.29667	955
15.29833	954
15.30000	955
15.30167	954
15.30333	955
15.30500	954
15.30667	955
15.30833	954
15.31000	954
15.31167	955
15.31333	954
15.31500	955
15.31667	954
15.31833	954
15.32000	955
15.32167	954
15.32333	954
15.32500	954
15.32667	954
15.32833	954
15.33000	954
15.33167	955
15.33333	954
15.33500	954
15.33667	954
15.33833	955
15.34000	954
15.34167	954
15.34333	954
15.34500	954
15.34667	954
15.34833	954
15.35000	955
15.35167	954
15.35333	955
15.35500	955
15.35667	954
15.35833	955
15.36000	954
15.36167	955
15.36333	954
15.36500	954
15.36667	954
15.36833	954
15.37000	954
15.37167	954
15.37333	954
15.37500	954
15.37667	954
15.37833	954
15.38000	953
15.38167	953
15.38333	954
15.38500	953
15.38667	952
15.38833	953
15.39000	953
15.39167	953
15.39333	952
15.39500	953
15.39667	953
15.39833	952
15.40000	952
15.40167	952
15.40333	952
15.40500	952
15.40667	953
15.40833	952
15.41000	952
15.41167	952
15.41333	953
15.41500	952
15.41667	952
15.41833	952
15.42000	951
15.42167	952
15.42333	952
15.42500	952
15.42667	952
15.42833	952
15.43000	952
15.43167	951
15.43333	952
15.43500	952
15.43667	951
15.43833	952
15.44000	951
15.44167	952
15.44333	951
15.44500	951
15.44667	951
15.44833	951
15.45000	951
15.45167	951
15.45333	950
15.45500	951
15.45667	950
15.45833	950
15.46000	950
15.46167	950
15.46333	950
15.46500	950
15.46667	950
15.46833	949
15.47000	950
15.47167	949
15.47333	950
15.47500	949
15.47667	949
15.47833	950
15.48000	949
15.48167	949
15.48333	949
15.48500	949
15.48667	949
15.48833	950
15.49000	949
15.49167	950
15.49333	949
15.49500	950
15.49667	949
15.49833	950
15.50000	950
15.50167	950
15.50333	951
15.50500	950
15.50667	950
15.50833	950
15.51000	951
15.51167	950
15.51333	950
15.51500	950
15.51667	951
15.51833	950
15.52000	950
15.52167	950
15.52333	950
15.52500	950
15.52667	950
15.52833	949
15.53000	950
15.53167	950
15.53333	949
15.53500	950
15.53667	950
15.53833	949
15.54000	950
15.54167	949
15.54333	950
15.54500	949
15.54667	950
15.54833	950
15.55000	949
15.55167	950
15.55333	950
15.55500	949
15.55667	950
15.55833	950
15.56000	951
15.56167	950
15.56333	950
15.56500	951
15.56667	950
15.56833	951
15.57000	950
15.57167	951
15.57333	951
15.57500	951
15.57667	950
15.57833	951
15.58000	951
15.58167	951
15.58333	951
15.58500	951
15.58667	950
15.58833	951
15.59000	951
15.59167	951
15.59333	950
15.59500	951
15.59667	951
15.59833	951
15.60000	951
15.60167	952
15.60333	951
15.60500	951
15.60667	951
15.60833	952
15.61000	951
15.61167	952
15.61333	952
15.61500	952
15.61667	952
15.61833	952
15.62000	952
15.62167	952
15.62333	952
15.62500	952
15.62667	952
15.62833	953
15.63000	952
15.63167	952
15.63333	952
15.63500	953
15.63667	953
15.63833	953
15.64000	953
15.64167	953
15.64333	954
15.64500	953
15.64667	954
15.64833	954
15.65000	953
15.65167	955
15.65333	954
15.65500	954
15.65667	955
15.65833	954
15.66000	955
15.66167	954
15.66333	955
15.66500	955
15.66667	954
15.66833	955
15.67000	955
15.67167	955
15.67333	954
15.67500	955
15.67667	954
15.67833	954
15.68000	954
15.68167	954
15.68333	955
15.68500	954
15.68667	954
15.68833	954
15.69000	953
15.69167	954
15.69333	953
15.69500	953
15.69667	953
15.69833	953
15.70000	953
15.70167	952
15.70333	952
15.70500	952
15.70667	952
15.70833	952
15.71000	951
15.71167	952
15.71333	951
15.71500	951
15.71667	951
15.71833	951
15.72000	951
15.72167	951
15.72333	951
15.72500	950
15.72667	951
15.72833	950
15.73000	951
15.73167	950
15.73333	951
15.73500	951
15.73667	950
15.73833	951
15.74000	951
15.74167	950
15.74333	951
15.74500	951
15.74667	951
15.74833	951
15.75000	951
15.75167	951
15.75333	951
15.75500	950
15.75667	951
15.75833	950
15.76000	951
15.76167	950
15.76333	950
15.76500	951
15.76667	950
15.76833	950
15.77000	950
15.77167	950
15.77333	950
15.77500	949
15.77667	950
15.77833	949
15.78000	950
15.78167	949
15.78333	949
15.78500	950
15.78667	949
15.78833	949
15.79000	949
15.79167	950
15.79333	949
15.79500	949
15.79667	949
15.79833	949
15.80000	949
15.80167	950
15.80333	949
15.80500	949
15.80667	950
15.80833	949
15.81000	950
15.81167	949
15.81333	949
15.81500	950
15.81667	949
15.81833	949
15.82000	950
15.82167	949
15.82333	950
15.82500	949
15.82667	949
15.82833	949
15.83000	949
15.83167	949
15.83333	948
15.83500	949
15.83667	948
15.83833	948
15.84000	948
15.84167	948
15.84333	948
15.84500	948
15.84667	947
15.84833	948
15.85000	947
15.85167	947
15.85333	947
15.85500	947
15.85667	946
15.85833	947
15.86000	946
15.86167	947
15.86333	946
15.86500	946
15.86667	946
15.86833	947
15.87000	946
15.87167	946
15.87333	947
15.87500	946
15.87667	947
15.87833	946
15.88000	947
15.88167	947
15.88333	946
15.88500	947
15.88667	947
15.88833	947
15.89000	947
15.89167	947
15.89333	947
15.89500	948
15.89667	947
15.89833	948
15.90000	947
15.90167	948
15.90333	948
15.90500	948
15.90667	948
15.90833	948
15.91000	949
15.91167	948
15.91333	948
15.91500	949
15.91667	949
15.91833	949
15.92000	949
15.92167	949
15.92333	949
15.92500	949
15.92667	950
15.92833	949
15.93000	949
15.93167	949
15.93333	949
15.93500	949
15.93667	949
15.93833	948
15.94000	949
15.94167	949
15.94333	948
15.94500	949
15.94667	948
15.94833	949
15.95000	948
15.95167	949
15.95333	948
15.95500	948
15.95667	949
15.95833	948
15.96000	948
15.96167	948
15.96333	948
15.96500	949
15.96667	948
15.96833	948
15.97000	948
15.97167	949
15.97333	948
15.97500	949
15.97667	948
15.97833	949
15.98000	949
15.98167	949
15.98333	950
15.98500	949
15.98667	949
15.98833	949
15.99000	949
15.99167	949
15.99333	950
15.99500	949
15.99667	949
15.99833	950
16.00000	950
16.00167	949
16.00333	950
16.00500	950
16.00667	949
16.00833	950
16.01000	950
16.01167	949
16.01333	949
16.01500	950
16.01667	949
16.01833	949
16.02000	949
16.02167	949
16.02333	949
16.02500	948
16.02667	949
16.02833	948
16.03000	949
16.03167	949
16.03333	948
16.03500	949
16.03667	948
16.03833	949
16.04000	948
16.04167	948
16.04333	948
16.04500	948
16.04667	948
16.04833	948
16.05000	949
16.05167	948
16.05333	948
16.05500	948
16.05667	949
16.05833	948
16.06000	948
16.06167	949
16.06333	948
16.06500	949
16.06667	948
16.06833	949
16.07000	949
16.07167	949
16.07333	949
16.07500	949
16.07667	949
16.07833	949
16.08000	949
16.08167	950
16.08333	949
16.08500	949
16.08667	949
16.08833	950
16.09000	949
16.09167	949
16.09333	950
16.09500	949
16.09667	950
16.09833	949
16.10000	950
16.10167	950
16.10333	949
16.10500	950
16.10667	949
16.10833	950
16.11000	950
16.11167	950
16.11333	950
16.11500	950
16.11667	950
16.11833	949
16.12000	950
16.12167	950
16.12333	951
16.12500	950
16.12667	950
16.12833	950
16.13000	950
16.13167	951
16.13333	950
16.13500	950
16.13667	951
16.13833	950
16.14000	951
16.14167	950
16.14333	951
16.14500	951
16.14667	950
16.14833	951
16.15000	950
16.15167	951
16.15333	950
16.15500	951
16.15667	950
16.15833	950
16.16000	951
16.16167	950
16.16333	950
16.16500	950
16.16667	950
16.16833	950
16.17000	950
16.17167	949
16.17333	949
16.17500	949
16.17667	949
16.17833	949
16.18000	949
16.18167	949
16.18333	949
16.18500	949
16.18667	948
16.18833	949
16.19000	948
16.19167	948
16.19333	949
16.19500	947
16.19667	948
16.19833	948
16.20000	948
16.20167	948
16.20333	948
16.20500	947
16.20667	948
16.20833	948
16.21000	948
16.21167	948
16.21333	948
16.21500	949
16.21667	948
16.21833	948
16.22000	948
16.22167	949
16.22333	948
16.22500	949
16.22667	948
16.22833	949
16.23000	949
16.23167	949
16.23333	949
16.23500	948
16.23667	950
16.23833	949
16.24000	949
16.24167	949
16.24333	949
16.24500	950
16.24667	949
16.24833	949
16.25000	950
16.25167	950
16.25333	950
16.25500	950
16.25667	950
16.25833	949
16.26000	950
16.26167	949
16.26333	949
16.26500	949
16.26667	949
16.26833	949
16.27000	949
16.27167	948
16.27333	948
16.27500	948
16.27667	948
16.27833	948
16.28000	947
16.28167	947
16.28333	946
16.28500	946
16.28667	946
16.28833	946
16.29000	946
16.29167	945
16.29333	945
16.29500	945
16.29667	945
16.29833	944
16.30000	945
16.30167	944
16.30333	944
16.30500	944
16.30667	944
16.30833	945
16.31000	944
16.31167	945
16.31333	944
16.31500	944
16.31667	945
16.31833	944
16.32000	944
16.32167	945
16.32333	944
16.32500	944
16.32667	944
16.32833	944
16.33000	945
16.33167	944
16.33333	944
16.33500	945
16.33667	944
16.33833	945
16.34000	944
16.34167	945
16.34333	945
16.34500	945
16.34667	945
16.34833	945
16.35000	945
16.35167	945
16.35333	946
16.35500	945
16.35667	946
16.35833	946
16.36000	946
16.36167	945
16.36333	947
16.36500	946
16.36667	946
16.36833	946
16.37000	947
16.37167	946
16.37333	947
16.37500	946
16.37667	947
16.37833	946
16.38000	947
16.38167	946
16.38333	947
16.38500	946
16.38667	947
16.38833	947
16.39000	946
16.39167	947
16.39333	946
16.39500	946
16.39667	947
16.39833	946
16.40000	946
16.40167	946
16.40333	946
16.40500	946
16.40667	946
16.40833	946
16.41000	946
16.41167	946
16.41333	945
16.41500	946
16.41667	946
16.41833	945
16.42000	945
16.42167	945
16.42333	945
16.42500	945
16.42667	945
16.42833	945
16.43000	945
16.43167	945
16.43333	944
16.43500	945
16.43667	945
16.43833	945
16.44000	944
16.44167	945
16.44333	945
16.44500	945
16.44667	944
16.44833	945
16.45000	945
16.45167	945
16.45333	944
16.45500	945
16.45667	945
16.45833	946
16.46000	945
16.46167	945
16.46333	945
16.46500	945
16.46667	945
16.46833	946
16.47000	946
16.47167	946
16.47333	946
16.47500	946
16.47667	946
16.47833	946
16.48000	946
16.48167	946
16.48333	947
16.48500	946
16.48667	947
16.48833	946
16.49000	947
16.49167	947
16.49333	947
16.49500	947
16.49667	947
16.49833	947
16.50000	948
16.50167	947
16.50333	947
16.50500	948
16.50667	948
16.50833	948
16.51000	948
16.51167	947
16.51333	948
16.51500	948
16.51667	948
16.51833	948
16.52000	948
16.52167	948
16.52333	948
16.52500	948
16.52667	948
16.52833	948
16.53000	947
16.53167	948
16.53333	948
16.53500	947
16.53667	947
16.53833	947
16.54000	947
16.54167	946
16.54333	947
16.54500	946
16.54667	946
16.54833	946
16.55000	946
16.55167	946
16.55333	945
16.55500	946
16.55667	945
16.55833	945
16.56000	945
16.56167	945
16.56333	944
16.56500	945
16.56667	945
16.56833	944
16.57000	945
16.57167	944
16.57333	945
16.57500	945
16.57667	944
16.57833	945
16.58000	945
16.58167	945
16.58333	945
16.58500	945
16.58667	945
16.58833	944
16.59000	945
16.59167	944
16.59333	945
16.59500	944
16.59667	944
16.59833	945
16.60000	944
16.60167	944
16.60333	944
16.60500	944
16.60667	943
16.60833	944
16.61000	944
16.61167	943
16.61333	944
16.61500	944
16.61667	943
16.61833	943
16.62000	944
16.62167	943
16.62333	944
16.62500	943
16.62667	943
16.62833	944
16.63000	943
16.63167	944
16.63333	943
16.63500	944
16.63667	943
16.63833	944
16.64000	944
16.64167	945
16.64333	944
16.64500	945
16.64667	944
16.64833	945
16.65000	944
16.65167	945
16.65333	944
16.65500	945
16.65667	945
16.65833	945
16.66000	944
16.66167	945
16.66333	945
16.66500	944
16.66667	945
16.66833	944
16.67000	945
16.67167	944
16.67333	945
16.67500	944
16.67667	945
16.67833	944
16.68000	944
16.68167	945
16.68333	944
16.68500	945
16.68667	944
16.68833	945
16.69000	944
16.69167	944
16.69333	945
16.69500	944
16.69667	945
16.69833	944
16.70000	945
16.70167	944
16.70333	944
16.70500	945
16.70667	944
16.70833	944
16.71000	944
16.71167	944
16.71333	943
16.71500	944
16.71667	944
16.71833	944
16.72000	943
16.72167	944
16.72333	943
16.72500	943
16.72667	944
16.72833	943
16.73000	943
16.73167	943
16.73333	942
16.73500	943
16.73667	942
16.73833	943
16.74000	942
16.74167	943
16.74333	942
16.74500	943
16.74667	942
16.74833	942
16.75000	942
16.75167	943
16.75333	942
16.75500	942
16.75667	942
16.75833	942
16.76000	942
16.76167	942
16.76333	942
16.76500	943
16.76667	942
16.76833	942
16.77000	943
16.77167	942
16.77333	942
16.77500	943
16.77667	942
16.77833	942
16.78000	942
16.78167	943
16.78333	942
16.78500	942
16.78667	943
16.78833	943
16.79000	942
16.79167	943
16.79333	943
16.79500	943
16.79667	944
16.79833	943
16.80000	943
16.80167	944
16.80333	944
16.80500	944
16.80667	944
16.80833	944
16.81000	944
16.81167	945
16.81333	945
16.81500	945
16.81667	945
16.81833	946
16.82000	946
16.82167	946
16.82333	946
16.82500	947
16.82667	947
16.82833	947
16.83000	947
16.83167	947
16.83333	948
16.83500	947
16.83667	948
16.83833	948
16.84000	948
16.84167	948
16.84333	948
16.84500	949
16.84667	949
16.84833	949
16.85000	949
16.85167	949
16.85333	950
16.85500	949
16.85667	949
16.85833	950
16.86000	949
16.86167	950
16.86333	949
16.86500	950
16.86667	949
16.86833	950
16.87000	949
16.87167	950
16.87333	949
16.87500	950
16.87667	949
16.87833	950
16.88000	949
16.88167	949
16.88333	949
16.88500	950
16.88667	949
16.88833	949
16.89000	949
16.89167	949
16.89333	949
16.89500	950
16.89667	948
16.89833	949
16.90000	949
16.90167	949
16.90333	948
16.90500	949
16.90667	949
16.90833	948
16.91000	948
16.91167	948
16.91333	949
16.91500	948
16.91667	947
16.91833	948
16.92000	948
16.92167	947
16.92333	947
16.92500	948
16.92667	947
16.92833	947
16.93000	947
16.93167	946
16.93333	947
16.93500	946
16.93667	946
16.93833	946
16.94000	945
16.94167	946
16.94333	945
16.94500	946
16.94667	945
16.94833	945
16.95000	945
16.95167	945
16.95333	945
16.95500	944
16.95667	944
16.95833	944
16.96000	944
16.96167	944
16.96333	944
16.96500	944
16.96667	943
16.96833	944
16.97000	943
16.97167	944
16.97333	943
16.97500	943
16.97667	943
16.97833	943
16.98000	943
16.98167	942
16.98333	943
16.98500	943
16.98667	942
16.98833	942
16.99000	943
16.99167	942
16.99333	942
16.99500	943
16.99667	942
16.99833	943
17.00000	942
17.00167	943
17.00333	942
17.00500	943
17.00667	942
17.00833	943
17.01000	942
17.01167	943
17.01333	943
17.01500	942
17.01667	943
17.01833	942
17.02000	943
17.02167	943
17.02333	942
17.02500	943
17.02667	942
17.02833	943
17.03000	943
17.03167	942
17.03333	943
17.03500	942
17.03667	943
17.03833	943
17.04000	943
17.04167	943
17.04333	943
17.04500	943
17.04667	944
17.04833	943
17.05000	944
17.05167	944
17.05333	944
17.05500	944
17.05667	944
17.05833	944
17.06000	945
17.06167	944
17.06333	945
17.06500	945
17.06667	945
17.06833	945
17.07000	945
17.07167	945
17.07333	946
17.07500	945
17.07667	946
17.07833	945
17.08000	946
17.08167	945
17.08333	946
17.08500	945
17.08667	946
17.08833	945
17.09000	945
17.09167	945
17.09333	945
17.09500	945
17.09667	945
17.09833	945
17.10000	944
17.10167	944
17.10333	944
17.10500	944
17.10667	944
17.10833	943
17.11000	944
17.11167	943
17.11333	943
17.11500	944
17.11667	943
17.11833	943
17.12000	943
17.12167	942
17.12333	943
17.12500	943
17.12667	942
17.12833	943
17.13000	943
17.13167	942
17.13333	943
17.13500	942
17.13667	943
17.13833	943
17.14000	943
17.14167	943
17.14333	943
17.14500	943
17.14667	943
17.14833	943
17.15000	943
17.15167	943
17.15333	943
17.15500	943
17.15667	943
17.15833	943
17.16000	943
17.16167	943
17.16333	944
17.16500	943
17.16667	943
17.16833	943
17.17000	943
17.17167	943
17.17333	942
17.17500	943
17.17667	942
17.17833	943
17.18000	943
17.18167	942
17.18333	942
17.18500	943
17.18667	942
17.18833	942
17.19000	942
17.19167	942
17.19333	942
17.19500	942
17.19667	942
17.19833	942
17.20000	942
17.20167	941
17.20333	942
17.20500	941
17.20667	941
17.20833	941
17.21000	941
17.21167	941
17.21333	941
17.21500	941
17.21667	941
17.21833	941
17.22000	940
17.22167	941
17.22333	941
17.22500	941
17.22667	941
17.22833	942
17.23000	941
17.23167	942
17.23333	942
17.23500	941
17.23667	942
17.23833	942
17.24000	943
17.24167	942
17.24333	942
17.24500	943
17.24667	943
17.24833	943
17.25000	942
17.25167	944
17.25333	943
17.25500	943
17.25667	943
17.25833	943
17.26000	943
17.26167	944
17.26333	943
17.26500	943
17.26667	943
17.26833	942
17.27000	943
17.27167	943
17.27333	942
17.27500	943
17.27667	942
17.27833	942
17.28000	942
17.28167	942
17.28333	942
17.28500	942
17.28667	942
17.28833	941
17.29000	942
17.29167	941
17.29333	940
17.29500	941
17.29667	941
17.29833	940
17.30000	941
17.30167	941
17.30333	941
17.30500	940
17.30667	941
17.30833	940
17.31000	941
17.31167	941
17.31333	941
17.31500	940
17.31667	941
17.31833	941
17.32000	941
17.32167	941
17.32333	942
17.32500	941
17.32667	941
17.32833	942
17.33000	941
17.33167	942
17.33333	942
17.33500	942
17.33667	942
17.33833	942
17.34000	942
17.34167	942
17.34333	943
17.34500	943
17.34667	942
17.34833	943
17.35000	943
17.35167	944
17.35333	943
17.35500	944
17.35667	944
17.35833	944
17.36000	945
17.36167	945
17.36333	945
17.36500	945
17.36667	946
17.36833	945
17.37000	946
17.37167	946
17.37333	947
17.37500	946
17.37667	946
17.37833	947
17.38000	947
17.38167	947
17.38333	946
17.38500	948
17.38667	947
17.38833	947
17.39000	947
17.39167	948
17.39333	947
17.39500	947
17.39667	947
17.39833	947
17.40000	947
17.40167	947
17.40333	947
17.40500	946
17.40667	947
17.40833	947
17.41000	947
17.41167	946
17.41333	947
17.41500	947
17.41667	946
17.41833	946
17.42000	946
17.42167	946
17.42333	946
17.42500	946
17.42667	945
17.42833	945
17.43000	945
17.43167	945
17.43333	945
17.43500	944
17.43667	944
17.43833	944
17.44000	944
17.44167	944
17.44333	943
17.44500	943
17.44667	943
17.44833	943
17.45000	943
17.45167	942
17.45333	942
17.45500	943
17.45667	942
17.45833	942
17.46000	942
17.46167	942
17.46333	942
17.46500	942
17.46667	942
17.46833	941
17.47000	942
17.47167	942
17.47333	942
17.47500	942
17.47667	943
17.47833	942
17.48000	942
17.48167	942
17.48333	942
17.48500	942
17.48667	942
17.48833	942
17.49000	942
17.49167	942
17.49333	941
17.49500	942
17.49667	942
17.49833	941
17.50000	942
17.50167	941
17.50333	941
17.50500	941
17.50667	940
17.50833	941
17.51000	940
17.51167	940
17.51333	940
17.51500	939
17.51667	940
17.51833	939
17.52000	939
17.52167	939
17.52333	939
17.52500	939
17.52667	938
17.52833	939
17.53000	938
17.53167	938
17.53333	939
17.53500	938
17.53667	938
17.53833	939
17.54000	938
17.54167	939
17.54333	938
17.54500	939
17.54667	939
17.54833	940
17.55000	939
17.55167	940
17.55333	940
17.55500	940
17.55667	940
17.55833	941
17.56000	940
17.56167	941
17.56333	941
17.56500	941
17.56667	941
17.56833	941
17.57000	941
17.57167	942
17.57333	941
17.57500	941
17.57667	942
17.57833	941
17.58000	941
17.58167	942
17.58333	941
17.58500	941
17.58667	941
17.58833	941
17.59000	941
17.59167	941
17.59333	940
17.59500	941
17.59667	940
17.59833	941
17.60000	940
17.60167	941
17.60333	940
17.60500	940
17.60667	940
17.60833	940
17.61000	940
17.61167	940
17.61333	940
17.61500	940
17.61667	940
17.61833	940
17.62000	940
17.62167	941
17.62333	940
17.62500	940
17.62667	940
17.62833	940
17.63000	940
17.63167	941
17.63333	940
17.63500	941
17.63667	940
17.63833	941
17.64000	940
17.64167	941
17.64333	940
17.64500	941
17.64667	941
17.64833	940
17.65000	941
17.65167	941
17.65333	941
17.65500	941
17.65667	940
17.65833	941
17.66000	941
17.66167	941
17.66333	940
17.66500	941
17.66667	941
17.66833	941
17.67000	940
17.67167	941
17.67333	941
17.67500	941
17.67667	941
17.67833	941
17.68000	941
17.68167	941
17.68333	940
17.68500	942
17.68667	940
17.68833	941
17.69000	942
17.69167	941
17.69333	941
17.69500	942
17.69667	942
17.69833	942
17.70000	941
17.70167	942
17.70333	942
17.70500	942
17.70667	942
17.70833	943
17.71000	942
17.71167	942
17.71333	942
17.71500	942
17.71667	943
17.71833	942
17.72000	942
17.72167	942
17.72333	942
17.72500	942
17.72667	941
17.72833	942
17.73000	942
17.73167	941
17.73333	941
17.73500	942
17.73667	941
17.73833	941
17.74000	941
17.74167	941
17.74333	940
17.74500	941
17.74667	940
17.74833	940
17.75000	941
17.75167	940
17.75333	940
17.75500	940
17.75667	940
17.75833	941
17.76000	940
17.76167	941
17.76333	941
17.76500	941
17.76667	941
17.76833	942
17.77000	942
17.77167	942
17.77333	942
17.77500	942
17.77667	942
17.77833	943
17.78000	942
17.78167	943
17.78333	942
17.78500	943
17.78667	943
17.78833	942
17.79000	943
17.79167	943
17.79333	942
17.79500	943
17.79667	943
17.79833	942
17.80000	943
17.80167	942
17.80333	942
17.80500	942
17.80667	942
17.80833	942
17.81000	942
17.81167	941
17.81333	942
17.81500	941
17.81667	941
17.81833	941
17.82000	941
17.82167	941
17.82333	940
17.82500	941
17.82667	940
17.82833	940
17.83000	939
17.83167	940
17.83333	940
17.83500	939
17.83667	940
17.83833	939
17.84000	939
17.84167	939
17.84333	938
17.84500	939
17.84667	938
17.84833	938
17.85000	938
17.85167	938
17.85333	937
17.85500	937
17.85667	937
17.85833	937
17.86000	937
17.86167	937
17.86333	936
17.86500	937
17.86667	937
17.86833	936
17.87000	937
17.87167	937
17.87333	937
17.87500	937
17.87667	936
17.87833	937
17.88000	938
17.88167	937
17.88333	937
17.88500	937
17.88667	937
17.88833	937
17.89000	937
17.89167	937
17.89333	937
17.89500	938
17.89667	937
17.89833	937
17.90000	938
17.90167	938
17.90333	938
17.90500	938
17.90667	938
17.90833	938
17.91000	938
17.91167	939
17.91333	938
17.91500	939
17.91667	939
17.91833	938
17.92000	939
17.92167	939
17.92333	938
17.92500	939
17.92667	939
17.92833	939
17.93000	939
17.93167	940
17.93333	939
17.93500	939
17.93667	940
17.93833	939
17.94000	940
17.94167	939
17.94333	940
17.94500	939
17.94667	940
17.94833	939
17.95000	939
17.95167	940
17.95333	939
17.95500	939
17.95667	940
17.95833	940
17.96000	939
17.96167	940
17.96333	939
17.96500	940
17.96667	940
17.96833	939
17.97000	939
17.97167	940
17.97333	939
17.97500	939
17.97667	938
17.97833	939
17.98000	938
17.98167	938
17.98333	938
17.98500	938
17.98667	937
17.98833	938
17.99000	937
17.99167	937
17.99333	937
17.99500	937
17.99667	936
17.99833	936
18.00000	937
18.00167	936
18.00333	936
18.00500	935
18.00667	936
18.00833	936
18.01000	936
18.01167	935
18.01333	936
18.01500	936
18.01667	936
18.01833	936
18.02000	936
18.02167	936
18.02333	937
18.02500	936
18.02667	937
18.02833	937
18.03000	938
18.03167	937
18.03333	938
18.03500	938
18.03667	938
18.03833	938
18.04000	938
18.04167	938
18.04333	939
18.04500	939
18.04667	939
18.04833	939
18.05000	939
18.05167	940
18.05333	939
18.05500	940
18.05667	939
18.05833	940
18.06000	940
18.06167	939
18.06333	940
18.06500	940
18.06667	941
18.06833	940
18.07000	940
18.07167	940
18.07333	941
18.07500	940
18.07667	940
18.07833	940
18.08000	940
18.08167	941
18.08333	940
18.08500	940
18.08667	940
18.08833	940
18.09000	940
18.09167	940
18.09333	940
18.09500	939
18.09667	940
18.09833	939
18.10000	940
18.10167	939
18.10333	939
18.10500	939
18.10667	939
18.10833	939
18.11000	938
18.11167	939
18.11333	938
18.11500	939
18.11667	938
18.11833	939
18.12000	938
18.12167	938
18.12333	939
18.12500	938
18.12667	938
18.12833	938
18.13000	939
18.13167	938
18.13333	938
18.13500	939
18.13667	938
18.13833	939
18.14000	939
18.14167	939
18.14333	939
18.14500	940
18.14667	940
18.14833	940
18.15000	939
18.15167	940
18.15333	941
18.15500	940
18.15667	940
18.15833	941
18.16000	941
18.16167	940
18.16333	941
18.16500	941
18.16667	941
18.16833	941
18.17000	941
18.17167	941
18.17333	941
18.17500	941
18.17667	941
18.17833	940
18.18000	941
18.18167	941
18.18333	941
18.18500	940
18.18667	941
18.18833	941
18.19000	940
18.19167	940
18.19333	940
18.19500	940
18.19667	940
18.19833	940
18.20000	939
18.20167	940
18.20333	939
18.20500	939
18.20667	939
18.20833	940
18.21000	939
18.21167	939
18.21333	938
18.21500	939
18.21667	939
18.21833	939
18.22000	939
18.22167	938
18.22333	939
18.22500	939
18.22667	940
18.22833	939
18.23000	939
18.23167	940
18.23333	939
18.23500	940
18.23667	940
18.23833	940
18.24000	941
18.24167	940
18.24333	941
18.24500	941
18.24667	941
18.24833	941
18.25000	941
18.25167	941
18.25333	942
18.25500	942
18.25667	941
18.25833	942
18.26000	942
18.26167	942
18.26333	942
18.26500	941
18.26667	942
18.26833	942
18.27000	942
18.27167	941
18.27333	942
18.27500	942
18.27667	942
18.27833	941
18.28000	941
18.28167	942
18.28333	941
18.28500	941
18.28667	942
18.28833	941
18.29000	941
18.29167	941
18.29333	940
18.29500	941
18.29667	941
18.29833	941
18.30000	941
18.30167	942
18.30333	941
18.30500	941
18.30667	941
18.30833	941
18.31000	941
18.31167	942
18.31333	941
18.31500	941
18.31667	941
18.31833	941
18.32000	941
18.32167	941
18.32333	941
18.32500	941
18.32667	941
18.32833	941
18.33000	941
18.33167	940
18.33333	941
18.33500	940
18.33667	940
18.33833	941
18.34000	940
18.34167	940
18.34333	939
18.34500	940
18.34667	940
18.34833	940
18.35000	940
18.35167	939
18.35333	940
18.35500	940
18.35667	939
18.35833	940
18.36000	940
18.36167	939
18.36333	940
18.36500	940
18.36667	940
18.36833	939
18.37000	940
18.37167	940
18.37333	940
18.37500	940
18.37667	940
18.37833	939
18.38000	940
18.38167	939
18.38333	940
18.38500	939
18.38667	939
18.38833	939
18.39000	939
18.39167	939
18.39333	939
18.39500	939
18.39667	939
18.39833	939
18.40000	938
18.40167	939
18.40333	939
18.40500	938
18.40667	939
18.40833	938
18.41000	939
18.41167	939
18.41333	938
18.41500	939
18.41667	939
18.41833	939
18.42000	940
18.42167	939
18.42333	939
18.42500	940
18.42667	940
18.42833	940
18.43000	940
18.43167	939
18.43333	940
18.43500	940
18.43667	940
18.43833	940
18.44000	940
18.44167	940
18.44333	940
18.44500	940
18.44667	940
18.44833	940
18.45000	940
18.45167	939
18.45333	939
18.45500	940
18.45667	939
18.45833	939
18.46000	938
18.46167	939
18.46333	938
18.46500	939
18.46667	938
18.46833	938
18.47000	939
18.47167	938
18.47333	938
18.47500	938
18.47667	938
18.47833	938
18.48000	938
18.48167	938
18.48333	938
18.48500	939
18.48667	938
18.48833	939
18.49000	938
18.49167	939
18.49333	939
18.49500	938
18.49667	939
18.49833	938
18.50000	939
18.50167	938
18.50333	938
18.50500	939
18.50667	938
18.50833	938
18.51000	939
18.51167	938
18.51333	938
18.51500	938
18.51667	939
18.51833	938
18.52000	938
18.52167	937
18.52333	938
18.52500	937
18.52667	937
18.52833	937
18.53000	937
18.53167	937
18.53333	936
18.53500	936
18.53667	937
18.53833	936
18.54000	935
18.54167	936
18.54333	936
18.54500	935
18.54667	935
18.54833	935
18.55000	935
18.55167	935
18.55333	935
18.55500	934
18.55667	935
18.55833	934
18.56000	934
18.56167	934
18.56333	934
18.56500	934
18.56667	934
18.56833	934
18.57000	934
18.57167	934
18.57333	934
18.57500	934
18.57667	934
18.57833	935
18.58000	934
18.58167	935
18.58333	935
18.58500	935
18.58667	935
18.58833	935
18.59000	936
18.59167	935
18.59333	936
18.59500	936
18.59667	937
18.59833	936
18.60000	937
18.60167	937
18.60333	937
18.60500	937
18.60667	937
18.60833	937
18.61000	938
18.61167	937
18.61333	937
18.61500	938
18.61667	937
18.61833	938
18.62000	937
18.62167	938
18.62333	938
18.62500	938
18.62667	937
18.62833	938
18.63000	938
18.63167	938
18.63333	938
18.63500	939
18.63667	938
18.63833	939
18.64000	938
18.64167	939
18.64333	938
18.64500	939
18.64667	939
18.64833	939
18.65000	939
18.65167	939
18.65333	939
18.65500	939
18.65667	939
18.65833	939
18.66000	938
18.66167	939
18.66333	938
18.66500	938
18.66667	937
18.66833	937
18.67000	937
18.67167	937
18.67333	937
18.67500	937
18.67667	937
18.67833	936
18.68000	937
18.68167	936
18.68333	935
18.68500	936
18.68667	935
18.68833	935
18.69000	935
18.69167	935
18.69333	934
18.69500	935
18.69667	934
18.69833	934
18.70000	934
18.70167	933
18.70333	934
18.70500	933
18.70667	933
18.70833	933
18.71000	933
18.71167	933
18.71333	933
18.71500	933
18.71667	933
18.71833	933
18.72000	933
18.72167	934
18.72333	933
18.72500	933
18.72667	933
18.72833	934
18.73000	933
18.73167	933
18.73333	934
18.73500	933
18.73667	934
18.73833	933
18.74000	934
18.74167	934
18.74333	934
18.74500	933
18.74667	934
18.74833	934
18.75000	933
18.75167	934
18.75333	933
18.75500	933
18.75667	934
18.75833	933
18.76000	933
18.76167	933
18.76333	933
18.76500	933
18.76667	933
18.76833	933
18.77000	933
18.77167	932
18.77333	933
18.77500	932
18.77667	933
18.77833	932
18.78000	933
18.78167	932
18.78333	932
18.78500	932
18.78667	932
18.78833	931
18.79000	932
18.79167	931
18.79333	931
18.79500	931
18.79667	931
18.79833	931
18.80000	931
18.80167	930
18.80333	931
18.80500	930
18.80667	930
18.80833	930
18.81000	930
18.81167	930
18.81333	929
18.81500	930
18.81667	929
18.81833	930
18.82000	929
18.82167	929
18.82333	929
18.82500	929
18.82667	929
18.82833	930
18.83000	929
18.83167	929
18.83333	929
18.83500	929
18.83667	929
18.83833	929
18.84000	930
18.84167	929
18.84333	930
18.84500	929
18.84667	930
18.84833	929
18.85000	930
18.85167	930
18.85333	930
18.85500	930
18.85667	931
18.85833	930
18.86000	930
18.86167	931
18.86333	930
18.86500	931
18.86667	930
18.86833	931
18.87000	931
18.87167	930
18.87333	931
18.87500	932
18.87667	931
18.87833	932
18.88000	932
18.88167	931
18.88333	932
18.88500	932
18.88667	932
18.88833	932
18.89000	932
18.89167	932
18.89333	933
18.89500	933
18.89667	932
18.89833	933
18.90000	933
18.90167	933
18.90333	933
18.90500	933
18.90667	933
18.90833	933
18.91000	933
18.91167	932
18.91333	933
18.91500	932
18.91667	932
18.91833	931
18.92000	932
18.92167	931
18.92333	931
18.92500	931
18.92667	930
18.92833	931
18.93000	930
18.93167	930
18.93333	930
18.93500	930
18.93667	930
18.93833	929
18.94000	929
18.94167	929
18.94333	929
18.94500	928
18.94667	928
18.94833	928
18.95000	928
18.95167	927
18.95333	928
18.95500	927
18.95667	928
18.95833	927
18.96000	927
18.96167	928
18.96333	927
18.96500	927
18.96667	928
18.96833	927
18.97000	927
18.97167	927
18.97333	927
18.97500	927
18.97667	927
18.97833	927
18.98000	927
18.98167	926
18.98333	927
18.98500	926
18.98667	926
18.98833	927
18.99000	926
18.99167	926
18.99333	925
18.99500	925
18.99667	926
18.99833	925
19.00000	925
19.00167	924
19.00333	925
19.00500	925
19.00667	924
19.00833	924
19.01000	924
19.01167	924
19.01333	923
19.01500	923
19.01667	923
19.01833	923
19.02000	923
19.02167	922
19.02333	922
19.02500	922
19.02667	921
19.02833	921
19.03000	921
19.03167	920
19.03333	920
19.03500	919
19.03667	920
19.03833	918
19.04000	918
19.04167	918
19.04333	917
19.04500	916
19.04667	916
19.04833	916
19.05000	915
19.05167	915
19.05333	914
19.05500	913
19.05667	914
19.05833	912
19.06000	913
19.06167	912
19.06333	911
19.06500	911
19.06667	911
19.06833	910
19.07000	911
19.07167	910
19.07333	909
19.07500	910
19.07667	909
19.07833	910
19.08000	909
19.08167	909
19.08333	909
19.08500	910
19.08667	909
19.08833	909
19.09000	909
19.09167	909
19.09333	909
19.09500	909
19.09667	909
19.09833	909
19.10000	910
19.10167	909
19.10333	909
19.10500	910
19.10667	909
19.10833	909
19.11000	910
19.11167	909
19.11333	909
19.11500	909
19.11667	910
19.11833	909
19.12000	909
19.12167	909
19.12333	908
19.12500	909
19.12667	909
19.12833	908
19.13000	908
19.13167	909
19.13333	908
19.13500	908
19.13667	908
19.13833	908
19.14000	908
19.14167	908
19.14333	908
19.14500	908
19.14667	908
19.14833	907
19.15000	907
19.15167	907
19.15333	907
19.15500	907
19.15667	907
19.15833	906
19.16000	907
19.16167	906
19.16333	905
19.16500	906
19.16667	905
19.16833	905
19.17000	904
19.17167	904
19.17333	904
19.17500	903
19.17667	903
19.17833	902
19.18000	902
19.18167	900
19.18333	901
19.18500	900
19.18667	900
19.18833	899
19.19000	899
19.19167	898
19.19333	898
19.19500	897
19.19667	896
19.19833	896
19.20000	896
19.20167	895
19.20333	895
19.20500	894
19.20667	894
19.20833	894
19.21000	893
19.21167	892
19.21333	892
19.21500	891
19.21667	891
19.21833	891
19.22000	890
19.22167	891
19.22333	889
19.22500	890
19.22667	889
19.22833	889
19.23000	888
19.23167	888
19.23333	887
19.23500	888
19.23667	887
19.23833	887
19.24000	886
19.24167	887
19.24333	885
19.24500	886
19.24667	886
19.24833	885
19.25000	884
19.25167	885
19.25333	884
19.25500	884
19.25667	883
19.25833	884
19.26000	883
19.26167	882
19.26333	882
19.26500	882
19.26667	881
19.26833	882
19.27000	880
19.27167	881
19.27333	880
19.27500	879
19.27667	879
19.27833	879
19.28000	879
19.28167	878
19.28333	878
19.28500	877
19.28667	877
19.28833	876
19.29000	876
19.29167	876
19.29333	875
19.29500	875
19.29667	875
19.29833	874
19.30000	874
19.30167	873
19.30333	873
19.30500	873
19.30667	872
19.30833	871
19.31000	872
19.31167	871
19.31333	870
19.31500	870
19.31667	869
19.31833	869
19.32000	869
19.32167	868
19.32333	868
19.32500	867
19.32667	866
19.32833	866
19.33000	865
19.33167	865
19.33333	864
19.33500	864
19.33667	863
19.33833	863
19.34000	862
19.34167	862
19.34333	861
19.34500	860
19.34667	861
19.34833	859
19.35000	859
19.35167	858
19.35333	858
19.35500	858
19.35667	856
19.35833	857
19.36000	856
19.36167	856
19.36333	855
19.36500	855
19.36667	855
19.36833	854
19.37000	853
19.37167	854
19.37333	852
19.37500	853
19.37667	852
19.37833	851
19.38000	851
19.38167	851
19.38333	850
19.38500	850
19.38667	850
19.38833	849
19.39000	848
19.39167	848
19.39333	848
19.39500	847
19.39667	847
19.39833	846
19.40000	846
19.40167	845
19.40333	845
19.40500	844
19.40667	844
19.40833	843
19.41000	843
19.41167	842
19.41333	841
19.41500	841
19.41667	840
19.41833	840
19.42000	839
19.42167	838
19.42333	838
19.42500	837
19.42667	837
19.42833	835
19.43000	836
19.43167	834
19.43333	834
19.43500	834
19.43667	833
19.43833	832
19.44000	831
19.44167	831
19.44333	830
19.44500	830
19.44667	829
19.44833	828
19.45000	827
19.45167	827
19.45333	827
19.45500	826
19.45667	826
19.45833	824
19.46000	825
19.46167	823
19.46333	823
19.46500	823
19.46667	821
19.46833	821
19.47000	820
19.47167	820
19.47333	819
19.47500	818
19.47667	817
19.47833	816
19.48000	816
19.48167	815
19.48333	814
19.48500	814
19.48667	812
19.48833	813
19.49000	811
19.49167	810
19.49333	810
19.49500	810
19.49667	808
19.49833	807
19.50000	807
19.50167	806
19.50333	805
19.50500	804
19.50667	804
19.50833	804
19.51000	802
19.51167	802
19.51333	801
19.51500	801
19.51667	800
19.51833	800
19.52000	799
19.52167	799
19.52333	798
19.52500	798
19.52667	797
19.52833	797
19.53000	797
19.53167	796
19.53333	796
19.53500	795
19.53667	796
19.53833	794
19.54000	795
19.54167	794
19.54333	793
19.54500	794
19.54667	793
19.54833	792
19.55000	792
19.55167	792
19.55333	790
19.55500	791
19.55667	789
19.55833	789
19.56000	789
19.56167	787
19.56333	787
19.56500	787
19.56667	786
19.56833	785
19.57000	784
19.57167	783
19.57333	783
19.57500	783
19.57667	781
19.57833	781
19.58000	779
19.58167	780
19.58333	778
19.58500	778
19.58667	777
19.58833	776
19.59000	776
19.59167	774
19.59333	774
19.59500	772
19.59667	772
19.59833	771
19.60000	771
19.60167	769
19.60333	769
19.60500	768
19.60667	767
19.60833	766
19.61000	765
19.61167	765
19.61333	764
19.61500	763
19.61667	762
19.61833	761
19.62000	760
19.62167	760
19.62333	759
19.62500	758
19.62667	757
19.62833	756
19.63000	755
19.63167	755
19.63333	754
19.63500	753
19.63667	752
19.63833	751
19.64000	751
19.64167	749
19.64333	749
19.64500	748
19.64667	748
19.64833	747
19.65000	746
19.65167	745
19.65333	745
19.65500	743
19.65667	744
19.65833	742
19.66000	742
19.66167	741
19.66333	741
19.66500	740
19.66667	739
19.66833	738
19.67000	738
19.67167	738
19.67333	736
19.67500	737
19.67667	735
19.67833	735
19.68000	735
19.68167	734
19.68333	734
19.68500	733
19.68667	733
19.68833	731
19.69000	732
19.69167	731
19.69333	730
19.69500	731
19.69667	729
19.69833	729
19.70000	729
19.70167	728
19.70333	727
19.70500	727
19.70667	726
19.70833	726
19.71000	726
19.71167	725
19.71333	724
19.71500	725
19.71667	723
19.71833	724
19.72000	723
19.72167	722
19.72333	722
19.72500	721
19.72667	721
19.72833	720
19.73000	720
19.73167	719
19.73333	718
19.73500	719
19.73667	717
19.73833	717
19.74000	717
19.74167	716
19.74333	714
19.74500	715
19.74667	714
19.74833	713
19.75000	712
19.75167	712
19.75333	711
19.75500	710
19.75667	710
19.75833	709
19.76000	709
19.76167	707
19.76333	707
19.76500	707
19.76667	705
19.76833	705
19.77000	704
19.77167	703
19.77333	703
19.77500	702
19.77667	701
19.77833	701
19.78000	700
19.78167	699
19.78333	699
19.78500	698
19.78667	697
19.78833	697
19.79000	697
19.79167	695
19.79333	695
19.79500	695
19.79667	694
19.79833	693
19.80000	692
19.80167	692
19.80333	691
19.80500	691
19.80667	690
19.80833	690
19.81000	688
19.81167	688
19.81333	688
19.81500	686
19.81667	685
19.81833	685
19.82000	684
19.82167	683
19.82333	682
19.82500	682
19.82667	681
19.82833	681
19.83000	680
19.83167	679
19.83333	678
19.83500	678
19.83667	677
19.83833	676
19.84000	676
19.84167	675
19.84333	675
19.84500	674
19.84667	673
19.84833	673
19.85000	672
19.85167	671
19.85333	671
19.85500	671
19.85667	670
19.85833	669
19.86000	669
19.86167	668
19.86333	668
19.86500	667
19.86667	666
19.86833	666
19.87000	666
19.87167	665
19.87333	664
19.87500	663
19.87667	663
19.87833	663
19.88000	662
19.88167	662
19.88333	661
19.88500	661
19.88667	660
19.88833	660
19.89000	659
19.89167	659
19.89333	658
19.89500	659
19.89667	657
19.89833	657
19.90000	657
19.90167	656
19.90333	655
19.90500	656
19.90667	655
19.90833	654
19.91000	654
19.91167	654
19.91333	653
19.91500	653
19.91667	652
19.91833	652
19.92000	651
19.92167	650
19.92333	651
19.92500	649
19.92667	650
19.92833	648
19.93000	649
19.93167	648
19.93333	647
19.93500	647
19.93667	646
19.93833	646
19.94000	646
19.94167	645
19.94333	645
19.94500	644
19.94667	644
19.94833	643
19.95000	643
19.95167	642
19.95333	642
19.95500	642
19.95667	641
19.95833	641
19.96000	640
19.96167	640
19.96333	640
19.96500	639
19.96667	638
19.96833	637
19.97000	637
19.97167	637
19.97333	635
19.97500	636
19.97667	634
19.97833	634
19.98000	633
19.98167	632
19.98333	632
19.98500	631
19.98667	630
19.98833	629
19.99000	629
19.99167	628
19.99333	627
19.99500	627
19.99667	626
19.99833	625
20.00000	625
20.00167	624
20.00333	623
20.00500	623
20.00667	623
20.00833	622
20.01000	621
20.01167	621
20.01333	620
20.01500	620
20.01667	619
20.01833	619
20.02000	618
20.02167	618
20.02333	618
20.02500	617
20.02667	617
20.02833	617
20.03000	617
20.03167	616
20.03333	615
20.03500	615
20.03667	615
20.03833	615
20.04000	613
20.04167	614
20.04333	613
20.04500	612
20.04667	612
20.04833	611
20.05000	611
20.05167	611
20.05333	609
20.05500	610
20.05667	608
20.05833	608
20.06000	607
20.06167	607
20.06333	606
20.06500	605
20.06667	605
20.06833	604
20.07000	603
20.07167	602
20.07333	602
20.07500	602
20.07667	600
20.07833	601
20.08000	599
20.08167	599
20.08333	599
20.08500	598
20.08667	598
20.08833	597
20.09000	596
20.09167	596
20.09333	595
20.09500	595
20.09667	595
20.09833	593
20.10000	593
20.10167	592
20.10333	591
20.10500	591
20.10667	590
20.10833	590
20.11000	589
20.11167	589
20.11333	588
20.11500	587
20.11667	587
20.11833	586
20.12000	585
20.12167	584
20.12333	585
20.12500	583
20.12667	582
20.12833	582
20.13000	581
20.13167	581
20.13333	580
20.13500	579
20.13667	579
20.13833	578
20.14000	578
20.14167	577
20.14333	576
20.14500	576
20.14667	575
20.14833	575
20.15000	574
20.15167	573
20.15333	573
20.15500	572
20.15667	571
20.15833	571
20.16000	570
20.16167	569
20.16333	569
20.16500	568
20.16667	568
20.16833	567
20.17000	567
20.17167	566
20.17333	565
20.17500	565
20.17667	564
20.17833	564
20.18000	562
20.18167	563
20.18333	562
20.18500	561
20.18667	561
20.18833	560
20.19000	559
20.19167	559
20.19333	558
20.19500	558
20.19667	556
20.19833	557
20.20000	556
20.20167	555
20.20333	554
20.20500	554
20.20667	554
20.20833	553
20.21000	552
20.21167	552
20.21333	551
20.21500	551
20.21667	550
20.21833	550
20.22000	549
20.22167	549
20.22333	548
20.22500	547
20.22667	547
20.22833	547
20.23000	546
20.23167	546
20.23333	545
20.23500	545
20.23667	544
20.23833	543
20.24000	543
20.24167	542
20.24333	542
20.24500	541
20.24667	541
20.24833	539
20.25000	540
20.25167	538
20.25333	538
20.25500	538
20.25667	536
20.25833	537
20.26000	535
20.26167	535
20.26333	534
20.26500	534
20.26667	533
20.26833	532
20.27000	532
20.27167	531
20.27333	530
20.27500	530
20.27667	530
20.27833	529
20.28000	529
20.28167	528
20.28333	527
20.28500	527
20.28667	527
20.28833	527
20.29000	526
20.29167	525
20.29333	525
20.29500	525
20.29667	524
20.29833	524
20.30000	523
20.30167	523
20.30333	522
20.30500	522
20.30667	521
20.30833	521
20.31000	520
20.31167	519
20.31333	519
20.31500	518
20.31667	518
20.31833	517
20.32000	516
20.32167	516
20.32333	515
20.32500	515
20.32667	514
20.32833	513
20.33000	513
20.33167	512
20.33333	512
20.33500	511
20.33667	511
20.33833	510
20.34000	509
20.34167	509
20.34333	508
20.34500	508
20.34667	508
20.34833	507
20.35000	507
20.35167	506
20.35333	505
20.35500	505
20.35667	505
20.35833	504
20.36000	504
20.36167	504
20.36333	503
20.36500	502
20.36667	502
20.36833	502
20.37000	501
20.37167	501
20.37333	500
20.37500	500
20.37667	499
20.37833	498
20.38000	499
20.38167	497
20.38333	498
20.38500	496
20.38667	496
20.38833	496
20.39000	495
20.39167	494
20.39333	494
20.39500	493
20.39667	492
20.39833	492
20.40000	491
20.40167	491
20.40333	490
20.40500	489
20.40667	489
20.40833	488
20.41000	488
20.41167	487
20.41333	486
20.41500	485
20.41667	485
20.41833	484
20.42000	483
20.42167	483
20.42333	482
20.42500	481
20.42667	481
20.42833	480
20.43000	479
20.43167	479
20.43333	479
20.43500	477
20.43667	477
20.43833	476
20.44000	475
20.44167	475
20.44333	474
20.44500	473
20.44667	472
20.44833	472
20.45000	471
20.45167	470
20.45333	470
20.45500	470
20.45667	468
20.45833	469
20.46000	467
20.46167	467
20.46333	467
20.46500	466
20.46667	465
20.46833	465
20.47000	464
20.47167	464
20.47333	463
20.47500	462
20.47667	461
20.47833	461
20.48000	461
20.48167	460
20.48333	459
20.48500	459
20.48667	458
20.48833	458
20.49000	457
20.49167	457
20.49333	456
20.49500	455
20.49667	455
20.49833	453
20.50000	454
20.50167	452
20.50333	453
20.50500	451
20.50667	451
20.50833	451
20.51000	450
20.51167	450
20.51333	449
20.51500	449
20.51667	448
20.51833	448
20.52000	448
20.52167	447
20.52333	447
20.52500	446
20.52667	446
20.52833	446
20.53000	444
20.53167	445
20.53333	443
20.53500	444
20.53667	443
20.53833	443
20.54000	442
20.54167	441
20.54333	441
20.54500	441
20.54667	440
20.54833	439
20.55000	439
20.55167	438
20.55333	438
20.55500	437
20.55667	436
20.55833	436
20.56000	436
20.56167	435
20.56333	434
20.56500	434
20.56667	433
20.56833	433
20.57000	432
20.57167	431
20.57333	431
20.57500	431
20.57667	430
20.57833	429
20.58000	429
20.58167	429
20.58333	429
20.58500	427
20.58667	428
20.58833	427
20.59000	427
20.59167	426
20.59333	426
20.59500	425
20.59667	426
20.59833	425
20.60000	424
20.60167	424
20.60333	424
20.60500	423
20.60667	422
20.60833	422
20.61000	422
20.61167	421
20.61333	421
20.61500	420
20.61667	420
20.61833	419
20.62000	418
20.62167	418
20.62333	417
20.62500	417
20.62667	416
20.62833	416
20.63000	415
20.63167	415
20.63333	413
20.63500	414
20.63667	412
20.63833	411
20.64000	411
20.64167	411
20.64333	410
20.64500	409
20.64667	409
20.64833	408
20.65000	407
20.65167	407
20.65333	406
20.65500	406
20.65667	405
20.65833	404
20.66000	404
20.66167	404
20.66333	403
20.66500	402
20.66667	402
20.66833	402
20.67000	401
20.67167	401
20.67333	400
20.67500	400
20.67667	400
20.67833	400
20.68000	399
20.68167	399
20.68333	398
20.68500	399
20.68667	398
20.68833	398
20.69000	397
20.69167	397
20.69333	396
20.69500	397
20.69667	396
20.69833	396
20.70000	395
20.70167	395
20.70333	395
20.70500	395
20.70667	394
20.70833	393
20.71000	394
20.71167	392
20.71333	393
20.71500	392
20.71667	391
20.71833	391
20.72000	390
20.72167	390
20.72333	389
20.72500	388
20.72667	388
20.72833	387
20.73000	387
20.73167	386
20.73333	385
20.73500	385
20.73667	384
20.73833	384
20.74000	383
20.74167	382
20.74333	381
20.74500	381
20.74667	380
20.74833	379
20.75000	379
20.75167	378
20.75333	377
20.75500	377
20.75667	376
20.75833	376
20.76000	374
20.76167	375
20.76333	373
20.76500	373
20.76667	373
20.76833	372
20.77000	371
20.77167	371
20.77333	370
20.77500	369
20.77667	370
20.77833	368
20.78000	368
20.78167	368
20.78333	367
20.78500	367
20.78667	366
20.78833	366
20.79000	365
20.79167	365
20.79333	364
20.79500	364
20.79667	364
20.79833	362
20.80000	363
20.80167	362
20.80333	362
20.80500	361
20.80667	361
20.80833	361
20.81000	361
20.81167	360
20.81333	360
20.81500	359
20.81667	359
20.81833	358
20.82000	358
20.82167	358
20.82333	357
20.82500	357
20.82667	356
20.82833	356
20.83000	355
20.83167	355
20.83333	355
20.83500	354
20.83667	354
20.83833	353
20.84000	353
20.84167	353
20.84333	352
20.84500	352
20.84667	351
20.84833	351
20.85000	351
20.85167	351
20.85333	350
20.85500	350
20.85667	350
20.85833	349
20.86000	349
20.86167	349
20.86333	348
20.86500	349
20.86667	348
20.86833	348
20.87000	348
20.87167	348
20.87333	347
20.87500	347
20.87667	346
20.87833	346
20.88000	346
20.88167	346
20.88333	345
20.88500	345
20.88667	345
20.88833	344
20.89000	343
20.89167	344
20.89333	343
20.89500	342
20.89667	342
20.89833	342
20.90000	341
20.90167	340
20.90333	340
20.90500	339
20.90667	339
20.90833	338
20.91000	337
20.91167	337
20.91333	337
20.91500	335
20.91667	335
20.91833	335
20.92000	334
20.92167	333
20.92333	333
20.92500	332
20.92667	332
20.92833	331
20.93000	331
20.93167	330
20.93333	329
20.93500	329
20.93667	329
20.93833	328
20.94000	327
20.94167	327
20.94333	326
20.94500	326
20.94667	325
20.94833	324
20.95000	324
20.95167	323
20.95333	323
20.95500	322
20.95667	322
20.95833	320
20.96000	320
20.96167	320
20.96333	319
20.96500	318
20.96667	318
20.96833	317
20.97000	317
20.97167	316
20.97333	316
20.97500	315
20.97667	315
20.97833	314
20.98000	314
20.98167	313
20.98333	312
20.98500	312
20.98667	312
20.98833	311
20.99000	310
20.99167	310
20.99333	309
20.99500	309
20.99667	308
20.99833	307
21.00000	307
21.00167	306
21.00333	306
21.00500	304
21.00667	305
21.00833	303
21.01000	303
21.01167	302
21.01333	301
21.01500	301
21.01667	301
21.01833	300
21.02000	299
21.02167	298
21.02333	298
21.02500	297
21.02667	297
21.02833	296
21.03000	295
21.03167	296
21.03333	294
21.03500	294
21.03667	294
21.03833	293
21.04000	293
21.04167	293
21.04333	292
21.04500	292
21.04667	291
21.04833	291
21.05000	290
21.05167	291
21.05333	290
21.05500	291
21.05667	290
21.05833	290
21.06000	291
21.06167	290
21.06333	289
21.06500	290
21.06667	290
21.06833	289
21.07000	289
21.07167	289
21.07333	289
21.07500	289
21.07667	288
21.07833	289
21.08000	288
21.08167	288
21.08333	288
21.08500	288
21.08667	288
21.08833	288
21.09000	287
21.09167	287
21.09333	287
21.09500	286
21.09667	287
21.09833	286
21.10000	286
21.10167	286
21.10333	285
21.10500	286
21.10667	285
21.10833	284
21.11000	285
21.11167	284
21.11333	284
21.11500	284
21.11667	284
21.11833	283
21.12000	283
21.12167	283
21.12333	283
21.12500	283
21.12667	282
21.12833	283
21.13000	282
21.13167	282
21.13333	281
21.13500	282
21.13667	281
21.13833	282
21.14000	281
21.14167	281
21.14333	280
21.14500	281
21.14667	280
21.14833	281
21.15000	280
21.15167	279
21.15333	280
21.15500	279
21.15667	279
21.15833	279
21.16000	279
21.16167	279
21.16333	278
21.16500	278
21.16667	279
21.16833	278
21.17000	278
21.17167	278
21.17333	278
21.17500	277
21.17667	278
21.17833	278
21.18000	278
21.18167	278
21.18333	277
21.18500	278
21.18667	278
21.18833	278
21.19000	278
21.19167	277
21.19333	278
21.19500	277
21.19667	277
21.19833	277
21.20000	277
21.20167	277
21.20333	277
21.20500	276
21.20667	276
21.20833	276
21.21000	276
21.21167	275
21.21333	275
21.21500	274
21.21667	275
21.21833	274
21.22000	274
21.22167	274
21.22333	273
21.22500	273
21.22667	273
21.22833	273
21.23000	272
21.23167	272
21.23333	272
21.23500	271
21.23667	271
21.23833	271
21.24000	270
21.24167	270
21.24333	270
21.24500	270
21.24667	269
21.24833	270
21.25000	269
21.25167	269
21.25333	268
21.25500	269
21.25667	268
21.25833	268
21.26000	268
21.26167	267
21.26333	267
21.26500	268
21.26667	267
21.26833	267
21.27000	266
21.27167	267
21.27333	267
21.27500	266
21.27667	266
21.27833	267
21.28000	266
21.28167	266
21.28333	266
21.28500	266
21.28667	266
21.28833	266
21.29000	266
21.29167	265
21.29333	266
21.29500	265
21.29667	265
21.29833	265
21.30000	265
21.30167	265
21.30333	265
21.30500	265
21.30667	264
21.30833	265
21.31000	264
21.31167	264
21.31333	263
21.31500	264
21.31667	264
21.31833	263
21.32000	264
21.32167	263
21.32333	264
21.32500	263
21.32667	264
21.32833	263
21.33000	263
21.33167	263
21.33333	263
21.33500	263
21.33667	263
21.33833	262
21.34000	263
21.34167	263
21.34333	263
21.34500	263
21.34667	263
21.34833	263
21.35000	263
21.35167	262
21.35333	263
21.35500	262
21.35667	262
21.35833	262
21.36000	261
21.36167	262
21.36333	261
21.36500	261
21.36667	261
21.36833	260
21.37000	260
21.37167	260
21.37333	259
21.37500	259
21.37667	258
21.37833	258
21.38000	258
21.38167	257
21.38333	257
21.38500	257
21.38667	256
21.38833	255
21.39000	256
21.39167	254
21.39333	255
21.39500	254
21.39667	254
21.39833	253
21.40000	253
21.40167	253
21.40333	253
21.40500	252
21.40667	252
21.40833	251
21.41000	252
21.41167	251
21.41333	250
21.41500	251
21.41667	251
21.41833	250
21.42000	250
21.42167	251
21.42333	250
21.42500	249
21.42667	250
21.42833	249
21.43000	250
21.43167	249
21.43333	249
21.43500	248
21.43667	249
21.43833	248
21.44000	248
21.44167	248
21.44333	247
21.44500	247
21.44667	247
21.44833	246
21.45000	246
21.45167	246
21.45333	245
21.45500	244
21.45667	244
21.45833	244
21.46000	243
21.46167	242
21.46333	242
21.46500	241
21.46667	240
21.46833	240
21.47000	239
21.47167	239
21.47333	238
21.47500	237
21.47667	236
21.47833	236
21.48000	235
21.48167	235
21.48333	233
21.48500	233
21.48667	232
21.48833	231
21.49000	231
21.49167	229
21.49333	229
21.49500	227
21.49667	227
21.49833	225
21.50000	225
21.50167	224
21.50333	222
21.50500	221
21.50667	221
21.50833	219
21.51000	218
21.51167	217
21.51333	217
21.51500	215
21.51667	214
21.51833	213
21.52000	212
21.52167	212
21.52333	210
21.52500	209
21.52667	209
21.52833	208
21.53000	206
21.53167	206
21.53333	206
21.53500	205
21.53667	204
21.53833	203
21.54000	203
21.54167	202
21.54333	201
21.54500	201
21.54667	200
21.54833	199
21.55000	199
21.55167	198
21.55333	198
21.55500	197
21.55667	197
21.55833	197
21.56000	196
21.56167	196
21.56333	195
21.56500	195
21.56667	194
21.56833	194
21.57000	193
21.57167	194
21.57333	192
21.57500	193
21.57667	192
21.57833	191
21.58000	191
21.58167	191
21.58333	190
21.58500	189
21.58667	190
21.58833	188
21.59000	189
21.59167	188
21.59333	187
21.59500	187
21.59667	187
21.59833	186
21.60000	186
21.60167	185
21.60333	186
21.60500	185
21.60667	184
21.60833	184
21.61000	183
21.61167	183
21.61333	183
21.61500	182
21.61667	181
21.61833	182
21.62000	181
21.62167	180
21.62333	180
21.62500	180
21.62667	179
21.62833	179
21.63000	178
21.63167	178
21.63333	177
21.63500	176
21.63667	177
21.63833	176
21.64000	175
21.64167	175
21.64333	175
21.64500	173
21.64667	174
21.64833	173
21.65000	173
21.65167	172
21.65333	172
21.65500	172
21.65667	171
21.65833	171
21.66000	171
21.66167	170
21.66333	170
21.66500	170
21.66667	169
21.66833	169
21.67000	169
21.67167	168
21.67333	168
21.67500	169
21.67667	168
21.67833	167
21.68000	168
21.68167	167
21.68333	167
21.68500	167
21.68667	167
21.68833	167
21.69000	166
21.69167	167
21.69333	166
21.69500	166
21.69667	166
21.69833	166
21.70000	166
21.70167	166
21.70333	165
21.70500	166
21.70667	165
21.70833	165
21.71000	165
21.71167	164
21.71333	164
21.71500	164
21.71667	164
21.71833	164
21.72000	163
21.72167	163
21.72333	162
21.72500	163
21.72667	162
21.72833	162
21.73000	162
21.73167	162
21.73333	161
21.73500	162
21.73667	161
21.73833	161
21.74000	161
21.74167	161
21.74333	161
21.74500	160
21.74667	160
21.74833	160
21.75000	160
21.75167	159
21.75333	160
21.75500	158
21.75667	159
21.75833	159
21.76000	158
21.76167	157
21.76333	158
21.76500	157
21.76667	156
21.76833	157
21.77000	156
21.77167	156
21.77333	155
21.77500	155
21.77667	155
21.77833	153
21.78000	154
21.78167	153
21.78333	152
21.78500	152
21.78667	151
21.78833	151
21.79000	150
21.79167	150
21.79333	149
21.79500	149
21.79667	148
21.79833	147
21.80000	148
21.80167	146
21.80333	146
21.80500	146
21.80667	145
21.80833	145
21.81000	145
21.81167	144
21.81333	144
21.81500	144
21.81667	143
21.81833	143
21.82000	143
21.82167	143
21.82333	142
21.82500	143
21.82667	143
21.82833	142
21.83000	142
21.83167	143
21.83333	142
21.83500	142
21.83667	142
21.83833	142
21.84000	141
21.84167	142
21.84333	142
21.84500	142
21.84667	141
21.84833	141
21.85000	142
21.85167	141
21.85333	141
21.85500	141
21.85667	140
21.85833	141
21.86000	140
21.86167	140
21.86333	139
21.86500	140
21.86667	139
21.86833	139
21.87000	139
21.87167	139
21.87333	138
21.87500	138
21.87667	138
21.87833	138
21.88000	138
21.88167	138
21.88333	138
21.88500	138
21.88667	138
21.88833	138
21.89000	138
21.89167	137
21.89333	138
21.89500	138
21.89667	138
21.89833	138
21.90000	138
21.90167	138
21.90333	137
21.90500	138
21.90667	137
21.90833	138
21.91000	137
21.91167	137
21.91333	137
21.91500	136
21.91667	137
21.91833	136
21.92000	136
21.92167	136
21.92333	135
21.92500	135
21.92667	135
21.92833	135
21.93000	134
21.93167	135
21.93333	134
21.93500	134
21.93667	134
21.93833	134
21.94000	134
21.94167	133
21.94333	134
21.94500	133
21.94667	133
21.94833	133
21.95000	133
21.95167	132
21.95333	133
21.95500	132
21.95667	132
21.95833	132
21.96000	131
21.96167	132
21.96333	131
21.96500	130
21.96667	131
21.96833	130
21.97000	130
21.97167	129
21.97333	130
21.97500	129
21.97667	129
21.97833	129
21.98000	129
21.98167	128
21.98333	128
21.98500	127
21.98667	128
21.98833	127
21.99000	127
21.99167	127
21.99333	127
21.99500	126
21.99667	127
21.99833	127
22.00000	126
22.00167	126
22.00333	126
22.00500	126
22.00667	126
22.00833	127
22.01000	126
22.01167	126
22.01333	126
22.01500	125
22.01667	125
22.01833	126
22.02000	125
22.02167	126
22.02333	125
22.02500	124
22.02667	125
22.02833	124
22.03000	124
22.03167	124
22.03333	124
22.03500	123
22.03667	123
22.03833	123
22.04000	122
22.04167	123
22.04333	122
22.04500	121
22.04667	121
22.04833	121
22.05000	120
22.05167	119
22.05333	120
22.05500	119
22.05667	119
22.05833	119
22.06000	119
22.06167	118
22.06333	118
22.06500	118
22.06667	117
22.06833	118
22.07000	117
22.07167	117
22.07333	117
22.07500	117
22.07667	117
22.07833	117
22.08000	117
22.08167	116
22.08333	116
22.08500	117
22.08667	116
22.08833	116
22.09000	117
22.09167	116
22.09333	116
22.09500	116
22.09667	116
22.09833	117
22.10000	116
22.10167	116
22.10333	116
22.10500	116
22.10667	116
22.10833	116
22.11000	116
22.11167	116
22.11333	116
22.11500	116
22.11667	116
22.11833	116
22.12000	116
22.12167	116
22.12333	115
22.12500	115
22.12667	116
22.12833	115
22.13000	114
22.13167	115
22.13333	114
22.13500	114
22.13667	114
22.13833	114
22.14000	113
22.14167	113
22.14333	113
22.14500	112
22.14667	112
22.14833	112
22.15000	112
22.15167	111
22.15333	111
22.15500	111
22.15667	110
22.15833	110
22.16000	110
22.16167	109
22.16333	109
22.16500	108
22.16667	109
22.16833	108
22.17000	107
22.17167	108
22.17333	107
22.17500	107
22.17667	107
22.17833	106
22.18000	107
22.18167	106
22.18333	106
22.18500	106
22.18667	106
22.18833	105
22.19000	105
22.19167	106
22.19333	105
22.19500	105
22.19667	105
22.19833	105
22.20000	105
22.20167	104
22.20333	105
22.20500	105
22.20667	105
22.20833	105
22.21000	105
22.21167	105
22.21333	105
22.21500	105
22.21667	105
22.21833	105
22.22000	105
22.22167	105
22.22333	105
22.22500	106
22.22667	105
22.22833	105
22.23000	105
22.23167	105
22.23333	105
22.23500	106
22.23667	105
22.23833	105
22.24000	106
22.24167	105
22.24333	106
22.24500	106
22.24667	105
22.24833	106
22.25000	106
22.25167	106
22.25333	106
22.25500	106
22.25667	105
22.25833	106
22.26000	106
22.26167	106
22.26333	106
22.26500	106
22.26667	106
22.26833	105
22.27000	105
22.27167	106
22.27333	105
22.27500	105
22.27667	104
22.27833	105
22.28000	104
22.28167	104
22.28333	103
22.28500	104
22.28667	103
22.28833	102
22.29000	103
22.29167	102
22.29333	101
22.29500	102
22.29667	101
22.29833	101
22.30000	100
22.30167	100
22.30333	100
22.30500	100
22.30667	99
22.30833	99
22.31000	98
22.31167	98
22.31333	98
22.31500	97
22.31667	97
22.31833	97
22.32000	97
22.32167	96
22.32333	96
22.32500	95
22.32667	95
22.32833	95
22.33000	94
22.33167	95
22.33333	93
22.33500	94
22.33667	93
22.33833	92
22.34000	93
22.34167	92
22.34333	92
22.34500	91
22.34667	92
22.34833	91
22.35000	91
22.35167	90
22.35333	91
22.35500	90
22.35667	90
22.35833	90
22.36000	90
22.36167	90
22.36333	90
22.36500	89
22.36667	90
22.36833	89
22.37000	89
22.37167	89
22.37333	89
22.37500	89
22.37667	89
22.37833	89
22.38000	88
22.38167	89
22.38333	89
22.38500	88
22.38667	89
22.38833	89
22.39000	88
22.39167	89
22.39333	88
22.39500	88
22.39667	88
22.39833	89
22.40000	87
22.40167	88
22.40333	88
22.40500	88
22.40667	87
22.40833	87
22.41000	88
22.41167	87
22.41333	87
22.41500	87
22.41667	87
22.41833	87
22.42000	87
22.42167	86
22.42333	87
22.42500	86
22.42667	87
22.42833	86
22.43000	86
22.43167	86
22.43333	86
22.43500	85
22.43667	86
22.43833	85
22.44000	85
22.44167	85
22.44333	85
22.44500	85
22.44667	85
22.44833	84
22.45000	84
22.45167	84
22.45333	84
22.45500	84
22.45667	83
22.45833	83
22.46000	83
22.46167	83
22.46333	82
22.46500	82
22.46667	81
22.46833	82
22.47000	81
22.47167	80
22.47333	81
22.47500	80
22.47667	80
22.47833	80
22.48000	79
22.48167	79
22.48333	79
22.48500	78
22.48667	78
22.48833	78
22.49000	77
22.49167	78
22.49333	76
22.49500	77
22.49667	76
22.49833	76
22.50000	75
22.50167	75
22.50333	76
22.50500	74
22.50667	75
22.50833	75
22.51000	74
22.51167	73
22.51333	74
22.51500	73
22.51667	73
22.51833	73
22.52000	73
22.52167	72
22.52333	72
22.52500	72
22.52667	72
22.52833	72
22.53000	71
22.53167	72
22.53333	71
22.53500	71
22.53667	71
22.53833	70
22.54000	71
22.54167	70
22.54333	71
22.54500	70
22.54667	70
22.54833	70
22.55000	70
22.55167	70
22.55333	70
22.55500	70
22.55667	70
22.55833	70
22.56000	69
22.56167	70
22.56333	69
22.56500	70
22.56667	69
22.56833	69
22.57000	69
22.57167	69
22.57333	69
22.57500	69
22.57667	68
22.57833	69
22.58000	68
22.58167	69
22.58333	68
22.58500	69
22.58667	68
22.58833	69
22.59000	68
22.59167	68
22.59333	68
22.59500	68
22.59667	68
22.59833	68
22.60000	68
22.60167	68
22.60333	67
22.60500	67
22.60667	67
22.60833	67
22.61000	67
22.61167	66
22.61333	66
22.61500	66
22.61667	65
22.61833	66
22.62000	65
22.62167	65
22.62333	65
22.62500	65
22.62667	65
22.62833	64
22.63000	65
22.63167	64
22.63333	65
22.63500	64
22.63667	65
22.63833	64
22.64000	64
22.64167	64
22.64333	65
22.64500	64
22.64667	64
22.64833	64
22.65000	63
22.65167	64
22.65333	63
22.65500	63
22.65667	63
22.65833	63
22.66000	62
22.66167	62
22.66333	62
22.66500	62
22.66667	61
22.66833	61
22.67000	61
22.67167	60
22.67333	60
22.67500	60
22.67667	60
22.67833	59
22.68000	59
22.68167	59
22.68333	58
22.68500	58
22.68667	58
22.68833	58
22.69000	57
22.69167	57
22.69333	57
22.69500	56
22.69667	56
22.69833	56
22.70000	55
22.70167	55
22.70333	55
22.70500	55
22.70667	54
22.70833	54
22.71000	53
22.71167	54
22.71333	53
22.71500	53
22.71667	53
22.71833	52
22.72000	52
22.72167	52
22.72333	52
22.72500	51
22.72667	52
22.72833	51
22.73000	51
22.73167	51
22.73333	50
22.73500	51
22.73667	50
22.73833	50
22.74000	50
22.74167	50
22.74333	50
22.74500	50
22.74667	49
22.74833	49
22.75000	50
22.75167	49
22.75333	49
22.75500	50
22.75667	49
22.75833	49
22.76000	49
22.76167	49
22.76333	49
22.76500	49
22.76667	49
22.76833	48
22.77000	49
22.77167	48
22.77333	49
22.77500	48
22.77667	47
22.77833	48
22.78000	47
22.78167	47
22.78333	47
22.78500	48
22.78667	46
22.78833	47
22.79000	46
22.79167	46
22.79333	47
22.79500	46
22.79667	45
22.79833	46
22.80000	45
22.80167	46
22.80333	46
22.80500	45
22.80667	45
22.80833	46
22.81000	45
22.81167	46
22.81333	45
22.81500	46
22.81667	45
22.81833	46
22.82000	46
22.82167	45
22.82333	46
22.82500	46
22.82667	46
22.82833	47
22.83000	45
22.83167	46
22.83333	46
22.83500	46
22.83667	46
22.83833	46
22.84000	46
22.84167	46
22.84333	46
22.84500	46
22.84667	45
22.84833	45
22.85000	45
22.85167	45
22.85333	45
22.85500	45
22.85667	44
22.85833	44
22.86000	44
22.86167	44
22.86333	43
22.86500	43
22.86667	44
22.86833	42
22.87000	43
22.87167	42
22.87333	42
22.87500	42
22.87667	41
22.87833	42
22.88000	41
22.88167	40
22.88333	41
22.88500	41
22.88667	40
22.88833	41
22.89000	40
22.89167	41
22.89333	40
22.89500	40
22.89667	41
22.89833	40
22.90000	41
22.90167	40
22.90333	40
22.90500	40
22.90667	40
22.90833	40
22.91000	40
22.91167	40
22.91333	40
22.91500	39
22.91667	40
22.91833	40
22.92000	39
22.92167	39
22.92333	39
22.92500	39
22.92667	39
22.92833	38
22.93000	38
22.93167	38
22.93333	37
22.93500	37
22.93667	37
22.93833	36
22.94000	37
22.94167	36
22.94333	35
22.94500	35
22.94667	35
22.94833	35
22.95000	35
22.95167	34
22.95333	34
22.95500	34
22.95667	34
22.95833	33
22.96000	33
22.96167	33
22.96333	33
22.96500	33
22.96667	33
22.96833	32
22.97000	32
22.97167	32
22.97333	32
22.97500	32
22.97667	32
22.97833	32
22.98000	31
22.98167	32
22.98333	31
22.98500	31
22.98667	32
22.98833	30
22.99000	31
22.99167	31
22.99333	30
22.99500	30
22.99667	30
22.99833	30
23.00000	30
23.00167	30
23.00333	29
23.00500	29
23.00667	29
23.00833	29
23.01000	29
23.01167	28
23.01333	29
23.01500	28
23.01667	28
23.01833	28
23.02000	28
23.02167	27
23.02333	27
23.02500	28
23.02667	27
23.02833	26
23.03000	27
23.03167	27
23.03333	26
23.03500	26
23.03667	27
23.03833	26
23.04000	27
23.04167	26
23.04333	26
23.04500	27
23.04667	27
23.04833	26
23.05000	27
23.05167	27
23.05333	27
23.05500	27
23.05667	27
23.05833	28
23.06000	27
23.06167	28
23.06333	28
23.06500	27
23.06667	28
23.06833	28
23.07000	28
23.07167	28
23.07333	28
23.07500	28
23.07667	28
23.07833	27
23.08000	28
23.08167	28
23.08333	27
23.08500	28
23.08667	27
23.08833	28
23.09000	27
23.09167	27
23.09333	26
23.09500	27
23.09667	26
23.09833	26
23.10000	26
23.10167	25
23.10333	26
23.10500	25
23.10667	25
23.10833	24
23.11000	24
23.11167	25
23.11333	24
23.11500	23
23.11667	24
23.11833	23
23.12000	23
23.12167	23
23.12333	23
23.12500	23
23.12667	22
23.12833	23
23.13000	22
23.13167	22
23.13333	22
23.13500	22
23.13667	21
23.13833	22
23.14000	21
23.14167	21
23.14333	21
23.14500	21
23.14667	21
23.14833	20
23.15000	21
23.15167	20
23.15333	20
23.15500	20
23.15667	20
23.15833	20
23.16000	19
23.16167	20
23.16333	20
23.16500	19
23.16667	19
23.16833	19
23.17000	19
23.17167	19
23.17333	18
23.17500	19
23.17667	18
23.17833	19
23.18000	18
23.18167	18
23.18333	18
23.18500	18
23.18667	18
23.18833	18
23.19000	18
23.19167	17
23.19333	18
23.19500	18
23.19667	18
23.19833	17
23.20000	18
23.20167	17
23.20333	17
23.20500	18
23.20667	17
23.20833	17
23.21000	17
23.21167	17
23.21333	16
23.21500	17
23.21667	16
23.21833	16
23.22000	16
23.22167	16
23.22333	15
23.22500	16
23.22667	15
23.22833	16
23.23000	15
23.23167	15
23.23333	16
23.23500	14
23.23667	15
23.23833	15
23.24000	15
23.24167	15
23.24333	14
23.24500	15
23.24667	15
23.24833	14
23.25000	15
23.25167	14
23.25333	15
23.25500	14
23.25667	15
23.25833	14
23.26000	15
23.26167	14
23.26333	15
23.26500	14
23.26667	15
23.26833	15
23.27000	15
23.27167	15
23.27333	14
23.27500	15
23.27667	15
23.27833	14
23.28000	15
23.28167	14
23.28333	15
23.28500	14
23.28667	15
23.28833	14
23.29000	14
23.29167	14
23.29333	14
23.29500	14
23.29667	14
23.29833	13
23.30000	14
23.30167	13
23.30333	13
23.30500	13
23.30667	12
23.30833	12
23.31000	12
23.31167	12
23.31333	12
23.31500	11
23.31667	11
23.31833	11
23.32000	10
23.32167	11
23.32333	10
23.32500	9
23.32667	10
23.32833	9
23.33000	9
23.33167	9
23.33333	9
23.33500	8
23.33667	8
23.33833	8
23.34000	8
23.34167	8
23.34333	7
23.34500	7
23.34667	7
23.34833	7
23.35000	6
23.35167	7
23.35333	6
23.35500	6
23.35667	6
23.35833	6
23.36000	5
23.36167	5
23.36333	5
23.36500	5
23.36667	4
23.36833	4
23.37000	4
23.37167	3
23.37333	3
23.37500	3
23.37667	3
23.37833	2
23.38000	2
23.38167	2
23.38333	2
23.38500	2
23.38667	1
23.38833	2
23.39000	1
23.39167	1
23.39333	1
23.39500	1
23.39667	0
23.39833	1
23.40000	0
23.40167	-1
23.40333	0
23.40500	-1
23.40667	0
23.40833	-2
23.41000	-1
23.41167	-1
23.41333	-2
23.41500	-1
23.41667	-2
23.41833	-2
23.42000	-2
23.42167	-2
23.42333	-2
23.42500	-2
23.42667	-2
23.42833	-3
23.43000	-2
23.43167	-3
23.43333	-3
23.43500	-3
23.43667	-4
23.43833	-3
23.44000	-4
23.44167	-4
23.44333	-5
23.44500	-5
23.44667	-5
23.44833	-5
23.45000	-6
23.45167	-6
23.45333	-6
23.45500	-6
23.45667	-6
23.45833	-7
23.46000	-6
23.46167	-7
23.46333	-6
23.46500	-7
23.46667	-7
23.46833	-7
23.47000	-7
23.47167	-7
23.47333	-7
23.47500	-7
23.47667	-7
23.47833	-7
23.48000	-6
23.48167	-8
23.48333	-7
23.48500	-7
23.48667	-8
23.48833	-7
23.49000	-8
23.49167	-8
23.49333	-8
23.49500	-8
23.49667	-8
23.49833	-9
23.50000	-10
23.50167	-9
23.50333	-10
23.50500	-10
23.50667	-11
23.50833	-11
23.51000	-12
23.51167	-12
23.51333	-12
23.51500	-13
23.51667	-13
23.51833	-14
23.52000	-14
23.52167	-15
23.52333	-15
23.52500	-15
23.52667	-16
23.52833	-17
23.53000	-16
23.53167	-18
23.53333	-17
23.53500	-17
23.53667	-18
23.53833	-18
23.54000	-18
23.54167	-18
23.54333	-19
23.54500	-18
23.54667	-19
23.54833	-19
23.55000	-18
23.55167	-19
23.55333	-18
23.55500	-19
23.55667	-19
23.55833	-18
23.56000	-19
23.56167	-19
23.56333	-19
23.56500	-19
23.56667	-19
23.56833	-19
23.57000	-19
23.57167	-20
23.57333	-19
23.57500	-19
23.57667	-20
23.57833	-19
23.58000	-20
23.58167	-19
23.58333	-20
23.58500	-20
23.58667	-20
23.58833	-19
23.59000	-20
23.59167	-21
23.59333	-20
23.59500	-21
23.59667	-20
23.59833	-21
23.60000	-21
23.60167	-21
23.60333	-21
23.60500	-22
23.60667	-21
23.60833	-22
23.61000	-22
23.61167	-22
23.61333	-23
23.61500	-22
23.61667	-23
23.61833	-22
23.62000	-23
23.62167	-23
23.62333	-23
23.62500	-24
23.62667	-23
23.62833	-24
23.63000	-23
23.63167	-24
23.63333	-24
23.63500	-24
23.63667	-25
23.63833	-24
23.64000	-25
23.64167	-24
23.64333	-25
23.64500	-25
23.64667	-24
23.64833	-25
23.65000	-25
23.65167	-26
23.65333	-25
23.65500	-25
23.65667	-25
23.65833	-26
23.66000	-25
23.66167	-26
23.66333	-26
23.66500	-26
23.66667	-26
23.66833	-26
23.67000	-26
23.67167	-26
23.67333	-26
23.67500	-26
23.67667	-27
23.67833	-26
23.68000	-27
23.68167	-27
23.68333	-26
23.68500	-27
23.68667	-27
23.68833	-27
23.69000	-27
23.69167	-27
23.69333	-28
23.69500	-27
23.69667	-27
23.69833	-28
23.70000	-28
23.70167	-27
23.70333	-28
23.70500	-28
23.70667	-29
23.70833	-28
23.71000	-28
23.71167	-29
23.71333	-29
23.71500	-29
23.71667	-28
23.71833	-30
23.72000	-29
23.72167	-29
23.72333	-29
23.72500	-29
23.72667	-30
23.72833	-29
23.73000	-30
23.73167	-30
23.73333	-31
23.73500	-30
23.73667	-30
23.73833	-31
23.74000	-30
23.74167	-31
23.74333	-30
23.74500	-31
23.74667	-31
23.74833	-31
23.75000	-32
23.75167	-32
23.75333	-31
23.75500	-32
23.75667	-33
23.75833	-32
23.76000	-32
23.76167	-33
23.76333	-32
23.76500	-33
23.76667	-33
23.76833	-33
23.77000	-34
23.77167	-33
23.77333	-34
23.77500	-34
23.77667	-34
23.77833	-34
23.78000	-35
23.78167	-34
23.78333	-35
23.78500	-35
23.78667	-35
23.78833	-35
23.79000	-35
23.79167	-36
23.79333	-35
23.79500	-36
23.79667	-35
23.79833	-36
23.80000	-36
23.80167	-36
23.80333	-36
23.80500	-36
23.80667	-37
23.80833	-36
23.81000	-37
23.81167	-36
23.81333	-37
23.81500	-36
23.81667	-37
23.81833	-37
23.82000	-37
23.82167	-37
23.82333	-37
23.82500	-37
23.82667	-38
23.82833	-38
23.83000	-37
23.83167	-38
23.83333	-39
23.83500	-39
23.83667	-39
23.83833	-39
23.84000	-40
23.84167	-40
23.84333	-40
23.84500	-40
23.84667	-41
23.84833	-41
23.85000	-42
23.85167	-42
23.85333	-42
23.85500	-42
23.85667	-43
23.85833	-43
23.86000	-43
23.86167	-43
23.86333	-44
23.86500	-44
23.86667	-44
23.86833	-44
23.87000	-44
23.87167	-44
23.87333	-45
23.87500	-45
23.87667	-45
23.87833	-45
23.88000	-45
23.88167	-45
23.88333	-45
23.88500	-45
23.88667	-44
23.88833	-45
23.89000	-45
23.89167	-44
23.89333	-45
23.89500	-44
23.89667	-45
23.89833	-44
23.90000	-44
23.90167	-45
23.90333	-44
23.90500	-44
23.90667	-44
23.90833	-44
23.91000	-44
23.91167	-43
23.91333	-44
23.91500	-43
23.91667	-44
23.91833	-44
23.92000	-44
23.92167	-43
23.92333	-44
23.92500	-44
23.92667	-45
23.92833	-44
23.93000	-44
23.93167	-45
23.93333	-45
23.93500	-44
23.93667	-46
23.93833	-45
23.94000	-45
23.94167	-46
23.94333	-46
23.94500	-45
23.94667	-46
23.94833	-46
23.95000	-46
23.95167	-46
23.95333	-47
23.95500	-46
23.95667	-47
23.95833	-46
23.96000	-47
23.96167	-47
23.96333	-47
23.96500	-47
23.96667	-46
23.96833	-47
23.97000	-47
23.97167	-47
23.97333	-48
23.97500	-47
23.97667	-47
23.97833	-47
23.98000	-48
23.98167	-48
23.98333	-47
23.98500	-49
23.98667	-48
23.98833	-49
23.99000	-48
23.99167	-48
23.99333	-49
23.99500	-48
23.99667	-49
23.99833	-49
24.00000	-49
24.00167	-50
24.00333	-49
24.00500	-50
24.00667	-49
24.00833	-50
24.01000	-49
24.01167	-50
24.01333	-49
24.01500	-50
24.01667	-50
24.01833	-50
24.02000	-49
24.02167	-50
24.02333	-50
24.02500	-50
24.02667	-50
24.02833	-49
24.03000	-50
24.03167	-50
24.03333	-51
24.03500	-50
24.03667	-50
24.03833	-50
24.04000	-50
24.04167	-51
24.04333	-50
24.04500	-51
24.04667	-50
24.04833	-51
24.05000	-51
24.05167	-51
24.05333	-51
24.05500	-52
24.05667	-51
24.05833	-52
24.06000	-52
24.06167	-52
24.06333	-53
24.06500	-52
24.06667	-54
24.06833	-53
24.07000	-54
24.07167	-54
24.07333	-54
24.07500	-55
24.07667	-55
24.07833	-55
24.08000	-55
24.08167	-56
24.08333	-56
24.08500	-56
24.08667	-57
24.08833	-56
24.09000	-57
24.09167	-57
24.09333	-58
24.09500	-57
24.09667	-58
24.09833	-58
24.10000	-59
24.10167	-58
24.10333	-59
24.10500	-59
24.10667	-60
24.10833	-59
24.11000	-60
24.11167	-60
24.11333	-60
24.11500	-60
24.11667	-61
24.11833	-61
24.12000	-61
24.12167	-61
24.12333	-61
24.12500	-62
24.12667	-61
24.12833	-61
24.13000	-62
24.13167	-61
24.13333	-62
24.13500	-62
24.13667	-62
24.13833	-62
24.14000	-63
24.14167	-62
24.14333	-62
24.14500	-63
24.14667	-62
24.14833	-63
24.15000	-63
24.15167	-63
24.15333	-62
24.15500	-63
24.15667	-63
24.15833	-62
24.16000	-63
24.16167	-62
24.16333	-63
24.16500	-62
24.16667	-63
24.16833	-62
24.17000	-63
24.17167	-62
24.17333	-63
24.17500	-64
24.17667	-63
24.17833	-63
24.18000	-64
24.18167	-64
24.18333	-64
24.18500	-65
24.18667	-65
24.18833	-65
24.19000	-65
24.19167	-66
24.19333	-66
24.19500	-66
24.19667	-67
24.19833	-67
24.20000	-67
24.20167	-68
24.20333	-68
24.20500	-68
24.20667	-68
24.20833	-69
24.21000	-69
24.21167	-69
24.21333	-69
24.21500	-69
24.21667	-70
24.21833	-69
24.22000	-69
24.22167	-70
24.22333	-69
24.22500	-70
24.22667	-69
24.22833	-70
24.23000	-69
24.23167	-69
24.23333	-69
24.23500	-70
24.23667	-69
24.23833	-69
24.24000	-68
24.24167	-69
24.24333	-69
24.24500	-69
24.24667	-68
24.24833	-69
24.25000	-69
24.25167	-68
24.25333	-69
24.25500	-68
24.25667	-69
24.25833	-68
24.26000	-68
24.26167	-68
24.26333	-68
24.26500	-68
24.26667	-68
24.26833	-68
24.27000	-68
24.27167	-68
24.27333	-68
24.27500	-68
24.27667	-68
24.27833	-69
24.28000	-68
24.28167	-69
24.28333	-69
24.28500	-69
24.28667	-69
24.28833	-69
24.29000	-69
24.29167	-69
24.29333	-70
24.29500	-69
24.29667	-70
24.29833	-70
24.30000	-70
24.30167	-71
24.30333	-70
24.30500	-71
24.30667	-70
24.30833	-71
24.31000	-71
24.31167	-72
24.31333	-71
24.31500	-71
24.31667	-72
24.31833	-71
24.32000	-71
24.32167	-72
24.32333	-71
24.32500	-72
24.32667	-71
24.32833	-72
24.33000	-71
24.33167	-71
24.33333	-72
24.33500	-71
24.33667	-71
24.33833	-72
24.34000	-71
24.34167	-71
24.34333	-71
24.34500	-70
24.34667	-71
24.34833	-71
24.35000	-70
24.35167	-71
24.35333	-70
24.35500	-70
24.35667	-70
24.35833	-70
24.36000	-70
24.36167	-70
24.36333	-70
24.36500	-70
24.36667	-69
24.36833	-70
24.37000	-69
24.37167	-70
24.37333	-69
24.37500	-70
24.37667	-69
24.37833	-70
24.38000	-69
24.38167	-70
24.38333	-69
24.38500	-70
24.38667	-69
24.38833	-70
24.39000	-69
24.39167	-70
24.39333	-69
24.39500	-69
24.39667	-70
24.39833	-69
24.40000	-70
24.40167	-69
24.40333	-70
24.40500	-69
24.40667	-70
24.40833	-70
24.41000	-69
24.41167	-70
24.41333	-70
24.41500	-69
24.41667	-70
24.41833	-70
24.42000	-70
24.42167	-70
24.42333	-70
24.42500	-70
24.42667	-70
24.42833	-71
24.43000	-71
24.43167	-71
24.43333	-71
24.43500	-72
24.43667	-71
24.43833	-72
24.44000	-73
24.44167	-72
24.44333	-73
24.44500	-73
24.44667	-74
24.44833	-73
24.45000	-74
24.45167	-75
24.45333	-74
24.45500	-75
24.45667	-75
24.45833	-75
24.46000	-75
24.46167	-76
24.46333	-76
24.46500	-76
24.46667	-76
24.46833	-77
24.47000	-77
24.47167	-77
24.47333	-77
24.47500	-77
24.47667	-78
24.47833	-78
24.48000	-78
24.48167	-78
24.48333	-78
24.48500	-79
24.48667	-78
24.48833	-79
24.49000	-79
24.49167	-79
24.49333	-79
24.49500	-80
24.49667	-80
24.49833	-80
24.50000	-81
24.50167	-80
24.50333	-81
24.50500	-80
24.50667	-82
24.50833	-81
24.51000	-81
24.51167	-82
24.51333	-82
24.51500	-82
24.51667	-82
24.51833	-82
24.52000	-82
24.52167	-82
24.52333	-82
24.52500	-82
24.52667	-82
24.52833	-82
24.53000	-83
24.53167	-82
24.53333	-83
24.53500	-82
24.53667	-83
24.53833	-82
24.54000	-83
24.54167	-82
24.54333	-83
24.54500	-83
24.54667	-83
24.54833	-83
24.55000	-83
24.55167	-84
24.55333	-83
24.55500	-84
24.55667	-84
24.55833	-84
24.56000	-84
24.56167	-84
24.56333	-84
24.56500	-85
24.56667	-85
24.56833	-85
24.57000	-85
24.57167	-86
24.57333	-85
24.57500	-86
24.57667	-86
24.57833	-86
24.58000	-86
24.58167	-87
24.58333	-86
24.58500	-87
24.58667	-87
24.58833	-88
24.59000	-87
24.59167	-88
24.59333	-88
24.59500	-89
24.59667	-88
24.59833	-89
24.60000	-89
24.60167	-89
24.60333	-90
24.60500	-90
24.60667	-90
24.60833	-90
24.61000	-91
24.61167	-90
24.61333	-91
24.61500	-91
24.61667	-92
24.61833	-91
24.62000	-92
24.62167	-91
24.62333	-92
24.62500	-91
24.62667	-92
24.62833	-91
24.63000	-92
24.63167	-92
24.63333	-92
24.63500	-92
24.63667	-92
24.63833	-92
24.64000	-92
24.64167	-93
24.64333	-92
24.64500	-93
24.64667	-93
24.64833	-93
24.65000	-94
24.65167	-93
24.65333	-94
24.65500	-94
24.65667	-94
24.65833	-94
24.66000	-95
24.66167	-95
24.66333	-95
24.66500	-95
24.66667	-95
24.66833	-96
24.67000	-95
24.67167	-96
24.67333	-96
24.67500	-96
24.67667	-96
24.67833	-97
24.68000	-97
24.68167	-96
24.68333	-97
24.68500	-97
24.68667	-97
24.68833	-98
24.69000	-97
24.69167	-97
24.69333	-98
24.69500	-97
24.69667	-97
24.69833	-97
24.70000	-97
24.70167	-97
24.70333	-97
24.70500	-97
24.70667	-96
24.70833	-97
24.71000	-97
24.71167	-96
24.71333	-96
24.71500	-97
24.71667	-96
24.71833	-95
24.72000	-96
24.72167	-95
24.72333	-94
24.72500	-95
24.72667	-95
24.72833	-94
24.73000	-95
24.73167	-94
24.73333	-94
24.73500	-95
24.73667	-94
24.73833	-94
24.74000	-94
24.74167	-94
24.74333	-95
24.74500	-94
24.74667	-95
24.74833	-95
24.75000	-95
24.75167	-95
24.75333	-95
24.75500	-96
24.75667	-96
24.75833	-96
24.76000	-97
24.76167	-97
24.76333	-97
24.76500	-97
24.76667	-97
24.76833	-98
24.77000	-98
24.77167	-98
24.77333	-98
24.77500	-98
24.77667	-98
24.77833	-99
24.78000	-98
24.78167	-99
24.78333	-98
24.78500	-99
24.78667	-98
24.78833	-99
24.79000	-98
24.79167	-98
24.79333	-98
24.79500	-98
24.79667	-98
24.79833	-98
24.80000	-98
24.80167	-98
24.80333	-98
24.80500	-97
24.80667	-98
24.80833	-97
24.81000	-97
24.81167	-98
24.81333	-98
24.81500	-98
24.81667	-98
24.81833	-98
24.82000	-98
24.82167	-99
24.82333	-98
24.82500	-99
24.82667	-99
24.82833	-99
24.83000	-99
24.83167	-100
24.83333	-100
24.83500	-99
24.83667	-100
24.83833	-100
24.84000	-100
24.84167	-100
24.84333	-101
24.84500	-100
24.84667	-101
24.84833	-100
24.85000	-101
24.85167	-100
24.85333	-101
24.85500	-101
24.85667	-101
24.85833	-101
24.86000	-102
24.86167	-101
24.86333	-101
24.86500	-100
24.86667	-101
24.86833	-101
24.87000	-100
24.87167	-101
24.87333	-100
24.87500	-101
24.87667	-100
24.87833	-100
24.88000	-100
24.88167	-100
24.88333	-100
24.88500	-100
24.88667	-100
24.88833	-100
24.89000	-101
24.89167	-100
24.89333	-100
24.89500	-101
24.89667	-100
24.89833	-100
24.90000	-100
24.90167	-100
24.90333	-101
24.90500	-101
24.90667	-100
24.90833	-101
24.91000	-101
24.91167	-102
24.91333	-101
24.91500	-102
24.91667	-101
24.91833	-102
24.92000	-102
24.92167	-103
24.92333	-102
24.92500	-103
24.92667	-103
24.92833	-102
24.93000	-103
24.93167	-103
24.93333	-103
24.93500	-103
24.93667	-103
24.93833	-103
24.94000	-103
24.94167	-104
24.94333	-103
24.94500	-103
24.94667	-104
24.94833	-103
24.95000	-104
24.95167	-103
24.95333	-104
24.95500	-104
24.95667	-104
24.95833	-104
24.96000	-104
24.96167	-104
24.96333	-105
24.96500	-104
24.96667	-105
24.96833	-104
24.97000	-105
24.97167	-105
24.97333	-105
24.97500	-105
24.97667	-105
24.97833	-105
24.98000	-106
24.98167	-105
24.98333	-105
24.98500	-106
24.98667	-105
24.98833	-106
24.99000	-105
24.99167	-106
24.99333	-106
24.99500	-106
24.99667	-106
24.99833	-106
25.00000	-107
25.00167	-106
25.00333	-106
25.00500	-107
25.00667	-107
25.00833	-106
25.01000	-106
25.01167	-106
25.01333	-106
25.01500	-106
25.01667	-106
25.01833	-106
25.02000	-106
25.02167	-106
25.02333	-106
25.02500	-106
25.02667	-106
25.02833	-106
25.03000	-106
25.03167	-107
25.03333	-106
25.03500	-106
25.03667	-106
25.03833	-107
25.04000	-106
25.04167	-106
25.04333	-107
25.04500	-106
25.04667	-107
25.04833	-106
25.05000	-107
25.05167	-107
25.05333	-106
25.05500	-107
25.05667	-107
25.05833	-107
25.06000	-107
25.06167	-107
25.06333	-107
25.06500	-107
25.06667	-106
25.06833	-107
25.07000	-107
25.07167	-106
25.07333	-107
25.07500	-106
25.07667	-107
25.07833	-106
25.08000	-106
25.08167	-105
25.08333	-106
25.08500	-106
25.08667	-105
25.08833	-106
25.09000	-105
25.09167	-104
25.09333	-105
25.09500	-104
25.09667	-104
25.09833	-104
25.10000	-104
25.10167	-103
25.10333	-103
25.10500	-102
25.10667	-103
25.10833	-103
25.11000	-102
25.11167	-102
25.11333	-103
25.11500	-102
25.11667	-102
25.11833	-101
25.12000	-102
25.12167	-101
25.12333	-102
25.12500	-102
25.12667	-101
25.12833	-102
25.13000	-101
25.13167	-102
25.13333	-101
25.13500	-102
25.13667	-102
25.13833	-102
25.14000	-102
25.14167	-101
25.14333	-102
25.14500	-103
25.14667	-102
25.14833	-103
25.15000	-102
25.15167	-103
25.15333	-103
25.15500	-102
25.15667	-103
25.15833	-104
25.16000	-103
25.16167	-103
25.16333	-104
25.16500	-104
25.16667	-104
25.16833	-104
25.17000	-104
25.17167	-106
25.17333	-105
25.17500	-105
25.17667	-105
25.17833	-106
25.18000	-106
25.18167	-106
25.18333	-106
25.18500	-107
25.18667	-107
25.18833	-106
25.19000	-108
25.19167	-107
25.19333	-108
25.19500	-108
25.19667	-108
25.19833	-108
25.20000	-108
25.20167	-109
25.20333	-108
25.20500	-109
25.20667	-109
25.20833	-109
25.21000	-110
25.21167	-110
25.21333	-109
25.21500	-110
25.21667	-110
25.21833	-110
25.22000	-111
25.22167	-110
25.22333	-111
25.22500	-111
25.22667	-111
25.22833	-111
25.23000	-111
25.23167	-111
25.23333	-111
25.23500	-112
25.23667	-111
25.23833	-112
25.24000	-112
25.24167	-112
25.24333	-113
25.24500	-112
25.24667	-113
25.24833	-113
25.25000	-112
25.25167	-113
25.25333	-113
25.25500	-113
25.25667	-113
25.25833	-113
25.26000	-112
25.26167	-113
25.26333	-113
25.26500	-113
25.26667	-112
25.26833	-113
25.27000	-113
25.27167	-113
25.27333	-113
25.27500	-113
25.27667	-113
25.27833	-113
25.28000	-112
25.28167	-112
25.28333	-112
25.28500	-112
25.28667	-112
25.28833	-112
25.29000	-111
25.29167	-112
25.29333	-111
25.29500	-112
25.29667	-111
25.29833	-111
25.30000	-110
25.30167	-111
25.30333	-111
25.30500	-111
25.30667	-110
25.30833	-111
25.31000	-111
25.31167	-110
25.31333	-111
25.31500	-110
25.31667	-111
25.31833	-111
25.32000	-110
25.32167	-111
25.32333	-111
25.32500	-112
25.32667	-111
25.32833	-112
25.33000	-112
25.33167	-112
25.33333	-113
25.33500	-113
25.33667	-113
25.33833	-113
25.34000	-113
25.34167	-113
25.34333	-114
25.34500	-114
25.34667	-113
25.34833	-115
25.35000	-114
25.35167	-114
25.35333	-114
25.35500	-114
25.35667	-114
25.35833	-114
25.36000	-114
25.36167	-114
25.36333	-114
25.36500	-114
25.36667	-113
25.36833	-114
25.37000	-114
25.37167	-114
25.37333	-113
25.37500	-114
25.37667	-113
25.37833	-113
25.38000	-113
25.38167	-113
25.38333	-113
25.38500	-112
25.38667	-113
25.38833	-112
25.39000	-112
25.39167	-112
25.39333	-112
25.39500	-112
25.39667	-112
25.39833	-112
25.40000	-112
25.40167	-112
25.40333	-111
25.40500	-112
25.40667	-111
25.40833	-111
25.41000	-112
25.41167	-111
25.41333	-111
25.41500	-111
25.41667	-111
25.41833	-111
25.42000	-111
25.42167	-110
25.42333	-111
25.42500	-110
25.42667	-110
25.42833	-111
25.43000	-110
25.43167	-109
25.43333	-110
25.43500	-110
25.43667	-109
25.43833	-109
25.44000	-110
25.44167	-109
25.44333	-109
25.44500	-109
25.44667	-109
25.44833	-108
25.45000	-109
25.45167	-108
25.45333	-108
25.45500	-108
25.45667	-107
25.45833	-108
25.46000	-107
25.46167	-107
25.46333	-106
25.46500	-107
25.46667	-105
25.46833	-106
25.47000	-105
25.47167	-105
25.47333	-104
25.47500	-104
25.47667	-103
25.47833	-103
25.48000	-102
25.48167	-102
25.48333	-102
25.48500	-101
25.48667	-100
25.48833	-100
25.49000	-100
25.49167	-99
25.49333	-99
25.49500	-98
25.49667	-98
25.49833	-97
25.50000	-97
25.50167	-96
25.50333	-95
25.50500	-95
25.50667	-95
25.50833	-94
25.51000	-93
25.51167	-93
25.51333	-93
25.51500	-92
25.51667	-92
25.51833	-91
25.52000	-91
25.52167	-91
25.52333	-90
25.52500	-90
25.52667	-90
25.52833	-89
25.53000	-89
25.53167	-89
25.53333	-88
25.53500	-88
25.53667	-88
25.53833	-88
25.54000	-87
25.54167	-88
25.54333	-87
25.54500	-87
25.54667	-87
25.54833	-87
25.55000	-87
25.55167	-87
25.55333	-86
25.55500	-87
25.55667	-87
25.55833	-86
25.56000	-86
25.56167	-87
25.56333	-86
25.56500	-85
25.56667	-86
25.56833	-85
25.57000	-86
25.57167	-85
25.57333	-85
25.57500	-85
25.57667	-85
25.57833	-84
25.58000	-84
25.58167	-84
25.58333	-83
25.58500	-84
25.58667	-83
25.58833	-83
25.59000	-82
25.59167	-82
25.59333	-82
25.59500	-82
25.59667	-81
25.59833	-81
25.60000	-81
25.60167	-81
25.60333	-81
25.60500	-80
25.60667	-80
25.60833	-80
25.61000	-79
25.61167	-80
25.61333	-79
25.61500	-80
25.61667	-79
25.61833	-79
25.62000	-79
25.62167	-79
25.62333	-79
25.62500	-79
25.62667	-79
25.62833	-79
25.63000	-79
25.63167	-78
25.63333	-80
25.63500	-79
25.63667	-79
25.63833	-79
25.64000	-79
25.64167	-79
25.64333	-79
25.64500	-80
25.64667	-79
25.64833	-80
25.65000	-79
25.65167	-80
25.65333	-80
25.65500	-79
25.65667	-80
25.65833	-80
25.66000	-80
25.66167	-81
25.66333	-80
25.66500	-81
25.66667	-80
25.66833	-81
25.67000	-80
25.67167	-81
25.67333	-80
25.67500	-81
25.67667	-80
25.67833	-81
25.68000	-80
25.68167	-80
25.68333	-81
25.68500	-80
25.68667	-80
25.68833	-81
25.69000	-80
25.69167	-79
25.69333	-80
25.69500	-80
25.69667	-80
25.69833	-79
25.70000	-80
25.70167	-79
25.70333	-80
25.70500	-79
25.70667	-80
25.70833	-79
25.71000	-80
25.71167	-79
25.71333	-79
25.71500	-79
25.71667	-80
25.71833	-80
25.72000	-80
25.72167	-80
25.72333	-80
25.72500	-81
25.72667	-80
25.72833	-81
25.73000	-81
25.73167	-81
25.73333	-82
25.73500	-81
25.73667	-81
25.73833	-82
25.74000	-82
25.74167	-82
25.74333	-82
25.74500	-83
25.74667	-82
25.74833	-82
25.75000	-83
25.75167	-83
25.75333	-84
25.75500	-83
25.75667	-84
25.75833	-83
25.76000	-84
25.76167	-85
25.76333	-84
25.76500	-84
25.76667	-85
25.76833	-85
25.77000	-85
25.77167	-86
25.77333	-86
25.77500	-86
25.77667	-86
25.77833	-86
25.78000	-87
25.78167	-87
25.78333	-87
25.78500	-88
25.78667	-88
25.78833	-88
25.79000	-89
25.79167	-88
25.79333	-89
25.79500	-90
25.79667	-89
25.79833	-90
25.80000	-90
25.80167	-91
25.80333	-90
25.80500	-91
25.80667	-91
25.80833	-91
25.81000	-91
25.81167	-91
25.81333	-91
25.81500	-91
25.81667	-91
25.81833	-91
25.82000	-90
25.82167	-91
25.82333	-91
25.82500	-92
25.82667	-91
25.82833	-90
25.83000	-91
25.83167	-91
25.83333	-91
25.83500	-90
25.83667	-91
25.83833	-90
25.84000	-90
25.84167	-91
25.84333	-90
25.84500	-90
25.84667	-90
25.84833	-90
25.85000	-90
25.85167	-90
25.85333	-90
25.85500	-89
25.85667	-90
25.85833	-89
25.86000	-90
25.86167	-89
25.86333	-90
25.86500	-89
25.86667	-90
25.86833	-89
25.87000	-90
25.87167	-90
25.87333	-89
25.87500	-90
25.87667	-90
25.87833	-90
25.88000	-90
25.88167	-90
25.88333	-90
25.88500	-90
25.88667	-90
25.88833	-90
25.89000	-91
25.89167	-90
25.89333	-90
25.89500	-91
25.89667	-90
25.89833	-91
25.90000	-91
25.90167	-91
25.90333	-91
25.90500	-92
25.90667	-91
25.90833	-91
25.91000	-92
25.91167	-91
25.91333	-92
25.91500	-92
25.91667	-92
25.91833	-92
25.92000	-93
25.92167	-93
25.92333	-92
25.92500	-93
25.92667	-93
25.92833	-94
25.93000	-93
25.93167	-94
25.93333	-93
25.93500	-94
25.93667	-94
25.93833	-95
25.94000	-94
25.94167	-95
25.94333	-94
25.94500	-95
25.94667	-95
25.94833	-95
25.95000	-95
25.95167	-96
25.95333	-95
25.95500	-95
25.95667	-96
25.95833	-95
25.96000	-96
25.96167	-95
25.96333	-96
25.96500	-95
25.96667	-96
25.96833	-95
25.97000	-95
25.97167	-95
25.97333	-95
25.97500	-95
25.97667	-94
25.97833	-95
25.98000	-94
25.98167	-95
25.98333	-94
25.98500	-94
25.98667	-93
25.98833	-94
25.99000	-94
25.99167	-93
25.99333	-93
25.99500	-93
25.99667	-94
25.99833	-93
26.00000	-93
26.00167	-92
26.00333	-94
26.00500	-92
26.00667	-94
26.00833	-93
26.01000	-93
26.01167	-93
26.01333	-93
26.01500	-93
26.01667	-94
26.01833	-93
26.02000	-93
26.02167	-93
26.02333	-94
26.02500	-93
26.02667	-94
26.02833	-93
26.03000	-93
26.03167	-94
26.03333	-93
26.03500	-93
26.03667	-93
26.03833	-93
26.04000	-93
26.04167	-93
26.04333	-93
26.04500	-93
26.04667	-92
26.04833	-93
26.05000	-93
26.05167	-92
26.05333	-92
26.05500	-93
26.05667	-92
26.05833	-92
26.06000	-92
26.06167	-92
26.06333	-93
26.06500	-92
26.06667	-92
26.06833	-93
26.07000	-92
26.07167	-93
26.07333	-93
26.07500	-94
26.07667	-93
26.07833	-94
26.08000	-93
26.08167	-94
26.08333	-95
26.08500	-94
26.08667	-94
26.08833	-95
26.09000	-95
26.09167	-95
26.09333	-95
26.09500	-96
26.09667	-95
26.09833	-96
26.10000	-96
26.10167	-96
26.10333	-96
26.10500	-97
26.10667	-96
26.10833	-96
26.11000	-97
26.11167	-96
26.11333	-97
26.11500	-97
26.11667	-97
26.11833	-97
26.12000	-97
26.12167	-97
26.12333	-97
26.12500	-97
26.12667	-97
26.12833	-97
26.13000	-97
26.13167	-97
26.13333	-98
26.13500	-97
26.13667	-97
26.13833	-98
26.14000	-97
26.14167	-98
26.14333	-97
26.14500	-98
26.14667	-98
26.14833	-98
26.15000	-98
26.15167	-98
26.15333	-98
26.15500	-98
26.15667	-97
26.15833	-98
26.16000	-98
26.16167	-98
26.16333	-98
26.16500	-98
26.16667	-98
26.16833	-98
26.17000	-99
26.17167	-98
26.17333	-98
26.17500	-98
26.17667	-98
26.17833	-99
26.18000	-98
26.18167	-99
26.18333	-99
26.18500	-99
26.18667	-100
26.18833	-99
26.19000	-100
26.19167	-100
26.19333	-100
26.19500	-100
26.19667	-101
26.19833	-101
26.20000	-100
26.20167	-102
26.20333	-101
26.20500	-102
26.20667	-102
26.20833	-103
26.21000	-102
26.21167	-103
26.21333	-103
26.21500	-103
26.21667	-104
26.21833	-103
26.22000	-104
26.22167	-104
26.22333	-104
26.22500	-105
26.22667	-104
26.22833	-105
26.23000	-105
26.23167	-105
26.23333	-105
26.23500	-106
26.23667	-106
26.23833	-106
26.24000	-107
26.24167	-107
26.24333	-107
26.24500	-107
26.24667	-108
26.24833	-108
26.25000	-108
26.25167	-109
26.25333	-109
26.25500	-110
26.25667	-109
26.25833	-111
26.26000	-111
26.26167	-111
26.26333	-111
26.26500	-112
26.26667	-112
26.26833	-112
26.27000	-113
26.27167	-114
26.27333	-114
26.27500	-114
26.27667	-115
26.27833	-115
26.28000	-116
26.28167	-116
26.28333	-117
26.28500	-118
26.28667	-118
26.28833	-118
26.29000	-119
26.29167	-120
26.29333	-120
26.29500	-121
26.29667	-121
26.29833	-121
26.30000	-122
26.30167	-123
26.30333	-124
26.30500	-124
26.30667	-124
26.30833	-125
26.31000	-126
26.31167	-126
26.31333	-126
26.31500	-127
26.31667	-127
26.31833	-128
26.32000	-129
26.32167	-128
26.32333	-130
26.32500	-129
26.32667	-130
26.32833	-130
26.33000	-131
26.33167	-132
26.33333	-132
26.33500	-132
26.33667	-132
26.33833	-133
26.34000	-133
26.34167	-134
26.34333	-133
26.34500	-134
26.34667	-134
26.34833	-135
26.35000	-134
26.35167	-135
26.35333	-135
26.35500	-135
26.35667	-136
26.35833	-136
26.36000	-136
26.36167	-136
26.36333	-137
26.36500	-137
26.36667	-137
26.36833	-138
26.37000	-137
26.37167	-138
26.37333	-139
26.37500	-138
26.37667	-139
26.37833	-139
26.38000	-139
26.38167	-139
26.38333	-140
26.38500	-140
26.38667	-140
26.38833	-140
26.39000	-141
26.39167	-141
26.39333	-141
26.39500	-141
26.39667	-142
26.39833	-141
26.40000	-143
26.40167	-142
26.40333	-142
26.40500	-142
26.40667	-143
26.40833	-143
26.41000	-143
26.41167	-144
26.41333	-143
26.41500	-144
26.41667	-143
26.41833	-144
26.42000	-144
26.42167	-144
26.42333	-144
26.42500	-145
26.42667	-144
26.42833	-144
26.43000	-145
26.43167	-144
26.43333	-144
26.43500	-145
26.43667	-144
26.43833	-144
26.44000	-144
26.44167	-144
26.44333	-144
26.44500	-144
26.44667	-144
26.44833	-144
26.45000	-144
26.45167	-144
26.45333	-144
26.45500	-144
26.45667	-144
26.45833	-144
26.46000	-144
26.46167	-144
26.46333	-144
26.46500	-144
26.46667	-144
26.46833	-145
26.47000	-144
26.47167	-145
26.47333	-145
26.47500	-145
26.47667	-144
26.47833	-145
26.48000	-146
26.48167	-145
26.48333	-145
26.48500	-146
26.48667	-146
26.48833	-146
26.49000	-145
26.49167	-146
26.49333	-146
26.49500	-146
26.49667	-147
26.49833	-146
26.50000	-146
26.50167	-146
26.50333	-147
26.50500	-147
26.50667	-146
26.50833	-146
26.51000	-146
26.51167	-147
26.51333	-146
26.51500	-146
26.51667	-147
26.51833	-147
26.52000	-146
26.52167	-147
26.52333	-147
26.52500	-146
26.52667	-147
26.52833	-147
26.53000	-147
26.53167	-147
26.53333	-147
26.53500	-146
26.53667	-147
26.53833	-147
26.54000	-147
26.54167	-147
26.54333	-146
26.54500	-147
26.54667	-146
26.54833	-147
26.55000	-146
26.55167	-147
26.55333	-146
26.55500	-147
26.55667	-146
26.55833	-147
26.56000	-146
26.56167	-146
26.56333	-147
26.56500	-146
26.56667	-146
26.56833	-147
26.57000	-146
26.57167	-146
26.57333	-146
26.57500	-147
26.57667	-146
26.57833	-146
26.58000	-146
26.58167	-146
26.58333	-147
26.58500	-146
26.58667	-147
26.58833	-146
26.59000	-147
26.59167	-147
26.59333	-146
26.59500	-147
26.59667	-147
26.59833	-146
26.60000	-147
26.60167	-147
26.60333	-147
26.60500	-147
26.60667	-147
26.60833	-147
26.61000	-147
26.61167	-147
26.61333	-147
26.61500	-147
26.61667	-147
26.61833	-147
26.62000	-147
26.62167	-147
26.62333	-147
26.62500	-147
26.62667	-148
26.62833	-147
26.63000	-147
26.63167	-147
26.63333	-147
26.63500	-148
26.63667	-147
26.63833	-147
26.64000	-147
26.64167	-148
26.64333	-147
26.64500	-147
26.64667	-147
26.64833	-147
26.65000	-147
26.65167	-147
26.65333	-147
26.65500	-147
26.65667	-147
26.65833	-147
26.66000	-148
26.66167	-147
26.66333	-148
26.66500	-147
26.66667	-148
26.66833	-148
26.67000	-148
26.67167	-148
26.67333	-148
26.67500	-149
26.67667	-149
26.67833	-148
26.68000	-149
26.68167	-149
26.68333	-149
26.68500	-149
26.68667	-150
26.68833	-149
26.69000	-150
26.69167	-150
26.69333	-150
26.69500	-150
26.69667	-151
26.69833	-150
26.70000	-151
26.70167	-151
26.70333	-150
26.70500	-151
26.70667	-152
26.70833	-151
26.71000	-152
26.71167	-152
26.71333	-153
26.71500	-152
26.71667	-152
26.71833	-152
26.72000	-153
26.72167	-152
26.72333	-153
26.72500	-153
26.72667	-153
26.72833	-152
26.73000	-153
26.73167	-153
26.73333	-153
26.73500	-153
26.73667	-152
26.73833	-153
26.74000	-152
26.74167	-152
26.74333	-152
26.74500	-152
26.74667	-152
26.74833	-151
26.75000	-151
26.75167	-151
26.75333	-150
26.75500	-151
26.75667	-150
26.75833	-150
26.76000	-149
26.76167	-150
26.76333	-150
26.76500	-149
26.76667	-150
26.76833	-149
26.77000	-149
26.77167	-149
26.77333	-149
26.77500	-150
26.77667	-149
26.77833	-149
26.78000	-150
26.78167	-150
26.78333	-150
26.78500	-150
26.78667	-150
26.78833	-150
26.79000	-151
26.79167	-151
26.79333	-150
26.79500	-151
26.79667	-151
26.79833	-151
26.80000	-152
26.80167	-151
26.80333	-151
26.80500	-151
26.80667	-151
26.80833	-152
26.81000	-152
26.81167	-151
26.81333	-152
26.81500	-152
26.81667	-152
26.81833	-152
26.82000	-152
26.82167	-152
26.82333	-153
26.82500	-152
26.82667	-152
26.82833	-153
26.83000	-152
26.83167	-153
26.83333	-153
26.83500	-153
26.83667	-153
26.83833	-153
26.84000	-153
26.84167	-152
26.84333	-153
26.84500	-153
26.84667	-153
26.84833	-152
26.85000	-152
26.85167	-153
26.85333	-152
26.85500	-152
26.85667	-152
26.85833	-151
26.86000	-151
26.86167	-151
26.86333	-151
26.86500	-150
26.86667	-150
26.86833	-151
26.87000	-150
26.87167	-149
26.87333	-149
26.87500	-149
26.87667	-149
26.87833	-149
26.88000	-149
26.88167	-149
26.88333	-149
26.88500	-149
26.88667	-149
26.88833	-149
26.89000	-149
26.89167	-149
26.89333	-149
26.89500	-149
26.89667	-149
26.89833	-149
26.90000	-150
26.90167	-149
26.90333	-150
26.90500	-150
26.90667	-150
26.90833	-150
26.91000	-149
26.91167	-150
26.91333	-151
26.91500	-150
26.91667	-150
26.91833	-151
26.92000	-151
26.92167	-150
26.92333	-151
26.92500	-150
26.92667	-151
26.92833	-151
26.93000	-150
26.93167	-151
26.93333	-151
26.93500	-151
26.93667	-150
26.93833	-151
26.94000	-151
26.94167	-150
26.94333	-151
26.94500	-151
26.94667	-150
26.94833	-150
26.95000	-151
26.95167	-151
26.95333	-150
26.95500	-151
26.95667	-150
26.95833	-151
26.96000	-150
26.96167	-151
26.96333	-151
26.96500	-151
26.96667	-151
26.96833	-152
26.97000	-151
26.97167	-152
26.97333	-152
26.97500	-153
26.97667	-152
26.97833	-153
26.98000	-152
26.98167	-153
26.98333	-154
26.98500	-153
26.98667	-153
26.98833	-154
26.99000	-154
26.99167	-153
26.99333	-154
26.99500	-154
26.99667	-154
26.99833	-154
27.00000	-154
27.00167	-155
27.00333	-154
27.00500	-154
27.00667	-154
27.00833	-154
27.01000	-154
27.01167	-154
27.01333	-154
27.01500	-154
27.01667	-154
27.01833	-153
27.02000	-154
27.02167	-153
27.02333	-153
27.02500	-154
27.02667	-153
27.02833	-154
27.03000	-153
27.03167	-153
27.03333	-154
27.03500	-153
27.03667	-153
27.03833	-153
27.04000	-154
27.04167	-153
27.04333	-154
27.04500	-154
27.04667	-153
27.04833	-154
27.05000	-154
27.05167	-154
27.05333	-154
27.05500	-155
27.05667	-154
27.05833	-154
27.06000	-155
27.06167	-154
27.06333	-155
27.06500	-155
27.06667	-155
27.06833	-156
27.07000	-155
27.07167	-156
27.07333	-155
27.07500	-156
27.07667	-156
27.07833	-156
27.08000	-156
27.08167	-157
27.08333	-156
27.08500	-157
27.08667	-157
27.08833	-157
27.09000	-157
27.09167	-158
27.09333	-157
27.09500	-158
27.09667	-157
27.09833	-158
27.10000	-157
27.10167	-158
27.10333	-157
27.10500	-157
27.10667	-157
27.10833	-157
27.11000	-157
27.11167	-157
27.11333	-157
27.11500	-156
27.11667	-156
27.11833	-157
27.12000	-156
27.12167	-156
27.12333	-156
27.12500	-156
27.12667	-156
27.12833	-156
27.13000	-156
27.13167	-156
27.13333	-156
27.13500	-156
27.13667	-156
27.13833	-157
27.14000	-156
27.14167	-156
27.14333	-156
27.14500	-157
27.14667	-156
27.14833	-156
27.15000	-156
27.15167	-156
27.15333	-157
27.15500	-156
27.15667	-156
27.15833	-156
27.16000	-157
27.16167	-156
27.16333	-156
27.16500	-156
27.16667	-156
27.16833	-156
27.17000	-156
27.17167	-157
27.17333	-157
27.17500	-156
27.17667	-157
27.17833	-156
27.18000	-157
27.18167	-157
27.18333	-157
27.18500	-158
27.18667	-157
27.18833	-157
27.19000	-157
27.19167	-158
27.19333	-158
27.19500	-158
27.19667	-158
27.19833	-158
27.20000	-159
27.20167	-159
27.20333	-159
27.20500	-160
27.20667	-159
27.20833	-160
27.21000	-161
27.21167	-160
27.21333	-161
27.21500	-161
27.21667	-162
27.21833	-161
27.22000	-161
27.22167	-161
27.22333	-162
27.22500	-161
27.22667	-162
27.22833	-161
27.23000	-162
27.23167	-161
27.23333	-162
27.23500	-161
27.23667	-161
27.23833	-161
27.24000	-161
27.24167	-160
27.24333	-160
27.24500	-160
27.24667	-159
27.24833	-159
27.25000	-159
27.25167	-159
27.25333	-158
27.25500	-159
27.25667	-158
27.25833	-158
27.26000	-157
27.26167	-158
27.26333	-157
27.26500	-157
27.26667	-157
27.26833	-157
27.27000	-157
27.27167	-156
27.27333	-156
27.27500	-156
27.27667	-156
27.27833	-156
27.28000	-156
27.28167	-155
27.28333	-156
27.28500	-155
27.28667	-155
27.28833	-155
27.29000	-156
27.29167	-155
27.29333	-155
27.29500	-155
27.29667	-156
27.29833	-155
27.30000	-156
27.30167	-155
27.30333	-156
27.30500	-155
27.30667	-156
27.30833	-156
27.31000	-156
27.31167	-156
27.31333	-156
27.31500	-156
27.31667	-156
27.31833	-156
27.32000	-157
27.32167	-156
27.32333	-157
27.32500	-157
27.32667	-156
27.32833	-157
27.33000	-157
27.33167	-157
27.33333	-157
27.33500	-157
27.33667	-156
27.33833	-157
27.34000	-157
27.34167	-157
27.34333	-156
27.34500	-157
27.34667	-156
27.34833	-157
27.35000	-157
27.35167	-156
27.35333	-157
27.35500	-156
27.35667	-157
27.35833	-156
27.36000	-156
27.36167	-156
27.36333	-156
27.36500	-156
27.36667	-156
27.36833	-155
27.37000	-156
27.37167	-156
27.37333	-156
27.37500	-156
27.37667	-155
27.37833	-156
27.38000	-155
27.38167	-156
27.38333	-156
27.38500	-156
27.38667	-156
27.38833	-156
27.39000	-156
27.39167	-156
27.39333	-156
27.39500	-156
27.39667	-156
27.39833	-156
27.40000	-155
27.40167	-156
27.40333	-156
27.40500	-155
27.40667	-155
27.40833	-155
27.41000	-155
27.41167	-155
27.41333	-155
27.41500	-155
27.41667	-154
27.41833	-154
27.42000	-154
27.42167	-155
27.42333	-153
27.42500	-155
27.42667	-153
27.42833	-155
27.43000	-154
27.43167	-153
27.43333	-154
27.43500	-155
27.43667	-154
27.43833	-154
27.44000	-155
27.44167	-154
27.44333	-154
27.44500	-154
27.44667	-155
27.44833	-154
27.45000	-155
27.45167	-155
27.45333	-155
27.45500	-156
27.45667	-155
27.45833	-156
27.46000	-155
27.46167	-156
27.46333	-155
27.46500	-156
27.46667	-156
27.46833	-155
27.47000	-156
27.47167	-156
27.47333	-156
27.47500	-156
27.47667	-156
27.47833	-156
27.48000	-156
27.48167	-157
27.48333	-156
27.48500	-157
27.48667	-156
27.48833	-156
27.49000	-157
27.49167	-157
27.49333	-157
27.49500	-157
27.49667	-156
27.49833	-157
27.50000	-157
27.50167	-157
27.50333	-158
27.50500	-157
27.50667	-157
27.50833	-158
27.51000	-157
27.51167	-157
27.51333	-158
27.51500	-158
27.51667	-157
27.51833	-158
27.52000	-158
27.52167	-158
27.52333	-158
27.52500	-159
27.52667	-158
27.52833	-159
27.53000	-158
27.53167	-159
27.53333	-158
27.53500	-159
27.53667	-159
27.53833	-159
27.54000	-159
27.54167	-159
27.54333	-159
27.54500	-159
27.54667	-159
27.54833	-158
27.55000	-159
27.55167	-159
27.55333	-159
27.55500	-159
27.55667	-158
27.55833	-159
27.56000	-159
27.56167	-158
27.56333	-158
27.56500	-158
27.56667	-159
27.56833	-158
27.57000	-158
27.57167	-158
27.57333	-158
27.57500	-157
27.57667	-158
27.57833	-158
27.58000	-157
27.58167	-158
27.58333	-157
27.58500	-157
27.58667	-157
27.58833	-157
27.59000	-158
27.59167	-157
27.59333	-157
27.59500	-157
27.59667	-158
27.59833	-157
27.60000	-157
27.60167	-157
27.60333	-157
27.60500	-157
27.60667	-157
27.60833	-157
27.61000	-157
27.61167	-157
27.61333	-156
27.61500	-157
27.61667	-157
27.61833	-156
27.62000	-157
27.62167	-156
27.62333	-156
27.62500	-157
27.62667	-156
27.62833	-157
27.63000	-156
27.63167	-156
27.63333	-157
27.63500	-156
27.63667	-156
27.63833	-156
27.64000	-156
27.64167	-156
27.64333	-156
27.64500	-157
27.64667	-156
27.64833	-157
27.65000	-156
27.65167	-157
27.65333	-156
27.65500	-156
27.65667	-157
27.65833	-156
27.66000	-157
27.66167	-156
27.66333	-157
27.66500	-157
27.66667	-156
27.66833	-157
27.67000	-157
27.67167	-157
27.67333	-157
27.67500	-158
27.67667	-157
27.67833	-157
27.68000	-157
27.68167	-158
27.68333	-157
27.68500	-158
27.68667	-157
27.68833	-158
27.69000	-158
27.69167	-158
27.69333	-158
27.69500	-158
27.69667	-158
27.69833	-158
27.70000	-157
27.70167	-159
27.70333	-158
27.70500	-158
27.70667	-158
27.70833	-158
27.71000	-158
27.71167	-158
27.71333	-157
27.71500	-158
27.71667	-157
27.71833	-157
27.72000	-158
27.72167	-157
27.72333	-157
27.72500	-157
27.72667	-157
27.72833	-156
27.73000	-157
27.73167	-156
27.73333	-157
27.73500	-156
27.73667	-157
27.73833	-156
27.74000	-157
27.74167	-157
27.74333	-156
27.74500	-157
27.74667	-156
27.74833	-157
27.75000	-156
27.75167	-157
27.75333	-157
27.75500	-157
27.75667	-157
27.75833	-157
27.76000	-157
27.76167	-158
27.76333	-157
27.76500	-158
27.76667	-158
27.76833	-158
27.77000	-158
27.77167	-159
27.77333	-158
27.77500	-159
27.77667	-159
27.77833	-158
27.78000	-159
27.78167	-159
27.78333	-159
27.78500	-159
27.78667	-159
27.78833	-159
27.79000	-159
27.79167	-159
27.79333	-159
27.79500	-158
27.79667	-159
27.79833	-159
27.80000	-159
27.80167	-159
27.80333	-158
27.80500	-159
27.80667	-158
27.80833	-158
27.81000	-158
27.81167	-158
27.81333	-158
27.81500	-157
27.81667	-158
27.81833	-157
27.82000	-157
27.82167	-157
27.82333	-156
27.82500	-157
27.82667	-156
27.82833	-157
27.83000	-156
27.83167	-157
27.83333	-156
27.83500	-156
27.83667	-156
27.83833	-156
27.84000	-157
27.84167	-156
27.84333	-156
27.84500	-156
27.84667	-156
27.84833	-157
27.85000	-156
27.85167	-156
27.85333	-156
27.85500	-156
27.85667	-156
27.85833	-157
27.86000	-156
27.86167	-157
27.86333	-156
27.86500	-157
27.86667	-156
27.86833	-157
27.87000	-157
27.87167	-157
27.87333	-156
27.87500	-157
27.87667	-157
27.87833	-158
27.88000	-157
27.88167	-158
27.88333	-158
27.88500	-157
27.88667	-158
27.88833	-159
27.89000	-158
27.89167	-159
27.89333	-159
27.89500	-159
27.89667	-159
27.89833	-160
27.90000	-159
27.90167	-160
27.90333	-160
27.90500	-161
27.90667	-160
27.90833	-161
27.91000	-161
27.91167	-162
27.91333	-161
27.91500	-162
27.91667	-162
27.91833	-162
27.92000	-163
27.92167	-162
27.92333	-163
27.92500	-163
27.92667	-162
27.92833	-163
27.93000	-164
27.93167	-163
27.93333	-164
27.93500	-164
27.93667	-164
27.93833	-164
27.94000	-165
27.94167	-164
27.94333	-165
27.94500	-164
27.94667	-165
27.94833	-164
27.95000	-165
27.95167	-164
27.95333	-165
27.95500	-165
27.95667	-164
27.95833	-164
27.96000	-165
27.96167	-165
27.96333	-164
27.96500	-165
27.96667	-165
27.96833	-165
27.97000	-164
27.97167	-165
27.97333	-164
27.97500	-164
27.97667	-164
27.97833	-164
27.98000	-164
27.98167	-164
27.98333	-163
27.98500	-164
27.98667	-163
27.98833	-164
27.99000	-163
27.99167	-163
27.99333	-163
27.99500	-164
27.99667	-163
27.99833	-164
28.00000	-163
28.00167	-164
28.00333	-164
28.00500	-163
28.00667	-164
28.00833	-164
28.01000	-164
28.01167	-164
28.01333	-164
28.01500	-165
28.01667	-164
28.01833	-165
28.02000	-164
28.02167	-165
28.02333	-165
28.02500	-165
28.02667	-165
28.02833	-166
28.03000	-165
28.03167	-165
28.03333	-166
28.03500	-165
28.03667	-166
28.03833	-165
28.04000	-166
28.04167	-166
28.04333	-166
28.04500	-165
28.04667	-166
28.04833	-166
28.05000	-165
28.05167	-166
28.05333	-165
28.05500	-166
28.05667	-165
28.05833	-166
28.06000	-165
28.06167	-166
28.06333	-165
28.06500	-165
28.06667	-165
28.06833	-165
28.07000	-164
28.07167	-165
28.07333	-164
28.07500	-165
28.07667	-165
28.07833	-165
28.08000	-165
28.08167	-164
28.08333	-165
28.08500	-165
28.08667	-165
28.08833	-165
28.09000	-165
28.09167	-165
28.09333	-166
28.09500	-165
28.09667	-166
28.09833	-166
28.10000	-167
28.10167	-166
28.10333	-167
28.10500	-167
28.10667	-167
28.10833	-167
28.11000	-167
28.11167	-168
28.11333	-168
28.11500	-168
28.11667	-168
28.11833	-168
28.12000	-169
28.12167	-169
28.12333	-168
28.12500	-170
28.12667	-169
28.12833	-169
28.13000	-170
28.13167	-169
28.13333	-170
28.13500	-169
28.13667	-170
28.13833	-169
28.14000	-169
28.14167	-170
28.14333	-170
28.14500	-169
28.14667	-169
28.14833	-170
28.15000	-169
28.15167	-169
28.15333	-169
28.15500	-169
28.15667	-169
28.15833	-169
28.16000	-169
28.16167	-169
28.16333	-169
28.16500	-169
28.16667	-169
28.16833	-168
28.17000	-169
28.17167	-169
28.17333	-168
28.17500	-169
28.17667	-169
28.17833	-168
28.18000	-168
28.18167	-169
28.18333	-168
28.18500	-169
28.18667	-168
28.18833	-169
28.19000	-168
28.19167	-169
28.19333	-168
28.19500	-169
28.19667	-168
28.19833	-168
28.20000	-168
28.20167	-168
28.20333	-168
28.20500	-168
28.20667	-169
28.20833	-168
28.21000	-169
28.21167	-169
28.21333	-168
28.21500	-169
28.21667	-168
28.21833	-169
28.22000	-169
28.22167	-169
28.22333	-169
28.22500	-170
28.22667	-169
28.22833	-169
28.23000	-169
28.23167	-169
28.23333	-168
28.23500	-169
28.23667	-169
28.23833	-168
28.24000	-169
28.24167	-168
28.24333	-169
28.24500	-168
28.24667	-169
28.24833	-168
28.25000	-168
28.25167	-168
28.25333	-168
28.25500	-167
28.25667	-168
28.25833	-168
28.26000	-168
28.26167	-168
28.26333	-168
28.26500	-167
28.26667	-168
28.26833	-168
28.27000	-167
28.27167	-168
28.27333	-168
28.27500	-168
28.27667	-169
28.27833	-168
28.28000	-169
28.28167	-169
28.28333	-169
28.28500	-169
28.28667	-170
28.28833	-169
28.29000	-170
28.29167	-169
28.29333	-170
28.29500	-170
28.29667	-170
28.29833	-170
28.30000	-170
28.30167	-170
28.30333	-170
28.30500	-169
28.30667	-170
28.30833	-170
28.31000	-170
28.31167	-169
28.31333	-170
28.31500	-169
28.31667	-170
28.31833	-169
28.32000	-170
28.32167	-169
28.32333	-170
28.32500	-169
28.32667	-170
28.32833	-169
28.33000	-170
28.33167	-170
28.33333	-170
28.33500	-170
28.33667	-170
28.33833	-170
28.34000	-170
28.34167	-170
28.34333	-171
28.34500	-170
28.34667	-170
28.34833	-171
28.35000	-170
28.35167	-171
28.35333	-170
28.35500	-171
28.35667	-170
28.35833	-170
28.36000	-170
28.36167	-171
28.36333	-170
28.36500	-170
28.36667	-170
28.36833	-171
28.37000	-170
28.37167	-170
28.37333	-170
28.37500	-171
28.37667	-170
28.37833	-169
28.38000	-170
28.38167	-170
28.38333	-170
28.38500	-170
28.38667	-170
28.38833	-170
28.39000	-169
28.39167	-170
28.39333	-170
28.39500	-169
28.39667	-170
28.39833	-170
28.40000	-169
28.40167	-170
28.40333	-169
28.40500	-170
28.40667	-169
28.40833	-170
28.41000	-169
28.41167	-169
28.41333	-170
28.41500	-169
28.41667	-169
28.41833	-169
28.42000	-170
28.42167	-169
28.42333	-169
28.42500	-169
28.42667	-169
28.42833	-169
28.43000	-170
28.43167	-169
28.43333	-169
28.43500	-169
28.43667	-170
28.43833	-169
28.44000	-169
28.44167	-169
28.44333	-170
28.44500	-168
28.44667	-169
28.44833	-169
28.45000	-169
28.45167	-168
28.45333	-169
28.45500	-168
28.45667	-169
28.45833	-168
28.46000	-168
28.46167	-168
28.46333	-168
28.46500	-168
28.46667	-167
28.46833	-167
28.47000	-167
28.47167	-167
28.47333	-167
28.47500	-167
28.47667	-167
28.47833	-166
28.48000	-167
28.48167	-166
28.48333	-166
28.48500	-166
28.48667	-166
28.48833	-166
28.49000	-166
28.49167	-166
28.49333	-165
28.49500	-166
28.49667	-166
28.49833	-166
28.50000	-166
28.50167	-166
28.50333	-166
28.50500	-166
28.50667	-166
28.50833	-167
28.51000	-166
28.51167	-167
28.51333	-167
28.51500	-167
28.51667	-167
28.51833	-167
28.52000	-167
28.52167	-168
28.52333	-167
28.52500	-168
28.52667	-167
28.52833	-167
28.53000	-168
28.53167	-168
28.53333	-168
28.53500	-168
28.53667	-168
28.53833	-168
28.54000	-169
28.54167	-169
28.54333	-168
28.54500	-170
28.54667	-169
28.54833	-169
28.55000	-169
28.55167	-170
28.55333	-169
28.55500	-170
28.55667	-170
28.55833	-170
28.56000	-170
28.56167	-171
28.56333	-170
28.56500	-171
28.56667	-171
28.56833	-170
28.57000	-171
28.57167	-171
28.57333	-171
28.57500	-172
28.57667	-171
28.57833	-171
28.58000	-172
28.58167	-171
28.58333	-171
28.58500	-172
28.58667	-171
28.58833	-171
28.59000	-172
28.59167	-171
28.59333	-171
28.59500	-171
28.59667	-172
28.59833	-171
28.60000	-171
28.60167	-172
28.60333	-171
28.60500	-171
28.60667	-171
28.60833	-171
28.61000	-171
28.61167	-171
28.61333	-171
28.61500	-171
28.61667	-171
28.61833	-171
28.62000	-170
28.62167	-171
28.62333	-171
28.62500	-171
28.62667	-170
28.62833	-171
28.63000	-171
28.63167	-171
28.63333	-171
28.63500	-171
28.63667	-171
28.63833	-172
28.64000	-171
28.64167	-172
28.64333	-171
28.64500	-171
28.64667	-172
28.64833	-172
28.65000	-172
28.65167	-172
28.65333	-172
28.65500	-173
28.65667	-172
28.65833	-173
28.66000	-173
28.66167	-173
28.66333	-173
28.66500	-173
28.66667	-173
28.66833	-173
28.67000	-173
28.67167	-173
28.67333	-173
28.67500	-172
28.67667	-173
28.67833	-173
28.68000	-172
28.68167	-173
28.68333	-173
28.68500	-172
28.68667	-173
28.68833	-173
28.69000	-172
28.69167	-172
28.69333	-173
28.69500	-172
28.69667	-172
28.69833	-171
28.70000	-172
28.70167	-171
28.70333	-172
28.70500	-171
28.70667	-171
28.70833	-171
28.71000	-170
28.71167	-171
28.71333	-170
28.71500	-171
28.71667	-170
28.71833	-170
28.72000	-170
28.72167	-170
28.72333	-170
28.72500	-170
28.72667	-170
28.72833	-170
28.73000	-169
28.73167	-171
28.73333	-170
28.73500	-170
28.73667	-170
28.73833	-170
28.74000	-171
28.74167	-170
28.74333	-170
28.74500	-171
28.74667	-170
28.74833	-170
28.75000	-171
28.75167	-170
28.75333	-171
28.75500	-170
28.75667	-171
28.75833	-170
28.76000	-171
28.76167	-171
28.76333	-171
28.76500	-171
28.76667	-171
28.76833	-171
28.77000	-172
28.77167	-171
28.77333	-171
28.77500	-172
28.77667	-171
28.77833	-171
28.78000	-171
28.78167	-172
28.78333	-171
28.78500	-172
28.78667	-171
28.78833	-172
28.79000	-171
28.79167	-171
28.79333	-172
28.79500	-171
28.79667	-171
28.79833	-172
28.80000	-171
28.80167	-171
28.80333	-171
28.80500	-171
28.80667	-171
28.80833	-171
28.81000	-171
28.81167	-171
28.81333	-171
28.81500	-171
28.81667	-171
28.81833	-170
28.82000	-171
28.82167	-170
28.82333	-171
28.82500	-170
28.82667	-171
28.82833	-170
28.83000	-171
28.83167	-170
28.83333	-170
28.83500	-170
28.83667	-171
28.83833	-170
28.84000	-170
28.84167	-171
28.84333	-170
28.84500	-170
28.84667	-171
28.84833	-170
28.85000	-171
28.85167	-170
28.85333	-171
28.85500	-171
28.85667	-170
28.85833	-171
28.86000	-171
28.86167	-172
28.86333	-171
28.86500	-172
28.86667	-172
28.86833	-171
28.87000	-172
28.87167	-172
28.87333	-172
28.87500	-172
28.87667	-173
28.87833	-172
28.88000	-173
28.88167	-173
28.88333	-174
28.88500	-173
28.88667	-174
28.88833	-173
28.89000	-175
28.89167	-174
28.89333	-174
28.89500	-175
28.89667	-175
28.89833	-175
28.90000	-175
28.90167	-175
28.90333	-175
28.90500	-175
28.90667	-175
28.90833	-174
28.91000	-175
28.91167	-174
28.91333	-174
28.91500	-174
28.91667	-174
28.91833	-174
28.92000	-173
28.92167	-174
28.92333	-172
28.92500	-173
28.92667	-172
28.92833	-171
28.93000	-172
28.93167	-171
28.93333	-172
28.93500	-171
28.93667	-170
28.93833	-171
28.94000	-171
28.94167	-170
28.94333	-171
28.94500	-170
28.94667	-170
28.94833	-170
28.95000	-170
28.95167	-171
28.95333	-170
28.95500	-171
28.95667	-170
28.95833	-171
28.96000	-171
28.96167	-171
28.96333	-172
28.96500	-172
28.96667	-172
28.96833	-173
28.97000	-172
28.97167	-173
28.97333	-173
28.97500	-174
28.97667	-174
28.97833	-174
28.98000	-174
28.98167	-175
28.98333	-175
28.98500	-175
28.98667	-175
28.98833	-175
28.99000	-176
28.99167	-176
28.99333	-175
28.99500	-176
28.99667	-176
28.99833	-176
29.00000	-176
29.00167	-176
29.00333	-176
29.00500	-175
29.00667	-176
29.00833	-175
29.01000	-176
29.01167	-176
29.01333	-175
29.01500	-175
29.01667	-176
29.01833	-175
29.02000	-175
29.02167	-175
29.02333	-175
29.02500	-175
29.02667	-176
29.02833	-175
29.03000	-175
29.03167	-175
29.03333	-175
29.03500	-176
29.03667	-175
29.03833	-175
29.04000	-176
29.04167	-176
29.04333	-175
29.04500	-176
29.04667	-177
29.04833	-176
29.05000	-176
29.05167	-176
29.05333	-177
29.05500	-177
29.05667	-176
29.05833	-177
29.06000	-178
29.06167	-177
29.06333	-177
29.06500	-177
29.06667	-177
29.06833	-177
29.07000	-178
29.07167	-177
29.07333	-177
29.07500	-178
29.07667	-177
29.07833	-177
29.08000	-177
29.08167	-177
29.08333	-176
29.08500	-177
29.08667	-176
29.08833	-176
29.09000	-176
29.09167	-176
29.09333	-176
29.09500	-175
29.09667	-175
29.09833	-175
29.10000	-175
29.10167	-174
29.10333	-174
29.10500	-174
29.10667	-174
29.10833	-174
29.11000	-173
29.11167	-173
29.11333	-173
29.11500	-173
29.11667	-172
29.11833	-173
29.12000	-172
29.12167	-172
29.12333	-172
29.12500	-171
29.12667	-171
29.12833	-171
29.13000	-171
29.13167	-171
29.13333	-170
29.13500	-171
29.13667	-170
29.13833	-170
29.14000	-171
29.14167	-170
29.14333	-170
29.14500	-170
29.14667	-170
29.14833	-170
29.15000	-170
29.15167	-170
29.15333	-169
29.15500	-170
29.15667	-170
29.15833	-169
29.16000	-170
29.16167	-170
29.16333	-170
29.16500	-170
29.16667	-170
29.16833	-170
29.17000	-171
29.17167	-170
29.17333	-171
29.17500	-171
29.17667	-172
29.17833	-171
29.18000	-172
29.18167	-171
29.18333	-172
29.18500	-172
29.18667	-172
29.18833	-172
29.19000	-173
29.19167	-173
29.19333	-172
29.19500	-173
29.19667	-173
29.19833	-173
29.20000	-174
29.20167	-173
29.20333	-173
29.20500	-174
29.20667	-173
29.20833	-174
29.21000	-174
29.21167	-173
29.21333	-174
29.21500	-174
29.21667	-174
29.21833	-174
29.22000	-174
29.22167	-174
29.22333	-174
29.22500	-174
29.22667	-174
29.22833	-175
29.23000	-174
29.23167	-175
29.23333	-175
29.23500	-175
29.23667	-175
29.23833	-175
29.24000	-175
29.24167	-175
29.24333	-176
29.24500	-176
29.24667	-175
29.24833	-176
29.25000	-177
29.25167	-176
29.25333	-176
29.25500	-177
29.25667	-177
29.25833	-176
29.26000	-177
29.26167	-177
29.26333	-177
29.26500	-177
29.26667	-177
29.26833	-178
29.27000	-177
29.27167	-178
29.27333	-177
29.27500	-178
29.27667	-178
29.27833	-178
29.28000	-178
29.28167	-178
29.28333	-178
29.28500	-179
29.28667	-178
29.28833	-178
29.29000	-179
29.29167	-178
29.29333	-179
29.29500	-178
29.29667	-179
29.29833	-178
29.30000	-179
29.30167	-179
29.30333	-178
29.30500	-179
29.30667	-179
29.30833	-179
29.31000	-178
29.31167	-179
29.31333	-179
29.31500	-178
29.31667	-179
29.31833	-178
29.32000	-178
29.32167	-179
29.32333	-178
29.32500	-178
29.32667	-178
29.32833	-178
29.33000	-178
29.33167	-178
29.33333	-178
29.33500	-178
29.33667	-177
29.33833	-177
29.34000	-178
29.34167	-176
29.34333	-177
29.34500	-177
29.34667	-176
29.34833	-176
29.35000	-175
29.35167	-176
29.35333	-175
29.35500	-175
29.35667	-175
29.35833	-176
29.36000	-175
29.36167	-175
29.36333	-175
29.36500	-174
29.36667	-175
29.36833	-174
29.37000	-175
29.37167	-174
29.37333	-175
29.37500	-174
29.37667	-175
29.37833	-174
29.38000	-175
29.38167	-175
29.38333	-175
29.38500	-175
29.38667	-174
29.38833	-175
29.39000	-175
29.39167	-175
29.39333	-175
29.39500	-175
29.39667	-175
29.39833	-176
29.40000	-175
29.40167	-175
29.40333	-175
29.40500	-175
29.40667	-175
29.40833	-175
29.41000	-175
29.41167	-175
29.41333	-174
29.41500	-175
29.41667	-175
29.41833	-175
29.42000	-175
29.42167	-175
29.42333	-175
29.42500	-176
29.42667	-175
29.42833	-175
29.43000	-175
29.43167	-176
29.43333	-175
29.43500	-175
29.43667	-176
29.43833	-175
29.44000	-175
29.44167	-176
29.44333	-175
29.44500	-175
29.44667	-176
29.44833	-175
29.45000	-175
29.45167	-175
29.45333	-175
29.45500	-174
29.45667	-175
29.45833	-174
29.46000	-175
29.46167	-174
29.46333	-174
29.46500	-174
29.46667	-174
29.46833	-174
29.47000	-174
29.47167	-174
29.47333	-173
29.47500	-174
29.47667	-174
29.47833	-173
29.48000	-174
29.48167	-173
29.48333	-174
29.48500	-174
29.48667	-173
29.48833	-174
29.49000	-174
29.49167	-175
29.49333	-174
29.49500	-174
29.49667	-175
29.49833	-174
29.50000	-175
29.50167	-175
29.50333	-174
29.50500	-175
29.50667	-175
29.50833	-176
29.51000	-175
29.51167	-176
29.51333	-175
29.51500	-176
29.51667	-176
29.51833	-176
29.52000	-176
29.52167	-176
29.52333	-177
29.52500	-176
29.52667	-176
29.52833	-176
29.53000	-177
29.53167	-176
29.53333	-176
29.53500	-177
29.53667	-177
29.53833	-177
29.54000	-177
29.54167	-177
29.54333	-177
29.54500	-177
29.54667	-177
29.54833	-177
29.55000	-177
29.55167	-177
29.55333	-177
29.55500	-177
29.55667	-177
29.55833	-177
29.56000	-176
29.56167	-177
29.56333	-177
29.56500	-177
29.56667	-177
29.56833	-177
29.57000	-178
29.57167	-177
29.57333	-177
29.57500	-177
29.57667	-177
29.57833	-176
29.58000	-177
29.58167	-176
29.58333	-177
29.58500	-176
29.58667	-176
29.58833	-177
29.59000	-176
29.59167	-176
29.59333	-175
29.59500	-176
29.59667	-176
29.59833	-175
29.60000	-175
29.60167	-175
29.60333	-176
29.60500	-175
29.60667	-175
29.60833	-175
29.61000	-175
29.61167	-175
29.61333	-175
29.61500	-175
29.61667	-175
29.61833	-175
29.62000	-175
29.62167	-175
29.62333	-176
29.62500	-175
29.62667	-176
29.62833	-176
29.63000	-176
29.63167	-175
29.63333	-176
29.63500	-177
29.63667	-176
29.63833	-176
29.64000	-177
29.64167	-177
29.64333	-177
29.64500	-177
29.64667	-177
29.64833	-177
29.65000	-177
29.65167	-177
29.65333	-178
29.65500	-178
29.65667	-178
29.65833	-178
29.66000	-178
29.66167	-178
29.66333	-178
29.66500	-179
29.66667	-178
29.66833	-179
29.67000	-179
29.67167	-179
29.67333	-179
29.67500	-179
29.67667	-179
29.67833	-180
29.68000	-179
29.68167	-179
29.68333	-179
29.68500	-180
29.68667	-179
29.68833	-180
29.69000	-180
29.69167	-179
29.69333	-180
29.69500	-180
29.69667	-179
29.69833	-180
29.70000	-179
29.70167	-180
29.70333	-179
29.70500	-180
29.70667	-179
29.70833	-180
29.71000	-179
29.71167	-179
29.71333	-179
29.71500	-179
29.71667	-178
29.71833	-179
29.72000	-178
29.72167	-179
29.72333	-178
29.72500	-179
29.72667	-178
29.72833	-178
29.73000	-178
29.73167	-179
29.73333	-178
29.73500	-178
29.73667	-178
29.73833	-178
29.74000	-178
29.74167	-178
29.74333	-178
29.74500	-178
29.74667	-179
29.74833	-178
29.75000	-178
29.75167	-178
29.75333	-179
29.75500	-178
29.75667	-178
29.75833	-178
29.76000	-177
29.76167	-178
29.76333	-178
29.76500	-178
29.76667	-178
29.76833	-178
29.77000	-177
29.77167	-178
29.77333	-177
29.77500	-177
29.77667	-178
29.77833	-177
29.78000	-177
29.78167	-177
29.78333	-177
29.78500	-176
29.78667	-177
29.78833	-177
29.79000	-177
29.79167	-176
29.79333	-177
29.79500	-176
29.79667	-177
29.79833	-177
29.80000	-176
29.80167	-177
29.80333	-176
29.80500	-176
29.80667	-177
29.80833	-176
29.81000	-176
29.81167	-177
29.81333	-176
29.81500	-176
29.81667	-177
29.81833	-176
29.82000	-177
29.82167	-177
29.82333	-176
29.82500	-177
29.82667	-176
29.82833	-177
29.83000	-176
29.83167	-177
29.83333	-177
29.83500	-176
29.83667	-177
29.83833	-176
29.84000	-176
29.84167	-176
29.84333	-176
29.84500	-177
29.84667	-176
29.84833	-176
29.85000	-177
29.85167	-176
29.85333	-177
29.85500	-176
29.85667	-177
29.85833	-177
29.86000	-177
29.86167	-177
29.86333	-178
29.86500	-177
29.86667	-178
29.86833	-178
29.87000	-178
29.87167	-178
29.87333	-178
29.87500	-178
29.87667	-179
29.87833	-178
29.88000	-179
29.88167	-180
29.88333	-179
29.88500	-179
29.88667	-179
29.88833	-180
29.89000	-179
29.89167	-179
29.89333	-180
29.89500	-179
29.89667	-179
29.89833	-180
29.90000	-180
29.90167	-180
29.90333	-179
29.90500	-180
29.90667	-180
29.90833	-179
29.91000	-180
29.91167	-179
29.91333	-179
29.91500	-179
29.91667	-180
29.91833	-179
29.92000	-179
29.92167	-179
29.92333	-179
29.92500	-179
29.92667	-180
29.92833	-179
29.93000	-178
29.93167	-179
29.93333	-179
29.93500	-179
29.93667	-179
29.93833	-178
29.94000	-179
29.94167	-178
29.94333	-179
29.94500	-178
29.94667	-179
29.94833	-178
29.95000	-178
29.95167	-179
29.95333	-178
29.95500	-179
29.95667	-178
29.95833	-178
29.96000	-179
29.96167	-179
29.96333	-178
29.96500	-179
29.96667	-180
29.96833	-179
29.97000	-179
29.97167	-179
29.97333	-179
29.97500	-179
29.97667	-179
29.97833	-179
29.98000	-179
29.98167	-180
29.98333	-179
29.98500	-180
29.98667	-180
29.98833	-179
29.99000	-180
29.99167	-180
29.99333	-180
29.99500	-180
29.99667	-180
29.99833	-180
30.00000	-181
30.00167	-180
30.00333	-181
30.00500	-180
30.00667	-181
30.00833	-180
30.01000	-181
30.01167	-180
30.01333	-180
30.01500	-180
30.01667	-180
30.01833	-180
30.02000	-180
30.02167	-180
30.02333	-180
30.02500	-180
30.02667	-179
30.02833	-179
30.03000	-179
30.03167	-179
30.03333	-179
30.03500	-179
30.03667	-179
30.03833	-179
30.04000	-178
30.04167	-179
30.04333	-178
30.04500	-179
30.04667	-178
30.04833	-179
30.05000	-178
30.05167	-178
30.05333	-179
30.05500	-178
30.05667	-179
30.05833	-178
30.06000	-178
30.06167	-179
30.06333	-178
30.06500	-178
30.06667	-179
30.06833	-178
30.07000	-178
30.07167	-179
30.07333	-178
30.07500	-178
30.07667	-177
30.07833	-178
30.08000	-178
30.08167	-178
30.08333	-177
30.08500	-177
30.08667	-177
30.08833	-177
30.09000	-176
30.09167	-176
30.09333	-176
30.09500	-176
30.09667	-176
30.09833	-175
30.10000	-176
30.10167	-175
30.10333	-176
30.10500	-175
30.10667	-176
30.10833	-175
30.11000	-175
30.11167	-175
30.11333	-175
30.11500	-175
30.11667	-175
30.11833	-175
30.12000	-175
30.12167	-175
30.12333	-175
30.12500	-176
30.12667	-175
30.12833	-175
30.13000	-176
30.13167	-175
30.13333	-176
30.13500	-175
30.13667	-176
30.13833	-176
30.14000	-175
30.14167	-177
30.14333	-175
30.14500	-176
30.14667	-176
30.14833	-177
30.15000	-176
30.15167	-176
30.15333	-176
30.15500	-176
30.15667	-177
30.15833	-176
30.16000	-177
30.16167	-176
30.16333	-177
30.16500	-177
30.16667	-177
30.16833	-177
30.17000	-177
30.17167	-178
30.17333	-177
30.17500	-178
30.17667	-178
30.17833	-178
30.18000	-178
30.18167	-179
30.18333	-178
30.18500	-179
30.18667	-178
30.18833	-179
30.19000	-180
30.19167	-179
30.19333	-179
30.19500	-179
30.19667	-180
30.19833	-180
30.20000	-180
30.20167	-180
30.20333	-180
30.20500	-180
30.20667	-180
30.20833	-180
30.21000	-180
30.21167	-180
30.21333	-181
30.21500	-180
30.21667	-180
30.21833	-180
30.22000	-180
30.22167	-181
30.22333	-180
30.22500	-180
30.22667	-180
30.22833	-180
30.23000	-180
30.23167	-180
30.23333	-180
30.23500	-179
30.23667	-180
30.23833	-180
30.24000	-179
30.24167	-179
30.24333	-180
30.24500	-179
30.24667	-179
30.24833	-179
30.25000	-178
30.25167	-179
30.25333	-178
30.25500	-179
30.25667	-178
30.25833	-178
30.26000	-178
30.26167	-178
30.26333	-178
30.26500	-178
30.26667	-178
30.26833	-178
30.27000	-178
30.27167	-178
30.27333	-178
30.27500	-178
30.27667	-179
30.27833	-178
30.28000	-178
30.28167	-178
30.28333	-178
30.28500	-179
30.28667	-178
30.28833	-179
30.29000	-178
30.29167	-179
30.29333	-179
30.29500	-179
30.29667	-180
30.29833	-179
30.30000	-179
30.30167	-180
30.30333	-179
30.30500	-180
30.30667	-180
30.30833	-180
30.31000	-180
30.31167	-181
30.31333	-180
30.31500	-180
30.31667	-181
30.31833	-181
30.32000	-180
30.32167	-181
30.32333	-181
30.32500	-181
30.32667	-180
30.32833	-181
30.33000	-181
30.33167	-181
30.33333	-181
30.33500	-181
30.33667	-181
30.33833	-181
30.34000	-182
30.34167	-181
30.34333	-181
30.34500	-182
30.34667	-182
30.34833	-181
30.35000	-182
30.35167	-182
30.35333	-182
30.35500	-182
30.35667	-182
30.35833	-183
30.36000	-183
30.36167	-182
30.36333	-183
30.36500	-183
30.36667	-183
30.36833	-184
30.37000	-183
30.37167	-184
30.37333	-184
30.37500	-183
30.37667	-184
30.37833	-184
30.38000	-185
30.38167	-184
30.38333	-184
30.38500	-185
30.38667	-184
30.38833	-185
30.39000	-184
30.39167	-184
30.39333	-184
30.39500	-185
30.39667	-184
30.39833	-184
30.40000	-184
30.40167	-184
30.40333	-184
30.40500	-183
30.40667	-184
30.40833	-183
30.41000	-183
30.41167	-183
30.41333	-182
30.41500	-183
30.41667	-182
30.41833	-182
30.42000	-182
30.42167	-182
30.42333	-182
30.42500	-182
30.42667	-181
30.42833	-182
30.43000	-181
30.43167	-181
30.43333	-181
30.43500	-181
30.43667	-180
30.43833	-181
30.44000	-181
30.44167	-180
30.44333	-180
30.44500	-181
30.44667	-180
30.44833	-181
30.45000	-180
30.45167	-180
30.45333	-181
30.45500	-180
30.45667	-180
30.45833	-180
30.46000	-180
30.46167	-180
30.46333	-181
30.46500	-180
30.46667	-181
30.46833	-180
30.47000	-181
30.47167	-180
30.47333	-181
30.47500	-180
30.47667	-181
30.47833	-181
30.48000	-181
30.48167	-181
30.48333	-182
30.48500	-181
30.48667	-182
30.48833	-182
30.49000	-181
30.49167	-182
30.49333	-181
30.49500	-182
30.49667	-182
30.49833	-181
30.50000	-182
30.50167	-182
30.50333	-181
30.50500	-182
30.50667	-181
30.50833	-181
30.51000	-181
30.51167	-181
30.51333	-181
30.51500	-180
30.51667	-180
30.51833	-180
30.52000	-180
30.52167	-180
30.52333	-179
30.52500	-180
30.52667	-179
30.52833	-179
30.53000	-178
30.53167	-179
30.53333	-179
30.53500	-178
30.53667	-178
30.53833	-179
30.54000	-178
30.54167	-178
30.54333	-178
30.54500	-179
30.54667	-178
30.54833	-178
30.55000	-179
30.55167	-178
30.55333	-179
30.55500	-179
30.55667	-179
30.55833	-179
30.56000	-180
30.56167	-179
30.56333	-180
30.56500	-180
30.56667	-180
30.56833	-181
30.57000	-180
30.57167	-181
30.57333	-182
30.57500	-181
30.57667	-182
30.57833	-181
30.58000	-182
30.58167	-183
30.58333	-182
30.58500	-183
30.58667	-183
30.58833	-183
30.59000	-183
30.59167	-184
30.59333	-184
30.59500	-183
30.59667	-184
30.59833	-184
30.60000	-184
30.60167	-184
30.60333	-184
30.60500	-184
30.60667	-184
30.60833	-183
30.61000	-183
30.61167	-183
30.61333	-183
30.61500	-183
30.61667	-183
30.61833	-182
30.62000	-183
30.62167	-182
30.62333	-181
30.62500	-182
30.62667	-182
30.62833	-181
30.63000	-181
30.63167	-182
30.63333	-181
30.63500	-181
30.63667	-181
30.63833	-181
30.64000	-180
30.64167	-181
30.64333	-180
30.64500	-180
30.64667	-180
30.64833	-180
30.65000	-180
30.65167	-181
30.65333	-180
30.65500	-180
30.65667	-180
30.65833	-180
30.66000	-181
30.66167	-180
30.66333	-181
30.66500	-180
30.66667	-181
30.66833	-181
30.67000	-181
30.67167	-181
30.67333	-181
30.67500	-181
30.67667	-181
30.67833	-181
30.68000	-182
30.68167	-181
30.68333	-181
30.68500	-182
30.68667	-181
30.68833	-181
30.69000	-181
30.69167	-181
30.69333	-181
30.69500	-181
30.69667	-181
30.69833	-181
30.70000	-181
30.70167	-181
30.70333	-180
30.70500	-181
30.70667	-180
30.70833	-180
30.71000	-180
30.71167	-180
30.71333	-179
30.71500	-180
30.71667	-179
30.71833	-180
30.72000	-179
30.72167	-178
30.72333	-179
30.72500	-179
30.72667	-178
30.72833	-179
30.73000	-178
30.73167	-179
30.73333	-178
30.73500	-178
30.73667	-179
30.73833	-178
30.74000	-179
30.74167	-179
30.74333	-178
30.74500	-179
30.74667	-178
30.74833	-179
30.75000	-178
30.75167	-179
30.75333	-179
30.75500	-178
30.75667	-180
30.75833	-179
30.76000	-179
30.76167	-180
30.76333	-179
30.76500	-180
30.76667	-180
30.76833	-181
30.77000	-180
30.77167	-180
30.77333	-181
30.77500	-181
30.77667	-180
30.77833	-181
30.78000	-182
30.78167	-181
30.78333	-181
30.78500	-182
30.78667	-182
30.78833	-182
30.79000	-182
30.79167	-182
30.79333	-182
30.79500	-183
30.79667	-182
30.79833	-183
30.80000	-183
30.80167	-182
30.80333	-183
30.80500	-183
30.80667	-183
30.80833	-183
30.81000	-183
30.81167	-183
30.81333	-183
30.81500	-183
30.81667	-184
30.81833	-183
30.82000	-183
30.82167	-183
30.82333	-183
30.82500	-184
30.82667	-183
30.82833	-183
30.83000	-183
30.83167	-184
30.83333	-183
30.83500	-184
30.83667	-183
30.83833	-183
30.84000	-183
30.84167	-183
30.84333	-183
30.84500	-183
30.84667	-183
30.84833	-182
30.85000	-183
30.85167	-182
30.85333	-182
30.85500	-182
30.85667	-182
30.85833	-182
30.86000	-182
30.86167	-181
30.86333	-182
30.86500	-181
30.86667	-182
30.86833	-181
30.87000	-182
30.87167	-181
30.87333	-182
30.87500	-181
30.87667	-182
30.87833	-181
30.88000	-182
30.88167	-182
30.88333	-181
30.88500	-181
30.88667	-182
30.88833	-181
30.89000	-182
30.89167	-181
30.89333	-182
30.89500	-181
30.89667	-181
30.89833	-182
30.90000	-181
30.90167	-181
30.90333	-181
30.90500	-181
30.90667	-182
30.90833	-180
30.91000	-181
30.91167	-181
30.91333	-180
30.91500	-180
30.91667	-181
30.91833	-180
30.92000	-180
30.92167	-180
30.92333	-180
30.92500	-180
30.92667	-180
30.92833	-179
30.93000	-180
30.93167	-179
30.93333	-179
30.93500	-179
30.93667	-179
30.93833	-179
30.94000	-179
30.94167	-179
30.94333	-179
30.94500	-179
30.94667	-178
30.94833	-179
30.95000	-179
30.95167	-178
30.95333	-179
30.95500	-179
30.95667	-179
30.95833	-179
30.96000	-178
30.96167	-179
30.96333	-179
30.96500	-179
30.96667	-179
30.96833	-179
30.97000	-180
30.97167	-179
30.97333	-179
30.97500	-179
30.97667	-179
30.97833	-179
30.98000	-180
30.98167	-179
30.98333	-180
30.98500	-179
30.98667	-180
30.98833	-179
30.99000	-179
30.99167	-180
30.99333	-179
30.99500	-179
30.99667	-179
30.99833	-179
31.00000	-179
31.00167	-179
31.00333	-178
31.00500	-179
31.00667	-179
31.00833	-178
31.01000	-178
31.01167	-179
31.01333	-178
31.01500	-178
31.01667	-178
31.01833	-179
31.02000	-178
31.02167	-178
31.02333	-178
31.02500	-179
31.02667	-178
31.02833	-178
31.03000	-178
31.03167	-178
31.03333	-179
31.03500	-178
31.03667	-179
31.03833	-179
31.04000	-178
31.04167	-179
31.04333	-179
31.04500	-179
31.04667	-178
31.04833	-179
31.05000	-179
31.05167	-178
31.05333	-178
31.05500	-179
31.05667	-178
31.05833	-178
31.06000	-178
31.06167	-178
31.06333	-178
31.06500	-178
31.06667	-177
31.06833	-178
31.07000	-178
31.07167	-178
31.07333	-177
31.07500	-178
31.07667	-178
31.07833	-177
31.08000	-178
31.08167	-177
31.08333	-177
31.08500	-177
31.08667	-177
31.08833	-177
31.09000	-176
31.09167	-177
31.09333	-176
31.09500	-176
31.09667	-176
31.09833	-176
31.10000	-175
31.10167	-176
31.10333	-176
31.10500	-175
31.10667	-176
31.10833	-175
31.11000	-175
31.11167	-175
31.11333	-175
31.11500	-174
31.11667	-175
31.11833	-175
31.12000	-175
31.12167	-175
31.12333	-174
31.12500	-175
31.12667	-174
31.12833	-175
31.13000	-174
31.13167	-175
31.13333	-175
31.13500	-174
31.13667	-176
31.13833	-175
31.14000	-175
31.14167	-175
31.14333	-175
31.14500	-175
31.14667	-176
31.14833	-175
31.15000	-176
31.15167	-175
31.15333	-175
31.15500	-176
31.15667	-175
31.15833	-175
31.16000	-175
31.16167	-176
31.16333	-175
31.16500	-175
31.16667	-175
31.16833	-176
31.17000	-175
31.17167	-175
31.17333	-176
31.17500	-175
31.17667	-175
31.17833	-176
31.18000	-175
31.18167	-175
31.18333	-175
31.18500	-175
31.18667	-175
31.18833	-175
31.19000	-175
31.19167	-175
31.19333	-175
31.19500	-174
31.19667	-175
31.19833	-174
31.20000	-175
31.20167	-174
31.20333	-174
31.20500	-174
31.20667	-174
31.20833	-175
31.21000	-174
31.21167	-174
31.21333	-174
31.21500	-173
31.21667	-174
31.21833	-173
31.22000	-174
31.22167	-173
31.22333	-174
31.22500	-174
31.22667	-173
31.22833	-174
31.23000	-174
31.23167	-173
31.23333	-174
31.23500	-173
31.23667	-173
31.23833	-173
31.24000	-173
31.24167	-173
31.24333	-173
31.24500	-173
31.24667	-173
31.24833	-173
31.25000	-172
31.25167	-172
31.25333	-173
31.25500	-172
31.25667	-172
31.25833	-172
31.26000	-172
31.26167	-172
31.26333	-172
31.26500	-172
31.26667	-172
31.26833	-172
31.27000	-172
31.27167	-172
31.27333	-172
31.27500	-172
31.27667	-173
31.27833	-172
31.28000	-173
31.28167	-172
31.28333	-173
31.28500	-173
31.28667	-173
31.28833	-173
31.29000	-174
31.29167	-173
31.29333	-173
31.29500	-174
31.29667	-173
31.29833	-174
31.30000	-173
31.30167	-174
31.30333	-173
31.30500	-173
31.30667	-173
31.30833	-174
31.31000	-173
31.31167	-173
31.31333	-173
31.31500	-173
31.31667	-173
31.31833	-173
31.32000	-173
31.32167	-173
31.32333	-172
31.32500	-172
31.32667	-173
31.32833	-172
31.33000	-173
31.33167	-172
31.33333	-172
31.33500	-172
31.33667	-172
31.33833	-172
31.34000	-172
31.34167	-173
31.34333	-172
31.34500	-173
31.34667	-172
31.34833	-172
31.35000	-173
31.35167	-172
31.35333	-173
31.35500	-172
31.35667	-173
31.35833	-172
31.36000	-173
31.36167	-172
31.36333	-173
31.36500	-172
31.36667	-173
31.36833	-172
31.37000	-172
31.37167	-172
31.37333	-173
31.37500	-172
31.37667	-171
31.37833	-172
31.38000	-172
31.38167	-171
31.38333	-171
31.38500	-172
31.38667	-171
31.38833	-171
31.39000	-171
31.39167	-170
31.39333	-171
31.39500	-170
31.39667	-171
31.39833	-171
31.40000	-170
31.40167	-171
31.40333	-170
31.40500	-171
31.40667	-171
31.40833	-170
31.41000	-171
31.41167	-171
31.41333	-171
31.41500	-171
31.41667	-171
31.41833	-171
31.42000	-172
31.42167	-171
31.42333	-172
31.42500	-172
31.42667	-172
31.42833	-172
31.43000	-172
31.43167	-173
31.43333	-172
31.43500	-173
31.43667	-172
31.43833	-173
31.44000	-173
31.44167	-173
31.44333	-173
31.44500	-172
31.44667	-173
31.44833	-173
31.45000	-173
31.45167	-173
31.45333	-173
31.45500	-172
31.45667	-173
31.45833	-172
31.46000	-173
31.46167	-172
31.46333	-173
31.46500	-172
31.46667	-172
31.46833	-172
31.47000	-172
31.47167	-172
31.47333	-172
31.47500	-171
31.47667	-172
31.47833	-171
31.48000	-171
31.48167	-172
31.48333	-171
31.48500	-171
31.48667	-171
31.48833	-171
31.49000	-171
31.49167	-170
31.49333	-171
31.49500	-170
31.49667	-170
31.49833	-171
31.50000	-169
31.50167	-170
31.50333	-170
31.50500	-170
31.50667	-170
31.50833	-169
31.51000	-170
31.51167	-170
31.51333	-170
31.51500	-171
31.51667	-170
31.51833	-170
31.52000	-171
31.52167	-171
31.52333	-171
31.52500	-171
31.52667	-172
31.52833	-172
31.53000	-172
31.53167	-172
31.53333	-173
31.53500	-173
31.53667	-173
31.53833	-173
31.54000	-174
31.54167	-174
31.54333	-174
31.54500	-174
31.54667	-175
31.54833	-175
31.55000	-175
31.55167	-176
31.55333	-175
31.55500	-176
31.55667	-176
31.55833	-176
31.56000	-177
31.56167	-176
31.56333	-177
31.56500	-177
31.56667	-177
31.56833	-177
31.57000	-177
31.57167	-177
31.57333	-177
31.57500	-178
31.57667	-177
31.57833	-177
31.58000	-178
31.58167	-177
31.58333	-178
31.58500	-177
31.58667	-177
31.58833	-178
31.59000	-177
31.59167	-177
31.59333	-178
31.59500	-177
31.59667	-178
31.59833	-178
31.60000	-177
31.60167	-178
31.60333	-178
31.60500	-177
31.60667	-178
31.60833	-178
31.61000	-177
31.61167	-178
31.61333	-178
31.61500	-178
31.61667	-178
31.61833	-178
31.62000	-178
31.62167	-178
31.62333	-178
31.62500	-178
31.62667	-178
31.62833	-178
31.63000	-179
31.63167	-178
31.63333	-179
31.63500	-179
31.63667	-178
31.63833	-179
31.64000	-178
31.64167	-179
31.64333	-179
31.64500	-179
31.64667	-179
31.64833	-179
31.65000	-179
31.65167	-179
31.65333	-179
31.65500	-179
31.65667	-180
31.65833	-179
31.66000	-179
31.66167	-179
31.66333	-179
31.66500	-180
31.66667	-179
31.66833	-180
31.67000	-179
31.67167	-179
31.67333	-180
31.67500	-180
31.67667	-179
31.67833	-180
31.68000	-180
31.68167	-180
31.68333	-180
31.68500	-180
31.68667	-179
31.68833	-180
31.69000	-180
31.69167	-180
31.69333	-180
31.69500	-180
31.69667	-180
31.69833	-180
31.70000	-180
31.70167	-179
31.70333	-180
31.70500	-180
31.70667	-179
31.70833	-180
31.71000	-180
31.71167	-179
31.71333	-179
31.71500	-180
31.71667	-179
31.71833	-180
31.72000	-180
31.72167	-180
31.72333	-179
31.72500	-180
31.72667	-180
31.72833	-180
31.73000	-180
31.73167	-180
31.73333	-181
31.73500	-180
31.73667	-181
31.73833	-181
31.74000	-182
31.74167	-181
31.74333	-182
31.74500	-182
31.74667	-182
31.74833	-183
31.75000	-183
31.75167	-183
31.75333	-183
31.75500	-184
31.75667	-183
31.75833	-184
31.76000	-184
31.76167	-184
31.76333	-185
31.76500	-184
31.76667	-185
31.76833	-184
31.77000	-185
31.77167	-184
31.77333	-185
31.77500	-185
31.77667	-185
31.77833	-185
31.78000	-185
31.78167	-185
31.78333	-185
31.78500	-184
31.78667	-185
31.78833	-185
31.79000	-185
31.79167	-185
31.79333	-184
31.79500	-184
31.79667	-185
31.79833	-184
31.80000	-184
31.80167	-183
31.80333	-184
31.80500	-183
31.80667	-183
31.80833	-184
31.81000	-182
31.81167	-183
31.81333	-182
31.81500	-183
31.81667	-182
31.81833	-182
31.82000	-182
31.82167	-182
31.82333	-182
31.82500	-181
31.82667	-181
31.82833	-182
31.83000	-181
31.83167	-182
31.83333	-181
31.83500	-181
31.83667	-181
31.83833	-180
31.84000	-181
31.84167	-181
31.84333	-181
31.84500	-181
31.84667	-182
31.84833	-181
31.85000	-181
31.85167	-181
31.85333	-182
31.85500	-182
31.85667	-181
31.85833	-182
31.86000	-182
31.86167	-182
31.86333	-182
31.86500	-182
31.86667	-183
31.86833	-182
31.87000	-183
31.87167	-183
31.87333	-183
31.87500	-183
31.87667	-184
31.87833	-184
31.88000	-184
31.88167	-185
31.88333	-184
31.88500	-184
31.88667	-185
31.88833	-184
31.89000	-185
31.89167	-185
31.89333	-185
31.89500	-186
31.89667	-186
31.89833	-185
31.90000	-186
31.90167	-186
31.90333	-186
31.90500	-186
31.90667	-187
31.90833	-186
31.91000	-186
31.91167	-187
31.91333	-186
31.91500	-186
31.91667	-187
31.91833	-186
31.92000	-186
31.92167	-186
31.92333	-186
31.92500	-186
31.92667	-185
31.92833	-186
31.93000	-185
31.93167	-185
31.93333	-185
31.93500	-185
31.93667	-184
31.93833	-185
31.94000	-184
31.94167	-184
31.94333	-184
31.94500	-184
31.94667	-184
31.94833	-183
31.95000	-184
31.95167	-183
31.95333	-183
31.95500	-183
31.95667	-183
31.95833	-183
31.96000	-182
31.96167	-183
31.96333	-182
31.96500	-183
31.96667	-183
31.96833	-182
31.97000	-182
31.97167	-183
31.97333	-182
31.97500	-183
31.97667	-183
31.97833	-182
31.98000	-182
31.98167	-183
31.98333	-182
31.98500	-182
31.98667	-182
31.98833	-182
31.99000	-182
31.99167	-182
31.99333	-182
31.99500	-182
31.99667	-182
31.99833	-181
32.00000	-182
32.00167	-182
32.00333	-181
32.00500	-182
32.00667	-182
32.00833	-182
32.01000	-182
32.01167	-182
32.01333	-182
32.01500	-182
32.01667	-182
32.01833	-182
32.02000	-182
32.02167	-183
32.02333	-182
32.02500	-182
32.02667	-182
32.02833	-182
32.03000	-182
32.03167	-182
32.03333	-182
32.03500	-182
32.03667	-182
32.03833	-183
32.04000	-182
32.04167	-181
32.04333	-182
32.04500	-182
32.04667	-182
32.04833	-182
32.05000	-182
32.05167	-182
32.05333	-181
32.05500	-182
32.05667	-182
32.05833	-182
32.06000	-182
32.06167	-182
32.06333	-181
32.06500	-182
32.06667	-182
32.06833	-181
32.07000	-182
32.07167	-182
32.07333	-182
32.07500	-181
32.07667	-182
32.07833	-182
32.08000	-182
32.08167	-182
32.08333	-183
32.08500	-182
32.08667	-182
32.08833	-183
32.09000	-182
32.09167	-183
32.09333	-183
32.09500	-183
32.09667	-183
32.09833	-183
32.10000	-183
32.10167	-184
32.10333	-184
32.10500	-183
32.10667	-184
32.10833	-184
32.11000	-184
32.11167	-184
32.11333	-184
32.11500	-185
32.11667	-184
32.11833	-184
32.12000	-185
32.12167	-184
32.12333	-185
32.12500	-184
32.12667	-185
32.12833	-185
32.13000	-184
32.13167	-185
32.13333	-184
32.13500	-185
32.13667	-185
32.13833	-184
32.14000	-185
32.14167	-185
32.14333	-185
32.14500	-185
32.14667	-185
32.14833	-185
32.15000	-185
32.15167	-185
32.15333	-185
32.15500	-185
32.15667	-185
32.15833	-185
32.16000	-185
32.16167	-185
32.16333	-185
32.16500	-185
32.16667	-185
32.16833	-185
32.17000	-185
32.17167	-185
32.17333	-185
32.17500	-185
32.17667	-185
32.17833	-185
32.18000	-186
32.18167	-185
32.18333	-185
32.18500	-184
32.18667	-185
32.18833	-185
32.19000	-185
32.19167	-185
32.19333	-185
32.19500	-186
32.19667	-185
32.19833	-185
32.20000	-185
32.20167	-186
32.20333	-186
32.20500	-186
32.20667	-185
32.20833	-186
32.21000	-186
32.21167	-186
32.21333	-186
32.21500	-186
32.21667	-186
32.21833	-186
32.22000	-187
32.22167	-186
32.22333	-187
32.22500	-187
32.22667	-186
32.22833	-187
32.23000	-187
32.23167	-187
32.23333	-187
32.23500	-187
32.23667	-188
32.23833	-187
32.24000	-188
32.24167	-187
32.24333	-188
32.24500	-188
32.24667	-188
32.24833	-189
32.25000	-188
32.25167	-189
32.25333	-189
32.25500	-189
32.25667	-189
32.25833	-189
32.26000	-190
32.26167	-189
32.26333	-190
32.26500	-189
32.26667	-190
32.26833	-190
32.27000	-190
32.27167	-190
32.27333	-190
32.27500	-190
32.27667	-190
32.27833	-190
32.28000	-189
32.28167	-190
32.28333	-189
32.28500	-189
32.28667	-189
32.28833	-188
32.29000	-188
32.29167	-188
32.29333	-187
32.29500	-187
32.29667	-187
32.29833	-186
32.30000	-186
32.30167	-186
32.30333	-186
32.30500	-185
32.30667	-185
32.30833	-184
32.31000	-185
32.31167	-184
32.31333	-183
32.31500	-184
32.31667	-183
32.31833	-184
32.32000	-183
32.32167	-183
32.32333	-183
32.32500	-183
32.32667	-183
32.32833	-182
32.33000	-183
32.33167	-182
32.33333	-183
32.33500	-182
32.33667	-182
32.33833	-183
32.34000	-182
32.34167	-182
32.34333	-182
32.34500	-182
32.34667	-182
32.34833	-182
32.35000	-182
32.35167	-182
32.35333	-182
32.35500	-181
32.35667	-182
32.35833	-181
32.36000	-182
32.36167	-181
32.36333	-182
32.36500	-181
32.36667	-182
32.36833	-181
32.37000	-182
32.37167	-182
32.37333	-181
32.37500	-182
32.37667	-182
32.37833	-182
32.38000	-183
32.38167	-182
32.38333	-183
32.38500	-183
32.38667	-183
32.38833	-183
32.39000	-184
32.39167	-184
32.39333	-184
32.39500	-185
32.39667	-184
32.39833	-185
32.40000	-186
32.40167	-185
32.40333	-185
32.40500	-186
32.40667	-186
32.40833	-186
32.41000	-186
32.41167	-186
32.41333	-186
32.41500	-186
32.41667	-186
32.41833	-187
32.42000	-186
32.42167	-186
32.42333	-187
32.42500	-186
32.42667	-187
32.42833	-186
32.43000	-187
32.43167	-186
32.43333	-186
32.43500	-187
32.43667	-186
32.43833	-187
32.44000	-186
32.44167	-187
32.44333	-187
32.44500	-187
32.44667	-186
32.44833	-187
32.45000	-187
32.45167	-187
32.45333	-187
32.45500	-187
32.45667	-187
32.45833	-186
32.46000	-187
32.46167	-187
32.46333	-187
32.46500	-186
32.46667	-187
32.46833	-186
32.47000	-187
32.47167	-187
32.47333	-187
32.47500	-187
32.47667	-187
32.47833	-187
32.48000	-187
32.48167	-186
32.48333	-188
32.48500	-187
32.48667	-188
32.48833	-187
32.49000	-188
32.49167	-188
32.49333	-188
32.49500	-188
32.49667	-188
32.49833	-189
32.50000	-188
32.50167	-188
32.50333	-189
32.50500	-188
32.50667	-189
32.50833	-188
32.51000	-188
32.51167	-189
32.51333	-188
32.51500	-189
32.51667	-189
32.51833	-188
32.52000	-189
32.52167	-189
32.52333	-188
32.52500	-188
32.52667	-189
32.52833	-188
32.53000	-188
32.53167	-188
32.53333	-188
32.53500	-187
32.53667	-188
32.53833	-187
32.54000	-187
32.54167	-187
32.54333	-187
32.54500	-187
32.54667	-186
32.54833	-186
32.55000	-186
32.55167	-186
32.55333	-186
32.55500	-186
32.55667	-185
32.55833	-186
32.56000	-185
32.56167	-185
32.56333	-185
32.56500	-185
32.56667	-185
32.56833	-184
32.57000	-184
32.57167	-185
32.57333	-184
32.57500	-185
32.57667	-184
32.57833	-184
32.58000	-185
32.58167	-184
32.58333	-185
32.58500	-185
32.58667	-185
32.58833	-185
32.59000	-185
32.59167	-186
32.59333	-186
32.59500	-185
32.59667	-187
32.59833	-186
32.60000	-186
32.60167	-187
32.60333	-187
32.60500	-187
32.60667	-188
32.60833	-187
32.61000	-188
32.61167	-188
32.61333	-188
32.61500	-188
32.61667	-188
32.61833	-188
32.62000	-189
32.62167	-188
32.62333	-188
32.62500	-188
32.62667	-188
32.62833	-187
32.63000	-188
32.63167	-188
32.63333	-187
32.63500	-188
32.63667	-187
32.63833	-187
32.64000	-186
32.64167	-187
32.64333	-185
32.64500	-186
32.64667	-185
32.64833	-185
32.65000	-185
32.65167	-184
32.65333	-184
32.65500	-184
32.65667	-183
32.65833	-184
32.66000	-183
32.66167	-183
32.66333	-183
32.66500	-183
32.66667	-182
32.66833	-182
32.67000	-182
32.67167	-182
32.67333	-182
32.67500	-182
32.67667	-182
32.67833	-182
32.68000	-182
32.68167	-181
32.68333	-182
32.68500	-182
32.68667	-181
32.68833	-182
32.69000	-182
32.69167	-182
32.69333	-182
32.69500	-182
32.69667	-183
32.69833	-182
32.70000	-183
32.70167	-183
32.70333	-182
32.70500	-184
32.70667	-183
32.70833	-184
32.71000	-184
32.71167	-184
32.71333	-185
32.71500	-184
32.71667	-185
32.71833	-185
32.72000	-186
32.72167	-186
32.72333	-186
32.72500	-186
32.72667	-187
32.72833	-187
32.73000	-187
32.73167	-187
32.73333	-188
32.73500	-187
32.73667	-189
32.73833	-188
32.74000	-188
32.74167	-188
32.74333	-189
32.74500	-188
32.74667	-188
32.74833	-189
32.75000	-188
32.75167	-189
32.75333	-189
32.75500	-189
32.75667	-189
32.75833	-189
32.76000	-189
32.76167	-188
32.76333	-189
32.76500	-189
32.76667	-188
32.76833	-189
32.77000	-188
32.77167	-188
32.77333	-188
32.77500	-188
32.77667	-188
32.77833	-188
32.78000	-188
32.78167	-187
32.78333	-188
32.78500	-187
32.78667	-187
32.78833	-187
32.79000	-187
32.79167	-187
32.79333	-186
32.79500	-186
32.79667	-186
32.79833	-186
32.80000	-186
32.80167	-185
32.80333	-185
32.80500	-185
32.80667	-184
32.80833	-184
32.81000	-184
32.81167	-184
32.81333	-183
32.81500	-183
32.81667	-182
32.81833	-183
32.82000	-182
32.82167	-183
32.82333	-182
32.82500	-182
32.82667	-183
32.82833	-182
32.83000	-181
32.83167	-182
32.83333	-182
32.83500	-181
32.83667	-182
32.83833	-181
32.84000	-182
32.84167	-181
32.84333	-182
32.84500	-182
32.84667	-182
32.84833	-182
32.85000	-182
32.85167	-183
32.85333	-182
32.85500	-183
32.85667	-182
32.85833	-183
32.86000	-183
32.86167	-183
32.86333	-183
32.86500	-183
32.86667	-184
32.86833	-184
32.87000	-184
32.87167	-184
32.87333	-184
32.87500	-184
32.87667	-184
32.87833	-184
32.88000	-185
32.88167	-184
32.88333	-185
32.88500	-185
32.88667	-185
32.88833	-184
32.89000	-185
32.89167	-186
32.89333	-185
32.89500	-185
32.89667	-186
32.89833	-186
32.90000	-186
32.90167	-186
32.90333	-186
32.90500	-186
32.90667	-187
32.90833	-186
32.91000	-186
32.91167	-187
32.91333	-186
32.91500	-186
32.91667	-187
32.91833	-186
32.92000	-187
32.92167	-187
32.92333	-187
32.92500	-187
32.92667	-187
32.92833	-186
32.93000	-187
32.93167	-187
32.93333	-188
32.93500	-187
32.93667	-187
32.93833	-188
32.94000	-187
32.94167	-188
32.94333	-188
32.94500	-187
32.94667	-188
32.94833	-188
32.95000	-189
32.95167	-188
32.95333	-188
32.95500	-188
32.95667	-188
32.95833	-188
32.96000	-188
32.96167	-188
32.96333	-187
32.96500	-188
32.96667	-187
32.96833	-187
32.97000	-187
32.97167	-187
32.97333	-187
32.97500	-187
32.97667	-187
32.97833	-186
32.98000	-187
32.98167	-186
32.98333	-187
32.98500	-186
32.98667	-186
32.98833	-187
32.99000	-186
32.99167	-186
32.99333	-186
32.99500	-187
32.99667	-186
32.99833	-187
33.00000	-186
33.00167	-187
33.00333	-186
33.00500	-187
33.00667	-186
33.00833	-186
33.01000	-187
33.01167	-186
33.01333	-186
33.01500	-186
33.01667	-186
33.01833	-186
33.02000	-186
33.02167	-186
33.02333	-185
33.02500	-186
33.02667	-186
33.02833	-185
33.03000	-186
33.03167	-185
33.03333	-185
33.03500	-185
33.03667	-186
33.03833	-185
33.04000	-185
33.04167	-185
33.04333	-185
33.04500	-185
33.04667	-185
33.04833	-185
33.05000	-185
33.05167	-185
33.05333	-184
33.05500	-185
33.05667	-184
33.05833	-185
33.06000	-184
33.06167	-184
33.06333	-184
33.06500	-184
33.06667	-184
33.06833	-183
33.07000	-184
33.07167	-183
33.07333	-183
33.07500	-184
33.07667	-183
33.07833	-183
33.08000	-183
33.08167	-184
33.08333	-184
33.08500	-184
33.08667	-184
33.08833	-184
33.09000	-184
33.09167	-184
33.09333	-184
33.09500	-184
33.09667	-185
33.09833	-184
33.10000	-185
33.10167	-184
33.10333	-185
33.10500	-184
33.10667	-184
33.10833	-185
33.11000	-184
33.11167	-185
33.11333	-185
33.11500	-185
33.11667	-184
33.11833	-184
33.12000	-184
33.12167	-185
33.12333	-184
33.12500	-184
33.12667	-184
33.12833	-184
33.13000	-184
33.13167	-184
33.13333	-184
33.13500	-183
33.13667	-184
33.13833	-184
33.14000	-184
33.14167	-184
33.14333	-185
33.14500	-184
33.14667	-184
33.14833	-185
33.15000	-184
33.15167	-185
33.15333	-185
33.15500	-185
33.15667	-186
33.15833	-185
33.16000	-186
33.16167	-186
33.16333	-186
33.16500	-186
33.16667	-187
33.16833	-187
33.17000	-187
33.17167	-187
33.17333	-187
33.17500	-187
33.17667	-187
33.17833	-187
33.18000	-187
33.18167	-188
33.18333	-187
33.18500	-188
33.18667	-187
33.18833	-187
33.19000	-188
33.19167	-186
33.19333	-187
33.19500	-186
33.19667	-186
33.19833	-186
33.20000	-186
33.20167	-185
33.20333	-185
33.20500	-185
33.20667	-184
33.20833	-185
33.21000	-184
33.21167	-183
33.21333	-184
33.21500	-182
33.21667	-183
33.21833	-183
33.22000	-182
33.22167	-183
33.22333	-182
33.22500	-182
33.22667	-182
33.22833	-182
33.23000	-182
33.23167	-182
33.23333	-181
33.23500	-182
33.23667	-181
33.23833	-182
33.24000	-181
33.24167	-181
33.24333	-182
33.24500	-182
33.24667	-182
33.24833	-182
33.25000	-182
33.25167	-182
33.25333	-182
33.25500	-183
33.25667	-182
33.25833	-182
33.26000	-183
33.26167	-182
33.26333	-183
33.26500	-182
33.26667	-183
33.26833	-183
33.27000	-182
33.27167	-183
33.27333	-183
33.27500	-182
33.27667	-183
33.27833	-183
33.28000	-183
33.28167	-182
33.28333	-183
33.28500	-183
33.28667	-183
33.28833	-182
33.29000	-182
33.29167	-183
33.29333	-182
33.29500	-182
33.29667	-182
33.29833	-182
33.30000	-182
33.30167	-182
33.30333	-181
33.30500	-182
33.30667	-182
33.30833	-181
33.31000	-182
33.31167	-181
33.31333	-181
33.31500	-182
33.31667	-181
33.31833	-180
33.32000	-181
33.32167	-181
33.32333	-180
33.32500	-181
33.32667	-180
33.32833	-180
33.33000	-180
33.33167	-180
33.33333	-180
33.33500	-180
33.33667	-179
33.33833	-180
33.34000	-180
33.34167	-179
33.34333	-180
33.34500	-180
33.34667	-180
33.34833	-179
33.35000	-180
33.35167	-180
33.35333	-180
33.35500	-180
33.35667	-180
33.35833	-180
33.36000	-180
33.36167	-180
33.36333	-181
33.36500	-180
33.36667	-181
33.36833	-180
33.37000	-180
33.37167	-181
33.37333	-181
33.37500	-181
33.37667	-181
33.37833	-182
33.38000	-181
33.38167	-182
33.38333	-181
33.38500	-182
33.38667	-181
33.38833	-182
33.39000	-181
33.39167	-182
33.39333	-181
33.39500	-182
33.39667	-182
33.39833	-181
33.40000	-182
33.40167	-181
33.40333	-182
33.40500	-182
33.40667	-182
33.40833	-181
33.41000	-182
33.41167	-182
33.41333	-181
33.41500	-182
33.41667	-182
33.41833	-181
33.42000	-182
33.42167	-181
33.42333	-182
33.42500	-181
33.42667	-182
33.42833	-182
33.43000	-181
33.43167	-182
33.43333	-182
33.43500	-182
33.43667	-182
33.43833	-182
33.44000	-182
33.44167	-182
33.44333	-182
33.44500	-183
33.44667	-183
33.44833	-183
33.45000	-183
33.45167	-184
33.45333	-184
33.45500	-184
33.45667	-184
33.45833	-185
33.46000	-184
33.46167	-185
33.46333	-185
33.46500	-186
33.46667	-185
33.46833	-186
33.47000	-186
33.47167	-186
33.47333	-186
33.47500	-186
33.47667	-187
33.47833	-186
33.48000	-187
33.48167	-186
33.48333	-187
33.48500	-186
33.48667	-187
33.48833	-186
33.49000	-187
33.49167	-187
33.49333	-186
33.49500	-187
33.49667	-187
33.49833	-186
33.50000	-187
33.50167	-187
33.50333	-187
33.50500	-187
33.50667	-187
33.50833	-187
33.51000	-188
33.51167	-187
33.51333	-187
33.51500	-188
33.51667	-187
33.51833	-187
33.52000	-188
33.52167	-187
33.52333	-188
33.52500	-187
33.52667	-188
33.52833	-187
33.53000	-187
33.53167	-187
33.53333	-188
33.53500	-187
33.53667	-186
33.53833	-187
33.54000	-187
33.54167	-187
33.54333	-187
33.54500	-187
33.54667	-187
33.54833	-187
33.55000	-187
33.55167	-186
33.55333	-187
33.55500	-187
33.55667	-187
33.55833	-186
33.56000	-187
33.56167	-187
33.56333	-187
33.56500	-187
33.56667	-187
33.56833	-187
33.57000	-187
33.57167	-187
33.57333	-187
33.57500	-187
33.57667	-187
33.57833	-187
33.58000	-187
33.58167	-187
33.58333	-187
33.58500	-187
33.58667	-187
33.58833	-186
33.59000	-187
33.59167	-187
33.59333	-187
33.59500	-187
33.59667	-186
33.59833	-187
33.60000	-186
33.60167	-187
33.60333	-187
33.60500	-186
33.60667	-187
33.60833	-187
33.61000	-187
33.61167	-187
33.61333	-187
33.61500	-187
33.61667	-187
33.61833	-187
33.62000	-187
33.62167	-187
33.62333	-187
33.62500	-187
33.62667	-187
33.62833	-187
33.63000	-187
33.63167	-187
33.63333	-187
33.63500	-187
33.63667	-187
33.63833	-187
33.64000	-187
33.64167	-188
33.64333	-187
33.64500	-187
33.64667	-187
33.64833	-188
33.65000	-187
33.65167	-187
33.65333	-188
33.65500	-187
33.65667	-187
33.65833	-188
33.66000	-187
33.66167	-187
33.66333	-187
33.66500	-187
33.66667	-187
33.66833	-187
33.67000	-186
33.67167	-187
33.67333	-186
33.67500	-186
33.67667	-186
33.67833	-186
33.68000	-185
33.68167	-186
33.68333	-186
33.68500	-185
33.68667	-185
33.68833	-185
33.69000	-185
33.69167	-185
33.69333	-185
33.69500	-184
33.69667	-185
33.69833	-184
33.70000	-185
33.70167	-185
33.70333	-184
33.70500	-185
33.70667	-184
33.70833	-185
33.71000	-185
33.71167	-185
33.71333	-184
33.71500	-185
33.71667	-185
33.71833	-185
33.72000	-185
33.72167	-185
33.72333	-186
33.72500	-185
33.72667	-185
33.72833	-186
33.73000	-186
33.73167	-185
33.73333	-186
33.73500	-186
33.73667	-186
33.73833	-186
33.74000	-187
33.74167	-186
33.74333	-186
33.74500	-187
33.74667	-186
33.74833	-186
33.75000	-187
33.75167	-186
33.75333	-186
33.75500	-186
33.75667	-186
33.75833	-186
33.76000	-186
33.76167	-186
33.76333	-186
33.76500	-186
33.76667	-187
33.76833	-186
33.77000	-186
33.77167	-186
33.77333	-186
33.77500	-186
33.77667	-186
33.77833	-186
33.78000	-186
33.78167	-187
33.78333	-186
33.78500	-186
33.78667	-187
33.78833	-187
33.79000	-187
33.79167	-187
33.79333	-187
33.79500	-187
33.79667	-187
33.79833	-187
33.80000	-187
33.80167	-188
33.80333	-187
33.80500	-187
33.80667	-187
33.80833	-187
33.81000	-187
33.81167	-187
33.81333	-187
33.81500	-187
33.81667	-186
33.81833	-187
33.82000	-186
33.82167	-186
33.82333	-186
33.82500	-185
33.82667	-186
33.82833	-185
33.83000	-184
33.83167	-185
33.83333	-183
33.83500	-184
33.83667	-183
33.83833	-183
33.84000	-183
33.84167	-183
33.84333	-182
33.84500	-182
33.84667	-182
33.84833	-182
33.85000	-181
33.85167	-181
33.85333	-181
33.85500	-181
33.85667	-182
33.85833	-181
33.86000	-181
33.86167	-181
33.86333	-181
33.86500	-182
33.86667	-181
33.86833	-182
33.87000	-181
33.87167	-182
33.87333	-182
33.87500	-182
33.87667	-182
33.87833	-183
33.88000	-183
33.88167	-182
33.88333	-183
33.88500	-183
33.88667	-184
33.88833	-183
33.89000	-184
33.89167	-184
33.89333	-184
33.89500	-184
33.89667	-184
33.89833	-185
33.90000	-185
33.90167	-185
33.90333	-185
33.90500	-185
33.90667	-185
33.90833	-185
33.91000	-186
33.91167	-185
33.91333	-185
33.91500	-185
33.91667	-186
33.91833	-185
33.92000	-185
33.92167	-184
33.92333	-185
33.92500	-185
33.92667	-185
33.92833	-185
33.93000	-185
33.93167	-184
33.93333	-185
33.93500	-184
33.93667	-185
33.93833	-184
33.94000	-185
33.94167	-184
33.94333	-184
33.94500	-184
33.94667	-183
33.94833	-184
33.95000	-184
33.95167	-183
33.95333	-183
33.95500	-184
33.95667	-184
33.95833	-183
33.96000	-184
33.96167	-183
33.96333	-184
33.96500	-183
33.96667	-184
33.96833	-184
33.97000	-183
33.97167	-184
33.97333	-184
33.97500	-183
33.97667	-184
33.97833	-184
33.98000	-184
33.98167	-184
33.98333	-184
33.98500	-185
33.98667	-184
33.98833	-184
33.99000	-185
33.99167	-184
33.99333	-185
33.99500	-184
33.99667	-185
33.99833	-184
34.00000	-185
34.00167	-184
34.00333	-185
34.00500	-185
34.00667	-184
34.00833	-185
34.01000	-185
34.01167	-184
34.01333	-185
34.01500	-185
34.01667	-185
34.01833	-184
34.02000	-185
34.02167	-184
34.02333	-185
34.02500	-184
34.02667	-185
34.02833	-184
34.03000	-184
34.03167	-184
34.03333	-184
34.03500	-184
34.03667	-183
34.03833	-184
34.04000	-184
34.04167	-183
34.04333	-183
34.04500	-184
34.04667	-183
34.04833	-183
34.05000	-183
34.05167	-184
34.05333	-183
34.05500	-183
34.05667	-183
34.05833	-184
34.06000	-183
34.06167	-183
34.06333	-184
34.06500	-183
34.06667	-184
34.06833	-183
34.07000	-184
34.07167	-184
34.07333	-185
34.07500	-185
34.07667	-184
34.07833	-186
34.08000	-185
34.08167	-186
34.08333	-185
34.08500	-186
34.08667	-187
34.08833	-186
34.09000	-187
34.09167	-187
34.09333	-187
34.09500	-188
34.09667	-188
34.09833	-188
34.10000	-189
34.10167	-188
34.10333	-188
34.10500	-189
34.10667	-189
34.10833	-188
34.11000	-189
34.11167	-189
34.11333	-189
34.11500	-189
34.11667	-190
34.11833	-189
34.12000	-188
34.12167	-189
34.12333	-189
34.12500	-188
34.12667	-188
34.12833	-188
34.13000	-188
34.13167	-187
34.13333	-188
34.13500	-186
34.13667	-187
34.13833	-187
34.14000	-187
34.14167	-186
34.14333	-186
34.14500	-186
34.14667	-185
34.14833	-186
34.15000	-185
34.15167	-185
34.15333	-185
34.15500	-185
34.15667	-185
34.15833	-184
34.16000	-184
34.16167	-184
34.16333	-184
34.16500	-184
34.16667	-184
34.16833	-184
34.17000	-184
34.17167	-184
34.17333	-184
34.17500	-184
34.17667	-184
34.17833	-185
34.18000	-184
34.18167	-184
34.18333	-185
34.18500	-184
34.18667	-185
34.18833	-184
34.19000	-185
34.19167	-184
34.19333	-185
34.19500	-185
34.19667	-185
34.19833	-185
34.20000	-186
34.20167	-185
34.20333	-186
34.20500	-185
34.20667	-186
34.20833	-187
34.21000	-186
34.21167	-186
34.21333	-187
34.21500	-187
34.21667	-186
34.21833	-187
34.22000	-187
34.22167	-187
34.22333	-186
34.22500	-187
34.22667	-188
34.22833	-187
34.23000	-187
34.23167	-187
34.23333	-187
34.23500	-187
34.23667	-187
34.23833	-187
34.24000	-187
34.24167	-187
34.24333	-186
34.24500	-187
34.24667	-186
34.24833	-186
34.25000	-186
34.25167	-186
34.25333	-186
34.25500	-185
34.25667	-186
34.25833	-185
34.26000	-185
34.26167	-185
34.26333	-185
34.26500	-184
34.26667	-185
34.26833	-184
34.27000	-184
34.27167	-184
34.27333	-184
34.27500	-184
34.27667	-184
34.27833	-184
34.28000	-184
34.28167	-184
34.28333	-184
34.28500	-184
34.28667	-184
34.28833	-184
34.29000	-184
34.29167	-184
34.29333	-184
34.29500	-184
34.29667	-185
34.29833	-184
34.30000	-185
34.30167	-185
34.30333	-184
34.30500	-185
34.30667	-186
34.30833	-185
34.31000	-185
34.31167	-186
34.31333	-185
34.31500	-186
34.31667	-185
34.31833	-186
34.32000	-185
34.32167	-185
34.32333	-186
34.32500	-185
34.32667	-185
34.32833	-185
34.33000	-185
34.33167	-185
34.33333	-186
34.33500	-185
34.33667	-185
34.33833	-184
34.34000	-185
34.34167	-184
34.34333	-185
34.34500	-184
34.34667	-184
34.34833	-184
34.35000	-183
34.35167	-184
34.35333	-184
34.35500	-183
34.35667	-184
34.35833	-183
34.36000	-183
34.36167	-184
34.36333	-183
34.36500	-184
34.36667	-183
34.36833	-183
34.37000	-183
34.37167	-184
34.37333	-184
34.37500	-184
34.37667	-183
34.37833	-184
34.38000	-185
34.38167	-184
34.38333	-185
34.38500	-185
34.38667	-185
34.38833	-185
34.39000	-185
34.39167	-185
34.39333	-186
34.39500	-185
34.39667	-186
34.39833	-186
34.40000	-186
34.40167	-186
34.40333	-187
34.40500	-186
34.40667	-187
34.40833	-186
34.41000	-187
34.41167	-187
34.41333	-187
34.41500	-187
34.41667	-187
34.41833	-187
34.42000	-187
34.42167	-187
34.42333	-187
34.42500	-187
34.42667	-186
34.42833	-187
34.43000	-186
34.43167	-186
34.43333	-187
34.43500	-186
34.43667	-187
34.43833	-186
34.44000	-186
34.44167	-186
34.44333	-187
34.44500	-187
34.44667	-187
34.44833	-187
34.45000	-187
34.45167	-187
34.45333	-187
34.45500	-187
34.45667	-188
34.45833	-187
34.46000	-188
34.46167	-187
34.46333	-188
34.46500	-187
34.46667	-188
34.46833	-187
34.47000	-188
34.47167	-188
34.47333	-187
34.47500	-188
34.47667	-188
34.47833	-187
34.48000	-188
34.48167	-189
34.48333	-188
34.48500	-188
34.48667	-188
34.48833	-188
34.49000	-188
34.49167	-189
34.49333	-188
34.49500	-189
34.49667	-188
34.49833	-189
34.50000	-189
34.50167	-189
34.50333	-189
34.50500	-188
34.50667	-189
34.50833	-189
34.51000	-189
34.51167	-189
34.51333	-189
34.51500	-189
34.51667	-189
34.51833	-189
34.52000	-189
34.52167	-188
34.52333	-189
34.52500	-189
34.52667	-189
34.52833	-189
34.53000	-188
34.53167	-189
34.53333	-188
34.53500	-189
34.53667	-188
34.53833	-188
34.54000	-188
34.54167	-188
34.54333	-188
34.54500	-188
34.54667	-188
34.54833	-187
34.55000	-188
34.55167	-188
34.55333	-187
34.55500	-188
34.55667	-188
34.55833	-187
34.56000	-188
34.56167	-188
34.56333	-187
34.56500	-188
34.56667	-188
34.56833	-187
34.57000	-188
34.57167	-188
34.57333	-188
34.57500	-188
34.57667	-188
34.57833	-188
34.58000	-188
34.58167	-188
34.58333	-188
34.58500	-189
34.58667	-188
34.58833	-188
34.59000	-189
34.59167	-188
34.59333	-189
34.59500	-189
34.59667	-188
34.59833	-189
34.60000	-189
34.60167	-188
34.60333	-189
34.60500	-189
34.60667	-188
34.60833	-189
34.61000	-188
34.61167	-189
34.61333	-189
34.61500	-188
34.61667	-189
34.61833	-188
34.62000	-189
34.62167	-188
34.62333	-188
34.62500	-189
34.62667	-188
34.62833	-188
34.63000	-188
34.63167	-189
34.63333	-188
34.63500	-188
34.63667	-188
34.63833	-188
34.64000	-188
34.64167	-188
34.64333	-188
34.64500	-188
34.64667	-188
34.64833	-188
34.65000	-188
34.65167	-188
34.65333	-187
34.65500	-188
34.65667	-188
34.65833	-188
34.66000	-188
34.66167	-188
34.66333	-187
34.66500	-188
34.66667	-188
34.66833	-188
34.67000	-188
34.67167	-188
34.67333	-188
34.67500	-189
34.67667	-188
34.67833	-189
34.68000	-189
34.68167	-189
34.68333	-189
34.68500	-190
34.68667	-190
34.68833	-190
34.69000	-190
34.69167	-190
34.69333	-191
34.69500	-191
34.69667	-191
34.69833	-191
34.70000	-191
34.70167	-191
34.70333	-191
34.70500	-192
34.70667	-191
34.70833	-192
34.71000	-191
34.71167	-191
34.71333	-191
34.71500	-191
34.71667	-191
34.71833	-191
34.72000	-191
34.72167	-190
34.72333	-190
34.72500	-190
34.72667	-190
34.72833	-189
34.73000	-190
34.73167	-189
34.73333	-189
34.73500	-189
34.73667	-188
34.73833	-189
34.74000	-188
34.74167	-188
34.74333	-188
34.74500	-187
34.74667	-188
34.74833	-187
34.75000	-188
34.75167	-187
34.75333	-187
34.75500	-188
34.75667	-187
34.75833	-187
34.76000	-187
34.76167	-188
34.76333	-187
34.76500	-188
34.76667	-187
34.76833	-188
34.77000	-188
34.77167	-188
34.77333	-187
34.77500	-188
34.77667	-188
34.77833	-187
34.78000	-188
34.78167	-188
34.78333	-188
34.78500	-188
34.78667	-189
34.78833	-188
34.79000	-188
34.79167	-188
34.79333	-188
34.79500	-189
34.79667	-188
34.79833	-188
34.80000	-189
34.80167	-188
34.80333	-189
34.80500	-188
34.80667	-189
34.80833	-189
34.81000	-189
34.81167	-188
34.81333	-189
34.81500	-189
34.81667	-189
34.81833	-189
34.82000	-189
34.82167	-189
34.82333	-189
34.82500	-189
34.82667	-189
34.82833	-189
34.83000	-189
34.83167	-189
34.83333	-189
34.83500	-189
34.83667	-189
34.83833	-189
34.84000	-189
34.84167	-188
34.84333	-189
34.84500	-188
34.84667	-188
34.84833	-188
34.85000	-188
34.85167	-188
34.85333	-187
34.85500	-188
34.85667	-187
34.85833	-188
34.86000	-187
34.86167	-187
34.86333	-187
34.86500	-187
34.86667	-187
34.86833	-187
34.87000	-187
34.87167	-187
34.87333	-187
34.87500	-187
34.87667	-187
34.87833	-187
34.88000	-187
34.88167	-187
34.88333	-187
34.88500	-188
34.88667	-188
34.88833	-187
34.89000	-188
34.89167	-188
34.89333	-188
34.89500	-189
34.89667	-189
34.89833	-188
34.90000	-189
34.90167	-189
34.90333	-189
34.90500	-189
34.90667	-189
34.90833	-190
34.91000	-189
34.91167	-190
34.91333	-189
34.91500	-190
34.91667	-190
34.91833	-189
34.92000	-190
34.92167	-190
34.92333	-190
34.92500	-190
34.92667	-191
34.92833	-190
34.93000	-191
34.93167	-190
34.93333	-191
34.93500	-190
34.93667	-190
34.93833	-191
34.94000	-190
34.94167	-190
34.94333	-190
34.94500	-190
34.94667	-190
34.94833	-189
34.95000	-189
34.95167	-189
34.95333	-190
34.95500	-189
34.95667	-189
34.95833	-188
34.96000	-189
34.96167	-188
34.96333	-189
34.96500	-188
34.96667	-188
34.96833	-188
34.97000	-188
34.97167	-188
34.97333	-187
34.97500	-188
34.97667	-187
34.97833	-188
34.98000	-187
34.98167	-188
34.98333	-188
34.98500	-187
34.98667	-188
34.98833	-188
34.99000	-188
34.99167	-188
34.99333	-188
34.99500	-188
34.99667	-188
34.99833	-188
35.00000	-189
35.00167	-188
35.00333	-188
35.00500	-189
35.00667	-188
35.00833	-188
35.01000	-189
35.01167	-188
35.01333	-188
35.01500	-188
35.01667	-189
35.01833	-188
35.02000	-188
35.02167	-188
35.02333	-189
35.02500	-188
35.02667	-188
35.02833	-188
35.03000	-189
35.03167	-187
35.03333	-188
35.03500	-188
35.03667	-188
35.03833	-188
35.04000	-189
35.04167	-188
35.04333	-188
35.04500	-188
35.04667	-189
35.04833	-188
35.05000	-189
35.05167	-188
35.05333	-189
35.05500	-188
35.05667	-189
35.05833	-188
35.06000	-189
35.06167	-189
35.06333	-188
35.06500	-188
35.06667	-189
35.06833	-188
35.07000	-188
35.07167	-188
35.07333	-189
35.07500	-188
35.07667	-189
35.07833	-188
35.08000	-188
35.08167	-188
35.08333	-189
35.08500	-188
35.08667	-188
35.08833	-188
35.09000	-189
35.09167	-188
35.09333	-188
35.09500	-189
35.09667	-189
35.09833	-188
35.10000	-189
35.10167	-189
35.10333	-189
35.10500	-189
35.10667	-188
35.10833	-189
35.11000	-189
35.11167	-189
35.11333	-188
35.11500	-189
35.11667	-189
35.11833	-188
35.12000	-189
35.12167	-188
35.12333	-188
35.12500	-187
35.12667	-188
35.12833	-187
35.13000	-187
35.13167	-187
35.13333	-186
35.13500	-187
35.13667	-186
35.13833	-186
35.14000	-186
35.14167	-185
35.14333	-186
35.14500	-185
35.14667	-185
35.14833	-185
35.15000	-185
35.15167	-184
35.15333	-185
35.15500	-184
35.15667	-185
35.15833	-184
35.16000	-184
35.16167	-185
35.16333	-184
35.16500	-184
35.16667	-184
35.16833	-184
35.17000	-184
35.17167	-185
35.17333	-184
35.17500	-184
35.17667	-185
35.17833	-185
35.18000	-185
35.18167	-185
35.18333	-185
35.18500	-186
35.18667	-185
35.18833	-186
35.19000	-185
35.19167	-186
35.19333	-187
35.19500	-186
35.19667	-186
35.19833	-187
35.20000	-186
35.20167	-187
35.20333	-187
35.20500	-187
35.20667	-187
35.20833	-187
35.21000	-187
35.21167	-187
35.21333	-188
35.21500	-187
35.21667	-188
35.21833	-187
35.22000	-187
35.22167	-188
35.22333	-187
35.22500	-188
35.22667	-187
35.22833	-187
35.23000	-187
35.23167	-188
35.23333	-187
35.23500	-187
35.23667	-187
35.23833	-187
35.24000	-187
35.24167	-187
35.24333	-186
35.24500	-187
35.24667	-186
35.24833	-186
35.25000	-186
35.25167	-186
35.25333	-186
35.25500	-187
35.25667	-186
35.25833	-186
35.26000	-186
35.26167	-185
35.26333	-186
35.26500	-186
35.26667	-186
35.26833	-186
35.27000	-186
35.27167	-185
35.27333	-186
35.27500	-186
35.27667	-186
35.27833	-186
35.28000	-186
35.28167	-186
35.28333	-187
35.28500	-186
35.28667	-187
35.28833	-186
35.29000	-187
35.29167	-187
35.29333	-187
35.29500	-186
35.29667	-187
35.29833	-187
35.30000	-188
35.30167	-187
35.30333	-187
35.30500	-187
35.30667	-187
35.30833	-186
35.31000	-187
35.31167	-187
35.31333	-186
35.31500	-187
35.31667	-186
35.31833	-186
35.32000	-187
35.32167	-186
35.32333	-186
35.32500	-185
35.32667	-186
35.32833	-186
35.33000	-186
35.33167	-185
35.33333	-185
35.33500	-185
35.33667	-186
35.33833	-185
35.34000	-185
35.34167	-184
35.34333	-185
35.34500	-185
35.34667	-184
35.34833	-185
35.35000	-184
35.35167	-184
35.35333	-184
35.35500	-184
35.35667	-184
35.35833	-184
35.36000	-184
35.36167	-184
35.36333	-183
35.36500	-184
35.36667	-183
35.36833	-183
35.37000	-184
35.37167	-183
35.37333	-183
35.37500	-183
35.37667	-183
35.37833	-182
35.38000	-183
35.38167	-182
35.38333	-183
35.38500	-182
35.38667	-183
35.38833	-182
35.39000	-182
35.39167	-182
35.39333	-182
35.39500	-182
35.39667	-182
35.39833	-182
35.40000	-181
35.40167	-182
35.40333	-182
35.40500	-181
35.40667	-182
35.40833	-181
35.41000	-181
35.41167	-182
35.41333	-181
35.41500	-181
35.41667	-182
35.41833	-181
35.42000	-181
35.42167	-182
35.42333	-181
35.42500	-181
35.42667	-182
35.42833	-181
35.43000	-181
35.43167	-182
35.43333	-182
35.43500	-182
35.43667	-182
35.43833	-182
35.44000	-183
35.44167	-183
35.44333	-183
35.44500	-184
35.44667	-183
35.44833	-184
35.45000	-185
35.45167	-185
35.45333	-185
35.45500	-185
35.45667	-186
35.45833	-185
35.46000	-186
35.46167	-186
35.46333	-187
35.46500	-186
35.46667	-187
35.46833	-187
35.47000	-187
35.47167	-188
35.47333	-187
35.47500	-187
35.47667	-187
35.47833	-188
35.48000	-187
35.48167	-187
35.48333	-188
35.48500	-187
35.48667	-187
35.48833	-187
35.49000	-187
35.49167	-187
35.49333	-187
35.49500	-187
35.49667	-186
35.49833	-187
35.50000	-187
35.50167	-186
35.50333	-187
35.50500	-187
35.50667	-187
35.50833	-186
35.51000	-187
35.51167	-187
35.51333	-187
35.51500	-188
35.51667	-187
35.51833	-187
35.52000	-187
35.52167	-188
35.52333	-187
35.52500	-187
35.52667	-188
35.52833	-188
35.53000	-188
35.53167	-187
35.53333	-188
35.53500	-188
35.53667	-188
35.53833	-187
35.54000	-188
35.54167	-188
35.54333	-187
35.54500	-188
35.54667	-188
35.54833	-188
35.55000	-188
35.55167	-188
35.55333	-188
35.55500	-187
35.55667	-188
35.55833	-187
35.56000	-187
35.56167	-187
35.56333	-187
35.56500	-187
35.56667	-187
35.56833	-187
35.57000	-186
35.57167	-187
35.57333	-187
35.57500	-186
35.57667	-186
35.57833	-187
35.58000	-186
35.58167	-186
35.58333	-187
35.58500	-186
35.58667	-186
35.58833	-186
35.59000	-187
35.59167	-186
35.59333	-186
35.59500	-187
35.59667	-187
35.59833	-187
35.60000	-187
35.60167	-187
35.60333	-187
35.60500	-187
35.60667	-188
35.60833	-187
35.61000	-188
35.61167	-189
35.61333	-188
35.61500	-188
35.61667	-188
35.61833	-189
35.62000	-189
35.62167	-189
35.62333	-189
35.62500	-190
35.62667	-189
35.62833	-190
35.63000	-189
35.63167	-190
35.63333	-190
35.63500	-190
35.63667	-190
35.63833	-190
35.64000	-189
35.64167	-190
35.64333	-190
35.64500	-189
35.64667	-190
35.64833	-189
35.65000	-190
35.65167	-189
35.65333	-189
35.65500	-189
35.65667	-189
35.65833	-188
35.66000	-189
35.66167	-188
35.66333	-188
35.66500	-187
35.66667	-187
35.66833	-187
35.67000	-187
35.67167	-186
35.67333	-186
35.67500	-186
35.67667	-185
35.67833	-185
35.68000	-185
35.68167	-185
35.68333	-184
35.68500	-184
35.68667	-184
35.68833	-184
35.69000	-183
35.69167	-184
35.69333	-183
35.69500	-183
35.69667	-184
35.69833	-183
35.70000	-183
35.70167	-183
35.70333	-183
35.70500	-183
35.70667	-183
35.70833	-183
35.71000	-183
35.71167	-183
35.71333	-183
35.71500	-183
35.71667	-183
35.71833	-184
35.72000	-183
35.72167	-184
35.72333	-184
35.72500	-184
35.72667	-184
35.72833	-184
35.73000	-185
35.73167	-184
35.73333	-184
35.73500	-185
35.73667	-184
35.73833	-185
35.74000	-185
35.74167	-185
35.74333	-185
35.74500	-185
35.74667	-185
35.74833	-185
35.75000	-185
35.75167	-185
35.75333	-186
35.75500	-185
35.75667	-185
35.75833	-186
35.76000	-185
35.76167	-186
35.76333	-185
35.76500	-186
35.76667	-186
35.76833	-185
35.77000	-186
35.77167	-186
35.77333	-186
35.77500	-186
35.77667	-185
35.77833	-186
35.78000	-186
35.78167	-187
35.78333	-186
35.78500	-187
35.78667	-187
35.78833	-186
35.79000	-187
35.79167	-187
35.79333	-187
35.79500	-188
35.79667	-187
35.79833	-187
35.80000	-188
35.80167	-188
35.80333	-187
35.80500	-188
35.80667	-188
35.80833	-188
35.81000	-188
35.81167	-188
35.81333	-188
35.81500	-188
35.81667	-189
35.81833	-188
35.82000	-188
35.82167	-189
35.82333	-188
35.82500	-188
35.82667	-189
35.82833	-188
35.83000	-188
35.83167	-188
35.83333	-189
35.83500	-188
35.83667	-188
35.83833	-188
35.84000	-188
35.84167	-188
35.84333	-189
35.84500	-188
35.84667	-188
35.84833	-188
35.85000	-188
35.85167	-188
35.85333	-188
35.85500	-188
35.85667	-188
35.85833	-187
35.86000	-189
35.86167	-188
35.86333	-188
35.86500	-188
35.86667	-189
35.86833	-188
35.87000	-188
35.87167	-189
35.87333	-188
35.87500	-188
35.87667	-188
35.87833	-188
35.88000	-189
35.88167	-188
35.88333	-188
35.88500	-188
35.88667	-188
35.88833	-188
35.89000	-188
35.89167	-187
35.89333	-188
35.89500	-187
35.89667	-188
35.89833	-187
35.90000	-187
35.90167	-187
35.90333	-188
35.90500	-187
35.90667	-187
35.90833	-188
35.91000	-187
35.91167	-187
35.91333	-187
35.91500	-187
35.91667	-187
35.91833	-187
35.92000	-188
35.92167	-187
35.92333	-187
35.92500	-188
35.92667	-187
35.92833	-187
35.93000	-187
35.93167	-187
35.93333	-188
35.93500	-187
35.93667	-187
35.93833	-187
35.94000	-187
35.94167	-186
35.94333	-187
35.94500	-186
35.94667	-187
35.94833	-186
35.95000	-186
35.95167	-186
35.95333	-186
35.95500	-185
35.95667	-186
35.95833	-185
35.96000	-186
35.96167	-185
35.96333	-185
35.96500	-185
35.96667	-186
35.96833	-185
35.97000	-186
35.97167	-185
35.97333	-185
35.97500	-186
35.97667	-185
35.97833	-185
35.98000	-186
35.98167	-185
35.98333	-186
35.98500	-186
35.98667	-185
35.98833	-186
35.99000	-186
35.99167	-186
35.99333	-186
35.99500	-186
35.99667	-186
35.99833	-186
36.00000	-187
36.00167	-186
36.00333	-187
36.00500	-187
36.00667	-187
36.00833	-187
36.01000	-187
36.01167	-187
36.01333	-187
36.01500	-187
36.01667	-188
36.01833	-187
36.02000	-188
36.02167	-187
36.02333	-188
36.02500	-188
36.02667	-187
36.02833	-188
36.03000	-188
36.03167	-188
36.03333	-188
36.03500	-187
36.03667	-188
36.03833	-188
36.04000	-188
36.04167	-188
36.04333	-187
36.04500	-188
36.04667	-188
36.04833	-188
36.05000	-188
36.05167	-188
36.05333	-188
36.05500	-188
36.05667	-188
36.05833	-188
36.06000	-188
36.06167	-188
36.06333	-188
36.06500	-188
36.06667	-188
36.06833	-188
36.07000	-188
36.07167	-188
36.07333	-188
36.07500	-188
36.07667	-188
36.07833	-188
36.08000	-187
36.08167	-188
36.08333	-188
36.08500	-187
36.08667	-188
36.08833	-188
36.09000	-188
36.09167	-187
36.09333	-188
36.09500	-187
36.09667	-188
36.09833	-188
36.10000	-187
36.10167	-188
36.10333	-187
36.10500	-187
36.10667	-188
36.10833	-188
36.11000	-187
36.11167	-188
36.11333	-188
36.11500	-187
36.11667	-188
36.11833	-188
36.12000	-188
36.12167	-188
36.12333	-188
36.12500	-188
36.12667	-189
36.12833	-188
36.13000	-188
36.13167	-188
36.13333	-189
36.13500	-188
36.13667	-189
36.13833	-189
36.14000	-188
36.14167	-189
36.14333	-188
36.14500	-189
36.14667	-188
36.14833	-188
36.15000	-188
36.15167	-188
36.15333	-188
36.15500	-188
36.15667	-188
36.15833	-188
36.16000	-188
36.16167	-188
36.16333	-188
36.16500	-188
36.16667	-188
36.16833	-187
36.17000	-188
36.17167	-187
36.17333	-188
36.17500	-187
36.17667	-187
36.17833	-187
36.18000	-188
36.18167	-187
36.18333	-187
36.18500	-187
36.18667	-187
36.18833	-187
36.19000	-186
36.19167	-186
36.19333	-187
36.19500	-186
36.19667	-186
36.19833	-186
36.20000	-186
36.20167	-185
36.20333	-186
36.20500	-185
36.20667	-185
36.20833	-185
36.21000	-185
36.21167	-185
36.21333	-184
36.21500	-184
36.21667	-184
36.21833	-184
36.22000	-184
36.22167	-184
36.22333	-184
36.22500	-184
36.22667	-184
36.22833	-184
36.23000	-184
36.23167	-184
36.23333	-184
36.23500	-184
36.23667	-184
36.23833	-184
36.24000	-184
36.24167	-184
36.24333	-185
36.24500	-184
36.24667	-184
36.24833	-185
36.25000	-185
36.25167	-185
36.25333	-185
36.25500	-186
36.25667	-185
36.25833	-185
36.26000	-186
36.26167	-186
36.26333	-186
36.26500	-185
36.26667	-187
36.26833	-186
36.27000	-187
36.27167	-186
36.27333	-187
36.27500	-187
36.27667	-187
36.27833	-187
36.28000	-187
36.28167	-188
36.28333	-187
36.28500	-187
36.28667	-188
36.28833	-187
36.29000	-188
36.29167	-187
36.29333	-187
36.29500	-188
36.29667	-187
36.29833	-187
36.30000	-187
36.30167	-188
36.30333	-187
36.30500	-187
36.30667	-187
36.30833	-187
36.31000	-187
36.31167	-187
36.31333	-187
36.31500	-187
36.31667	-187
36.31833	-187
36.32000	-187
36.32167	-187
36.32333	-187
36.32500	-188
36.32667	-187
36.32833	-188
36.33000	-187
36.33167	-188
36.33333	-188
36.33500	-188
36.33667	-188
36.33833	-188
36.34000	-188
36.34167	-189
36.34333	-189
36.34500	-188
36.34667	-189
36.34833	-189
36.35000	-190
36.35167	-189
36.35333	-189
36.35500	-190
36.35667	-190
36.35833	-190
36.36000	-189
36.36167	-190
36.36333	-190
36.36500	-191
36.36667	-190
36.36833	-190
36.37000	-191
36.37167	-191
36.37333	-190
36.37500	-191
36.37667	-191
36.37833	-190
36.38000	-191
36.38167	-191
36.38333	-191
36.38500	-191
36.38667	-191
36.38833	-191
36.39000	-191
36.39167	-190
36.39333	-191
36.39500	-191
36.39667	-191
36.39833	-190
36.40000	-191
36.40167	-190
36.40333	-191
36.40500	-190
36.40667	-190
36.40833	-190
36.41000	-190
36.41167	-190
36.41333	-189
36.41500	-190
36.41667	-189
36.41833	-189
36.42000	-190
36.42167	-189
36.42333	-189
36.42500	-189
36.42667	-189
36.42833	-189
36.43000	-189
36.43167	-189
36.43333	-189
36.43500	-189
36.43667	-189
36.43833	-189
36.44000	-189
36.44167	-189
36.44333	-189
36.44500	-189
36.44667	-189
36.44833	-189
36.45000	-189
36.45167	-189
36.45333	-190
36.45500	-189
36.45667	-190
36.45833	-189
36.46000	-189
36.46167	-189
36.46333	-189
36.46500	-189
36.46667	-189
36.46833	-189
36.47000	-188
36.47167	-189
36.47333	-188
36.47500	-188
36.47667	-188
36.47833	-189
36.48000	-188
36.48167	-187
36.48333	-188
36.48500	-188
36.48667	-188
36.48833	-187
36.49000	-187
36.49167	-187
36.49333	-187
36.49500	-187
36.49667	-187
36.49833	-186
36.50000	-187
36.50167	-187
36.50333	-186
36.50500	-186
36.50667	-186
36.50833	-186
36.51000	-186
36.51167	-186
36.51333	-186
36.51500	-185
36.51667	-185
36.51833	-186
36.52000	-185
36.52167	-185
36.52333	-185
36.52500	-185
36.52667	-185
36.52833	-185
36.53000	-185
36.53167	-184
36.53333	-185
36.53500	-185
36.53667	-184
36.53833	-184
36.54000	-185
36.54167	-184
36.54333	-185
36.54500	-184
36.54667	-185
36.54833	-185
36.55000	-185
36.55167	-184
36.55333	-185
36.55500	-185
36.55667	-185
36.55833	-186
36.56000	-185
36.56167	-185
36.56333	-186
36.56500	-185
36.56667	-186
36.56833	-185
36.57000	-186
36.57167	-186
36.57333	-185
36.57500	-186
36.57667	-185
36.57833	-185
36.58000	-186
36.58167	-185
36.58333	-185
36.58500	-185
36.58667	-185
36.58833	-185
36.59000	-185
36.59167	-186
36.59333	-185
36.59500	-185
36.59667	-185
36.59833	-184
36.60000	-185
36.60167	-185
36.60333	-184
36.60500	-185
36.60667	-185
36.60833	-185
36.61000	-185
36.61167	-185
36.61333	-185
36.61500	-185
36.61667	-185
36.61833	-184
36.62000	-185
36.62167	-185
36.62333	-184
36.62500	-184
36.62667	-185
36.62833	-184
36.63000	-185
36.63167	-184
36.63333	-185
36.63500	-184
36.63667	-185
36.63833	-184
36.64000	-185
36.64167	-184
36.64333	-185
36.64500	-185
36.64667	-185
36.64833	-185
36.65000	-185
36.65167	-186
36.65333	-185
36.65500	-186
36.65667	-186
36.65833	-186
36.66000	-187
36.66167	-187
36.66333	-187
36.66500	-188
36.66667	-188
36.66833	-188
36.67000	-188
36.67167	-189
36.67333	-189
36.67500	-189
36.67667	-189
36.67833	-190
36.68000	-189
36.68167	-190
36.68333	-189
36.68500	-190
36.68667	-190
36.68833	-190
36.69000	-190
36.69167	-190
36.69333	-191
36.69500	-190
36.69667	-190
36.69833	-190
36.70000	-191
36.70167	-190
36.70333	-190
36.70500	-191
36.70667	-191
36.70833	-190
36.71000	-191
36.71167	-191
36.71333	-190
36.71500	-191
36.71667	-191
36.71833	-190
36.72000	-191
36.72167	-191
36.72333	-191
36.72500	-190
36.72667	-191
36.72833	-190
36.73000	-190
36.73167	-190
36.73333	-189
36.73500	-190
36.73667	-189
36.73833	-189
36.74000	-188
36.74167	-189
36.74333	-188
36.74500	-188
36.74667	-188
36.74833	-188
36.75000	-187
36.75167	-188
36.75333	-187
36.75500	-187
36.75667	-187
36.75833	-187
36.76000	-187
36.76167	-186
36.76333	-187
36.76500	-186
36.76667	-186
36.76833	-187
36.77000	-186
36.77167	-186
36.77333	-186
36.77500	-186
36.77667	-186
36.77833	-186
36.78000	-185
36.78167	-186
36.78333	-185
36.78500	-185
36.78667	-186
36.78833	-185
36.79000	-185
36.79167	-185
36.79333	-185
36.79500	-185
36.79667	-185
36.79833	-184
36.80000	-185
36.80167	-184
36.80333	-184
36.80500	-185
36.80667	-184
36.80833	-184
36.81000	-184
36.81167	-184
36.81333	-184
36.81500	-184
36.81667	-184
36.81833	-184
36.82000	-184
36.82167	-183
36.82333	-184
36.82500	-184
36.82667	-184
36.82833	-184
36.83000	-184
36.83167	-184
36.83333	-185
36.83500	-184
36.83667	-185
36.83833	-184
36.84000	-184
36.84167	-185
36.84333	-184
36.84500	-184
36.84667	-185
36.84833	-184
36.85000	-185
36.85167	-184
36.85333	-184
36.85500	-185
36.85667	-184
36.85833	-184
36.86000	-185
36.86167	-184
36.86333	-184
36.86500	-184
36.86667	-185
36.86833	-184
36.87000	-184
36.87167	-185
36.87333	-184
36.87500	-185
36.87667	-185
36.87833	-184
36.88000	-185
36.88167	-185
36.88333	-185
36.88500	-185
36.88667	-185
36.88833	-185
36.89000	-186
36.89167	-185
36.89333	-186
36.89500	-185
36.89667	-186
36.89833	-185
36.90000	-186
36.90167	-186
36.90333	-186
36.90500	-186
36.90667	-186
36.90833	-186
36.91000	-186
36.91167	-186
36.91333	-186
36.91500	-186
36.91667	-187
36.91833	-186
36.92000	-187
36.92167	-187
36.92333	-187
36.92500	-187
36.92667	-188
36.92833	-188
36.93000	-187
36.93167	-188
36.93333	-189
36.93500	-188
36.93667	-188
36.93833	-189
36.94000	-188
36.94167	-189
36.94333	-188
36.94500	-189
36.94667	-189
36.94833	-189
36.95000	-189
36.95167	-189
36.95333	-188
36.95500	-189
36.95667	-189
36.95833	-188
36.96000	-189
36.96167	-189
36.96333	-188
36.96500	-189
36.96667	-188
36.96833	-188
36.97000	-188
36.97167	-188
36.97333	-188
36.97500	-188
36.97667	-188
36.97833	-188
36.98000	-188
36.98167	-187
36.98333	-188
36.98500	-188
36.98667	-187
36.98833	-188
36.99000	-188
36.99167	-187
36.99333	-188
36.99500	-187
36.99667	-188
36.99833	-188
37.00000	-187
37.00167	-188
37.00333	-187
37.00500	-188
37.00667	-187
37.00833	-188
37.01000	-187
37.01167	-187
37.01333	-188
37.01500	-187
37.01667	-187
37.01833	-187
37.02000	-187
37.02167	-187
37.02333	-188
37.02500	-187
37.02667	-187
37.02833	-187
37.03000	-188
37.03167	-187
37.03333	-188
37.03500	-188
37.03667	-188
37.03833	-187
37.04000	-188
37.04167	-188
37.04333	-187
37.04500	-188
37.04667	-189
37.04833	-188
37.05000	-188
37.05167	-189
37.05333	-188
37.05500	-189
37.05667	-188
37.05833	-189
37.06000	-188
37.06167	-189
37.06333	-188
37.06500	-189
37.06667	-189
37.06833	-188
37.07000	-188
37.07167	-189
37.07333	-188
37.07500	-189
37.07667	-189
37.07833	-188
37.08000	-189
37.08167	-189
37.08333	-188
37.08500	-189
37.08667	-189
37.08833	-189
37.09000	-190
37.09167	-189
37.09333	-189
37.09500	-190
37.09667	-189
37.09833	-190
37.10000	-189
37.10167	-190
37.10333	-189
37.10500	-190
37.10667	-189
37.10833	-190
37.11000	-190
37.11167	-189
37.11333	-189
37.11500	-189
37.11667	-189
37.11833	-188
37.12000	-189
37.12167	-189
37.12333	-188
37.12500	-189
37.12667	-188
37.12833	-188
37.13000	-188
37.13167	-187
37.13333	-187
37.13500	-188
37.13667	-187
37.13833	-187
37.14000	-187
37.14167	-186
37.14333	-187
37.14500	-186
37.14667	-187
37.14833	-186
37.15000	-186
37.15167	-186
37.15333	-186
37.15500	-186
37.15667	-186
37.15833	-186
37.16000	-186
37.16167	-185
37.16333	-185
37.16500	-186
37.16667	-185
37.16833	-185
37.17000	-185
37.17167	-185
37.17333	-184
37.17500	-185
37.17667	-185
37.17833	-184
37.18000	-184
37.18167	-185
37.18333	-184
37.18500	-184
37.18667	-184
37.18833	-184
37.19000	-183
37.19167	-184
37.19333	-184
37.19500	-184
37.19667	-184
37.19833	-183
37.20000	-184
37.20167	-184
37.20333	-184
37.20500	-184
37.20667	-184
37.20833	-184
37.21000	-184
37.21167	-184
37.21333	-184
37.21500	-184
37.21667	-184
37.21833	-184
37.22000	-185
37.22167	-184
37.22333	-185
37.22500	-185
37.22667	-184
37.22833	-185
37.23000	-184
37.23167	-185
37.23333	-185
37.23500	-185
37.23667	-185
37.23833	-185
37.24000	-186
37.24167	-185
37.24333	-185
37.24500	-186
37.24667	-186
37.24833	-186
37.25000	-186
37.25167	-187
37.25333	-186
37.25500	-187
37.25667	-187
37.25833	-187
37.26000	-188
37.26167	-187
37.26333	-188
37.26500	-187
37.26667	-188
37.26833	-187
37.27000	-188
37.27167	-188
37.27333	-188
37.27500	-188
37.27667	-189
37.27833	-188
37.28000	-189
37.28167	-188
37.28333	-189
37.28500	-188
37.28667	-189
37.28833	-189
37.29000	-190
37.29167	-189
37.29333	-190
37.29500	-189
37.29667	-190
37.29833	-190
37.30000	-190
37.30167	-189
37.30333	-190
37.30500	-190
37.30667	-190
37.30833	-190
37.31000	-189
37.31167	-190
37.31333	-189
37.31500	-189
37.31667	-189
37.31833	-190
37.32000	-189
37.32167	-189
37.32333	-189
37.32500	-189
37.32667	-189
37.32833	-189
37.33000	-188
37.33167	-188
37.33333	-188
37.33500	-188
37.33667	-189
37.33833	-188
37.34000	-187
37.34167	-188
37.34333	-187
37.34500	-187
37.34667	-187
37.34833	-187
37.35000	-186
37.35167	-186
37.35333	-187
37.35500	-186
37.35667	-186
37.35833	-186
37.36000	-185
37.36167	-186
37.36333	-185
37.36500	-185
37.36667	-185
37.36833	-185
37.37000	-185
37.37167	-185
37.37333	-185
37.37500	-186
37.37667	-185
37.37833	-185
37.38000	-185
37.38167	-186
37.38333	-185
37.38500	-186
37.38667	-186
37.38833	-186
37.39000	-187
37.39167	-186
37.39333	-187
37.39500	-187
37.39667	-187
37.39833	-188
37.40000	-187
37.40167	-188
37.40333	-188
37.40500	-189
37.40667	-188
37.40833	-189
37.41000	-189
37.41167	-189
37.41333	-190
37.41500	-189
37.41667	-190
37.41833	-191
37.42000	-190
37.42167	-191
37.42333	-190
37.42500	-191
37.42667	-191
37.42833	-191
37.43000	-191
37.43167	-191
37.43333	-191
37.43500	-190
37.43667	-191
37.43833	-191
37.44000	-190
37.44167	-191
37.44333	-190
37.44500	-190
37.44667	-191
37.44833	-190
37.45000	-189
37.45167	-190
37.45333	-190
37.45500	-189
37.45667	-190
37.45833	-189
37.46000	-189
37.46167	-189
37.46333	-189
37.46500	-189
37.46667	-189
37.46833	-189
37.47000	-188
37.47167	-189
37.47333	-188
37.47500	-188
37.47667	-189
37.47833	-188
37.48000	-188
37.48167	-188
37.48333	-187
37.48500	-188
37.48667	-188
37.48833	-188
37.49000	-188
37.49167	-188
37.49333	-188
37.49500	-188
37.49667	-188
37.49833	-189
37.50000	-188
37.50167	-189
37.50333	-189
37.50500	-189
37.50667	-189
37.50833	-189
37.51000	-189
37.51167	-189
37.51333	-190
37.51500	-189
37.51667	-190
37.51833	-190
37.52000	-189
37.52167	-190
37.52333	-190
37.52500	-190
37.52667	-190
37.52833	-190
37.53000	-190
37.53167	-190
37.53333	-190
37.53500	-190
37.53667	-190
37.53833	-190
37.54000	-190
37.54167	-190
37.54333	-190
37.54500	-190
37.54667	-190
37.54833	-190
37.55000	-190
37.55167	-191
37.55333	-190
37.55500	-190
37.55667	-190
37.55833	-190
37.56000	-191
37.56167	-190
37.56333	-190
37.56500	-191
37.56667	-190
37.56833	-190
37.57000	-190
37.57167	-190
37.57333	-190
37.57500	-190
37.57667	-189
37.57833	-190
37.58000	-189
37.58167	-189
37.58333	-188
37.58500	-189
37.58667	-188
37.58833	-188
37.59000	-187
37.59167	-187
37.59333	-187
37.59500	-187
37.59667	-187
37.59833	-186
37.60000	-186
37.60167	-186
37.60333	-185
37.60500	-185
37.60667	-185
37.60833	-184
37.61000	-185
37.61167	-184
37.61333	-184
37.61500	-184
37.61667	-184
37.61833	-183
37.62000	-183
37.62167	-183
37.62333	-183
37.62500	-183
37.62667	-183
37.62833	-183
37.63000	-182
37.63167	-183
37.63333	-182
37.63500	-183
37.63667	-183
37.63833	-182
37.64000	-183
37.64167	-182
37.64333	-182
37.64500	-183
37.64667	-182
37.64833	-182
37.65000	-183
37.65167	-182
37.65333	-183
37.65500	-182
37.65667	-183
37.65833	-183
37.66000	-183
37.66167	-182
37.66333	-183
37.66500	-183
37.66667	-184
37.66833	-183
37.67000	-183
37.67167	-184
37.67333	-184
37.67500	-183
37.67667	-184
37.67833	-184
37.68000	-185
37.68167	-184
37.68333	-185
37.68500	-185
37.68667	-186
37.68833	-185
37.69000	-185
37.69167	-186
37.69333	-186
37.69500	-186
37.69667	-186
37.69833	-187
37.70000	-186
37.70167	-187
37.70333	-187
37.70500	-186
37.70667	-187
37.70833	-188
37.71000	-187
37.71167	-187
37.71333	-187
37.71500	-188
37.71667	-187
37.71833	-187
37.72000	-187
37.72167	-187
37.72333	-187
37.72500	-187
37.72667	-187
37.72833	-187
37.73000	-187
37.73167	-186
37.73333	-186
37.73500	-186
37.73667	-186
37.73833	-186
37.74000	-185
37.74167	-186
37.74333	-185
37.74500	-185
37.74667	-185
37.74833	-185
37.75000	-185
37.75167	-185
37.75333	-185
37.75500	-184
37.75667	-185
37.75833	-185
37.76000	-184
37.76167	-184
37.76333	-184
37.76500	-184
37.76667	-185
37.76833	-184
37.77000	-183
37.77167	-184
37.77333	-184
37.77500	-183
37.77667	-184
37.77833	-184
37.78000	-184
37.78167	-184
37.78333	-183
37.78500	-184
37.78667	-183
37.78833	-184
37.79000	-183
37.79167	-183
37.79333	-183
37.79500	-183
37.79667	-183
37.79833	-183
37.80000	-183
37.80167	-183
37.80333	-183
37.80500	-183
37.80667	-183
37.80833	-183
37.81000	-182
37.81167	-183
37.81333	-183
37.81500	-183
37.81667	-183
37.81833	-183
37.82000	-183
37.82167	-183
37.82333	-183
37.82500	-184
37.82667	-183
37.82833	-184
37.83000	-183
37.83167	-183
37.83333	-184
37.83500	-183
37.83667	-183
37.83833	-183
37.84000	-183
37.84167	-184
37.84333	-183
37.84500	-183
37.84667	-183
37.84833	-183
37.85000	-183
37.85167	-183
37.85333	-184
37.85500	-183
37.85667	-183
37.85833	-184
37.86000	-183
37.86167	-184
37.86333	-183
37.86500	-183
37.86667	-184
37.86833	-183
37.87000	-183
37.87167	-183
37.87333	-184
37.87500	-184
37.87667	-183
37.87833	-184
37.88000	-184
37.88167	-184
37.88333	-184
37.88500	-184
37.88667	-184
37.88833	-184
37.89000	-185
37.89167	-184
37.89333	-185
37.89500	-185
37.89667	-184
37.89833	-185
37.90000	-185
37.90167	-185
37.90333	-185
37.90500	-185
37.90667	-185
37.90833	-185
37.91000	-185
37.91167	-186
37.91333	-185
37.91500	-186
37.91667	-186
37.91833	-186
37.92000	-185
37.92167	-186
37.92333	-186
37.92500	-186
37.92667	-186
37.92833	-185
37.93000	-186
37.93167	-186
37.93333	-186
37.93500	-186
37.93667	-186
37.93833	-186
37.94000	-186
37.94167	-186
37.94333	-186
37.94500	-186
37.94667	-186
37.94833	-186
37.95000	-186
37.95167	-186
37.95333	-186
37.95500	-186
37.95667	-186
37.95833	-186
37.96000	-186
37.96167	-187
37.96333	-186
37.96500	-187
37.96667	-187
37.96833	-187
37.97000	-187
37.97167	-188
37.97333	-187
37.97500	-187
37.97667	-187
37.97833	-188
37.98000	-187
37.98167	-188
37.98333	-188
37.98500	-188
37.98667	-188
37.98833	-188
37.99000	-188
37.99167	-188
37.99333	-188
37.99500	-189
37.99667	-188
37.99833	-189
38.00000	-189
38.00167	-188
38.00333	-189
38.00500	-189
38.00667	-188
38.00833	-189
38.01000	-188
38.01167	-189
38.01333	-188
38.01500	-189
38.01667	-189
38.01833	-188
38.02000	-188
38.02167	-189
38.02333	-188
38.02500	-188
38.02667	-189
38.02833	-188
38.03000	-189
38.03167	-188
38.03333	-189
38.03500	-188
38.03667	-188
38.03833	-189
38.04000	-188
38.04167	-188
38.04333	-188
38.04500	-189
38.04667	-188
38.04833	-189
38.05000	-188
38.05167	-188
38.05333	-189
38.05500	-188
38.05667	-188
38.05833	-188
38.06000	-188
38.06167	-188
38.06333	-188
38.06500	-187
38.06667	-188
38.06833	-188
38.07000	-187
38.07167	-187
38.07333	-187
38.07500	-187
38.07667	-187
38.07833	-186
38.08000	-187
38.08167	-186
38.08333	-186
38.08500	-186
38.08667	-185
38.08833	-186
38.09000	-185
38.09167	-186
38.09333	-185
38.09500	-185
38.09667	-185
38.09833	-184
38.10000	-185
38.10167	-184
38.10333	-184
38.10500	-184
38.10667	-184
38.10833	-184
38.11000	-183
38.11167	-183
38.11333	-184
38.11500	-183
38.11667	-182
38.11833	-183
38.12000	-182
38.12167	-182
38.12333	-182
38.12500	-182
38.12667	-181
38.12833	-182
38.13000	-181
38.13167	-180
38.13333	-181
38.13500	-181
38.13667	-180
38.13833	-181
38.14000	-180
38.14167	-181
38.14333	-181
38.14500	-180
38.14667	-181
38.14833	-181
38.15000	-180
38.15167	-180
38.15333	-181
38.15500	-181
38.15667	-181
38.15833	-180
38.16000	-182
38.16167	-181
38.16333	-181
38.16500	-182
38.16667	-181
38.16833	-182
38.17000	-182
38.17167	-182
38.17333	-182
38.17500	-182
38.17667	-183
38.17833	-182
38.18000	-183
38.18167	-182
38.18333	-182
38.18500	-183
38.18667	-183
38.18833	-183
38.19000	-183
38.19167	-183
38.19333	-183
38.19500	-183
38.19667	-183
38.19833	-183
38.20000	-183
38.20167	-183
38.20333	-183
38.20500	-184
38.20667	-183
38.20833	-183
38.21000	-184
38.21167	-183
38.21333	-184
38.21500	-183
38.21667	-184
38.21833	-184
38.22000	-183
38.22167	-185
38.22333	-184
38.22500	-184
38.22667	-184
38.22833	-183
38.23000	-184
38.23167	-184
38.23333	-184
38.23500	-184
38.23667	-184
38.23833	-183
38.24000	-184
38.24167	-184
38.24333	-184
38.24500	-184
38.24667	-184
38.24833	-184
38.25000	-184
38.25167	-184
38.25333	-184
38.25500	-184
38.25667	-184
38.25833	-185
38.26000	-184
38.26167	-184
38.26333	-185
38.26500	-185
38.26667	-186
38.26833	-185
38.27000	-185
38.27167	-186
38.27333	-186
38.27500	-185
38.27667	-186
38.27833	-186
38.28000	-186
38.28167	-187
38.28333	-186
38.28500	-187
38.28667	-187
38.28833	-187
38.29000	-187
38.29167	-187
38.29333	-187
38.29500	-188
38.29667	-187
38.29833	-188
38.30000	-187
38.30167	-188
38.30333	-187
38.30500	-188
38.30667	-187
38.30833	-187
38.31000	-188
38.31167	-187
38.31333	-187
38.31500	-188
38.31667	-187
38.31833	-187
38.32000	-188
38.32167	-187
38.32333	-187
38.32500	-188
38.32667	-187
38.32833	-187
38.33000	-188
38.33167	-187
38.33333	-187
38.33500	-187
38.33667	-188
38.33833	-187
38.34000	-188
38.34167	-188
38.34333	-188
38.34500	-188
38.34667	-188
38.34833	-189
38.35000	-188
38.35167	-189
38.35333	-188
38.35500	-189
38.35667	-188
38.35833	-189
38.36000	-188
38.36167	-188
38.36333	-189
38.36500	-188
38.36667	-189
38.36833	-189
38.37000	-189
38.37167	-189
38.37333	-188
38.37500	-189
38.37667	-189
38.37833	-189
38.38000	-188
38.38167	-189
38.38333	-189
38.38500	-188
38.38667	-189
38.38833	-188
38.39000	-189
38.39167	-188
38.39333	-189
38.39500	-188
38.39667	-189
38.39833	-189
38.40000	-188
38.40167	-188
38.40333	-188
38.40500	-189
38.40667	-188
38.40833	-187
38.41000	-188
38.41167	-188
38.41333	-188
38.41500	-188
38.41667	-187
38.41833	-188
38.42000	-188
38.42167	-187
38.42333	-187
38.42500	-188
38.42667	-187
38.42833	-187
38.43000	-187
38.43167	-187
38.43333	-186
38.43500	-187
38.43667	-186
38.43833	-186
38.44000	-187
38.44167	-186
38.44333	-186
38.44500	-186
38.44667	-186
38.44833	-186
38.45000	-185
38.45167	-186
38.45333	-186
38.45500	-185
38.45667	-186
38.45833	-185
38.46000	-185
38.46167	-185
38.46333	-186
38.46500	-185
38.46667	-185
38.46833	-186
38.47000	-185
38.47167	-185
38.47333	-185
38.47500	-186
38.47667	-185
38.47833	-185
38.48000	-186
38.48167	-185
38.48333	-186
38.48500	-185
38.48667	-186
38.48833	-185
38.49000	-186
38.49167	-185
38.49333	-186
38.49500	-186
38.49667	-186
38.49833	-186
38.50000	-186
38.50167	-186
38.50333	-187
38.50500	-186
38.50667	-186
38.50833	-187
38.51000	-186
38.51167	-187
38.51333	-187
38.51500	-187
38.51667	-186
38.51833	-187
38.52000	-187
38.52167	-187
38.52333	-188
38.52500	-187
38.52667	-187
38.52833	-187
38.53000	-188
38.53167	-187
38.53333	-188
38.53500	-187
38.53667	-188
38.53833	-187
38.54000	-188
38.54167	-188
38.54333	-188
38.54500	-188
38.54667	-188
38.54833	-188
38.55000	-188
38.55167	-188
38.55333	-188
38.55500	-189
38.55667	-188
38.55833	-189
38.56000	-188
38.56167	-189
38.56333	-189
38.56500	-189
38.56667	-189
38.56833	-189
38.57000	-190
38.57167	-189
38.57333	-189
38.57500	-189
38.57667	-189
38.57833	-189
38.58000	-189
38.58167	-189
38.58333	-189
38.58500	-189
38.58667	-188
38.58833	-189
38.59000	-188
38.59167	-189
38.59333	-188
38.59500	-188
38.59667	-188
38.59833	-187
38.60000	-187
38.60167	-188
38.60333	-187
38.60500	-187
38.60667	-186
38.60833	-187
38.61000	-186
38.61167	-186
38.61333	-185
38.61500	-186
38.61667	-186
38.61833	-185
38.62000	-186
38.62167	-185
38.62333	-186
38.62500	-185
38.62667	-185
38.62833	-186
38.63000	-185
38.63167	-185
38.63333	-185
38.63500	-185
38.63667	-185
38.63833	-184
38.64000	-185
38.64167	-186
38.64333	-185
38.64500	-185
38.64667	-185
38.64833	-186
38.65000	-186
38.65167	-186
38.65333	-185
38.65500	-187
38.65667	-186
38.65833	-187
38.66000	-187
38.66167	-187
38.66333	-187
38.66500	-187
38.66667	-187
38.66833	-188
38.67000	-188
38.67167	-189
38.67333	-188
38.67500	-190
38.67667	-189
38.67833	-189
38.68000	-190
38.68167	-190
38.68333	-191
38.68500	-190
38.68667	-191
38.68833	-190
38.69000	-191
38.69167	-191
38.69333	-191
38.69500	-191
38.69667	-191
38.69833	-191
38.70000	-191
38.70167	-191
38.70333	-192
38.70500	-191
38.70667	-191
38.70833	-192
38.71000	-191
38.71167	-192
38.71333	-191
38.71500	-192
38.71667	-191
38.71833	-192
38.72000	-192
38.72167	-192
38.72333	-191
38.72500	-192
38.72667	-192
38.72833	-192
38.73000	-192
38.73167	-192
38.73333	-191
38.73500	-192
38.73667	-192
38.73833	-191
38.74000	-191
38.74167	-192
38.74333	-191
38.74500	-191
38.74667	-190
38.74833	-191
38.75000	-190
38.75167	-190
38.75333	-190
38.75500	-189
38.75667	-190
38.75833	-189
38.76000	-189
38.76167	-189
38.76333	-189
38.76500	-188
38.76667	-188
38.76833	-187
38.77000	-188
38.77167	-187
38.77333	-187
38.77500	-186
38.77667	-187
38.77833	-186
38.78000	-186
38.78167	-187
38.78333	-186
38.78500	-186
38.78667	-186
38.78833	-186
38.79000	-186
38.79167	-185
38.79333	-186
38.79500	-186
38.79667	-186
38.79833	-185
38.80000	-186
38.80167	-186
38.80333	-185
38.80500	-186
38.80667	-185
38.80833	-186
38.81000	-185
38.81167	-185
38.81333	-185
38.81500	-186
38.81667	-185
38.81833	-186
38.82000	-185
38.82167	-185
38.82333	-186
38.82500	-185
38.82667	-185
38.82833	-185
38.83000	-185
38.83167	-185
38.83333	-186
38.83500	-186
38.83667	-186
38.83833	-186
38.84000	-186
38.84167	-186
38.84333	-186
38.84500	-186
38.84667	-186
38.84833	-187
38.85000	-186
38.85167	-187
38.85333	-187
38.85500	-187
38.85667	-187
38.85833	-187
38.86000	-186
38.86167	-187
38.86333	-186
38.86500	-187
38.86667	-186
38.86833	-185
38.87000	-186
38.87167	-185
38.87333	-185
38.87500	-185
38.87667	-184
38.87833	-185
38.88000	-184
38.88167	-183
38.88333	-184
38.88500	-184
38.88667	-184
38.88833	-183
38.89000	-184
38.89167	-183
38.89333	-183
38.89500	-184
38.89667	-183
38.89833	-183
38.90000	-183
38.90167	-183
38.90333	-183
38.90500	-184
38.90667	-183
38.90833	-183
38.91000	-184
38.91167	-183
38.91333	-183
38.91500	-184
38.91667	-183
38.91833	-183
38.92000	-184
38.92167	-183
38.92333	-183
38.92500	-183
38.92667	-184
38.92833	-183
38.93000	-183
38.93167	-183
38.93333	-183
38.93500	-184
38.93667	-183
38.93833	-183
38.94000	-183
38.94167	-184
38.94333	-183
38.94500	-183
38.94667	-184
38.94833	-183
38.95000	-184
38.95167	-183
38.95333	-183
38.95500	-184
38.95667	-183
38.95833	-184
38.96000	-183
38.96167	-184
38.96333	-183
38.96500	-183
38.96667	-183
38.96833	-184
38.97000	-183
38.97167	-184
38.97333	-183
38.97500	-183
38.97667	-183
38.97833	-183
38.98000	-182
38.98167	-183
38.98333	-182
38.98500	-183
38.98667	-182
38.98833	-183
38.99000	-182
38.99167	-182
38.99333	-183
38.99500	-182
38.99667	-182
38.99833	-182
39.00000	-182
39.00167	-183
39.00333	-182
39.00500	-183
39.00667	-182
39.00833	-183
39.01000	-183
39.01167	-182
39.01333	-183
39.01500	-183
39.01667	-183
39.01833	-183
39.02000	-183
39.02167	-183
39.02333	-184
39.02500	-183
39.02667	-183
39.02833	-183
39.03000	-183
39.03167	-184
39.03333	-183
39.03500	-182
39.03667	-183
39.03833	-183
39.04000	-183
39.04167	-183
39.04333	-183
39.04500	-183
39.04667	-183
39.04833	-183
39.05000	-184
39.05167	-183
39.05333	-183
39.05500	-183
39.05667	-184
39.05833	-183
39.06000	-183
39.06167	-184
39.06333	-183
39.06500	-184
39.06667	-184
39.06833	-184
39.07000	-184
39.07167	-184
39.07333	-185
39.07500	-185
39.07667	-184
39.07833	-185
39.08000	-185
39.08167	-186
39.08333	-185
39.08500	-186
39.08667	-185
39.08833	-186
39.09000	-186
39.09167	-185
39.09333	-186
39.09500	-186
39.09667	-186
39.09833	-185
39.10000	-186
39.10167	-186
39.10333	-185
39.10500	-185
39.10667	-185
39.10833	-185
39.11000	-185
39.11167	-184
39.11333	-185
39.11500	-184
39.11667	-183
39.11833	-184
39.12000	-183
39.12167	-184
39.12333	-183
39.12500	-183
39.12667	-183
39.12833	-183
39.13000	-183
39.13167	-183
39.13333	-183
39.13500	-182
39.13667	-183
39.13833	-183
39.14000	-182
39.14167	-183
39.14333	-182
39.14500	-183
39.14667	-182
39.14833	-183
39.15000	-182
39.15167	-183
39.15333	-182
39.15500	-183
39.15667	-182
39.15833	-183
39.16000	-183
39.16167	-183
39.16333	-183
39.16500	-182
39.16667	-183
39.16833	-183
39.17000	-182
39.17167	-183
39.17333	-182
39.17500	-182
39.17667	-183
39.17833	-182
39.18000	-183
39.18167	-182
39.18333	-183
39.18500	-182
39.18667	-183
39.18833	-183
39.19000	-183
39.19167	-182
39.19333	-183
39.19500	-183
39.19667	-183
39.19833	-183
39.20000	-184
39.20167	-183
39.20333	-184
39.20500	-184
39.20667	-183
39.20833	-184
39.21000	-185
39.21167	-184
39.21333	-184
39.21500	-184
39.21667	-184
39.21833	-185
39.22000	-184
39.22167	-185
39.22333	-185
39.22500	-185
39.22667	-184
39.22833	-185
39.23000	-185
39.23167	-185
39.23333	-185
39.23500	-185
39.23667	-185
39.23833	-185
39.24000	-185
39.24167	-185
39.24333	-184
39.24500	-185
39.24667	-185
39.24833	-185
39.25000	-185
39.25167	-184
39.25333	-185
39.25500	-185
39.25667	-184
39.25833	-185
39.26000	-184
39.26167	-184
39.26333	-185
39.26500	-184
39.26667	-184
39.26833	-184
39.27000	-184
39.27167	-183
39.27333	-184
39.27500	-184
39.27667	-185
39.27833	-184
39.28000	-184
39.28167	-184
39.28333	-184
39.28500	-184
39.28667	-184
39.28833	-184
39.29000	-184
39.29167	-185
39.29333	-184
39.29500	-185
39.29667	-185
39.29833	-185
39.30000	-185
39.30167	-185
39.30333	-185
39.30500	-185
39.30667	-186
39.30833	-186
39.31000	-186
39.31167	-186
39.31333	-186
39.31500	-186
39.31667	-186
39.31833	-187
39.32000	-186
39.32167	-186
39.32333	-187
39.32500	-186
39.32667	-187
39.32833	-186
39.33000	-187
39.33167	-186
39.33333	-187
39.33500	-187
39.33667	-186
39.33833	-187
39.34000	-186
39.34167	-186
39.34333	-187
39.34500	-186
39.34667	-186
39.34833	-186
39.35000	-185
39.35167	-186
39.35333	-186
39.35500	-185
39.35667	-185
39.35833	-185
39.36000	-185
39.36167	-185
39.36333	-185
39.36500	-185
39.36667	-185
39.36833	-185
39.37000	-185
39.37167	-184
39.37333	-185
39.37500	-184
39.37667	-185
39.37833	-184
39.38000	-184
39.38167	-185
39.38333	-184
39.38500	-184
39.38667	-185
39.38833	-184
39.39000	-184
39.39167	-184
39.39333	-184
39.39500	-184
39.39667	-184
39.39833	-184
39.40000	-184
39.40167	-185
39.40333	-184
39.40500	-184
39.40667	-185
39.40833	-184
39.41000	-185
39.41167	-184
39.41333	-185
39.41500	-184
39.41667	-185
39.41833	-184
39.42000	-184
39.42167	-184
39.42333	-185
39.42500	-184
39.42667	-184
39.42833	-184
39.43000	-184
39.43167	-184
39.43333	-184
39.43500	-183
39.43667	-184
39.43833	-184
39.44000	-183
39.44167	-183
39.44333	-183
39.44500	-183
39.44667	-183
39.44833	-183
39.45000	-183
39.45167	-183
39.45333	-183
39.45500	-183
39.45667	-183
39.45833	-182
39.46000	-183
39.46167	-183
39.46333	-182
39.46500	-182
39.46667	-183
39.46833	-182
39.47000	-182
39.47167	-182
39.47333	-183
39.47500	-182
39.47667	-183
39.47833	-183
39.48000	-182
39.48167	-183
39.48333	-183
39.48500	-182
39.48667	-183
39.48833	-183
39.49000	-183
39.49167	-183
39.49333	-183
39.49500	-184
39.49667	-183
39.49833	-183
39.50000	-183
39.50167	-183
39.50333	-183
39.50500	-183
39.50667	-183
39.50833	-183
39.51000	-183
39.51167	-182
39.51333	-183
39.51500	-183
39.51667	-182
39.51833	-182
39.52000	-183
39.52167	-183
39.52333	-182
39.52500	-183
39.52667	-182
39.52833	-182
39.53000	-183
39.53167	-182
39.53333	-182
39.53500	-183
39.53667	-182
39.53833	-182
39.54000	-182
39.54167	-182
39.54333	-183
39.54500	-182
39.54667	-182
39.54833	-182
39.55000	-182
39.55167	-182
39.55333	-182
39.55500	-182
39.55667	-183
39.55833	-182
39.56000	-182
39.56167	-182
39.56333	-181
39.56500	-182
39.56667	-182
39.56833	-182
39.57000	-181
39.57167	-182
39.57333	-181
39.57500	-182
39.57667	-181
39.57833	-182
39.58000	-181
39.58167	-182
39.58333	-181
39.58500	-182
39.58667	-182
39.58833	-182
39.59000	-182
39.59167	-182
39.59333	-183
39.59500	-182
39.59667	-183
39.59833	-183
39.60000	-183
39.60167	-183
39.60333	-184
39.60500	-183
39.60667	-184
39.60833	-184
39.61000	-183
39.61167	-184
39.61333	-184
39.61500	-184
39.61667	-184
39.61833	-184
39.62000	-184
39.62167	-184
39.62333	-184
39.62500	-184
39.62667	-183
39.62833	-184
39.63000	-183
39.63167	-183
39.63333	-183
39.63500	-183
39.63667	-183
39.63833	-183
39.64000	-183
39.64167	-182
39.64333	-182
39.64500	-182
39.64667	-182
39.64833	-182
39.65000	-181
39.65167	-182
39.65333	-181
39.65500	-181
39.65667	-182
39.65833	-181
39.66000	-181
39.66167	-181
39.66333	-180
39.66500	-181
39.66667	-181
39.66833	-181
39.67000	-182
39.67167	-181
39.67333	-181
39.67500	-182
39.67667	-181
39.67833	-182
39.68000	-182
39.68167	-182
39.68333	-182
39.68500	-183
39.68667	-182
39.68833	-183
39.69000	-183
39.69167	-183
39.69333	-183
39.69500	-183
39.69667	-183
39.69833	-184
39.70000	-183
39.70167	-184
39.70333	-183
39.70500	-184
39.70667	-183
39.70833	-184
39.71000	-184
39.71167	-183
39.71333	-184
39.71500	-183
39.71667	-184
39.71833	-184
39.72000	-183
39.72167	-184
39.72333	-184
39.72500	-183
39.72667	-184
39.72833	-184
39.73000	-184
39.73167	-184
39.73333	-184
39.73500	-184
39.73667	-184
39.73833	-184
39.74000	-184
39.74167	-184
39.74333	-183
39.74500	-183
39.74667	-184
39.74833	-183
39.75000	-183
39.75167	-183
39.75333	-183
39.75500	-183
39.75667	-183
39.75833	-183
39.76000	-183
39.76167	-183
39.76333	-182
39.76500	-183
39.76667	-183
39.76833	-182
39.77000	-183
39.77167	-182
39.77333	-183
39.77500	-183
39.77667	-182
39.77833	-183
39.78000	-183
39.78167	-183
39.78333	-182
39.78500	-183
39.78667	-182
39.78833	-182
39.79000	-183
39.79167	-182
39.79333	-182
39.79500	-183
39.79667	-182
39.79833	-181
39.80000	-182
39.80167	-182
39.80333	-182
39.80500	-181
39.80667	-182
39.80833	-181
39.81000	-181
39.81167	-181
39.81333	-181
39.81500	-181
39.81667	-181
39.81833	-180
39.82000	-181
39.82167	-180
39.82333	-181
39.82500	-180
39.82667	-180
39.82833	-181
39.83000	-180
39.83167	-180
39.83333	-181
39.83500	-181
39.83667	-181
39.83833	-180
39.84000	-181
39.84167	-181
39.84333	-181
39.84500	-181
39.84667	-181
39.84833	-182
39.85000	-181
39.85167	-181
39.85333	-182
39.85500	-181
39.85667	-182
39.85833	-182
39.86000	-182
39.86167	-182
39.86333	-182
39.86500	-183
39.86667	-182
39.86833	-182
39.87000	-183
39.87167	-182
39.87333	-183
39.87500	-182
39.87667	-182
39.87833	-183
39.88000	-182
39.88167	-182
39.88333	-182
39.88500	-182
39.88667	-183
39.88833	-182
39.89000	-182
39.89167	-183
39.89333	-182
39.89500	-183
39.89667	-182
39.89833	-183
39.90000	-183
39.90167	-182
39.90333	-183
39.90500	-183
39.90667	-184
39.90833	-183
39.91000	-184
39.91167	-184
39.91333	-184
39.91500	-184
39.91667	-185
39.91833	-184
39.92000	-185
39.92167	-185
39.92333	-186
39.92500	-185
39.92667	-186
39.92833	-186
39.93000	-186
39.93167	-187
39.93333	-186
39.93500	-187
39.93667	-186
39.93833	-187
39.94000	-187
39.94167	-187
39.94333	-187
39.94500	-187
39.94667	-187
39.94833	-187
39.95000	-188
39.95167	-187
39.95333	-187
39.95500	-188
39.95667	-187
39.95833	-187
39.96000	-187
39.96167	-187
39.96333	-187
39.96500	-187
39.96667	-187
39.96833	-186
39.97000	-187
39.97167	-186
39.97333	-186
39.97500	-187
39.97667	-185
39.97833	-186
39.98000	-186
39.98167	-185
39.98333	-185
39.98500	-185
39.98667	-185
39.98833	-184
39.99000	-184
39.99167	-184
39.99333	-184
39.99500	-184
39.99667	-184
39.99833	-184
40.00000	-184
40.00167	-184
40.00333	-184
40.00500	-184
40.00667	-184
40.00833	-184
40.01000	-184
40.01167	-184
40.01333	-184
40.01500	-183
40.01667	-185
40.01833	-184
40.02000	-184
40.02167	-184
40.02333	-184
40.02500	-185
40.02667	-184
40.02833	-184
40.03000	-185
40.03167	-185
40.03333	-184
40.03500	-185
40.03667	-185
40.03833	-185
40.04000	-185
40.04167	-185
40.04333	-185
40.04500	-185
40.04667	-186
40.04833	-185
40.05000	-185
40.05167	-186
40.05333	-185
40.05500	-186
40.05667	-186
40.05833	-186
40.06000	-186
40.06167	-185
40.06333	-186
40.06500	-186
40.06667	-187
40.06833	-186
40.07000	-186
40.07167	-186
40.07333	-186
40.07500	-187
40.07667	-186
40.07833	-186
40.08000	-187
40.08167	-186
40.08333	-187
40.08500	-186
40.08667	-186
40.08833	-186
40.09000	-186
40.09167	-186
40.09333	-186
40.09500	-185
40.09667	-186
40.09833	-185
40.10000	-185
40.10167	-185
40.10333	-185
40.10500	-184
40.10667	-184
40.10833	-184
40.11000	-184
40.11167	-184
40.11333	-183
40.11500	-183
40.11667	-183
40.11833	-183
40.12000	-182
40.12167	-183
40.12333	-182
40.12500	-182
40.12667	-182
40.12833	-181
40.13000	-182
40.13167	-182
40.13333	-181
40.13500	-181
40.13667	-182
40.13833	-181
40.14000	-181
40.14167	-181
40.14333	-181
40.14500	-181
40.14667	-181
40.14833	-181
40.15000	-181
40.15167	-181
40.15333	-181
40.15500	-181
40.15667	-181
40.15833	-181
40.16000	-181
40.16167	-181
40.16333	-181
40.16500	-181
40.16667	-182
40.16833	-181
40.17000	-181
40.17167	-182
40.17333	-182
40.17500	-181
40.17667	-182
40.17833	-182
40.18000	-182
40.18167	-182
40.18333	-182
40.18500	-182
40.18667	-182
40.18833	-182
40.19000	-182
40.19167	-182
40.19333	-183
40.19500	-182
40.19667	-183
40.19833	-182
40.20000	-183
40.20167	-183
40.20333	-182
40.20500	-183
40.20667	-182
40.20833	-183
40.21000	-182
40.21167	-183
40.21333	-182
40.21500	-183
40.21667	-182
40.21833	-183
40.22000	-182
40.22167	-183
40.22333	-183
40.22500	-182
40.22667	-183
40.22833	-182
40.23000	-183
40.23167	-182
40.23333	-183
40.23500	-183
40.23667	-182
40.23833	-183
40.24000	-182
40.24167	-182
40.24333	-183
40.24500	-182
40.24667	-182
40.24833	-182
40.25000	-183
40.25167	-182
40.25333	-182
40.25500	-183
40.25667	-183
40.25833	-182
40.26000	-183
40.26167	-183
40.26333	-183
40.26500	-183
40.26667	-183
40.26833	-183
40.27000	-183
40.27167	-183
40.27333	-183
40.27500	-184
40.27667	-183
40.27833	-184
40.28000	-183
40.28167	-184
40.28333	-183
40.28500	-184
40.28667	-184
40.28833	-184
40.29000	-184
40.29167	-185
40.29333	-184
40.29500	-185
40.29667	-185
40.29833	-184
40.30000	-185
40.30167	-185
40.30333	-185
40.30500	-185
40.30667	-185
40.30833	-185
40.31000	-185
40.31167	-186
40.31333	-185
40.31500	-186
40.31667	-185
40.31833	-186
40.32000	-186
40.32167	-186
40.32333	-186
40.32500	-186
40.32667	-186
40.32833	-187
40.33000	-186
40.33167	-186
40.33333	-186
40.33500	-186
40.33667	-187
40.33833	-186
40.34000	-186
40.34167	-186
40.34333	-186
40.34500	-186
40.34667	-186
40.34833	-186
40.35000	-186
40.35167	-186
40.35333	-186
40.35500	-185
40.35667	-186
40.35833	-185
40.36000	-185
40.36167	-185
40.36333	-185
40.36500	-185
40.36667	-184
40.36833	-185
40.37000	-184
40.37167	-184
40.37333	-184
40.37500	-184
40.37667	-184
40.37833	-183
40.38000	-183
40.38167	-184
40.38333	-183
40.38500	-183
40.38667	-183
40.38833	-182
40.39000	-183
40.39167	-182
40.39333	-183
40.39500	-182
40.39667	-183
40.39833	-182
40.40000	-182
40.40167	-182
40.40333	-182
40.40500	-183
40.40667	-181
40.40833	-182
40.41000	-182
40.41167	-183
40.41333	-182
40.41500	-182
40.41667	-182
40.41833	-183
40.42000	-182
40.42167	-183
40.42333	-182
40.42500	-183
40.42667	-182
40.42833	-183
40.43000	-183
40.43167	-182
40.43333	-183
40.43500	-184
40.43667	-183
40.43833	-184
40.44000	-184
40.44167	-184
40.44333	-184
40.44500	-185
40.44667	-185
40.44833	-185
40.45000	-185
40.45167	-186
40.45333	-185
40.45500	-186
40.45667	-186
40.45833	-186
40.46000	-187
40.46167	-187
40.46333	-187
40.46500	-187
40.46667	-187
40.46833	-187
40.47000	-188
40.47167	-187
40.47333	-188
40.47500	-188
40.47667	-188
40.47833	-188
40.48000	-187
40.48167	-188
40.48333	-187
40.48500	-188
40.48667	-187
40.48833	-187
40.49000	-187
40.49167	-187
40.49333	-187
40.49500	-186
40.49667	-187
40.49833	-186
40.50000	-186
40.50167	-185
40.50333	-186
40.50500	-185
40.50667	-185
40.50833	-185
40.51000	-185
40.51167	-184
40.51333	-185
40.51500	-184
40.51667	-183
40.51833	-184
40.52000	-183
40.52167	-183
40.52333	-183
40.52500	-183
40.52667	-182
40.52833	-183
40.53000	-182
40.53167	-182
40.53333	-183
40.53500	-182
40.53667	-182
40.53833	-183
40.54000	-182
40.54167	-182
40.54333	-182
40.54500	-182
40.54667	-182
40.54833	-183
40.55000	-182
40.55167	-183
40.55333	-183
40.55500	-182
40.55667	-183
40.55833	-183
40.56000	-183
40.56167	-183
40.56333	-183
40.56500	-184
40.56667	-183
40.56833	-184
40.57000	-183
40.57167	-184
40.57333	-184
40.57500	-184
40.57667	-184
40.57833	-184
40.58000	-185
40.58167	-184
40.58333	-184
40.58500	-185
40.58667	-184
40.58833	-185
40.59000	-184
40.59167	-184
40.59333	-185
40.59500	-184
40.59667	-185
40.59833	-184
40.60000	-185
40.60167	-184
40.60333	-184
40.60500	-184
40.60667	-184
40.60833	-184
40.61000	-184
40.61167	-184
40.61333	-184
40.61500	-183
40.61667	-183
40.61833	-183
40.62000	-183
40.62167	-182
40.62333	-182
40.62500	-182
40.62667	-182
40.62833	-181
40.63000	-181
40.63167	-181
40.63333	-181
40.63500	-180
40.63667	-181
40.63833	-180
40.64000	-180
40.64167	-180
40.64333	-180
40.64500	-179
40.64667	-180
40.64833	-180
40.65000	-179
40.65167	-179
40.65333	-180
40.65500	-179
40.65667	-180
40.65833	-179
40.66000	-179
40.66167	-180
40.66333	-180
40.66500	-180
40.66667	-179
40.66833	-181
40.67000	-180
40.67167	-180
40.67333	-181
40.67500	-180
40.67667	-181
40.67833	-181
40.68000	-181
40.68167	-181
40.68333	-181
40.68500	-181
40.68667	-181
40.68833	-181
40.69000	-182
40.69167	-181
40.69333	-182
40.69500	-182
40.69667	-181
40.69833	-182
40.70000	-182
40.70167	-182
40.70333	-182
40.70500	-182
40.70667	-183
40.70833	-182
40.71000	-183
40.71167	-183
40.71333	-183
40.71500	-183
40.71667	-183
40.71833	-183
40.72000	-183
40.72167	-184
40.72333	-184
40.72500	-183
40.72667	-184
40.72833	-184
40.73000	-185
40.73167	-184
40.73333	-184
40.73500	-185
40.73667	-184
40.73833	-185
40.74000	-184
40.74167	-185
40.74333	-184
40.74500	-185
40.74667	-184
40.74833	-185
40.75000	-184
40.75167	-185
40.75333	-184
40.75500	-184
40.75667	-185
40.75833	-184
40.76000	-184
40.76167	-184
40.76333	-184
40.76500	-184
40.76667	-184
40.76833	-184
40.77000	-184
40.77167	-183
40.77333	-184
40.77500	-183
40.77667	-183
40.77833	-183
40.78000	-184
40.78167	-183
40.78333	-182
40.78500	-183
40.78667	-183
40.78833	-182
40.79000	-183
40.79167	-182
40.79333	-183
40.79500	-183
40.79667	-182
40.79833	-183
40.80000	-183
40.80167	-182
40.80333	-183
40.80500	-182
40.80667	-183
40.80833	-183
40.81000	-183
40.81167	-182
40.81333	-183
40.81500	-184
40.81667	-183
40.81833	-184
40.82000	-183
40.82167	-185
40.82333	-184
40.82500	-185
40.82667	-184
40.82833	-186
40.83000	-185
40.83167	-186
40.83333	-186
40.83500	-186
40.83667	-186
40.83833	-186
40.84000	-187
40.84167	-186
40.84333	-186
40.84500	-187
40.84667	-187
40.84833	-186
40.85000	-187
40.85167	-186
40.85333	-186
40.85500	-186
40.85667	-186
40.85833	-186
40.86000	-185
40.86167	-186
40.86333	-185
40.86500	-185
40.86667	-185
40.86833	-184
40.87000	-184
40.87167	-184
40.87333	-184
40.87500	-184
40.87667	-183
40.87833	-183
40.88000	-183
40.88167	-183
40.88333	-183
40.88500	-183
40.88667	-182
40.88833	-183
40.89000	-183
40.89167	-182
40.89333	-183
40.89500	-182
40.89667	-183
40.89833	-182
40.90000	-183
40.90167	-183
40.90333	-183
40.90500	-183
40.90667	-183
40.90833	-183
40.91000	-183
40.91167	-183
40.91333	-184
40.91500	-183
40.91667	-184
40.91833	-184
40.92000	-183
40.92167	-185
40.92333	-184
40.92500	-184
40.92667	-184
40.92833	-184
40.93000	-184
40.93167	-185
40.93333	-184
40.93500	-184
40.93667	-184
40.93833	-184
40.94000	-184
40.94167	-184
40.94333	-184
40.94500	-183
40.94667	-184
40.94833	-183
40.95000	-183
40.95167	-183
40.95333	-183
40.95500	-182
40.95667	-183
40.95833	-183
40.96000	-183
40.96167	-182
40.96333	-183
40.96500	-182
40.96667	-183
40.96833	-182
40.97000	-183
40.97167	-182
40.97333	-182
40.97500	-182
40.97667	-183
40.97833	-182
40.98000	-181
40.98167	-182
40.98333	-182
40.98500	-182
40.98667	-181
40.98833	-181
40.99000	-182
40.99167	-181
40.99333	-180
40.99500	-181
40.99667	-181
40.99833	-181
41.00000	-180
41.00167	-181
41.00333	-180
41.00500	-181
41.00667	-181
41.00833	-180
41.01000	-181
41.01167	-181
41.01333	-180
41.01500	-181
41.01667	-180
41.01833	-181
41.02000	-180
41.02167	-181
41.02333	-180
41.02500	-180
41.02667	-181
41.02833	-180
41.03000	-180
41.03167	-180
41.03333	-180
41.03500	-180
41.03667	-180
41.03833	-180
41.04000	-180
41.04167	-180
41.04333	-180
41.04500	-180
41.04667	-180
41.04833	-179
41.05000	-180
41.05167	-180
41.05333	-179
41.05500	-180
41.05667	-179
41.05833	-180
41.06000	-179
41.06167	-179
41.06333	-180
41.06500	-179
41.06667	-180
41.06833	-179
41.07000	-179
41.07167	-179
41.07333	-179
41.07500	-179
41.07667	-179
41.07833	-179
41.08000	-179
41.08167	-178
41.08333	-179
41.08500	-178
41.08667	-179
41.08833	-178
41.09000	-178
41.09167	-178
41.09333	-178
41.09500	-178
41.09667	-178
41.09833	-178
41.10000	-178
41.10167	-178
41.10333	-178
41.10500	-178
41.10667	-178
41.10833	-178
41.11000	-177
41.11167	-178
41.11333	-178
41.11500	-178
41.11667	-178
41.11833	-178
41.12000	-178
41.12167	-178
41.12333	-178
41.12500	-178
41.12667	-179
41.12833	-178
41.13000	-179
41.13167	-179
41.13333	-179
41.13500	-178
41.13667	-179
41.13833	-179
41.14000	-178
41.14167	-179
41.14333	-178
41.14500	-179
41.14667	-178
41.14833	-178
41.15000	-179
41.15167	-178
41.15333	-178
41.15500	-178
41.15667	-179
41.15833	-178
41.16000	-178
41.16167	-178
41.16333	-178
41.16500	-178
41.16667	-178
41.16833	-178
41.17000	-178
41.17167	-178
41.17333	-178
41.17500	-178
41.17667	-178
41.17833	-178
41.18000	-178
41.18167	-177
41.18333	-178
41.18500	-178
41.18667	-178
41.18833	-177
41.19000	-178
41.19167	-177
41.19333	-178
41.19500	-177
41.19667	-178
41.19833	-177
41.20000	-178
41.20167	-177
41.20333	-178
41.20500	-177
41.20667	-178
41.20833	-178
41.21000	-177
41.21167	-178
41.21333	-177
41.21500	-178
41.21667	-178
41.21833	-177
41.22000	-178
41.22167	-178
41.22333	-178
41.22500	-178
41.22667	-178
41.22833	-178
41.23000	-179
41.23167	-178
41.23333	-179
41.23500	-179
41.23667	-179
41.23833	-179
41.24000	-180
41.24167	-179
41.24333	-180
41.24500	-180
41.24667	-180
41.24833	-180
41.25000	-181
41.25167	-180
41.25333	-181
41.25500	-181
41.25667	-181
41.25833	-182
41.26000	-181
41.26167	-181
41.26333	-182
41.26500	-181
41.26667	-182
41.26833	-182
41.27000	-182
41.27167	-181
41.27333	-182
41.27500	-181
41.27667	-181
41.27833	-181
41.28000	-181
41.28167	-181
41.28333	-181
41.28500	-180
41.28667	-181
41.28833	-180
41.29000	-180
41.29167	-180
41.29333	-180
41.29500	-180
41.29667	-179
41.29833	-180
41.30000	-179
41.30167	-180
41.30333	-179
41.30500	-179
41.30667	-180
41.30833	-179
41.31000	-179
41.31167	-178
41.31333	-179
41.31500	-179
41.31667	-178
41.31833	-179
41.32000	-178
41.32167	-179
41.32333	-178
41.32500	-178
41.32667	-179
41.32833	-177
41.33000	-178
41.33167	-177
41.33333	-178
41.33500	-177
41.33667	-178
41.33833	-177
41.34000	-177
41.34167	-177
41.34333	-176
41.34500	-177
41.34667	-177
41.34833	-176
41.35000	-176
41.35167	-177
41.35333	-176
41.35500	-176
41.35667	-175
41.35833	-176
41.36000	-176
41.36167	-176
41.36333	-176
41.36500	-175
41.36667	-176
41.36833	-176
41.37000	-176
41.37167	-176
41.37333	-176
41.37500	-176
41.37667	-176
41.37833	-176
41.38000	-176
41.38167	-176
41.38333	-176
41.38500	-176
41.38667	-176
41.38833	-176
41.39000	-176
41.39167	-176
41.39333	-176
41.39500	-176
41.39667	-175
41.39833	-176
41.40000	-176
41.40167	-175
41.40333	-176
41.40500	-175
41.40667	-175
41.40833	-176
41.41000	-175
41.41167	-175
41.41333	-176
41.41500	-175
41.41667	-175
41.41833	-176
41.42000	-175
41.42167	-176
41.42333	-176
41.42500	-176
41.42667	-176
41.42833	-176
41.43000	-177
41.43167	-177
41.43333	-177
41.43500	-177
41.43667	-177
41.43833	-178
41.44000	-178
41.44167	-178
41.44333	-178
41.44500	-178
41.44667	-178
41.44833	-179
41.45000	-179
41.45167	-179
41.45333	-179
41.45500	-180
41.45667	-179
41.45833	-179
41.46000	-179
41.46167	-180
41.46333	-180
41.46500	-179
41.46667	-180
41.46833	-179
41.47000	-179
41.47167	-180
41.47333	-179
41.47500	-179
41.47667	-179
41.47833	-179
41.48000	-179
41.48167	-178
41.48333	-179
41.48500	-179
41.48667	-178
41.48833	-178
41.49000	-178
41.49167	-179
41.49333	-178
41.49500	-178
41.49667	-178
41.49833	-177
41.50000	-178
41.50167	-178
41.50333	-177
41.50500	-177
41.50667	-177
41.50833	-178
41.51000	-177
41.51167	-177
41.51333	-177
41.51500	-177
41.51667	-177
41.51833	-176
41.52000	-177
41.52167	-176
41.52333	-177
41.52500	-176
41.52667	-176
41.52833	-176
41.53000	-176
41.53167	-175
41.53333	-176
41.53500	-175
41.53667	-175
41.53833	-175
41.54000	-176
41.54167	-175
41.54333	-175
41.54500	-175
41.54667	-176
41.54833	-175
41.55000	-175
41.55167	-175
41.55333	-175
41.55500	-175
41.55667	-175
41.55833	-175
41.56000	-176
41.56167	-175
41.56333	-176
41.56500	-175
41.56667	-176
41.56833	-175
41.57000	-176
41.57167	-175
41.57333	-176
41.57500	-176
41.57667	-176
41.57833	-176
41.58000	-176
41.58167	-176
41.58333	-176
41.58500	-176
41.58667	-177
41.58833	-176
41.59000	-176
41.59167	-176
41.59333	-176
41.59500	-176
41.59667	-177
41.59833	-176
41.60000	-176
41.60167	-177
41.60333	-176
41.60500	-176
41.60667	-177
41.60833	-176
41.61000	-177
41.61167	-177
41.61333	-176
41.61500	-177
41.61667	-177
41.61833	-177
41.62000	-177
41.62167	-177
41.62333	-177
41.62500	-177
41.62667	-177
41.62833	-178
41.63000	-177
41.63167	-177
41.63333	-178
41.63500	-177
41.63667	-177
41.63833	-177
41.64000	-177
41.64167	-177
41.64333	-177
41.64500	-176
41.64667	-176
41.64833	-176
41.65000	-175
41.65167	-176
41.65333	-176
41.65500	-175
41.65667	-175
41.65833	-175
41.66000	-175
41.66167	-175
41.66333	-174
41.66500	-175
41.66667	-174
41.66833	-175
41.67000	-174
41.67167	-174
41.67333	-175
41.67500	-174
41.67667	-174
41.67833	-175
41.68000	-174
41.68167	-174
41.68333	-175
41.68500	-174
41.68667	-174
41.68833	-175
41.69000	-174
41.69167	-174
41.69333	-175
41.69500	-175
41.69667	-175
41.69833	-175
41.70000	-175
41.70167	-175
41.70333	-175
41.70500	-175
41.70667	-175
41.70833	-175
41.71000	-175
41.71167	-175
41.71333	-176
41.71500	-175
41.71667	-176
41.71833	-175
41.72000	-176
41.72167	-175
41.72333	-176
41.72500	-175
41.72667	-176
41.72833	-176
41.73000	-176
41.73167	-176
41.73333	-177
41.73500	-176
41.73667	-176
41.73833	-176
41.74000	-176
41.74167	-176
41.74333	-176
41.74500	-176
41.74667	-176
41.74833	-177
41.75000	-176
41.75167	-176
41.75333	-176
41.75500	-177
41.75667	-176
41.75833	-176
41.76000	-176
41.76167	-177
41.76333	-177
41.76500	-176
41.76667	-177
41.76833	-177
41.77000	-177
41.77167	-176
41.77333	-177
41.77500	-176
41.77667	-177
41.77833	-176
41.78000	-177
41.78167	-176
41.78333	-176
41.78500	-176
41.78667	-176
41.78833	-176
41.79000	-176
41.79167	-175
41.79333	-176
41.79500	-175
41.79667	-175
41.79833	-175
41.80000	-174
41.80167	-175
41.80333	-174
41.80500	-175
41.80667	-174
41.80833	-174
41.81000	-174
41.81167	-174
41.81333	-173
41.81500	-174
41.81667	-173
41.81833	-174
41.82000	-173
41.82167	-174
41.82333	-173
41.82500	-173
41.82667	-174
41.82833	-173
41.83000	-173
41.83167	-174
41.83333	-173
41.83500	-174
41.83667	-173
41.83833	-174
41.84000	-173
41.84167	-174
41.84333	-173
41.84500	-174
41.84667	-173
41.84833	-173
41.85000	-173
41.85167	-173
41.85333	-173
41.85500	-173
41.85667	-173
41.85833	-173
41.86000	-172
41.86167	-173
41.86333	-172
41.86500	-172
41.86667	-172
41.86833	-172
41.87000	-171
41.87167	-172
41.87333	-171
41.87500	-171
41.87667	-171
41.87833	-171
41.88000	-172
41.88167	-171
41.88333	-171
41.88500	-171
41.88667	-171
41.88833	-171
41.89000	-171
41.89167	-171
41.89333	-171
41.89500	-171
41.89667	-171
41.89833	-171
41.90000	-171
41.90167	-171
41.90333	-172
41.90500	-171
41.90667	-171
41.90833	-172
41.91000	-172
41.91167	-172
41.91333	-172
41.91500	-173
41.91667	-172
41.91833	-173
41.92000	-172
41.92167	-173
41.92333	-172
41.92500	-173
41.92667	-173
41.92833	-172
41.93000	-173
41.93167	-172
41.93333	-173
41.93500	-173
41.93667	-172
41.93833	-172
41.94000	-172
41.94167	-172
41.94333	-172
41.94500	-171
41.94667	-172
41.94833	-172
41.95000	-171
41.95167	-171
41.95333	-171
41.95500	-170
41.95667	-171
41.95833	-170
41.96000	-169
41.96167	-170
41.96333	-169
41.96500	-169
41.96667	-169
41.96833	-168
41.97000	-168
41.97167	-168
41.97333	-168
41.97500	-167
41.97667	-168
41.97833	-167
41.98000	-167
41.98167	-168
41.98333	-167
41.98500	-167
41.98667	-167
41.98833	-167
41.99000	-167
41.99167	-167
41.99333	-168
41.99500	-167
41.99667	-167
41.99833	-168
42.00000	-167
42.00167	-168
42.00333	-168
42.00500	-168
42.00667	-168
42.00833	-168
42.01000	-168
42.01167	-168
42.01333	-168
42.01500	-168
42.01667	-168
42.01833	-168
42.02000	-168
42.02167	-169
42.02333	-168
42.02500	-168
42.02667	-168
42.02833	-168
42.03000	-168
42.03167	-168
42.03333	-167
42.03500	-168
42.03667	-169
42.03833	-168
42.04000	-168
42.04167	-168
42.04333	-168
42.04500	-168
42.04667	-168
42.04833	-168
42.05000	-168
42.05167	-168
42.05333	-168
42.05500	-168
42.05667	-169
42.05833	-168
42.06000	-168
42.06167	-169
42.06333	-169
42.06500	-169
42.06667	-169
42.06833	-169
42.07000	-169
42.07167	-170
42.07333	-169
42.07500	-169
42.07667	-169
42.07833	-170
42.08000	-170
42.08167	-169
42.08333	-170
42.08500	-170
42.08667	-169
42.08833	-170
42.09000	-170
42.09167	-169
42.09333	-170
42.09500	-170
42.09667	-170
42.09833	-169
42.10000	-170
42.10167	-170
42.10333	-170
42.10500	-169
42.10667	-170
42.10833	-169
42.11000	-170
42.11167	-169
42.11333	-170
42.11500	-169
42.11667	-169
42.11833	-169
42.12000	-169
42.12167	-169
42.12333	-169
42.12500	-169
42.12667	-169
42.12833	-169
42.13000	-169
42.13167	-169
42.13333	-169
42.13500	-169
42.13667	-168
42.13833	-169
42.14000	-169
42.14167	-169
42.14333	-169
42.14500	-169
42.14667	-169
42.14833	-169
42.15000	-169
42.15167	-169
42.15333	-169
42.15500	-169
42.15667	-169
42.15833	-169
42.16000	-169
42.16167	-169
42.16333	-169
42.16500	-169
42.16667	-169
42.16833	-170
42.17000	-169
42.17167	-169
42.17333	-169
42.17500	-170
42.17667	-170
42.17833	-169
42.18000	-170
42.18167	-170
42.18333	-170
42.18500	-169
42.18667	-170
42.18833	-170
42.19000	-170
42.19167	-170
42.19333	-170
42.19500	-170
42.19667	-170
42.19833	-170
42.20000	-170
42.20167	-170
42.20333	-170
42.20500	-171
42.20667	-170
42.20833	-170
42.21000	-171
42.21167	-170
42.21333	-170
42.21500	-170
42.21667	-171
42.21833	-170
42.22000	-169
42.22167	-170
42.22333	-170
42.22500	-170
42.22667	-170
42.22833	-170
42.23000	-169
42.23167	-170
42.23333	-169
42.23500	-169
42.23667	-169
42.23833	-169
42.24000	-169
42.24167	-169
42.24333	-170
42.24500	-169
42.24667	-169
42.24833	-168
42.25000	-169
42.25167	-168
42.25333	-169
42.25500	-168
42.25667	-169
42.25833	-168
42.26000	-168
42.26167	-168
42.26333	-168
42.26500	-168
42.26667	-168
42.26833	-168
42.27000	-168
42.27167	-168
42.27333	-167
42.27500	-168
42.27667	-168
42.27833	-167
42.28000	-167
42.28167	-167
42.28333	-167
42.28500	-166
42.28667	-166
42.28833	-166
42.29000	-166
42.29167	-165
42.29333	-166
42.29500	-165
42.29667	-165
42.29833	-165
42.30000	-164
42.30167	-165
42.30333	-164
42.30500	-164
42.30667	-164
42.30833	-163
42.31000	-164
42.31167	-164
42.31333	-163
42.31500	-164
42.31667	-164
42.31833	-163
42.32000	-164
42.32167	-163
42.32333	-164
42.32500	-164
42.32667	-164
42.32833	-165
42.33000	-164
42.33167	-165
42.33333	-165
42.33500	-165
42.33667	-166
42.33833	-166
42.34000	-166
42.34167	-167
42.34333	-167
42.34500	-167
42.34667	-167
42.34833	-168
42.35000	-168
42.35167	-168
42.35333	-169
42.35500	-168
42.35667	-170
42.35833	-169
42.36000	-170
42.36167	-170
42.36333	-170
42.36500	-170
42.36667	-170
42.36833	-171
42.37000	-170
42.37167	-171
42.37333	-170
42.37500	-171
42.37667	-171
42.37833	-171
42.38000	-171
42.38167	-171
42.38333	-171
42.38500	-172
42.38667	-171
42.38833	-171
42.39000	-171
42.39167	-171
42.39333	-171
42.39500	-171
42.39667	-171
42.39833	-171
42.40000	-172
42.40167	-171
42.40333	-172
42.40500	-172
42.40667	-171
42.40833	-172
42.41000	-172
42.41167	-172
42.41333	-172
42.41500	-172
42.41667	-172
42.41833	-172
42.42000	-172
42.42167	-173
42.42333	-172
42.42500	-173
42.42667	-173
42.42833	-173
42.43000	-173
42.43167	-173
42.43333	-173
42.43500	-174
42.43667	-174
42.43833	-174
42.44000	-174
42.44167	-174
42.44333	-175
42.44500	-174
42.44667	-175
42.44833	-175
42.45000	-175
42.45167	-175
42.45333	-176
42.45500	-175
42.45667	-176
42.45833	-176
42.46000	-176
42.46167	-176
42.46333	-176
42.46500	-177
42.46667	-176
42.46833	-177
42.47000	-176
42.47167	-177
42.47333	-177
42.47500	-176
42.47667	-177
42.47833	-176
42.48000	-177
42.48167	-177
42.48333	-176
42.48500	-176
42.48667	-177
42.48833	-176
42.49000	-176
42.49167	-176
42.49333	-176
42.49500	-176
42.49667	-176
42.49833	-176
42.50000	-175
42.50167	-176
42.50333	-176
42.50500	-175
42.50667	-176
42.50833	-176
42.51000	-176
42.51167	-175
42.51333	-176
42.51500	-176
42.51667	-175
42.51833	-176
42.52000	-176
42.52167	-176
42.52333	-176
42.52500	-175
42.52667	-177
42.52833	-176
42.53000	-176
42.53167	-177
42.53333	-176
42.53500	-176
42.53667	-177
42.53833	-177
42.54000	-177
42.54167	-177
42.54333	-177
42.54500	-177
42.54667	-177
42.54833	-178
42.55000	-178
42.55167	-178
42.55333	-178
42.55500	-177
42.55667	-179
42.55833	-178
42.56000	-177
42.56167	-178
42.56333	-178
42.56500	-178
42.56667	-178
42.56833	-178
42.57000	-177
42.57167	-178
42.57333	-178
42.57500	-177
42.57667	-177
42.57833	-177
42.58000	-177
42.58167	-177
42.58333	-176
42.58500	-177
42.58667	-176
42.58833	-176
42.59000	-176
42.59167	-175
42.59333	-176
42.59500	-175
42.59667	-175
42.59833	-175
42.60000	-175
42.60167	-175
42.60333	-175
42.60500	-176
42.60667	-175
42.60833	-175
42.61000	-176
42.61167	-175
42.61333	-176
42.61500	-176
42.61667	-176
42.61833	-176
42.62000	-177
42.62167	-176
42.62333	-177
42.62500	-177
42.62667	-176
42.62833	-177
42.63000	-177
42.63167	-178
42.63333	-177
42.63500	-177
42.63667	-177
42.63833	-178
42.64000	-177
42.64167	-177
42.64333	-177
42.64500	-177
42.64667	-178
42.64833	-177
42.65000	-176
42.65167	-177
42.65333	-177
42.65500	-176
42.65667	-176
42.65833	-176
42.66000	-176
42.66167	-176
42.66333	-175
42.66500	-175
42.66667	-175
42.66833	-176
42.67000	-174
42.67167	-175
42.67333	-174
42.67500	-175
42.67667	-174
42.67833	-174
42.68000	-174
42.68167	-174
42.68333	-175
42.68500	-174
42.68667	-174
42.68833	-174
42.69000	-174
42.69167	-175
42.69333	-174
42.69500	-175
42.69667	-175
42.69833	-174
42.70000	-176
42.70167	-175
42.70333	-176
42.70500	-176
42.70667	-176
42.70833	-177
42.71000	-177
42.71167	-176
42.71333	-177
42.71500	-178
42.71667	-178
42.71833	-177
42.72000	-179
42.72167	-178
42.72333	-178
42.72500	-179
42.72667	-178
42.72833	-179
42.73000	-178
42.73167	-179
42.73333	-178
42.73500	-179
42.73667	-179
42.73833	-178
42.74000	-179
42.74167	-178
42.74333	-178
42.74500	-178
42.74667	-177
42.74833	-177
42.75000	-178
42.75167	-176
42.75333	-177
42.75500	-177
42.75667	-176
42.75833	-176
42.76000	-176
42.76167	-175
42.76333	-176
42.76500	-175
42.76667	-176
42.76833	-175
42.77000	-175
42.77167	-175
42.77333	-175
42.77500	-175
42.77667	-174
42.77833	-175
42.78000	-175
42.78167	-174
42.78333	-175
42.78500	-174
42.78667	-175
42.78833	-174
42.79000	-174
42.79167	-175
42.79333	-174
42.79500	-174
42.79667	-175
42.79833	-174
42.80000	-175
42.80167	-174
42.80333	-175
42.80500	-174
42.80667	-175
42.80833	-175
42.81000	-174
42.81167	-175
42.81333	-174
42.81500	-175
42.81667	-175
42.81833	-175
42.82000	-175
42.82167	-175
42.82333	-175
42.82500	-176
42.82667	-175
42.82833	-175
42.83000	-176
42.83167	-175
42.83333	-176
42.83500	-175
42.83667	-176
42.83833	-175
42.84000	-176
42.84167	-176
42.84333	-176
42.84500	-176
42.84667	-176
42.84833	-177
42.85000	-176
42.85167	-176
42.85333	-176
42.85500	-177
42.85667	-176
42.85833	-176
42.86000	-176
42.86167	-177
42.86333	-176
42.86500	-176
42.86667	-177
42.86833	-176
42.87000	-175
42.87167	-176
42.87333	-176
42.87500	-175
42.87667	-175
42.87833	-175
42.88000	-175
42.88167	-175
42.88333	-175
42.88500	-175
42.88667	-174
42.88833	-174
42.89000	-174
42.89167	-174
42.89333	-173
42.89500	-174
42.89667	-174
42.89833	-173
42.90000	-174
42.90167	-173
42.90333	-174
42.90500	-174
42.90667	-174
42.90833	-174
42.91000	-173
42.91167	-174
42.91333	-174
42.91500	-174
42.91667	-174
42.91833	-175
42.92000	-174
42.92167	-174
42.92333	-175
42.92500	-175
42.92667	-174
42.92833	-175
42.93000	-175
42.93167	-175
42.93333	-175
42.93500	-175
42.93667	-175
42.93833	-176
42.94000	-175
42.94167	-175
42.94333	-176
42.94500	-175
42.94667	-175
42.94833	-176
42.95000	-176
42.95167	-176
42.95333	-176
42.95500	-176
42.95667	-176
42.95833	-176
42.96000	-176
42.96167	-177
42.96333	-176
42.96500	-177
42.96667	-177
42.96833	-176
42.97000	-177
42.97167	-177
42.97333	-176
42.97500	-177
42.97667	-177
42.97833	-177
42.98000	-177
42.98167	-176
42.98333	-177
42.98500	-177
42.98667	-176
42.98833	-177
42.99000	-176
42.99167	-176
42.99333	-176
42.99500	-176
42.99667	-175
42.99833	-176
43.00000	-176
43.00167	-176
43.00333	-175
43.00500	-176
43.00667	-176
43.00833	-176
43.01000	-176
43.01167	-176
43.01333	-176
43.01500	-176
43.01667	-176
43.01833	-176
43.02000	-177
43.02167	-176
43.02333	-176
43.02500	-177
43.02667	-177
43.02833	-176
43.03000	-177
43.03167	-177
43.03333	-177
43.03500	-177
43.03667	-177
43.03833	-177
43.04000	-177
43.04167	-177
43.04333	-177
43.04500	-178
43.04667	-177
43.04833	-178
43.05000	-177
43.05167	-178
43.05333	-177
43.05500	-178
43.05667	-177
43.05833	-177
43.06000	-178
43.06167	-177
43.06333	-178
43.06500	-177
43.06667	-177
43.06833	-177
43.07000	-177
43.07167	-177
43.07333	-177
43.07500	-177
43.07667	-177
43.07833	-177
43.08000	-177
43.08167	-176
43.08333	-177
43.08500	-176
43.08667	-177
43.08833	-176
43.09000	-177
43.09167	-176
43.09333	-176
43.09500	-176
43.09667	-175
43.09833	-176
43.10000	-176
43.10167	-176
43.10333	-176
43.10500	-175
43.10667	-176
43.10833	-176
43.11000	-176
43.11167	-176
43.11333	-176
43.11500	-175
43.11667	-176
43.11833	-175
43.12000	-176
43.12167	-176
43.12333	-176
43.12500	-176
43.12667	-176
43.12833	-177
43.13000	-176
43.13167	-176
43.13333	-177
43.13500	-176
43.13667	-176
43.13833	-176
43.14000	-176
43.14167	-177
43.14333	-176
43.14500	-176
43.14667	-176
43.14833	-177
43.15000	-176
43.15167	-176
43.15333	-176
43.15500	-175
43.15667	-176
43.15833	-175
43.16000	-175
43.16167	-175
43.16333	-175
43.16500	-175
43.16667	-175
43.16833	-174
43.17000	-175
43.17167	-174
43.17333	-175
43.17500	-174
43.17667	-174
43.17833	-175
43.18000	-174
43.18167	-174
43.18333	-174
43.18500	-175
43.18667	-174
43.18833	-175
43.19000	-174
43.19167	-175
43.19333	-175
43.19500	-175
43.19667	-175
43.19833	-175
43.20000	-175
43.20167	-175
43.20333	-176
43.20500	-175
43.20667	-175
43.20833	-176
43.21000	-175
43.21167	-175
43.21333	-176
43.21500	-175
43.21667	-175
43.21833	-176
43.22000	-174
43.22167	-175
43.22333	-175
43.22500	-175
43.22667	-175
43.22833	-175
43.23000	-175
43.23167	-175
43.23333	-175
43.23500	-175
43.23667	-176
43.23833	-175
43.24000	-175
43.24167	-176
43.24333	-176
43.24500	-176
43.24667	-175
43.24833	-176
43.25000	-176
43.25167	-176
43.25333	-176
43.25500	-176
43.25667	-176
43.25833	-176
43.26000	-176
43.26167	-176
43.26333	-176
43.26500	-176
43.26667	-176
43.26833	-175
43.27000	-176
43.27167	-176
43.27333	-175
43.27500	-176
43.27667	-175
43.27833	-176
43.28000	-176
43.28167	-175
43.28333	-176
43.28500	-176
43.28667	-176
43.28833	-176
43.29000	-176
43.29167	-176
43.29333	-177
43.29500	-177
43.29667	-176
43.29833	-177
43.30000	-177
43.30167	-178
43.30333	-177
43.30500	-178
43.30667	-178
43.30833	-178
43.31000	-178
43.31167	-179
43.31333	-178
43.31500	-179
43.31667	-179
43.31833	-178
43.32000	-178
43.32167	-179
43.32333	-179
43.32500	-178
43.32667	-179
43.32833	-178
43.33000	-179
43.33167	-178
43.33333	-178
43.33500	-178
43.33667	-178
43.33833	-177
43.34000	-178
43.34167	-177
43.34333	-178
43.34500	-177
43.34667	-178
43.34833	-177
43.35000	-177
43.35167	-177
43.35333	-177
43.35500	-177
43.35667	-177
43.35833	-177
43.36000	-176
43.36167	-177
43.36333	-176
43.36500	-177
43.36667	-176
43.36833	-177
43.37000	-177
43.37167	-176
43.37333	-176
43.37500	-177
43.37667	-176
43.37833	-176
43.38000	-177
43.38167	-176
43.38333	-176
43.38500	-177
43.38667	-177
43.38833	-176
43.39000	-177
43.39167	-177
43.39333	-176
43.39500	-177
43.39667	-177
43.39833	-176
43.40000	-177
43.40167	-177
43.40333	-177
43.40500	-177
43.40667	-177
43.40833	-177
43.41000	-177
43.41167	-177
43.41333	-177
43.41500	-177
43.41667	-177
43.41833	-176
43.42000	-177
43.42167	-177
43.42333	-176
43.42500	-176
43.42667	-176
43.42833	-176
43.43000	-176
43.43167	-176
43.43333	-175
43.43500	-176
43.43667	-175
43.43833	-175
43.44000	-175
43.44167	-175
43.44333	-175
43.44500	-175
43.44667	-175
43.44833	-175
43.45000	-175
43.45167	-175
43.45333	-175
43.45500	-175
43.45667	-176
43.45833	-175
43.46000	-176
43.46167	-176
43.46333	-176
43.46500	-176
43.46667	-176
43.46833	-177
43.47000	-177
43.47167	-177
43.47333	-178
43.47500	-177
43.47667	-178
43.47833	-178
43.48000	-178
43.48167	-178
43.48333	-178
43.48500	-178
43.48667	-177
43.48833	-178
43.49000	-178
43.49167	-178
43.49333	-178
43.49500	-177
43.49667	-178
43.49833	-177
43.50000	-177
43.50167	-177
43.50333	-177
43.50500	-177
43.50667	-176
43.50833	-177
43.51000	-176
43.51167	-175
43.51333	-176
43.51500	-175
43.51667	-175
43.51833	-175
43.52000	-175
43.52167	-175
43.52333	-174
43.52500	-174
43.52667	-175
43.52833	-174
43.53000	-174
43.53167	-174
43.53333	-174
43.53500	-174
43.53667	-174
43.53833	-174
43.54000	-174
43.54167	-174
43.54333	-174
43.54500	-174
43.54667	-174
43.54833	-174
43.55000	-174
43.55167	-174
43.55333	-174
43.55500	-173
43.55667	-173
43.55833	-174
43.56000	-173
43.56167	-173
43.56333	-173
43.56500	-173
43.56667	-173
43.56833	-173
43.57000	-173
43.57167	-173
43.57333	-173
43.57500	-172
43.57667	-173
43.57833	-172
43.58000	-173
43.58167	-172
43.58333	-173
43.58500	-172
43.58667	-173
43.58833	-173
43.59000	-172
43.59167	-173
43.59333	-173
43.59500	-173
43.59667	-174
43.59833	-173
43.60000	-174
43.60167	-173
43.60333	-174
43.60500	-173
43.60667	-174
43.60833	-173
43.61000	-174
43.61167	-173
43.61333	-173
43.61500	-174
43.61667	-173
43.61833	-173
43.62000	-173
43.62167	-173
43.62333	-173
43.62500	-173
43.62667	-173
43.62833	-172
43.63000	-173
43.63167	-172
43.63333	-172
43.63500	-173
43.63667	-172
43.63833	-172
43.64000	-172
43.64167	-172
43.64333	-172
43.64500	-172
43.64667	-172
43.64833	-171
43.65000	-172
43.65167	-171
43.65333	-171
43.65500	-172
43.65667	-171
43.65833	-172
43.66000	-172
43.66167	-172
43.66333	-172
43.66500	-173
43.66667	-172
43.66833	-173
43.67000	-174
43.67167	-173
43.67333	-174
43.67500	-173
43.67667	-174
43.67833	-175
43.68000	-174
43.68167	-175
43.68333	-175
43.68500	-175
43.68667	-175
43.68833	-175
43.69000	-176
43.69167	-175
43.69333	-176
43.69500	-176
43.69667	-176
43.69833	-176
43.70000	-176
43.70167	-177
43.70333	-176
43.70500	-176
43.70667	-176
43.70833	-176
43.71000	-176
43.71167	-176
43.71333	-177
43.71500	-176
43.71667	-177
43.71833	-176
43.72000	-177
43.72167	-176
43.72333	-177
43.72500	-177
43.72667	-177
43.72833	-177
43.73000	-177
43.73167	-177
43.73333	-176
43.73500	-177
43.73667	-177
43.73833	-178
43.74000	-177
43.74167	-177
43.74333	-177
43.74500	-177
43.74667	-177
43.74833	-177
43.75000	-177
43.75167	-177
43.75333	-177
43.75500	-178
43.75667	-177
43.75833	-177
43.76000	-178
43.76167	-176
43.76333	-177
43.76500	-177
43.76667	-177
43.76833	-176
43.77000	-177
43.77167	-176
43.77333	-176
43.77500	-176
43.77667	-176
43.77833	-176
43.78000	-176
43.78167	-175
43.78333	-176
43.78500	-175
43.78667	-176
43.78833	-175
43.79000	-176
43.79167	-175
43.79333	-175
43.79500	-175
43.79667	-175
43.79833	-175
43.80000	-175
43.80167	-175
43.80333	-175
43.80500	-175
43.80667	-175
43.80833	-176
43.81000	-175
43.81167	-175
43.81333	-176
43.81500	-175
43.81667	-176
43.81833	-176
43.82000	-176
43.82167	-176
43.82333	-176
43.82500	-176
43.82667	-176
43.82833	-177
43.83000	-176
43.83167	-177
43.83333	-177
43.83500	-176
43.83667	-177
43.83833	-176
43.84000	-177
43.84167	-176
43.84333	-177
43.84500	-176
43.84667	-176
43.84833	-177
43.85000	-176
43.85167	-176
43.85333	-176
43.85500	-176
43.85667	-177
43.85833	-176
43.86000	-175
43.86167	-176
43.86333	-176
43.86500	-176
43.86667	-176
43.86833	-175
43.87000	-176
43.87167	-175
43.87333	-176
43.87500	-175
43.87667	-176
43.87833	-175
43.88000	-176
43.88167	-175
43.88333	-176
43.88500	-175
43.88667	-176
43.88833	-176
43.89000	-175
43.89167	-175
43.89333	-176
43.89500	-175
43.89667	-175
43.89833	-175
43.90000	-175
43.90167	-175
43.90333	-175
43.90500	-174
43.90667	-175
43.90833	-174
43.91000	-174
43.91167	-174
43.91333	-174
43.91500	-174
43.91667	-173
43.91833	-174
43.92000	-173
43.92167	-174
43.92333	-173
43.92500	-173
43.92667	-172
43.92833	-173
43.93000	-172
43.93167	-173
43.93333	-172
43.93500	-172
43.93667	-171
43.93833	-172
43.94000	-171
43.94167	-171
43.94333	-171
43.94500	-171
43.94667	-171
43.94833	-171
43.95000	-170
43.95167	-171
43.95333	-171
43.95500	-170
43.95667	-171
43.95833	-171
43.96000	-171
43.96167	-171
43.96333	-170
43.96500	-171
43.96667	-172
43.96833	-171
43.97000	-172
43.97167	-172
43.97333	-172
43.97500	-172
43.97667	-172
43.97833	-172
43.98000	-172
43.98167	-173
43.98333	-172
43.98500	-173
43.98667	-174
43.98833	-173
43.99000	-173
43.99167	-174
43.99333	-174
43.99500	-174
43.99667	-174
43.99833	-174
44.00000	-175
44.00167	-174
44.00333	-175
44.00500	-174
44.00667	-175
44.00833	-175
44.01000	-175
44.01167	-175
44.01333	-175
44.01500	-176
44.01667	-175
44.01833	-175
44.02000	-175
44.02167	-175
44.02333	-175
44.02500	-176
44.02667	-176
44.02833	-176
44.03000	-175
44.03167	-176
44.03333	-175
44.03500	-176
44.03667	-176
44.03833	-176
44.04000	-176
44.04167	-176
44.04333	-176
44.04500	-176
44.04667	-177
44.04833	-176
44.05000	-176
44.05167	-177
44.05333	-176
44.05500	-177
44.05667	-177
44.05833	-177
44.06000	-176
44.06167	-176
44.06333	-176
44.06500	-176
44.06667	-177
44.06833	-176
44.07000	-176
44.07167	-177
44.07333	-176
44.07500	-176
44.07667	-176
44.07833	-176
44.08000	-176
44.08167	-175
44.08333	-176
44.08500	-176
44.08667	-175
44.08833	-176
44.09000	-176
44.09167	-176
44.09333	-175
44.09500	-176
44.09667	-176
44.09833	-176
44.10000	-175
44.10167	-176
44.10333	-175
44.10500	-176
44.10667	-176
44.10833	-175
44.11000	-175
44.11167	-175
44.11333	-176
44.11500	-175
44.11667	-174
44.11833	-175
44.12000	-174
44.12167	-175
44.12333	-174
44.12500	-174
44.12667	-174
44.12833	-175
44.13000	-173
44.13167	-174
44.13333	-174
44.13500	-173
44.13667	-173
44.13833	-174
44.14000	-174
44.14167	-174
44.14333	-174
44.14500	-175
44.14667	-174
44.14833	-175
44.15000	-175
44.15167	-176
44.15333	-176
44.15500	-176
44.15667	-176
44.15833	-176
44.16000	-177
44.16167	-177
44.16333	-178
44.16500	-178
44.16667	-177
44.16833	-179
44.17000	-178
44.17167	-179
44.17333	-179
44.17500	-179
44.17667	-180
44.17833	-180
44.18000	-179
44.18167	-180
44.18333	-180
44.18500	-179
44.18667	-180
44.18833	-180
44.19000	-179
44.19167	-180
44.19333	-179
44.19500	-179
44.19667	-179
44.19833	-179
44.20000	-178
44.20167	-179
44.20333	-178
44.20500	-177
44.20667	-178
44.20833	-177
44.21000	-177
44.21167	-177
44.21333	-177
44.21500	-176
44.21667	-177
44.21833	-176
44.22000	-177
44.22167	-176
44.22333	-176
44.22500	-176
44.22667	-176
44.22833	-176
44.23000	-176
44.23167	-176
44.23333	-176
44.23500	-176
44.23667	-177
44.23833	-176
44.24000	-177
44.24167	-177
44.24333	-177
44.24500	-177
44.24667	-178
44.24833	-177
44.25000	-178
44.25167	-178
44.25333	-178
44.25500	-179
44.25667	-178
44.25833	-179
44.26000	-179
44.26167	-178
44.26333	-179
44.26500	-179
44.26667	-179
44.26833	-179
44.27000	-179
44.27167	-179
44.27333	-179
44.27500	-179
44.27667	-179
44.27833	-179
44.28000	-178
44.28167	-179
44.28333	-179
44.28500	-178
44.28667	-179
44.28833	-178
44.29000	-179
44.29167	-179
44.29333	-178
44.29500	-179
44.29667	-178
44.29833	-179
44.30000	-178
44.30167	-179
44.30333	-178
44.30500	-179
44.30667	-178
44.30833	-178
44.31000	-178
44.31167	-178
44.31333	-177
44.31500	-178
44.31667	-177
44.31833	-177
44.32000	-176
44.32167	-177
44.32333	-176
44.32500	-176
44.32667	-175
44.32833	-175
44.33000	-175
44.33167	-175
44.33333	-174
44.33500	-174
44.33667	-174
44.33833	-173
44.34000	-174
44.34167	-173
44.34333	-173
44.34500	-173
44.34667	-173
44.34833	-173
44.35000	-172
44.35167	-173
44.35333	-173
44.35500	-172
44.35667	-173
44.35833	-173
44.36000	-173
44.36167	-172
44.36333	-174
44.36500	-173
44.36667	-173
44.36833	-174
44.37000	-173
44.37167	-174
44.37333	-174
44.37500	-175
44.37667	-174
44.37833	-175
44.38000	-175
44.38167	-175
44.38333	-176
44.38500	-175
44.38667	-176
44.38833	-176
44.39000	-175
44.39167	-177
44.39333	-176
44.39500	-176
44.39667	-176
44.39833	-177
44.40000	-177
44.40167	-177
44.40333	-176
44.40500	-177
44.40667	-177
44.40833	-178
44.41000	-177
44.41167	-177
44.41333	-177
44.41500	-177
44.41667	-177
44.41833	-177
44.42000	-177
44.42167	-177
44.42333	-177
44.42500	-177
44.42667	-177
44.42833	-177
44.43000	-176
44.43167	-177
44.43333	-176
44.43500	-176
44.43667	-176
44.43833	-176
44.44000	-176
44.44167	-176
44.44333	-175
44.44500	-175
44.44667	-176
44.44833	-174
44.45000	-175
44.45167	-174
44.45333	-174
44.45500	-174
44.45667	-174
44.45833	-174
44.46000	-173
44.46167	-174
44.46333	-174
44.46500	-173
44.46667	-174
44.46833	-173
44.47000	-174
44.47167	-173
44.47333	-173
44.47500	-173
44.47667	-173
44.47833	-174
44.48000	-173
44.48167	-173
44.48333	-174
44.48500	-173
44.48667	-174
44.48833	-173
44.49000	-173
44.49167	-174
44.49333	-173
44.49500	-173
44.49667	-173
44.49833	-173
44.50000	-173
44.50167	-173
44.50333	-173
44.50500	-172
44.50667	-173
44.50833	-173
44.51000	-172
44.51167	-173
44.51333	-172
44.51500	-172
44.51667	-173
44.51833	-172
44.52000	-171
44.52167	-172
44.52333	-172
44.52500	-171
44.52667	-172
44.52833	-172
44.53000	-171
44.53167	-171
44.53333	-172
44.53500	-171
44.53667	-171
44.53833	-171
44.54000	-170
44.54167	-170
44.54333	-171
44.54500	-170
44.54667	-169
44.54833	-170
44.55000	-169
44.55167	-169
44.55333	-169
44.55500	-169
44.55667	-168
44.55833	-169
44.56000	-168
44.56167	-168
44.56333	-168
44.56500	-168
44.56667	-168
44.56833	-168
44.57000	-167
44.57167	-167
44.57333	-168
44.57500	-167
44.57667	-168
44.57833	-167
44.58000	-167
44.58167	-168
44.58333	-167
44.58500	-168
44.58667	-168
44.58833	-168
44.59000	-168
44.59167	-168
44.59333	-168
44.59500	-169
44.59667	-168
44.59833	-169
44.60000	-168
44.60167	-169
44.60333	-169
44.60500	-169
44.60667	-169
44.60833	-169
44.61000	-169
44.61167	-169
44.61333	-169
44.61500	-169
44.61667	-168
44.61833	-169
44.62000	-169
44.62167	-169
44.62333	-168
44.62500	-169
44.62667	-168
44.62833	-169
44.63000	-168
44.63167	-168
44.63333	-168
44.63500	-168
44.63667	-168
44.63833	-168
44.64000	-167
44.64167	-168
44.64333	-167
44.64500	-168
44.64667	-167
44.64833	-168
44.65000	-167
44.65167	-167
44.65333	-167
44.65500	-167
44.65667	-167
44.65833	-167
44.66000	-166
44.66167	-167
44.66333	-166
44.66500	-166
44.66667	-166
44.66833	-166
44.67000	-166
44.67167	-165
44.67333	-166
44.67500	-165
44.67667	-166
44.67833	-165
44.68000	-165
44.68167	-165
44.68333	-165
44.68500	-165
44.68667	-166
44.68833	-165
44.69000	-165
44.69167	-165
44.69333	-165
44.69500	-166
44.69667	-165
44.69833	-166
44.70000	-165
44.70167	-166
44.70333	-166
44.70500	-166
44.70667	-167
44.70833	-166
44.71000	-167
44.71167	-167
44.71333	-168
44.71500	-167
44.71667	-168
44.71833	-167
44.72000	-168
44.72167	-168
44.72333	-168
44.72500	-169
44.72667	-168
44.72833	-169
44.73000	-169
44.73167	-169
44.73333	-169
44.73500	-169
44.73667	-169
44.73833	-170
44.74000	-169
44.74167	-170
44.74333	-169
44.74500	-169
44.74667	-169
44.74833	-169
44.75000	-168
44.75167	-169
44.75333	-168
44.75500	-169
44.75667	-168
44.75833	-168
44.76000	-168
44.76167	-168
44.76333	-167
44.76500	-167
44.76667	-168
44.76833	-167
44.77000	-167
44.77167	-166
44.77333	-167
44.77500	-167
44.77667	-167
44.77833	-166
44.78000	-167
44.78167	-167
44.78333	-167
44.78500	-167
44.78667	-166
44.78833	-168
44.79000	-167
44.79167	-167
44.79333	-167
44.79500	-168
44.79667	-167
44.79833	-168
44.80000	-168
44.80167	-167
44.80333	-168
44.80500	-168
44.80667	-168
44.80833	-168
44.81000	-168
44.81167	-168
44.81333	-168
44.81500	-169
44.81667	-168
44.81833	-168
44.82000	-167
44.82167	-168
44.82333	-168
44.82500	-168
44.82667	-168
44.82833	-167
44.83000	-167
44.83167	-168
44.83333	-167
44.83500	-168
44.83667	-167
44.83833	-167
44.84000	-167
44.84167	-167
44.84333	-167
44.84500	-167
44.84667	-167
44.84833	-166
44.85000	-167
44.85167	-166
44.85333	-167
44.85500	-166
44.85667	-167
44.85833	-167
44.86000	-167
44.86167	-167
44.86333	-168
44.86500	-167
44.86667	-167
44.86833	-167
44.87000	-168
44.87167	-167
44.87333	-168
44.87500	-167
44.87667	-168
44.87833	-168
44.88000	-168
44.88167	-168
44.88333	-168
44.88500	-169
44.88667	-168
44.88833	-169
44.89000	-169
44.89167	-169
44.89333	-168
44.89500	-170
44.89667	-169
44.89833	-169
44.90000	-170
44.90167	-170
44.90333	-170
44.90500	-169
44.90667	-170
44.90833	-170
44.91000	-171
44.91167	-170
44.91333	-170
44.91500	-170
44.91667	-170
44.91833	-171
44.92000	-170
44.92167	-171
44.92333	-170
44.92500	-170
44.92667	-171
44.92833	-170
44.93000	-170
44.93167	-171
44.93333	-170
44.93500	-170
44.93667	-171
44.93833	-170
44.94000	-170
44.94167	-170
44.94333	-171
44.94500	-170
44.94667	-170
44.94833	-170
44.95000	-170
44.95167	-170
44.95333	-170
44.95500	-170
44.95667	-170
44.95833	-170
44.96000	-169
44.96167	-170
44.96333	-170
44.96500	-170
44.96667	-170
44.96833	-169
44.97000	-169
44.97167	-170
44.97333	-169
44.97500	-170
44.97667	-169
44.97833	-169
44.98000	-170
44.98167	-169
44.98333	-170
44.98500	-169
44.98667	-169
44.98833	-169
44.99000	-169
44.99167	-169
44.99333	-169
44.99500	-169
44.99667	-169
44.99833	-169
45.00000	-169
45.00167	-169
45.00333	-169
45.00500	-170
45.00667	-169
45.00833	-169
45.01000	-170
45.01167	-169
45.01333	-170
45.01500	-170
45.01667	-171
45.01833	-170
45.02000	-170
45.02167	-171
45.02333	-171
45.02500	-171
45.02667	-171
45.02833	-172
45.03000	-172
45.03167	-172
45.03333	-173
45.03500	-173
45.03667	-173
45.03833	-174
45.04000	-173
45.04167	-174
45.04333	-174
45.04500	-175
45.04667	-174
45.04833	-175
45.05000	-175
45.05167	-175
45.05333	-175
45.05500	-176
45.05667	-175
45.05833	-176
45.06000	-176
45.06167	-176
45.06333	-176
45.06500	-177
45.06667	-176
45.06833	-177
45.07000	-176
45.07167	-177
45.07333	-177
45.07500	-176
45.07667	-177
45.07833	-177
45.08000	-176
45.08167	-177
45.08333	-176
45.08500	-176
45.08667	-177
45.08833	-176
45.09000	-176
45.09167	-176
45.09333	-176
45.09500	-175
45.09667	-176
45.09833	-176
45.10000	-175
45.10167	-176
45.10333	-175
45.10500	-175
45.10667	-175
45.10833	-175
45.11000	-175
45.11167	-175
45.11333	-174
45.11500	-175
45.11667	-174
45.11833	-175
45.12000	-174
45.12167	-173
45.12333	-174
45.12500	-174
45.12667	-173
45.12833	-174
45.13000	-173
45.13167	-173
45.13333	-172
45.13500	-173
45.13667	-172
45.13833	-173
45.14000	-171
45.14167	-172
45.14333	-172
45.14500	-171
45.14667	-172
45.14833	-171
45.15000	-171
45.15167	-171
45.15333	-171
45.15500	-170
45.15667	-171
45.15833	-171
45.16000	-170
45.16167	-171
45.16333	-170
45.16500	-171
45.16667	-170
45.16833	-171
45.17000	-171
45.17167	-170
45.17333	-171
45.17500	-170
45.17667	-171
45.17833	-171
45.18000	-170
45.18167	-170
45.18333	-171
45.18500	-170
45.18667	-171
45.18833	-171
45.19000	-171
45.19167	-170
45.19333	-171
45.19500	-171
45.19667	-170
45.19833	-171
45.20000	-171
45.20167	-171
45.20333	-172
45.20500	-171
45.20667	-171
45.20833	-172
45.21000	-171
45.21167	-172
45.21333	-172
45.21500	-172
45.21667	-172
45.21833	-172
45.22000	-172
45.22167	-173
45.22333	-173
45.22500	-173
45.22667	-174
45.22833	-173
45.23000	-174
45.23167	-174
45.23333	-174
45.23500	-174
45.23667	-175
45.23833	-174
45.24000	-175
45.24167	-175
45.24333	-174
45.24500	-175
45.24667	-175
45.24833	-175
45.25000	-174
45.25167	-175
45.25333	-175
45.25500	-175
45.25667	-175
45.25833	-175
45.26000	-175
45.26167	-175
45.26333	-174
45.26500	-175
45.26667	-175
45.26833	-175
45.27000	-175
45.27167	-175
45.27333	-175
45.27500	-174
45.27667	-175
45.27833	-175
45.28000	-175
45.28167	-175
45.28333	-174
45.28500	-175
45.28667	-175
45.28833	-174
45.29000	-175
45.29167	-174
45.29333	-175
45.29500	-175
45.29667	-174
45.29833	-174
45.30000	-174
45.30167	-174
45.30333	-173
45.30500	-174
45.30667	-173
45.30833	-173
45.31000	-173
45.31167	-172
45.31333	-173
45.31500	-172
45.31667	-172
45.31833	-172
45.32000	-173
45.32167	-172
45.32333	-171
45.32500	-172
45.32667	-172
45.32833	-171
45.33000	-171
45.33167	-171
45.33333	-171
45.33500	-171
45.33667	-171
45.33833	-170
45.34000	-171
45.34167	-170
45.34333	-170
45.34500	-170
45.34667	-170
45.34833	-170
45.35000	-170
45.35167	-170
45.35333	-169
45.35500	-170
45.35667	-170
45.35833	-169
45.36000	-170
45.36167	-169
45.36333	-170
45.36500	-169
45.36667	-170
45.36833	-169
45.37000	-170
45.37167	-169
45.37333	-169
45.37500	-170
45.37667	-169
45.37833	-170
45.38000	-169
45.38167	-170
45.38333	-170
45.38500	-170
45.38667	-169
45.38833	-170
45.39000	-170
45.39167	-170
45.39333	-171
45.39500	-170
45.39667	-171
45.39833	-170
45.40000	-171
45.40167	-170
45.40333	-171
45.40500	-171
45.40667	-171
45.40833	-171
45.41000	-171
45.41167	-171
45.41333	-171
45.41500	-172
45.41667	-171
45.41833	-170
45.42000	-171
45.42167	-171
45.42333	-170
45.42500	-171
45.42667	-170
45.42833	-171
45.43000	-170
45.43167	-170
45.43333	-170
45.43500	-170
45.43667	-170
45.43833	-170
45.44000	-170
45.44167	-170
45.44333	-169
45.44500	-170
45.44667	-170
45.44833	-169
45.45000	-170
45.45167	-169
45.45333	-170
45.45500	-169
45.45667	-169
45.45833	-169
45.46000	-169
45.46167	-169
45.46333	-169
45.46500	-169
45.46667	-169
45.46833	-168
45.47000	-169
45.47167	-169
45.47333	-170
45.47500	-169
45.47667	-169
45.47833	-170
45.48000	-169
45.48167	-169
45.48333	-170
45.48500	-169
45.48667	-169
45.48833	-170
45.49000	-170
45.49167	-169
45.49333	-170
45.49500	-169
45.49667	-170
45.49833	-170
45.50000	-170
45.50167	-170
45.50333	-170
45.50500	-171
45.50667	-170
45.50833	-171
45.51000	-170
45.51167	-171
45.51333	-170
45.51500	-171
45.51667	-171
45.51833	-171
45.52000	-171
45.52167	-171
45.52333	-171
45.52500	-171
45.52667	-172
45.52833	-171
45.53000	-172
45.53167	-171
45.53333	-172
45.53500	-171
45.53667	-172
45.53833	-171
45.54000	-171
45.54167	-172
45.54333	-171
45.54500	-171
45.54667	-172
45.54833	-171
45.55000	-171
45.55167	-171
45.55333	-170
45.55500	-171
45.55667	-171
45.55833	-170
45.56000	-170
45.56167	-171
45.56333	-170
45.56500	-171
45.56667	-170
45.56833	-170
45.57000	-171
45.57167	-170
45.57333	-170
45.57500	-170
45.57667	-171
45.57833	-170
45.58000	-170
45.58167	-170
45.58333	-170
45.58500	-171
45.58667	-170
45.58833	-171
45.59000	-170
45.59167	-171
45.59333	-171
45.59500	-171
45.59667	-172
45.59833	-171
45.60000	-172
45.60167	-172
45.60333	-172
45.60500	-172
45.60667	-172
45.60833	-172
45.61000	-173
45.61167	-172
45.61333	-173
45.61500	-172
45.61667	-172
45.61833	-173
45.62000	-172
45.62167	-172
45.62333	-173
45.62500	-172
45.62667	-172
45.62833	-172
45.63000	-172
45.63167	-172
45.63333	-172
45.63500	-172
45.63667	-171
45.63833	-171
45.64000	-172
45.64167	-171
45.64333	-171
45.64500	-171
45.64667	-171
45.64833	-171
45.65000	-170
45.65167	-171
45.65333	-170
45.65500	-171
45.65667	-170
45.65833	-171
45.66000	-170
45.66167	-171
45.66333	-170
45.66500	-171
45.66667	-170
45.66833	-171
45.67000	-171
45.67167	-171
45.67333	-171
45.67500	-171
45.67667	-172
45.67833	-171
45.68000	-171
45.68167	-171
45.68333	-172
45.68500	-171
45.68667	-172
45.68833	-171
45.69000	-171
45.69167	-172
45.69333	-172
45.69500	-172
45.69667	-172
45.69833	-172
45.70000	-172
45.70167	-171
45.70333	-172
45.70500	-172
45.70667	-173
45.70833	-172
45.71000	-172
45.71167	-172
45.71333	-173
45.71500	-172
45.71667	-173
45.71833	-172
45.72000	-173
45.72167	-172
45.72333	-172
45.72500	-173
45.72667	-172
45.72833	-173
45.73000	-172
45.73167	-173
45.73333	-173
45.73500	-172
45.73667	-173
45.73833	-173
45.74000	-173
45.74167	-172
45.74333	-173
45.74500	-172
45.74667	-173
45.74833	-172
45.75000	-172
45.75167	-173
45.75333	-172
45.75500	-172
45.75667	-173
45.75833	-172
45.76000	-172
45.76167	-171
45.76333	-172
45.76500	-172
45.76667	-172
45.76833	-172
45.77000	-172
45.77167	-171
45.77333	-172
45.77500	-171
45.77667	-171
45.77833	-172
45.78000	-171
45.78167	-171
45.78333	-172
45.78500	-171
45.78667	-171
45.78833	-172
45.79000	-171
45.79167	-172
45.79333	-172
45.79500	-172
45.79667	-171
45.79833	-172
45.80000	-172
45.80167	-173
45.80333	-172
45.80500	-173
45.80667	-172
45.80833	-173
45.81000	-173
45.81167	-173
45.81333	-173
45.81500	-173
45.81667	-173
45.81833	-173
45.82000	-174
45.82167	-173
45.82333	-173
45.82500	-174
45.82667	-173
45.82833	-174
45.83000	-173
45.83167	-174
45.83333	-173
45.83500	-174
45.83667	-174
45.83833	-173
45.84000	-174
45.84167	-173
45.84333	-174
45.84500	-173
45.84667	-174
45.84833	-174
45.85000	-174
45.85167	-174
45.85333	-174
45.85500	-174
45.85667	-174
45.85833	-175
45.86000	-174
45.86167	-174
45.86333	-174
45.86500	-174
45.86667	-175
45.86833	-173
45.87000	-174
45.87167	-174
45.87333	-174
45.87500	-174
45.87667	-174
45.87833	-174
45.88000	-174
45.88167	-173
45.88333	-174
45.88500	-173
45.88667	-174
45.88833	-173
45.89000	-173
45.89167	-173
45.89333	-173
45.89500	-172
45.89667	-173
45.89833	-172
45.90000	-172
45.90167	-173
45.90333	-172
45.90500	-172
45.90667	-172
45.90833	-172
45.91000	-172
45.91167	-172
45.91333	-172
45.91500	-171
45.91667	-172
45.91833	-172
45.92000	-172
45.92167	-171
45.92333	-172
45.92500	-172
45.92667	-172
45.92833	-172
45.93000	-171
45.93167	-172
45.93333	-172
45.93500	-171
45.93667	-172
45.93833	-171
45.94000	-172
45.94167	-171
45.94333	-171
45.94500	-171
45.94667	-171
45.94833	-171
45.95000	-171
45.95167	-170
45.95333	-170
45.95500	-171
45.95667	-170
45.95833	-170
45.96000	-171
45.96167	-170
45.96333	-170
45.96500	-170
45.96667	-170
45.96833	-170
45.97000	-169
45.97167	-170
45.97333	-170
45.97500	-170
45.97667	-170
45.97833	-170
45.98000	-169
45.98167	-170
45.98333	-170
45.98500	-170
45.98667	-170
45.98833	-171
45.99000	-170
45.99167	-171
45.99333	-170
45.99500	-170
45.99667	-170
45.99833	-171
46.00000	-170
46.00167	-170
46.00333	-170
46.00500	-171
46.00667	-170
46.00833	-170
46.01000	-170
46.01167	-170
46.01333	-170
46.01500	-170
46.01667	-170
46.01833	-170
46.02000	-170
46.02167	-169
46.02333	-170
46.02500	-169
46.02667	-169
46.02833	-169
46.03000	-169
46.03167	-169
46.03333	-169
46.03500	-169
46.03667	-169
46.03833	-169
46.04000	-169
46.04167	-168
46.04333	-168
46.04500	-169
46.04667	-168
46.04833	-168
46.05000	-168
46.05167	-168
46.05333	-168
46.05500	-168
46.05667	-167
46.05833	-168
46.06000	-168
46.06167	-168
46.06333	-167
46.06500	-168
46.06667	-168
46.06833	-168
46.07000	-167
46.07167	-167
46.07333	-167
46.07500	-168
46.07667	-167
46.07833	-167
46.08000	-167
46.08167	-167
46.08333	-167
46.08500	-167
46.08667	-168
46.08833	-167
46.09000	-167
46.09167	-167
46.09333	-167
46.09500	-168
46.09667	-167
46.09833	-168
46.10000	-167
46.10167	-168
46.10333	-168
46.10500	-168
46.10667	-168
46.10833	-168
46.11000	-168
46.11167	-168
46.11333	-169
46.11500	-168
46.11667	-169
46.11833	-169
46.12000	-169
46.12167	-169
46.12333	-168
46.12500	-169
46.12667	-169
46.12833	-169
46.13000	-169
46.13167	-169
46.13333	-169
46.13500	-169
46.13667	-168
46.13833	-169
46.14000	-169
46.14167	-169
46.14333	-169
46.14500	-169
46.14667	-169
46.14833	-169
46.15000	-169
46.15167	-169
46.15333	-169
46.15500	-168
46.15667	-169
46.15833	-169
46.16000	-169
46.16167	-169
46.16333	-168
46.16500	-169
46.16667	-169
46.16833	-169
46.17000	-169
46.17167	-168
46.17333	-169
46.17500	-169
46.17667	-168
46.17833	-169
46.18000	-169
46.18167	-169
46.18333	-169
46.18500	-169
46.18667	-169
46.18833	-169
46.19000	-169
46.19167	-169
46.19333	-169
46.19500	-168
46.19667	-169
46.19833	-170
46.20000	-169
46.20167	-169
46.20333	-169
46.20500	-169
46.20667	-170
46.20833	-169
46.21000	-170
46.21167	-169
46.21333	-170
46.21500	-170
46.21667	-169
46.21833	-170
46.22000	-170
46.22167	-170
46.22333	-169
46.22500	-170
46.22667	-170
46.22833	-170
46.23000	-171
46.23167	-170
46.23333	-170
46.23500	-170
46.23667	-170
46.23833	-171
46.24000	-170
46.24167	-170
46.24333	-171
46.24500	-170
46.24667	-171
46.24833	-171
46.25000	-171
46.25167	-171
46.25333	-171
46.25500	-171
46.25667	-171
46.25833	-171
46.26000	-172
46.26167	-171
46.26333	-171
46.26500	-172
46.26667	-171
46.26833	-172
46.27000	-172
46.27167	-172
46.27333	-172
46.27500	-172
46.27667	-172
46.27833	-172
46.28000	-173
46.28167	-172
46.28333	-172
46.28500	-173
46.28667	-173
46.28833	-172
46.29000	-173
46.29167	-172
46.29333	-172
46.29500	-173
46.29667	-172
46.29833	-172
46.30000	-172
46.30167	-172
46.30333	-172
46.30500	-172
46.30667	-172
46.30833	-173
46.31000	-172
46.31167	-172
46.31333	-172
46.31500	-173
46.31667	-172
46.31833	-172
46.32000	-171
46.32167	-172
46.32333	-171
46.32500	-172
46.32667	-171
46.32833	-171
46.33000	-170
46.33167	-171
46.33333	-170
46.33500	-171
46.33667	-170
46.33833	-170
46.34000	-170
46.34167	-170
46.34333	-170
46.34500	-169
46.34667	-170
46.34833	-170
46.35000	-170
46.35167	-169
46.35333	-170
46.35500	-170
46.35667	-169
46.35833	-170
46.36000	-170
46.36167	-169
46.36333	-170
46.36500	-169
46.36667	-169
46.36833	-170
46.37000	-170
46.37167	-169
46.37333	-170
46.37500	-169
46.37667	-170
46.37833	-169
46.38000	-169
46.38167	-170
46.38333	-169
46.38500	-170
46.38667	-170
46.38833	-169
46.39000	-170
46.39167	-170
46.39333	-169
46.39500	-170
46.39667	-171
46.39833	-170
46.40000	-170
46.40167	-171
46.40333	-170
46.40500	-171
46.40667	-171
46.40833	-172
46.41000	-171
46.41167	-172
46.41333	-171
46.41500	-172
46.41667	-172
46.41833	-172
46.42000	-171
46.42167	-172
46.42333	-172
46.42500	-172
46.42667	-172
46.42833	-171
46.43000	-172
46.43167	-172
46.43333	-172
46.43500	-172
46.43667	-172
46.43833	-171
46.44000	-172
46.44167	-171
46.44333	-171
46.44500	-171
46.44667	-171
46.44833	-170
46.45000	-171
46.45167	-170
46.45333	-169
46.45500	-170
46.45667	-169
46.45833	-170
46.46000	-169
46.46167	-169
46.46333	-168
46.46500	-169
46.46667	-169
46.46833	-168
46.47000	-168
46.47167	-168
46.47333	-169
46.47500	-167
46.47667	-168
46.47833	-168
46.48000	-168
46.48167	-168
46.48333	-168
46.48500	-168
46.48667	-168
46.48833	-167
46.49000	-168
46.49167	-168
46.49333	-168
46.49500	-169
46.49667	-168
46.49833	-168
46.50000	-169
46.50167	-169
46.50333	-169
46.50500	-169
46.50667	-169
46.50833	-169
46.51000	-169
46.51167	-169
46.51333	-170
46.51500	-170
46.51667	-170
46.51833	-169
46.52000	-170
46.52167	-170
46.52333	-170
46.52500	-169
46.52667	-170
46.52833	-170
46.53000	-170
46.53167	-169
46.53333	-170
46.53500	-169
46.53667	-170
46.53833	-169
46.54000	-169
46.54167	-170
46.54333	-169
46.54500	-169
46.54667	-169
46.54833	-170
46.55000	-169
46.55167	-169
46.55333	-169
46.55500	-169
46.55667	-169
46.55833	-169
46.56000	-168
46.56167	-169
46.56333	-169
46.56500	-169
46.56667	-169
46.56833	-168
46.57000	-169
46.57167	-168
46.57333	-169
46.57500	-168
46.57667	-169
46.57833	-168
46.58000	-167
46.58167	-169
46.58333	-168
46.58500	-167
46.58667	-168
46.58833	-168
46.59000	-167
46.59167	-168
46.59333	-168
46.59500	-168
46.59667	-167
46.59833	-168
46.60000	-168
46.60167	-167
46.60333	-168
46.60500	-168
46.60667	-168
46.60833	-168
46.61000	-168
46.61167	-168
46.61333	-168
46.61500	-169
46.61667	-168
46.61833	-169
46.62000	-169
46.62167	-168
46.62333	-169
46.62500	-169
46.62667	-169
46.62833	-169
46.63000	-169
46.63167	-169
46.63333	-170
46.63500	-169
46.63667	-169
46.63833	-169
46.64000	-169
46.64167	-169
46.64333	-169
46.64500	-170
46.64667	-169
46.64833	-169
46.65000	-170
46.65167	-169
46.65333	-170
46.65500	-169
46.65667	-170
46.65833	-170
46.66000	-169
46.66167	-170
46.66333	-170
46.66500	-170
46.66667	-170
46.66833	-171
46.67000	-170
46.67167	-171
46.67333	-170
46.67500	-171
46.67667	-171
46.67833	-171
46.68000	-172
46.68167	-171
46.68333	-171
46.68500	-171
46.68667	-171
46.68833	-170
46.69000	-171
46.69167	-171
46.69333	-171
46.69500	-170
46.69667	-171
46.69833	-171
46.70000	-170
46.70167	-171
46.70333	-170
46.70500	-170
46.70667	-170
46.70833	-171
46.71000	-170
46.71167	-171
46.71333	-171
46.71500	-170
46.71667	-171
46.71833	-170
46.72000	-171
46.72167	-171
46.72333	-171
46.72500	-172
46.72667	-171
46.72833	-171
46.73000	-172
46.73167	-171
46.73333	-172
46.73500	-172
46.73667	-172
46.73833	-172
46.74000	-172
46.74167	-172
46.74333	-172
46.74500	-172
46.74667	-172
46.74833	-173
46.75000	-172
46.75167	-173
46.75333	-172
46.75500	-173
46.75667	-173
46.75833	-173
46.76000	-173
46.76167	-172
46.76333	-173
46.76500	-173
46.76667	-173
46.76833	-173
46.77000	-173
46.77167	-173
46.77333	-173
46.77500	-173
46.77667	-172
46.77833	-173
46.78000	-173
46.78167	-172
46.78333	-172
46.78500	-172
46.78667	-172
46.78833	-172
46.79000	-172
46.79167	-171
46.79333	-172
46.79500	-171
46.79667	-171
46.79833	-171
46.80000	-171
46.80167	-171
46.80333	-171
46.80500	-170
46.80667	-171
46.80833	-171
46.81000	-170
46.81167	-171
46.81333	-170
46.81500	-170
46.81667	-171
46.81833	-170
46.82000	-171
46.82167	-170
46.82333	-171
46.82500	-170
46.82667	-171
46.82833	-170
46.83000	-171
46.83167	-171
46.83333	-171
46.83500	-171
46.83667	-171
46.83833	-171
46.84000	-171
46.84167	-171
46.84333	-171
46.84500	-171
46.84667	-171
46.84833	-171
46.85000	-172
46.85167	-171
46.85333	-172
46.85500	-172
46.85667	-172
46.85833	-172
46.86000	-172
46.86167	-171
46.86333	-172
46.86500	-172
46.86667	-172
46.86833	-172
46.87000	-172
46.87167	-171
46.87333	-172
46.87500	-172
46.87667	-171
46.87833	-172
46.88000	-171
46.88167	-171
46.88333	-171
46.88500	-171
46.88667	-171
46.88833	-171
46.89000	-170
46.89167	-171
46.89333	-170
46.89500	-171
46.89667	-170
46.89833	-170
46.90000	-170
46.90167	-170
46.90333	-170
46.90500	-170
46.90667	-170
46.90833	-170
46.91000	-170
46.91167	-170
46.91333	-170
46.91500	-171
46.91667	-170
46.91833	-170
46.92000	-170
46.92167	-170
46.92333	-170
46.92500	-171
46.92667	-170
46.92833	-171
46.93000	-170
46.93167	-171
46.93333	-171
46.93500	-171
46.93667	-171
46.93833	-171
46.94000	-171
46.94167	-171
46.94333	-171
46.94500	-172
46.94667	-171
46.94833	-171
46.95000	-171
46.95167	-172
46.95333	-171
46.95500	-172
46.95667	-172
46.95833	-171
46.96000	-172
46.96167	-171
46.96333	-172
46.96500	-171
46.96667	-171
46.96833	-172
46.97000	-171
46.97167	-171
46.97333	-172
46.97500	-171
46.97667	-171
46.97833	-170
46.98000	-171
46.98167	-170
46.98333	-171
46.98500	-170
46.98667	-170
46.98833	-171
46.99000	-170
46.99167	-170
46.99333	-170
46.99500	-169
46.99667	-169
46.99833	-170
47.00000	-169
47.00167	-169
47.00333	-169
47.00500	-169
47.00667	-169
47.00833	-168
47.01000	-169
47.01167	-168
47.01333	-169
47.01500	-168
47.01667	-168
47.01833	-168
47.02000	-168
47.02167	-168
47.02333	-168
47.02500	-168
47.02667	-168
47.02833	-167
47.03000	-168
47.03167	-168
47.03333	-168
47.03500	-167
47.03667	-168
47.03833	-168
47.04000	-168
47.04167	-167
47.04333	-168
47.04500	-167
47.04667	-168
47.04833	-168
47.05000	-167
47.05167	-168
47.05333	-168
47.05500	-168
47.05667	-168
47.05833	-167
47.06000	-168
47.06167	-168
47.06333	-168
47.06500	-168
47.06667	-168
47.06833	-168
47.07000	-168
47.07167	-168
47.07333	-168
47.07500	-168
47.07667	-168
47.07833	-168
47.08000	-169
47.08167	-168
47.08333	-169
47.08500	-169
47.08667	-168
47.08833	-169
47.09000	-170
47.09167	-169
47.09333	-169
47.09500	-170
47.09667	-170
47.09833	-170
47.10000	-171
47.10167	-171
47.10333	-171
47.10500	-171
47.10667	-171
47.10833	-171
47.11000	-172
47.11167	-172
47.11333	-172
47.11500	-171
47.11667	-172
47.11833	-173
47.12000	-172
47.12167	-172
47.12333	-173
47.12500	-172
47.12667	-172
47.12833	-173
47.13000	-172
47.13167	-173
47.13333	-172
47.13500	-172
47.13667	-172
47.13833	-171
47.14000	-172
47.14167	-171
47.14333	-171
47.14500	-171
47.14667	-170
47.14833	-171
47.15000	-170
47.15167	-170
47.15333	-169
47.15500	-169
47.15667	-169
47.15833	-169
47.16000	-168
47.16167	-168
47.16333	-169
47.16500	-168
47.16667	-167
47.16833	-168
47.17000	-168
47.17167	-167
47.17333	-168
47.17500	-167
47.17667	-167
47.17833	-167
47.18000	-168
47.18167	-167
47.18333	-167
47.18500	-166
47.18667	-167
47.18833	-167
47.19000	-167
47.19167	-167
47.19333	-167
47.19500	-166
47.19667	-166
47.19833	-167
47.20000	-166
47.20167	-166
47.20333	-165
47.20500	-166
47.20667	-166
47.20833	-165
47.21000	-166
47.21167	-165
47.21333	-166
47.21500	-165
47.21667	-166
47.21833	-165
47.22000	-165
47.22167	-166
47.22333	-165
47.22500	-165
47.22667	-166
47.22833	-166
47.23000	-166
47.23167	-166
47.23333	-166
47.23500	-166
47.23667	-166
47.23833	-167
47.24000	-167
47.24167	-167
47.24333	-167
47.24500	-168
47.24667	-167
47.24833	-168
47.25000	-167
47.25167	-168
47.25333	-169
47.25500	-168
47.25667	-168
47.25833	-169
47.26000	-168
47.26167	-169
47.26333	-169
47.26500	-168
47.26667	-169
47.26833	-168
47.27000	-169
47.27167	-168
47.27333	-169
47.27500	-168
47.27667	-168
47.27833	-169
47.28000	-168
47.28167	-169
47.28333	-168
47.28500	-168
47.28667	-169
47.28833	-168
47.29000	-169
47.29167	-168
47.29333	-169
47.29500	-168
47.29667	-169
47.29833	-169
47.30000	-169
47.30167	-169
47.30333	-169
47.30500	-169
47.30667	-170
47.30833	-169
47.31000	-170
47.31167	-170
47.31333	-170
47.31500	-169
47.31667	-170
47.31833	-170
47.32000	-170
47.32167	-170
47.32333	-170
47.32500	-170
47.32667	-170
47.32833	-169
47.33000	-170
47.33167	-169
47.33333	-168
47.33500	-169
47.33667	-168
47.33833	-168
47.34000	-168
47.34167	-167
47.34333	-167
47.34500	-167
47.34667	-167
47.34833	-166
47.35000	-166
47.35167	-165
47.35333	-165
47.35500	-165
47.35667	-164
47.35833	-164
47.36000	-163
47.36167	-164
47.36333	-162
47.36500	-163
47.36667	-162
47.36833	-162
47.37000	-162
47.37167	-162
47.37333	-161
47.37500	-161
47.37667	-160
47.37833	-161
47.38000	-159
47.38167	-160
47.38333	-160
47.38500	-159
47.38667	-159
47.38833	-159
47.39000	-158
47.39167	-159
47.39333	-158
47.39500	-159
47.39667	-158
47.39833	-157
47.40000	-158
47.40167	-157
47.40333	-156
47.40500	-157
47.40667	-157
47.40833	-156
47.41000	-156
47.41167	-156
47.41333	-157
47.41500	-156
47.41667	-155
47.41833	-156
47.42000	-156
47.42167	-155
47.42333	-155
47.42500	-156
47.42667	-155
47.42833	-155
47.43000	-155
47.43167	-156
47.43333	-155
47.43500	-155
47.43667	-155
47.43833	-155
47.44000	-155
47.44167	-155
47.44333	-155
47.44500	-155
47.44667	-155
47.44833	-156
47.45000	-155
47.45167	-156
47.45333	-155
47.45500	-156
47.45667	-155
47.45833	-155
47.46000	-156
47.46167	-155
47.46333	-156
47.46500	-155
47.46667	-156
47.46833	-155
47.47000	-155
47.47167	-155
47.47333	-155
47.47500	-155
47.47667	-155
47.47833	-154
47.48000	-155
47.48167	-154
47.48333	-154
47.48500	-155
47.48667	-154
47.48833	-153
47.49000	-154
47.49167	-153
47.49333	-153
47.49500	-153
47.49667	-153
47.49833	-153
47.50000	-153
47.50167	-152
47.50333	-153
47.50500	-153
47.50667	-152
47.50833	-153
47.51000	-152
47.51167	-153
47.51333	-152
47.51500	-153
47.51667	-152
47.51833	-153
47.52000	-153
47.52167	-152
47.52333	-153
47.52500	-153
47.52667	-152
47.52833	-153
47.53000	-153
47.53167	-153
47.53333	-154
47.53500	-153
47.53667	-153
47.53833	-154
47.54000	-154
47.54167	-154
47.54333	-154
47.54500	-154
47.54667	-155
47.54833	-155
47.55000	-155
47.55167	-155
47.55333	-156
47.55500	-155
47.55667	-156
47.55833	-156
47.56000	-156
47.56167	-156
47.56333	-157
47.56500	-156
47.56667	-157
47.56833	-156
47.57000	-157
47.57167	-156
47.57333	-157
47.57500	-157
47.57667	-157
47.57833	-156
47.58000	-157
47.58167	-156
47.58333	-157
47.58500	-156
47.58667	-155
47.58833	-156
47.59000	-156
47.59167	-155
47.59333	-155
47.59500	-155
47.59667	-154
47.59833	-155
47.60000	-154
47.60167	-154
47.60333	-154
47.60500	-153
47.60667	-154
47.60833	-153
47.61000	-153
47.61167	-153
47.61333	-153
47.61500	-152
47.61667	-153
47.61833	-153
47.62000	-153
47.62167	-152
47.62333	-153
47.62500	-154
47.62667	-153
47.62833	-154
47.63000	-153
47.63167	-154
47.63333	-154
47.63500	-154
47.63667	-154
47.63833	-154
47.64000	-154
47.64167	-155
47.64333	-154
47.64500	-155
47.64667	-155
47.64833	-155
47.65000	-155
47.65167	-155
47.65333	-155
47.65500	-155
47.65667	-156
47.65833	-155
47.66000	-156
47.66167	-156
47.66333	-155
47.66500	-156
47.66667	-156
47.66833	-155
47.67000	-156
47.67167	-155
47.67333	-156
47.67500	-156
47.67667	-155
47.67833	-156
47.68000	-156
47.68167	-157
47.68333	-156
47.68500	-157
47.68667	-157
47.68833	-157
47.69000	-157
47.69167	-158
47.69333	-158
47.69500	-158
47.69667	-159
47.69833	-158
47.70000	-160
47.70167	-160
47.70333	-159
47.70500	-160
47.70667	-160
47.70833	-160
47.71000	-161
47.71167	-161
47.71333	-160
47.71500	-161
47.71667	-161
47.71833	-161
47.72000	-160
47.72167	-161
47.72333	-161
47.72500	-161
47.72667	-161
47.72833	-161
47.73000	-161
47.73167	-160
47.73333	-160
47.73500	-160
47.73667	-160
47.73833	-160
47.74000	-160
47.74167	-160
47.74333	-159
47.74500	-159
47.74667	-159
47.74833	-159
47.75000	-159
47.75167	-159
47.75333	-158
47.75500	-159
47.75667	-158
47.75833	-158
47.76000	-158
47.76167	-158
47.76333	-158
47.76500	-158
47.76667	-158
47.76833	-158
47.77000	-159
47.77167	-159
47.77333	-159
47.77500	-159
47.77667	-159
47.77833	-160
47.78000	-160
47.78167	-161
47.78333	-160
47.78500	-161
47.78667	-161
47.78833	-162
47.79000	-161
47.79167	-162
47.79333	-161
47.79500	-162
47.79667	-163
47.79833	-162
47.80000	-163
47.80167	-162
47.80333	-163
47.80500	-163
47.80667	-163
47.80833	-163
47.81000	-163
47.81167	-164
47.81333	-163
47.81500	-163
47.81667	-164
47.81833	-163
47.82000	-164
47.82167	-164
47.82333	-163
47.82500	-164
47.82667	-164
47.82833	-164
47.83000	-164
47.83167	-164
47.83333	-163
47.83500	-164
47.83667	-164
47.83833	-164
47.84000	-163
47.84167	-164
47.84333	-164
47.84500	-163
47.84667	-164
47.84833	-164
47.85000	-164
47.85167	-164
47.85333	-163
47.85500	-164
47.85667	-163
47.85833	-164
47.86000	-163
47.86167	-164
47.86333	-163
47.86500	-163
47.86667	-163
47.86833	-163
47.87000	-163
47.87167	-163
47.87333	-163
47.87500	-164
47.87667	-163
47.87833	-163
47.88000	-164
47.88167	-164
47.88333	-164
47.88500	-164
47.88667	-164
47.88833	-164
47.89000	-164
47.89167	-165
47.89333	-165
47.89500	-164
47.89667	-165
47.89833	-165
47.90000	-165
47.90167	-166
47.90333	-165
47.90500	-165
47.90667	-166
47.90833	-166
47.91000	-165
47.91167	-166
47.91333	-165
47.91500	-165
47.91667	-166
47.91833	-164
47.92000	-165
47.92167	-165
47.92333	-164
47.92500	-165
47.92667	-164
47.92833	-164
47.93000	-163
47.93167	-164
47.93333	-163
47.93500	-163
47.93667	-163
47.93833	-163
47.94000	-163
47.94167	-162
47.94333	-163
47.94500	-163
47.94667	-162
47.94833	-163
47.95000	-163
47.95167	-162
47.95333	-163
47.95500	-163
47.95667	-162
47.95833	-163
47.96000	-163
47.96167	-164
47.96333	-163
47.96500	-164
47.96667	-164
47.96833	-163
47.97000	-164
47.97167	-165
47.97333	-164
47.97500	-165
47.97667	-164
47.97833	-165
47.98000	-165
47.98167	-166
47.98333	-165
47.98500	-166
47.98667	-166
47.98833	-166
47.99000	-167
47.99167	-166
47.99333	-166
47.99500	-167
47.99667	-167
47.99833	-166
48.00000	-167
48.00167	-167
48.00333	-167
48.00500	-167
48.00667	-167
48.00833	-166
48.01000	-167
48.01167	-167
48.01333	-167
48.01500	-166
48.01667	-167
48.01833	-167
48.02000	-166
48.02167	-167
48.02333	-166
48.02500	-167
48.02667	-166
48.02833	-167
48.03000	-166
48.03167	-166
48.03333	-167
48.03500	-166
48.03667	-166
48.03833	-167
48.04000	-166
48.04167	-167
48.04333	-166
48.04500	-166
48.04667	-167
48.04833	-166
48.05000	-166
48.05167	-166
48.05333	-166
48.05500	-167
48.05667	-166
48.05833	-166
48.06000	-166
48.06167	-167
48.06333	-166
48.06500	-166
48.06667	-166
48.06833	-166
48.07000	-167
48.07167	-166
48.07333	-166
48.07500	-166
48.07667	-166
48.07833	-167
48.08000	-167
48.08167	-166
48.08333	-167
48.08500	-167
48.08667	-167
48.08833	-167
48.09000	-168
48.09167	-167
48.09333	-168
48.09500	-168
48.09667	-168
48.09833	-168
48.10000	-167
48.10167	-168
48.10333	-168
48.10500	-168
48.10667	-168
48.10833	-168
48.11000	-168
48.11167	-168
48.11333	-168
48.11500	-168
48.11667	-167
48.11833	-168
48.12000	-168
48.12167	-167
48.12333	-168
48.12500	-167
48.12667	-167
48.12833	-167
48.13000	-166
48.13167	-167
48.13333	-166
48.13500	-166
48.13667	-166
48.13833	-166
48.14000	-165
48.14167	-165
48.14333	-166
48.14500	-164
48.14667	-165
48.14833	-165
48.15000	-164
48.15167	-164
48.15333	-164
48.15500	-164
48.15667	-164
48.15833	-164
48.16000	-163
48.16167	-163
48.16333	-163
48.16500	-163
48.16667	-163
48.16833	-162
48.17000	-163
48.17167	-162
48.17333	-163
48.17500	-163
48.17667	-162
48.17833	-163
48.18000	-162
48.18167	-163
48.18333	-162
48.18500	-163
48.18667	-163
48.18833	-162
48.19000	-163
48.19167	-163
48.19333	-162
48.19500	-163
48.19667	-163
48.19833	-164
48.20000	-163
48.20167	-163
48.20333	-163
48.20500	-163
48.20667	-164
48.20833	-163
48.21000	-163
48.21167	-164
48.21333	-163
48.21500	-163
48.21667	-164
48.21833	-164
48.22000	-163
48.22167	-164
48.22333	-163
48.22500	-164
48.22667	-163
48.22833	-164
48.23000	-163
48.23167	-164
48.23333	-164
48.23500	-164
48.23667	-164
48.23833	-164
48.24000	-165
48.24167	-164
48.24333	-165
48.24500	-165
48.24667	-165
48.24833	-164
48.25000	-165
48.25167	-166
48.25333	-165
48.25500	-165
48.25667	-166
48.25833	-165
48.26000	-166
48.26167	-166
48.26333	-166
48.26500	-166
48.26667	-166
48.26833	-166
48.27000	-167
48.27167	-166
48.27333	-167
48.27500	-166
48.27667	-167
48.27833	-166
48.28000	-167
48.28167	-166
48.28333	-166
48.28500	-166
48.28667	-166
48.28833	-166
48.29000	-166
48.29167	-165
48.29333	-165
48.29500	-165
48.29667	-165
48.29833	-165
48.30000	-165
48.30167	-164
48.30333	-164
48.30500	-165
48.30667	-164
48.30833	-163
48.31000	-164
48.31167	-163
48.31333	-164
48.31500	-163
48.31667	-163
48.31833	-163
48.32000	-163
48.32167	-162
48.32333	-163
48.32500	-164
48.32667	-163
48.32833	-163
48.33000	-164
48.33167	-163
48.33333	-164
48.33500	-164
48.33667	-164
48.33833	-164
48.34000	-164
48.34167	-165
48.34333	-164
48.34500	-165
48.34667	-165
48.34833	-166
48.35000	-165
48.35167	-166
48.35333	-166
48.35500	-166
48.35667	-166
48.35833	-167
48.36000	-166
48.36167	-167
48.36333	-167
48.36500	-167
48.36667	-167
48.36833	-167
48.37000	-167
48.37167	-166
48.37333	-167
48.37500	-167
48.37667	-167
48.37833	-167
48.38000	-167
48.38167	-166
48.38333	-167
48.38500	-166
48.38667	-166
48.38833	-165
48.39000	-166
48.39167	-166
48.39333	-165
48.39500	-165
48.39667	-165
48.39833	-164
48.40000	-165
48.40167	-164
48.40333	-164
48.40500	-164
48.40667	-163
48.40833	-163
48.41000	-163
48.41167	-162
48.41333	-163
48.41500	-162
48.41667	-162
48.41833	-162
48.42000	-162
48.42167	-161
48.42333	-161
48.42500	-162
48.42667	-161
48.42833	-161
48.43000	-160
48.43167	-161
48.43333	-161
48.43500	-160
48.43667	-161
48.43833	-160
48.44000	-160
48.44167	-161
48.44333	-160
48.44500	-160
48.44667	-160
48.44833	-160
48.45000	-160
48.45167	-160
48.45333	-160
48.45500	-160
48.45667	-160
48.45833	-160
48.46000	-160
48.46167	-161
48.46333	-160
48.46500	-161
48.46667	-160
48.46833	-161
48.47000	-161
48.47167	-160
48.47333	-161
48.47500	-161
48.47667	-160
48.47833	-161
48.48000	-161
48.48167	-162
48.48333	-161
48.48500	-161
48.48667	-161
48.48833	-160
48.49000	-161
48.49167	-161
48.49333	-161
48.49500	-161
48.49667	-161
48.49833	-162
48.50000	-161
48.50167	-161
48.50333	-161
48.50500	-161
48.50667	-161
48.50833	-162
48.51000	-161
48.51167	-161
48.51333	-162
48.51500	-161
48.51667	-162
48.51833	-161
48.52000	-162
48.52167	-161
48.52333	-162
48.52500	-161
48.52667	-162
48.52833	-162
48.53000	-162
48.53167	-161
48.53333	-162
48.53500	-162
48.53667	-162
48.53833	-162
48.54000	-162
48.54167	-161
48.54333	-162
48.54500	-162
48.54667	-162
48.54833	-161
48.55000	-162
48.55167	-161
48.55333	-162
48.55500	-162
48.55667	-161
48.55833	-162
48.56000	-161
48.56167	-162
48.56333	-161
48.56500	-162
48.56667	-161
48.56833	-162
48.57000	-161
48.57167	-162
48.57333	-161
48.57500	-162
48.57667	-162
48.57833	-162
48.58000	-162
48.58167	-162
48.58333	-162
48.58500	-162
48.58667	-162
48.58833	-162
48.59000	-163
48.59167	-162
48.59333	-162
48.59500	-163
48.59667	-162
48.59833	-162
48.60000	-163
48.60167	-162
48.60333	-162
48.60500	-162
48.60667	-162
48.60833	-162
48.61000	-162
48.61167	-162
48.61333	-162
48.61500	-162
48.61667	-162
48.61833	-162
48.62000	-162
48.62167	-161
48.62333	-162
48.62500	-162
48.62667	-162
48.62833	-161
48.63000	-162
48.63167	-162
48.63333	-162
48.63500	-162
48.63667	-162
48.63833	-162
48.64000	-162
48.64167	-163
48.64333	-162
48.64500	-162
48.64667	-163
48.64833	-163
48.65000	-163
48.65167	-163
48.65333	-163
48.65500	-163
48.65667	-163
48.65833	-163
48.66000	-163
48.66167	-163
48.66333	-163
48.66500	-163
48.66667	-163
48.66833	-163
48.67000	-163
48.67167	-163
48.67333	-164
48.67500	-163
48.67667	-163
48.67833	-163
48.68000	-163
48.68167	-163
48.68333	-163
48.68500	-163
48.68667	-163
48.68833	-163
48.69000	-163
48.69167	-163
48.69333	-162
48.69500	-163
48.69667	-163
48.69833	-163
48.70000	-163
48.70167	-162
48.70333	-163
48.70500	-162
48.70667	-163
48.70833	-163
48.71000	-163
48.71167	-163
48.71333	-163
48.71500	-163
48.71667	-163
48.71833	-163
48.72000	-164
48.72167	-163
48.72333	-164
48.72500	-163
48.72667	-164
48.72833	-163
48.73000	-163
48.73167	-163
48.73333	-164
48.73500	-163
48.73667	-163
48.73833	-163
48.74000	-163
48.74167	-163
48.74333	-163
48.74500	-162
48.74667	-162
48.74833	-163
48.75000	-162
48.75167	-162
48.75333	-162
48.75500	-162
48.75667	-163
48.75833	-162
48.76000	-163
48.76167	-162
48.76333	-163
48.76500	-163
48.76667	-162
48.76833	-163
48.77000	-163
48.77167	-163
48.77333	-164
48.77500	-163
48.77667	-163
48.77833	-164
48.78000	-163
48.78167	-164
48.78333	-164
48.78500	-164
48.78667	-164
48.78833	-164
48.79000	-164
48.79167	-165
48.79333	-164
48.79500	-164
48.79667	-164
48.79833	-165
48.80000	-164
48.80167	-165
48.80333	-164
48.80500	-165
48.80667	-165
48.80833	-164
48.81000	-165
48.81167	-165
48.81333	-165
48.81500	-164
48.81667	-165
48.81833	-165
48.82000	-164
48.82167	-165
48.82333	-164
48.82500	-165
48.82667	-165
48.82833	-164
48.83000	-165
48.83167	-164
48.83333	-164
48.83500	-165
48.83667	-164
48.83833	-164
48.84000	-165
48.84167	-164
48.84333	-164
48.84500	-164
48.84667	-164
48.84833	-165
48.85000	-164
48.85167	-164
48.85333	-164
48.85500	-163
48.85667	-164
48.85833	-163
48.86000	-164
48.86167	-163
48.86333	-164
48.86500	-163
48.86667	-163
48.86833	-163
48.87000	-164
48.87167	-163
48.87333	-163
48.87500	-163
48.87667	-163
48.87833	-163
48.88000	-163
48.88167	-163
48.88333	-163
48.88500	-163
48.88667	-162
48.88833	-163
48.89000	-163
48.89167	-163
48.89333	-163
48.89500	-163
48.89667	-163
48.89833	-163
48.90000	-163
48.90167	-163
48.90333	-163
48.90500	-163
48.90667	-164
48.90833	-163
48.91000	-164
48.91167	-163
48.91333	-164
48.91500	-163
48.91667	-163
48.91833	-164
48.92000	-163
48.92167	-164
48.92333	-164
48.92500	-164
48.92667	-163
48.92833	-164
48.93000	-164
48.93167	-164
48.93333	-163
48.93500	-164
48.93667	-164
48.93833	-164
48.94000	-163
48.94167	-164
48.94333	-165
48.94500	-164
48.94667	-164
48.94833	-164
48.95000	-165
48.95167	-164
48.95333	-165
48.95500	-164
48.95667	-165
48.95833	-164
48.96000	-165
48.96167	-165
48.96333	-164
48.96500	-165
48.96667	-165
48.96833	-165
48.97000	-164
48.97167	-164
48.97333	-164
48.97500	-164
48.97667	-164
48.97833	-164
48.98000	-164
48.98167	-164
48.98333	-164
48.98500	-164
48.98667	-164
48.98833	-165
48.99000	-164
48.99167	-164
48.99333	-164
48.99500	-164
48.99667	-164
48.99833	-165
49.00000	-164
49.00167	-164
49.00333	-165
49.00500	-164
49.00667	-165
49.00833	-164
49.01000	-165
49.01167	-165
49.01333	-165
49.01500	-165
49.01667	-165
49.01833	-165
49.02000	-165
49.02167	-165
49.02333	-165
49.02500	-165
49.02667	-165
49.02833	-165
49.03000	-165
49.03167	-165
49.03333	-165
49.03500	-165
49.03667	-165
49.03833	-165
49.04000	-165
49.04167	-165
49.04333	-164
49.04500	-165
49.04667	-165
49.04833	-164
49.05000	-164
49.05167	-165
49.05333	-164
49.05500	-164
49.05667	-164
49.05833	-164
49.06000	-164
49.06167	-164
49.06333	-164
49.06500	-164
49.06667	-164
49.06833	-164
49.07000	-164
49.07167	-165
49.07333	-164
49.07500	-164
49.07667	-165
49.07833	-165
49.08000	-165
49.08167	-165
49.08333	-165
49.08500	-165
49.08667	-166
49.08833	-165
49.09000	-166
49.09167	-166
49.09333	-166
49.09500	-166
49.09667	-166
49.09833	-166
49.10000	-167
49.10167	-166
49.10333	-166
49.10500	-167
49.10667	-166
49.10833	-167
49.11000	-167
49.11167	-166
49.11333	-167
49.11500	-167
49.11667	-167
49.11833	-167
49.12000	-167
49.12167	-167
49.12333	-167
49.12500	-167
49.12667	-166
49.12833	-167
49.13000	-166
49.13167	-166
49.13333	-166
49.13500	-166
49.13667	-166
49.13833	-165
49.14000	-166
49.14167	-166
49.14333	-165
49.14500	-165
49.14667	-165
49.14833	-165
49.15000	-165
49.15167	-164
49.15333	-165
49.15500	-164
49.15667	-165
49.15833	-164
49.16000	-164
49.16167	-164
49.16333	-164
49.16500	-164
49.16667	-164
49.16833	-163
49.17000	-164
49.17167	-163
49.17333	-164
49.17500	-164
49.17667	-164
49.17833	-164
49.18000	-164
49.18167	-164
49.18333	-164
49.18500	-165
49.18667	-164
49.18833	-165
49.19000	-164
49.19167	-165
49.19333	-165
49.19500	-165
49.19667	-166
49.19833	-165
49.20000	-166
49.20167	-166
49.20333	-166
49.20500	-167
49.20667	-166
49.20833	-166
49.21000	-166
49.21167	-167
49.21333	-166
49.21500	-166
49.21667	-166
49.21833	-166
49.22000	-166
49.22167	-166
49.22333	-166
49.22500	-166
49.22667	-166
49.22833	-165
49.23000	-166
49.23167	-165
49.23333	-165
49.23500	-165
49.23667	-165
49.23833	-164
49.24000	-165
49.24167	-164
49.24333	-164
49.24500	-164
49.24667	-164
49.24833	-165
49.25000	-164
49.25167	-164
49.25333	-163
49.25500	-164
49.25667	-164
49.25833	-164
49.26000	-164
49.26167	-163
49.26333	-164
49.26500	-164
49.26667	-164
49.26833	-163
49.27000	-164
49.27167	-163
49.27333	-164
49.27500	-163
49.27667	-164
49.27833	-164
49.28000	-163
49.28167	-164
49.28333	-163
49.28500	-163
49.28667	-163
49.28833	-163
49.29000	-163
49.29167	-163
49.29333	-164
49.29500	-163
49.29667	-162
49.29833	-163
49.30000	-163
49.30167	-162
49.30333	-163
49.30500	-162
49.30667	-163
49.30833	-162
49.31000	-163
49.31167	-162
49.31333	-162
49.31500	-162
49.31667	-162
49.31833	-163
49.32000	-162
49.32167	-162
49.32333	-162
49.32500	-163
49.32667	-162
49.32833	-163
49.33000	-163
49.33167	-162
49.33333	-163
49.33500	-163
49.33667	-163
49.33833	-164
49.34000	-163
49.34167	-163
49.34333	-164
49.34500	-164
49.34667	-163
49.34833	-164
49.35000	-164
49.35167	-164
49.35333	-164
49.35500	-164
49.35667	-165
49.35833	-164
49.36000	-164
49.36167	-164
49.36333	-164
49.36500	-164
49.36667	-165
49.36833	-164
49.37000	-164
49.37167	-164
49.37333	-164
49.37500	-164
49.37667	-164
49.37833	-164
49.38000	-164
49.38167	-164
49.38333	-164
49.38500	-164
49.38667	-164
49.38833	-163
49.39000	-164
49.39167	-164
49.39333	-163
49.39500	-164
49.39667	-164
49.39833	-163
49.40000	-164
49.40167	-163
49.40333	-163
49.40500	-164
49.40667	-163
49.40833	-164
49.41000	-163
49.41167	-163
49.41333	-164
49.41500	-163
49.41667	-163
49.41833	-164
49.42000	-163
49.42167	-162
49.42333	-163
49.42500	-163
49.42667	-163
49.42833	-163
49.43000	-162
49.43167	-163
49.43333	-162
49.43500	-162
49.43667	-162
49.43833	-162
49.44000	-162
49.44167	-162
49.44333	-162
49.44500	-161
49.44667	-162
49.44833	-162
49.45000	-161
49.45167	-161
49.45333	-162
49.45500	-161
49.45667	-161
49.45833	-161
49.46000	-161
49.46167	-161
49.46333	-160
49.46500	-161
49.46667	-160
49.46833	-161
49.47000	-160
49.47167	-161
49.47333	-160
49.47500	-161
49.47667	-160
49.47833	-160
49.48000	-161
49.48167	-160
49.48333	-161
49.48500	-160
49.48667	-160
49.48833	-161
49.49000	-160
49.49167	-160
49.49333	-161
49.49500	-160
49.49667	-160
49.49833	-160
49.50000	-160
49.50167	-160
49.50333	-160
49.50500	-160
49.50667	-160
49.50833	-160
49.51000	-160
49.51167	-159
49.51333	-160
49.51500	-160
49.51667	-160
49.51833	-160
49.52000	-160
49.52167	-160
49.52333	-160
49.52500	-160
49.52667	-161
49.52833	-161
49.53000	-160
49.53167	-161
49.53333	-162
49.53500	-161
49.53667	-162
49.53833	-162
49.54000	-162
49.54167	-163
49.54333	-162
49.54500	-163
49.54667	-162
49.54833	-163
49.55000	-163
49.55167	-164
49.55333	-163
49.55500	-164
49.55667	-164
49.55833	-164
49.56000	-164
49.56167	-164
49.56333	-164
49.56500	-164
49.56667	-164
49.56833	-165
49.57000	-164
49.57167	-164
49.57333	-164
49.57500	-164
49.57667	-164
49.57833	-163
49.58000	-164
49.58167	-164
49.58333	-164
49.58500	-164
49.58667	-164
49.58833	-163
49.59000	-164
49.59167	-163
49.59333	-163
49.59500	-163
49.59667	-162
49.59833	-163
49.60000	-162
49.60167	-163
49.60333	-162
49.60500	-162
49.60667	-162
49.60833	-161
49.61000	-161
49.61167	-161
49.61333	-161
49.61500	-160
49.61667	-161
49.61833	-160
49.62000	-160
49.62167	-160
49.62333	-160
49.62500	-160
49.62667	-160
49.62833	-160
49.63000	-159
49.63167	-160
49.63333	-159
49.63500	-160
49.63667	-159
49.63833	-159
49.64000	-159
49.64167	-160
49.64333	-159
49.64500	-159
49.64667	-160
49.64833	-160
49.65000	-160
49.65167	-160
49.65333	-160
49.65500	-160
49.65667	-161
49.65833	-160
49.66000	-160
49.66167	-161
49.66333	-161
49.66500	-161
49.66667	-161
49.66833	-161
49.67000	-161
49.67167	-162
49.67333	-161
49.67500	-161
49.67667	-161
49.67833	-162
49.68000	-161
49.68167	-161
49.68333	-161
49.68500	-161
49.68667	-161
49.68833	-161
49.69000	-161
49.69167	-161
49.69333	-161
49.69500	-161
49.69667	-161
49.69833	-161
49.70000	-161
49.70167	-161
49.70333	-160
49.70500	-161
49.70667	-161
49.70833	-161
49.71000	-161
49.71167	-160
49.71333	-161
49.71500	-161
49.71667	-161
49.71833	-161
49.72000	-160
49.72167	-161
49.72333	-161
49.72500	-161
49.72667	-161
49.72833	-162
49.73000	-161
49.73167	-162
49.73333	-162
49.73500	-161
49.73667	-162
49.73833	-162
49.74000	-161
49.74167	-162
49.74333	-162
49.74500	-161
49.74667	-162
49.74833	-162
49.75000	-162
49.75167	-162
49.75333	-162
49.75500	-162
49.75667	-162
49.75833	-161
49.76000	-162
49.76167	-161
49.76333	-162
49.76500	-161
49.76667	-162
49.76833	-161
49.77000	-161
49.77167	-161
49.77333	-160
49.77500	-161
49.77667	-160
49.77833	-161
49.78000	-160
49.78167	-160
49.78333	-160
49.78500	-160
49.78667	-159
49.78833	-160
49.79000	-159
49.79167	-159
49.79333	-159
49.79500	-159
49.79667	-159
49.79833	-159
49.80000	-160
49.80167	-159
49.80333	-159
49.80500	-160
49.80667	-160
49.80833	-160
49.81000	-160
49.81167	-161
49.81333	-161
49.81500	-161
49.81667	-161
49.81833	-162
49.82000	-162
49.82167	-162
49.82333	-163
49.82500	-162
49.82667	-163
49.82833	-162
49.83000	-164
49.83167	-163
49.83333	-163
49.83500	-164
49.83667	-163
49.83833	-164
49.84000	-164
49.84167	-164
49.84333	-163
49.84500	-164
49.84667	-164
49.84833	-164
49.85000	-164
49.85167	-164
49.85333	-163
49.85500	-164
49.85667	-164
49.85833	-163
49.86000	-164
49.86167	-163
49.86333	-164
49.86500	-163
49.86667	-163
49.86833	-163
49.87000	-164
49.87167	-163
49.87333	-163
49.87500	-163
49.87667	-163
49.87833	-163
49.88000	-163
49.88167	-163
49.88333	-163
49.88500	-163
49.88667	-162
49.88833	-163
49.89000	-163
49.89167	-163
49.89333	-163
49.89500	-162
49.89667	-163
49.89833	-163
49.90000	-162
49.90167	-163
49.90333	-162
49.90500	-162
49.90667	-163
49.90833	-162
49.91000	-162
49.91167	-162
49.91333	-163
49.91500	-162
49.91667	-162
49.91833	-162
49.92000	-163
49.92167	-162
49.92333	-162
49.92500	-163
49.92667	-162
49.92833	-162
49.93000	-163
49.93167	-162
49.93333	-162
49.93500	-162
49.93667	-163
49.93833	-162
49.94000	-162
49.94167	-162
49.94333	-162
49.94500	-162
49.94667	-162
49.94833	-162
49.95000	-162
49.95167	-162
49.95333	-162
49.95500	-161
49.95667	-162
49.95833	-162
49.96000	-161
49.96167	-162
49.96333	-161
49.96500	-161
49.96667	-161
49.96833	-160
49.97000	-161
49.97167	-160
49.97333	-159
49.97500	-160
49.97667	-160
49.97833	-159
49.98000	-160
49.98167	-159
49.98333	-160
49.98500	-159
49.98667	-159
49.98833	-160
49.99000	-159
49.99167	-159
49.99333	-159
49.99500	-158
49.99667	-159
49.99833	-159
50.00000	-158
50.00167	-159
50.00333	-159
50.00500	-159
50.00667	-159
50.00833	-158
50.01000	-159
50.01167	-159
50.01333	-158
50.01500	-158
50.01667	-159
50.01833	-158
50.02000	-159
50.02167	-158
50.02333	-158
50.02500	-159
50.02667	-158
50.02833	-158
50.03000	-159
50.03167	-158
50.03333	-159
50.03500	-158
50.03667	-159
50.03833	-158
50.04000	-159
50.04167	-159
50.04333	-158
50.04500	-160
50.04667	-159
50.04833	-160
50.05000	-159
50.05167	-160
50.05333	-161
50.05500	-160
50.05667	-161
50.05833	-161
50.06000	-161
50.06167	-162
50.06333	-162
50.06500	-162
50.06667	-163
50.06833	-162
50.07000	-163
50.07167	-163
50.07333	-163
50.07500	-164
50.07667	-164
50.07833	-164
50.08000	-163
50.08167	-165
50.08333	-164
50.08500	-164
50.08667	-164
50.08833	-164
50.09000	-164
50.09167	-165
50.09333	-164
50.09500	-164
50.09667	-164
50.09833	-164
50.10000	-163
50.10167	-164
50.10333	-164
50.10500	-163
50.10667	-164
50.10833	-163
50.11000	-163
50.11167	-164
50.11333	-163
50.11500	-163
50.11667	-163
50.11833	-163
50.12000	-164
50.12167	-163
50.12333	-163
50.12500	-163
50.12667	-163
50.12833	-163
50.13000	-163
50.13167	-164
50.13333	-163
50.13500	-164
50.13667	-164
50.13833	-163
50.14000	-164
50.14167	-164
50.14333	-163
50.14500	-164
50.14667	-163
50.14833	-164
50.15000	-164
50.15167	-164
50.15333	-164
50.15500	-163
50.15667	-164
50.15833	-163
50.16000	-163
50.16167	-164
50.16333	-163
50.16500	-163
50.16667	-164
50.16833	-163
50.17000	-163
50.17167	-162
50.17333	-163
50.17500	-163
50.17667	-162
50.17833	-162
50.18000	-162
50.18167	-162
50.18333	-162
50.18500	-161
50.18667	-162
50.18833	-161
50.19000	-161
50.19167	-161
50.19333	-161
50.19500	-161
50.19667	-160
50.19833	-161
50.20000	-160
50.20167	-160
50.20333	-160
50.20500	-160
50.20667	-159
50.20833	-160
50.21000	-160
50.21167	-159
50.21333	-159
50.21500	-159
50.21667	-160
50.21833	-159
50.22000	-159
50.22167	-159
50.22333	-159
50.22500	-160
50.22667	-159
50.22833	-159
50.23000	-159
50.23167	-160
50.23333	-159
50.23500	-160
50.23667	-159
50.23833	-160
50.24000	-159
50.24167	-160
50.24333	-159
50.24500	-160
50.24667	-159
50.24833	-160
50.25000	-160
50.25167	-159
50.25333	-160
50.25500	-159
50.25667	-159
50.25833	-159
50.26000	-159
50.26167	-159
50.26333	-159
50.26500	-159
50.26667	-160
50.26833	-159
50.27000	-159
50.27167	-158
50.27333	-159
50.27500	-158
50.27667	-159
50.27833	-158
50.28000	-159
50.28167	-159
50.28333	-159
50.28500	-158
50.28667	-159
50.28833	-158
50.29000	-159
50.29167	-158
50.29333	-159
50.29500	-159
50.29667	-159
50.29833	-159
50.30000	-158
50.30167	-159
50.30333	-159
50.30500	-158
50.30667	-159
50.30833	-158
50.31000	-159
50.31167	-158
50.31333	-159
50.31500	-158
50.31667	-159
50.31833	-158
50.32000	-159
50.32167	-158
50.32333	-159
50.32500	-159
50.32667	-158
50.32833	-159
50.33000	-160
50.33167	-159
50.33333	-159
50.33500	-159
50.33667	-159
50.33833	-160
50.34000	-159
50.34167	-160
50.34333	-159
50.34500	-160
50.34667	-160
50.34833	-160
50.35000	-160
50.35167	-160
50.35333	-160
50.35500	-160
50.35667	-160
50.35833	-160
50.36000	-160
50.36167	-160
50.36333	-160
50.36500	-160
50.36667	-159
50.36833	-160
50.37000	-160
50.37167	-159
50.37333	-160
50.37500	-160
50.37667	-159
50.37833	-160
50.38000	-160
50.38167	-159
50.38333	-160
50.38500	-160
50.38667	-160
50.38833	-159
50.39000	-160
50.39167	-159
50.39333	-160
50.39500	-160
50.39667	-159
50.39833	-160
50.40000	-159
50.40167	-159
50.40333	-159
50.40500	-159
50.40667	-159
50.40833	-158
50.41000	-159
50.41167	-159
50.41333	-158
50.41500	-158
50.41667	-158
50.41833	-158
50.42000	-158
50.42167	-157
50.42333	-157
50.42500	-157
50.42667	-157
50.42833	-156
50.43000	-156
50.43167	-157
50.43333	-156
50.43500	-156
50.43667	-156
50.43833	-155
50.44000	-156
50.44167	-156
50.44333	-155
50.44500	-155
50.44667	-155
50.44833	-156
50.45000	-155
50.45167	-155
50.45333	-155
50.45500	-155
50.45667	-154
50.45833	-155
50.46000	-155
50.46167	-155
50.46333	-154
50.46500	-155
50.46667	-155
50.46833	-154
50.47000	-155
50.47167	-155
50.47333	-155
50.47500	-155
50.47667	-155
50.47833	-155
50.48000	-156
50.48167	-155
50.48333	-156
50.48500	-156
50.48667	-156
50.48833	-156
50.49000	-157
50.49167	-157
50.49333	-157
50.49500	-157
50.49667	-158
50.49833	-157
50.50000	-158
50.50167	-158
50.50333	-159
50.50500	-158
50.50667	-159
50.50833	-159
50.51000	-159
50.51167	-159
50.51333	-160
50.51500	-160
50.51667	-159
50.51833	-160
50.52000	-161
50.52167	-160
50.52333	-160
50.52500	-161
50.52667	-160
50.52833	-161
50.53000	-161
50.53167	-161
50.53333	-161
50.53500	-161
50.53667	-161
50.53833	-161
50.54000	-162
50.54167	-161
50.54333	-161
50.54500	-161
50.54667	-161
50.54833	-162
50.55000	-161
50.55167	-161
50.55333	-161
50.55500	-161
50.55667	-162
50.55833	-161
50.56000	-161
50.56167	-162
50.56333	-161
50.56500	-161
50.56667	-161
50.56833	-161
50.57000	-161
50.57167	-161
50.57333	-161
50.57500	-161
50.57667	-161
50.57833	-160
50.58000	-161
50.58167	-161
50.58333	-161
50.58500	-161
50.58667	-161
50.58833	-160
50.59000	-161
50.59167	-160
50.59333	-161
50.59500	-160
50.59667	-160
50.59833	-160
50.60000	-161
50.60167	-160
50.60333	-160
50.60500	-161
50.60667	-160
50.60833	-160
50.61000	-160
50.61167	-161
50.61333	-160
50.61500	-160
50.61667	-160
50.61833	-160
50.62000	-160
50.62167	-160
50.62333	-160
50.62500	-160
50.62667	-160
50.62833	-160
50.63000	-160
50.63167	-159
50.63333	-160
50.63500	-159
50.63667	-159
50.63833	-159
50.64000	-159
50.64167	-159
50.64333	-158
50.64500	-159
50.64667	-158
50.64833	-158
50.65000	-158
50.65167	-157
50.65333	-158
50.65500	-158
50.65667	-158
50.65833	-157
50.66000	-157
50.66167	-158
50.66333	-157
50.66500	-157
50.66667	-157
50.66833	-156
50.67000	-157
50.67167	-156
50.67333	-157
50.67500	-156
50.67667	-157
50.67833	-156
50.68000	-156
50.68167	-157
50.68333	-156
50.68500	-157
50.68667	-156
50.68833	-157
50.69000	-157
50.69167	-157
50.69333	-157
50.69500	-157
50.69667	-157
50.69833	-157
50.70000	-158
50.70167	-157
50.70333	-158
50.70500	-157
50.70667	-158
50.70833	-158
50.71000	-158
50.71167	-158
50.71333	-158
50.71500	-158
50.71667	-159
50.71833	-158
50.72000	-158
50.72167	-159
50.72333	-158
50.72500	-159
50.72667	-159
50.72833	-158
50.73000	-159
50.73167	-159
50.73333	-159
50.73500	-158
50.73667	-159
50.73833	-159
50.74000	-159
50.74167	-158
50.74333	-159
50.74500	-158
50.74667	-159
50.74833	-159
50.75000	-159
50.75167	-159
50.75333	-159
50.75500	-159
50.75667	-158
50.75833	-159
50.76000	-159
50.76167	-159
50.76333	-159
50.76500	-159
50.76667	-158
50.76833	-159
50.77000	-158
50.77167	-159
50.77333	-158
50.77500	-159
50.77667	-158
50.77833	-159
50.78000	-158
50.78167	-159
50.78333	-158
50.78500	-158
50.78667	-158
50.78833	-158
50.79000	-157
50.79167	-158
50.79333	-158
50.79500	-157
50.79667	-158
50.79833	-158
50.80000	-157
50.80167	-157
50.80333	-157
50.80500	-157
50.80667	-157
50.80833	-157
50.81000	-157
50.81167	-158
50.81333	-157
50.81500	-157
50.81667	-157
50.81833	-157
50.82000	-157
50.82167	-158
50.82333	-157
50.82500	-157
50.82667	-158
50.82833	-157
50.83000	-157
50.83167	-158
50.83333	-157
50.83500	-158
50.83667	-158
50.83833	-157
50.84000	-157
50.84167	-158
50.84333	-157
50.84500	-157
50.84667	-157
50.84833	-157
50.85000	-158
50.85167	-157
50.85333	-156
50.85500	-157
50.85667	-157
50.85833	-157
50.86000	-157
50.86167	-156
50.86333	-157
50.86500	-156
50.86667	-156
50.86833	-156
50.87000	-157
50.87167	-156
50.87333	-156
50.87500	-156
50.87667	-156
50.87833	-156
50.88000	-156
50.88167	-156
50.88333	-156
50.88500	-156
50.88667	-157
50.88833	-156
50.89000	-156
50.89167	-157
50.89333	-156
50.89500	-157
50.89667	-157
50.89833	-157
50.90000	-157
50.90167	-157
50.90333	-157
50.90500	-158
50.90667	-157
50.90833	-158
50.91000	-158
50.91167	-158
50.91333	-158
50.91500	-158
50.91667	-159
50.91833	-158
50.92000	-158
50.92167	-159
50.92333	-158
50.92500	-158
50.92667	-159
50.92833	-158
50.93000	-159
50.93167	-158
50.93333	-159
50.93500	-158
50.93667	-159
50.93833	-158
50.94000	-159
50.94167	-158
50.94333	-158
50.94500	-159
50.94667	-158
50.94833	-158
50.95000	-159
50.95167	-158
50.95333	-158
50.95500	-158
50.95667	-158
50.95833	-158
50.96000	-158
50.96167	-157
50.96333	-158
50.96500	-157
50.96667	-157
50.96833	-157
50.97000	-158
50.97167	-156
50.97333	-157
50.97500	-157
50.97667	-157
50.97833	-156
50.98000	-157
50.98167	-156
50.98333	-156
50.98500	-157
50.98667	-156
50.98833	-156
50.99000	-156
50.99167	-156
50.99333	-156
50.99500	-156
50.99667	-156
50.99833	-156
51.00000	-156
51.00167	-156
51.00333	-156
51.00500	-156
51.00667	-156
51.00833	-156
51.01000	-157
51.01167	-156
51.01333	-156
51.01500	-157
51.01667	-156
51.01833	-157
51.02000	-156
51.02167	-157
51.02333	-156
51.02500	-157
51.02667	-156
51.02833	-157
51.03000	-156
51.03167	-157
51.03333	-156
51.03500	-156
51.03667	-156
51.03833	-156
51.04000	-156
51.04167	-156
51.04333	-156
51.04500	-155
51.04667	-155
51.04833	-155
51.05000	-155
51.05167	-155
51.05333	-154
51.05500	-154
51.05667	-155
51.05833	-153
51.06000	-154
51.06167	-153
51.06333	-153
51.06500	-153
51.06667	-153
51.06833	-153
51.07000	-152
51.07167	-153
51.07333	-152
51.07500	-152
51.07667	-152
51.07833	-152
51.08000	-152
51.08167	-152
51.08333	-152
51.08500	-152
51.08667	-152
51.08833	-152
51.09000	-152
51.09167	-152
51.09333	-153
51.09500	-153
51.09667	-152
51.09833	-153
51.10000	-154
51.10167	-153
51.10333	-154
51.10500	-154
51.10667	-154
51.10833	-154
51.11000	-155
51.11167	-155
51.11333	-155
51.11500	-156
51.11667	-155
51.11833	-156
51.12000	-156
51.12167	-156
51.12333	-157
51.12500	-156
51.12667	-157
51.12833	-156
51.13000	-157
51.13167	-157
51.13333	-156
51.13500	-157
51.13667	-157
51.13833	-157
51.14000	-157
51.14167	-157
51.14333	-157
51.14500	-157
51.14667	-157
51.14833	-157
51.15000	-157
51.15167	-157
51.15333	-157
51.15500	-157
51.15667	-156
51.15833	-156
51.16000	-156
51.16167	-156
51.16333	-156
51.16500	-156
51.16667	-156
51.16833	-155
51.17000	-155
51.17167	-155
51.17333	-155
51.17500	-154
51.17667	-155
51.17833	-155
51.18000	-154
51.18167	-154
51.18333	-154
51.18500	-153
51.18667	-154
51.18833	-154
51.19000	-153
51.19167	-154
51.19333	-154
51.19500	-153
51.19667	-154
51.19833	-154
51.20000	-153
51.20167	-154
51.20333	-154
51.20500	-153
51.20667	-154
51.20833	-154
51.21000	-154
51.21167	-154
51.21333	-154
51.21500	-154
51.21667	-155
51.21833	-154
51.22000	-155
51.22167	-155
51.22333	-155
51.22500	-155
51.22667	-156
51.22833	-156
51.23000	-155
51.23167	-156
51.23333	-156
51.23500	-156
51.23667	-157
51.23833	-156
51.24000	-156
51.24167	-157
51.24333	-156
51.24500	-157
51.24667	-157
51.24833	-156
51.25000	-157
51.25167	-157
51.25333	-157
51.25500	-157
51.25667	-157
51.25833	-156
51.26000	-157
51.26167	-156
51.26333	-157
51.26500	-157
51.26667	-157
51.26833	-157
51.27000	-157
51.27167	-156
51.27333	-157
51.27500	-158
51.27667	-157
51.27833	-157
51.28000	-157
51.28167	-158
51.28333	-157
51.28500	-157
51.28667	-158
51.28833	-157
51.29000	-157
51.29167	-157
51.29333	-157
51.29500	-157
51.29667	-158
51.29833	-157
51.30000	-156
51.30167	-157
51.30333	-156
51.30500	-156
51.30667	-156
51.30833	-156
51.31000	-156
51.31167	-156
51.31333	-155
51.31500	-156
51.31667	-155
51.31833	-155
51.32000	-155
51.32167	-154
51.32333	-155
51.32500	-154
51.32667	-154
51.32833	-154
51.33000	-154
51.33167	-154
51.33333	-154
51.33500	-153
51.33667	-154
51.33833	-154
51.34000	-153
51.34167	-154
51.34333	-154
51.34500	-153
51.34667	-154
51.34833	-154
51.35000	-153
51.35167	-154
51.35333	-154
51.35500	-154
51.35667	-153
51.35833	-154
51.36000	-154
51.36167	-154
51.36333	-153
51.36500	-154
51.36667	-154
51.36833	-154
51.37000	-154
51.37167	-154
51.37333	-154
51.37500	-154
51.37667	-154
51.37833	-154
51.38000	-153
51.38167	-154
51.38333	-153
51.38500	-154
51.38667	-153
51.38833	-153
51.39000	-153
51.39167	-153
51.39333	-153
51.39500	-152
51.39667	-153
51.39833	-153
51.40000	-152
51.40167	-152
51.40333	-152
51.40500	-152
51.40667	-151
51.40833	-152
51.41000	-152
51.41167	-151
51.41333	-151
51.41500	-151
51.41667	-151
51.41833	-151
51.42000	-152
51.42167	-151
51.42333	-151
51.42500	-151
51.42667	-151
51.42833	-152
51.43000	-151
51.43167	-151
51.43333	-152
51.43500	-152
51.43667	-152
51.43833	-152
51.44000	-152
51.44167	-153
51.44333	-152
51.44500	-153
51.44667	-153
51.44833	-153
51.45000	-153
51.45167	-154
51.45333	-154
51.45500	-154
51.45667	-154
51.45833	-154
51.46000	-154
51.46167	-155
51.46333	-154
51.46500	-155
51.46667	-154
51.46833	-155
51.47000	-155
51.47167	-155
51.47333	-155
51.47500	-155
51.47667	-155
51.47833	-155
51.48000	-155
51.48167	-155
51.48333	-155
51.48500	-156
51.48667	-155
51.48833	-155
51.49000	-156
51.49167	-156
51.49333	-155
51.49500	-156
51.49667	-156
51.49833	-156
51.50000	-156
51.50167	-156
51.50333	-156
51.50500	-156
51.50667	-156
51.50833	-155
51.51000	-156
51.51167	-156
51.51333	-155
51.51500	-156
51.51667	-155
51.51833	-155
51.52000	-156
51.52167	-155
51.52333	-155
51.52500	-155
51.52667	-155
51.52833	-155
51.53000	-155
51.53167	-154
51.53333	-155
51.53500	-154
51.53667	-155
51.53833	-155
51.54000	-156
51.54167	-154
51.54333	-155
51.54500	-155
51.54667	-156
51.54833	-155
51.55000	-155
51.55167	-155
51.55333	-156
51.55500	-155
51.55667	-156
51.55833	-155
51.56000	-156
51.56167	-156
51.56333	-155
51.56500	-156
51.56667	-156
51.56833	-156
51.57000	-156
51.57167	-156
51.57333	-156
51.57500	-156
51.57667	-156
51.57833	-156
51.58000	-157
51.58167	-156
51.58333	-156
51.58500	-157
51.58667	-156
51.58833	-157
51.59000	-156
51.59167	-156
51.59333	-156
51.59500	-156
51.59667	-156
51.59833	-156
51.60000	-155
51.60167	-156
51.60333	-156
51.60500	-155
51.60667	-155
51.60833	-155
51.61000	-155
51.61167	-155
51.61333	-155
51.61500	-154
51.61667	-154
51.61833	-154
51.62000	-154
51.62167	-154
51.62333	-153
51.62500	-154
51.62667	-153
51.62833	-154
51.63000	-153
51.63167	-153
51.63333	-153
51.63500	-153
51.63667	-153
51.63833	-153
51.64000	-153
51.64167	-153
51.64333	-153
51.64500	-154
51.64667	-153
51.64833	-154
51.65000	-154
51.65167	-154
51.65333	-154
51.65500	-153
51.65667	-154
51.65833	-154
51.66000	-155
51.66167	-153
51.66333	-155
51.66500	-154
51.66667	-154
51.66833	-155
51.67000	-154
51.67167	-154
51.67333	-154
51.67500	-154
51.67667	-155
51.67833	-154
51.68000	-154
51.68167	-154
51.68333	-154
51.68500	-154
51.68667	-153
51.68833	-154
51.69000	-153
51.69167	-153
51.69333	-154
51.69500	-153
51.69667	-153
51.69833	-154
51.70000	-153
51.70167	-153
51.70333	-154
51.70500	-153
51.70667	-154
51.70833	-154
51.71000	-154
51.71167	-154
51.71333	-154
51.71500	-154
51.71667	-154
51.71833	-155
51.72000	-154
51.72167	-155
51.72333	-155
51.72500	-155
51.72667	-155
51.72833	-155
51.73000	-155
51.73167	-155
51.73333	-155
51.73500	-155
51.73667	-155
51.73833	-155
51.74000	-155
51.74167	-155
51.74333	-155
51.74500	-155
51.74667	-154
51.74833	-155
51.75000	-155
51.75167	-154
51.75333	-155
51.75500	-155
51.75667	-154
51.75833	-155
51.76000	-154
51.76167	-155
51.76333	-154
51.76500	-155
51.76667	-155
51.76833	-154
51.77000	-155
51.77167	-155
51.77333	-155
51.77500	-155
51.77667	-155
51.77833	-156
51.78000	-155
51.78167	-156
51.78333	-155
51.78500	-156
51.78667	-156
51.78833	-156
51.79000	-156
51.79167	-155
51.79333	-157
51.79500	-156
51.79667	-156
51.79833	-156
51.80000	-156
51.80167	-156
51.80333	-156
51.80500	-155
51.80667	-156
51.80833	-156
51.81000	-156
51.81167	-155
51.81333	-155
51.81500	-155
51.81667	-155
51.81833	-155
51.82000	-155
51.82167	-154
51.82333	-155
51.82500	-155
51.82667	-154
51.82833	-154
51.83000	-155
51.83167	-154
51.83333	-154
51.83500	-154
51.83667	-154
51.83833	-154
51.84000	-154
51.84167	-154
51.84333	-153
51.84500	-154
51.84667	-153
51.84833	-154
51.85000	-153
51.85167	-153
51.85333	-153
51.85500	-154
51.85667	-153
51.85833	-153
51.86000	-153
51.86167	-153
51.86333	-153
51.86500	-153
51.86667	-153
51.86833	-153
51.87000	-152
51.87167	-152
51.87333	-153
51.87500	-152
51.87667	-152
51.87833	-152
51.88000	-152
51.88167	-152
51.88333	-152
51.88500	-152
51.88667	-153
51.88833	-152
51.89000	-152
51.89167	-152
51.89333	-153
51.89500	-152
51.89667	-152
51.89833	-152
51.90000	-152
51.90167	-152
51.90333	-152
51.90500	-152
51.90667	-152
51.90833	-151
51.91000	-152
51.91167	-151
51.91333	-151
51.91500	-151
51.91667	-151
51.91833	-151
51.92000	-151
51.92167	-150
51.92333	-151
51.92500	-150
51.92667	-151
51.92833	-150
51.93000	-150
51.93167	-151
51.93333	-150
51.93500	-150
51.93667	-150
51.93833	-150
51.94000	-150
51.94167	-150
51.94333	-151
51.94500	-150
51.94667	-150
51.94833	-151
51.95000	-151
51.95167	-151
51.95333	-152
51.95500	-151
51.95667	-152
51.95833	-151
51.96000	-152
51.96167	-152
51.96333	-152
51.96500	-152
51.96667	-153
51.96833	-153
51.97000	-154
51.97167	-153
51.97333	-154
51.97500	-153
51.97667	-154
51.97833	-154
51.98000	-154
51.98167	-154
51.98333	-155
51.98500	-154
51.98667	-155
51.98833	-155
51.99000	-155
51.99167	-155
51.99333	-154
51.99500	-155
51.99667	-155
51.99833	-155
52.00000	-155
52.00167	-154
52.00333	-155
52.00500	-155
52.00667	-155
52.00833	-155
52.01000	-155
52.01167	-155
52.01333	-154
52.01500	-155
52.01667	-155
52.01833	-154
52.02000	-155
52.02167	-154
52.02333	-155
52.02500	-154
52.02667	-154
52.02833	-155
52.03000	-155
52.03167	-154
52.03333	-155
52.03500	-155
52.03667	-155
52.03833	-155
52.04000	-155
52.04167	-155
52.04333	-155
52.04500	-155
52.04667	-156
52.04833	-155
52.05000	-156
52.05167	-155
52.05333	-156
52.05500	-156
52.05667	-156
52.05833	-155
52.06000	-156
52.06167	-156
52.06333	-156
52.06500	-156
52.06667	-155
52.06833	-156
52.07000	-156
52.07167	-156
52.07333	-156
52.07500	-156
52.07667	-155
52.07833	-156
52.08000	-156
52.08167	-155
52.08333	-156
52.08500	-155
52.08667	-155
52.08833	-156
52.09000	-155
52.09167	-155
52.09333	-156
52.09500	-155
52.09667	-155
52.09833	-155
52.10000	-155
52.10167	-155
52.10333	-155
52.10500	-155
52.10667	-155
52.10833	-156
52.11000	-155
52.11167	-156
52.11333	-155
52.11500	-156
52.11667	-155
52.11833	-156
52.12000	-156
52.12167	-156
52.12333	-156
52.12500	-156
52.12667	-156
52.12833	-156
52.13000	-156
52.13167	-156
52.13333	-157
52.13500	-156
52.13667	-156
52.13833	-156
52.14000	-156
52.14167	-155
52.14333	-156
52.14500	-156
52.14667	-155
52.14833	-156
52.15000	-155
52.15167	-156
52.15333	-155
52.15500	-155
52.15667	-155
52.15833	-155
52.16000	-155
52.16167	-155
52.16333	-155
52.16500	-155
52.16667	-155
52.16833	-155
52.17000	-155
52.17167	-155
52.17333	-155
52.17500	-155
52.17667	-155
52.17833	-155
52.18000	-155
52.18167	-155
52.18333	-155
52.18500	-155
52.18667	-155
52.18833	-155
52.19000	-155
52.19167	-155
52.19333	-155
52.19500	-155
52.19667	-155
52.19833	-155
52.20000	-155
52.20167	-155
52.20333	-156
52.20500	-155
52.20667	-156
52.20833	-156
52.21000	-155
52.21167	-156
52.21333	-156
52.21500	-156
52.21667	-155
52.21833	-156
52.22000	-156
52.22167	-156
52.22333	-156
52.22500	-156
52.22667	-155
52.22833	-156
52.23000	-156
52.23167	-156
52.23333	-155
52.23500	-156
52.23667	-155
52.23833	-156
52.24000	-155
52.24167	-156
52.24333	-155
52.24500	-156
52.24667	-155
52.24833	-155
52.25000	-156
52.25167	-155
52.25333	-156
52.25500	-155
52.25667	-155
52.25833	-155
52.26000	-155
52.26167	-155
52.26333	-155
52.26500	-155
52.26667	-155
52.26833	-155
52.27000	-154
52.27167	-155
52.27333	-155
52.27500	-154
52.27667	-155
52.27833	-154
52.28000	-155
52.28167	-154
52.28333	-154
52.28500	-154
52.28667	-154
52.28833	-154
52.29000	-154
52.29167	-154
52.29333	-153
52.29500	-154
52.29667	-153
52.29833	-153
52.30000	-152
52.30167	-153
52.30333	-153
52.30500	-152
52.30667	-152
52.30833	-152
52.31000	-151
52.31167	-152
52.31333	-151
52.31500	-151
52.31667	-151
52.31833	-150
52.32000	-151
52.32167	-150
52.32333	-150
52.32500	-150
52.32667	-150
52.32833	-150
52.33000	-149
52.33167	-150
52.33333	-149
52.33500	-150
52.33667	-149
52.33833	-148
52.34000	-149
52.34167	-149
52.34333	-148
52.34500	-148
52.34667	-149
52.34833	-148
52.35000	-148
52.35167	-148
52.35333	-148
52.35500	-148
52.35667	-147
52.35833	-148
52.36000	-147
52.36167	-148
52.36333	-147
52.36500	-147
52.36667	-147
52.36833	-147
52.37000	-147
52.37167	-147
52.37333	-147
52.37500	-146
52.37667	-147
52.37833	-147
52.38000	-146
52.38167	-146
52.38333	-146
52.38500	-147
52.38667	-145
52.38833	-146
52.39000	-146
52.39167	-145
52.39333	-146
52.39500	-146
52.39667	-145
52.39833	-146
52.40000	-146
52.40167	-146
52.40333	-145
52.40500	-146
52.40667	-146
52.40833	-145
52.41000	-146
52.41167	-146
52.41333	-146
52.41500	-146
52.41667	-146
52.41833	-146
52.42000	-147
52.42167	-147
52.42333	-146
52.42500	-147
52.42667	-148
52.42833	-147
52.43000	-148
52.43167	-147
52.43333	-148
52.43500	-149
52.43667	-148
52.43833	-149
52.44000	-148
52.44167	-148
52.44333	-149
52.44500	-148
52.44667	-148
52.44833	-149
52.45000	-148
52.45167	-149
52.45333	-149
52.45500	-148
52.45667	-149
52.45833	-148
52.46000	-149
52.46167	-148
52.46333	-149
52.46500	-149
52.46667	-148
52.46833	-148
52.47000	-148
52.47167	-148
52.47333	-148
52.47500	-148
52.47667	-148
52.47833	-148
52.48000	-147
52.48167	-148
52.48333	-147
52.48500	-147
52.48667	-147
52.48833	-148
52.49000	-147
52.49167	-148
52.49333	-147
52.49500	-148
52.49667	-148
52.49833	-148
52.50000	-148
52.50167	-148
52.50333	-148
52.50500	-149
52.50667	-148
52.50833	-149
52.51000	-148
52.51167	-149
52.51333	-148
52.51500	-149
52.51667	-149
52.51833	-149
52.52000	-149
52.52167	-149
52.52333	-149
52.52500	-149
52.52667	-149
52.52833	-148
52.53000	-149
52.53167	-149
52.53333	-149
52.53500	-149
52.53667	-149
52.53833	-149
52.54000	-149
52.54167	-149
52.54333	-150
52.54500	-149
52.54667	-148
52.54833	-149
52.55000	-149
52.55167	-149
52.55333	-149
52.55500	-148
52.55667	-149
52.55833	-148
52.56000	-149
52.56167	-148
52.56333	-149
52.56500	-148
52.56667	-149
52.56833	-148
52.57000	-148
52.57167	-148
52.57333	-148
52.57500	-148
52.57667	-148
52.57833	-148
52.58000	-148
52.58167	-148
52.58333	-147
52.58500	-148
52.58667	-148
52.58833	-148
52.59000	-148
52.59167	-147
52.59333	-147
52.59500	-148
52.59667	-147
52.59833	-147
52.60000	-147
52.60167	-147
52.60333	-147
52.60500	-147
52.60667	-147
52.60833	-147
52.61000	-147
52.61167	-147
52.61333	-146
52.61500	-147
52.61667	-147
52.61833	-147
52.62000	-147
52.62167	-147
52.62333	-147
52.62500	-147
52.62667	-147
52.62833	-147
52.63000	-148
52.63167	-147
52.63333	-147
52.63500	-148
52.63667	-147
52.63833	-148
52.64000	-148
52.64167	-148
52.64333	-148
52.64500	-149
52.64667	-148
52.64833	-148
52.65000	-149
52.65167	-149
52.65333	-149
52.65500	-149
52.65667	-149
52.65833	-150
52.66000	-150
52.66167	-149
52.66333	-150
52.66500	-150
52.66667	-150
52.66833	-151
52.67000	-150
52.67167	-151
52.67333	-151
52.67500	-151
52.67667	-151
52.67833	-151
52.68000	-151
52.68167	-151
52.68333	-151
52.68500	-151
52.68667	-151
52.68833	-151
52.69000	-151
52.69167	-151
52.69333	-151
52.69500	-151
52.69667	-151
52.69833	-151
52.70000	-151
52.70167	-150
52.70333	-151
52.70500	-151
52.70667	-151
52.70833	-151
52.71000	-150
52.71167	-151
52.71333	-150
52.71500	-151
52.71667	-151
52.71833	-150
52.72000	-151
52.72167	-151
52.72333	-151
52.72500	-151
52.72667	-151
52.72833	-151
52.73000	-152
52.73167	-152
52.73333	-152
52.73500	-152
52.73667	-153
52.73833	-152
52.74000	-153
52.74167	-153
52.74333	-153
52.74500	-153
52.74667	-153
52.74833	-154
52.75000	-153
52.75167	-153
52.75333	-153
52.75500	-153
52.75667	-153
52.75833	-154
52.76000	-153
52.76167	-153
52.76333	-153
52.76500	-153
52.76667	-153
52.76833	-153
52.77000	-153
52.77167	-152
52.77333	-153
52.77500	-153
52.77667	-152
52.77833	-152
52.78000	-152
52.78167	-152
52.78333	-151
52.78500	-152
52.78667	-151
52.78833	-151
52.79000	-151
52.79167	-152
52.79333	-151
52.79500	-151
52.79667	-151
52.79833	-151
52.80000	-151
52.80167	-151
52.80333	-151
52.80500	-152
52.80667	-151
52.80833	-151
52.81000	-151
52.81167	-152
52.81333	-151
52.81500	-151
52.81667	-152
52.81833	-151
52.82000	-152
52.82167	-151
52.82333	-152
52.82500	-152
52.82667	-151
52.82833	-152
52.83000	-152
52.83167	-152
52.83333	-152
52.83500	-152
52.83667	-152
52.83833	-151
52.84000	-152
52.84167	-152
52.84333	-152
52.84500	-152
52.84667	-152
52.84833	-152
52.85000	-152
52.85167	-152
52.85333	-152
52.85500	-153
52.85667	-152
52.85833	-153
52.86000	-152
52.86167	-153
52.86333	-152
52.86500	-153
52.86667	-153
52.86833	-153
52.87000	-154
52.87167	-153
52.87333	-154
52.87500	-154
52.87667	-154
52.87833	-155
52.88000	-154
52.88167	-155
52.88333	-154
52.88500	-155
52.88667	-155
52.88833	-155
52.89000	-156
52.89167	-155
52.89333	-156
52.89500	-155
52.89667	-156
52.89833	-155
52.90000	-156
52.90167	-155
52.90333	-155
52.90500	-156
52.90667	-155
52.90833	-155
52.91000	-155
52.91167	-155
52.91333	-154
52.91500	-155
52.91667	-154
52.91833	-154
52.92000	-154
52.92167	-153
52.92333	-153
52.92500	-153
52.92667	-153
52.92833	-152
52.93000	-153
52.93167	-152
52.93333	-152
52.93500	-151
52.93667	-152
52.93833	-152
52.94000	-151
52.94167	-152
52.94333	-151
52.94500	-151
52.94667	-151
52.94833	-151
52.95000	-151
52.95167	-151
52.95333	-151
52.95500	-151
52.95667	-151
52.95833	-150
52.96000	-151
52.96167	-151
52.96333	-151
52.96500	-151
52.96667	-152
52.96833	-151
52.97000	-151
52.97167	-151
52.97333	-152
52.97500	-151
52.97667	-152
52.97833	-152
52.98000	-152
52.98167	-151
52.98333	-152
52.98500	-152
52.98667	-152
52.98833	-152
52.99000	-152
52.99167	-152
52.99333	-152
52.99500	-152
52.99667	-152
52.99833	-151
53.00000	-152
53.00167	-151
53.00333	-152
53.00500	-151
53.00667	-151
53.00833	-151
53.01000	-151
53.01167	-150
53.01333	-151
53.01500	-150
53.01667	-150
53.01833	-149
53.02000	-150
53.02167	-149
53.02333	-149
53.02500	-150
53.02667	-149
53.02833	-149
53.03000	-150
53.03167	-149
53.03333	-149
53.03500	-149
53.03667	-148
53.03833	-149
53.04000	-149
53.04167	-148
53.04333	-149
53.04500	-149
53.04667	-149
53.04833	-149
53.05000	-149
53.05167	-149
53.05333	-150
53.05500	-149
53.05667	-149
53.05833	-149
53.06000	-150
53.06167	-149
53.06333	-150
53.06500	-149
53.06667	-150
53.06833	-149
53.07000	-150
53.07167	-149
53.07333	-150
53.07500	-150
53.07667	-149
53.07833	-150
53.08000	-150
53.08167	-149
53.08333	-150
53.08500	-150
53.08667	-150
53.08833	-150
53.09000	-150
53.09167	-150
53.09333	-150
53.09500	-150
53.09667	-150
53.09833	-150
53.10000	-151
53.10167	-151
53.10333	-150
53.10500	-151
53.10667	-151
53.10833	-151
53.11000	-151
53.11167	-151
53.11333	-151
53.11500	-152
53.11667	-151
53.11833	-151
53.12000	-152
53.12167	-152
53.12333	-151
53.12500	-152
53.12667	-151
53.12833	-151
53.13000	-151
53.13167	-152
53.13333	-151
53.13500	-151
53.13667	-152
53.13833	-151
53.14000	-151
53.14167	-151
53.14333	-151
53.14500	-150
53.14667	-151
53.14833	-150
53.15000	-151
53.15167	-150
53.15333	-151
53.15500	-151
53.15667	-151
53.15833	-150
53.16000	-151
53.16167	-151
53.16333	-150
53.16500	-151
53.16667	-151
53.16833	-151
53.17000	-151
53.17167	-152
53.17333	-151
53.17500	-151
53.17667	-151
53.17833	-151
53.18000	-152
53.18167	-151
53.18333	-151
53.18500	-152
53.18667	-151
53.18833	-151
53.19000	-151
53.19167	-151
53.19333	-151
53.19500	-151
53.19667	-151
53.19833	-150
53.20000	-151
53.20167	-150
53.20333	-150
53.20500	-150
53.20667	-150
53.20833	-149
53.21000	-150
53.21167	-149
53.21333	-150
53.21500	-149
53.21667	-149
53.21833	-150
53.22000	-149
53.22167	-148
53.22333	-149
53.22500	-148
53.22667	-149
53.22833	-148
53.23000	-148
53.23167	-148
53.23333	-148
53.23500	-148
53.23667	-147
53.23833	-147
53.24000	-148
53.24167	-146
53.24333	-147
53.24500	-147
53.24667	-146
53.24833	-147
53.25000	-146
53.25167	-146
53.25333	-145
53.25500	-146
53.25667	-146
53.25833	-145
53.26000	-146
53.26167	-145
53.26333	-145
53.26500	-146
53.26667	-145
53.26833	-146
53.27000	-145
53.27167	-145
53.27333	-145
53.27500	-146
53.27667	-145
53.27833	-146
53.28000	-145
53.28167	-145
53.28333	-146
53.28500	-145
53.28667	-146
53.28833	-146
53.29000	-145
53.29167	-146
53.29333	-146
53.29500	-146
53.29667	-146
53.29833	-146
53.30000	-146
53.30167	-147
53.30333	-146
53.30500	-147
53.30667	-146
53.30833	-147
53.31000	-147
53.31167	-147
53.31333	-147
53.31500	-147
53.31667	-147
53.31833	-148
53.32000	-147
53.32167	-148
53.32333	-148
53.32500	-148
53.32667	-148
53.32833	-149
53.33000	-148
53.33167	-149
53.33333	-148
53.33500	-149
53.33667	-149
53.33833	-149
53.34000	-148
53.34167	-149
53.34333	-149
53.34500	-148
53.34667	-148
53.34833	-149
53.35000	-148
53.35167	-148
53.35333	-148
53.35500	-149
53.35667	-147
53.35833	-148
53.36000	-148
53.36167	-147
53.36333	-147
53.36500	-147
53.36667	-146
53.36833	-147
53.37000	-146
53.37167	-146
53.37333	-146
53.37500	-146
53.37667	-146
53.37833	-145
53.38000	-145
53.38167	-145
53.38333	-145
53.38500	-145
53.38667	-145
53.38833	-145
53.39000	-145
53.39167	-145
53.39333	-145
53.39500	-145
53.39667	-145
53.39833	-145
53.40000	-145
53.40167	-145
53.40333	-145
53.40500	-145
53.40667	-146
53.40833	-145
53.41000	-146
53.41167	-145
53.41333	-145
53.41500	-146
53.41667	-145
53.41833	-146
53.42000	-146
53.42167	-145
53.42333	-146
53.42500	-147
53.42667	-146
53.42833	-146
53.43000	-147
53.43167	-146
53.43333	-147
53.43500	-147
53.43667	-147
53.43833	-147
53.44000	-147
53.44167	-148
53.44333	-147
53.44500	-148
53.44667	-148
53.44833	-148
53.45000	-149
53.45167	-148
53.45333	-149
53.45500	-149
53.45667	-148
53.45833	-149
53.46000	-149
53.46167	-150
53.46333	-149
53.46500	-149
53.46667	-150
53.46833	-150
53.47000	-149
53.47167	-150
53.47333	-150
53.47500	-150
53.47667	-150
53.47833	-150
53.48000	-151
53.48167	-150
53.48333	-150
53.48500	-151
53.48667	-151
53.48833	-150
53.49000	-151
53.49167	-151
53.49333	-152
53.49500	-151
53.49667	-152
53.49833	-151
53.50000	-152
53.50167	-152
53.50333	-152
53.50500	-152
53.50667	-153
53.50833	-152
53.51000	-153
53.51167	-153
53.51333	-152
53.51500	-153
53.51667	-153
53.51833	-153
53.52000	-153
53.52167	-153
53.52333	-152
53.52500	-153
53.52667	-153
53.52833	-152
53.53000	-152
53.53167	-152
53.53333	-152
53.53500	-151
53.53667	-152
53.53833	-150
53.54000	-151
53.54167	-150
53.54333	-150
53.54500	-150
53.54667	-150
53.54833	-150
53.55000	-149
53.55167	-149
53.55333	-149
53.55500	-149
53.55667	-149
53.55833	-148
53.56000	-148
53.56167	-148
53.56333	-149
53.56500	-148
53.56667	-148
53.56833	-149
53.57000	-148
53.57167	-149
53.57333	-148
53.57500	-149
53.57667	-149
53.57833	-149
53.58000	-149
53.58167	-149
53.58333	-149
53.58500	-150
53.58667	-150
53.58833	-149
53.59000	-150
53.59167	-150
53.59333	-150
53.59500	-150
53.59667	-150
53.59833	-150
53.60000	-150
53.60167	-151
53.60333	-150
53.60500	-151
53.60667	-151
53.60833	-150
53.61000	-151
53.61167	-151
53.61333	-151
53.61500	-150
53.61667	-151
53.61833	-151
53.62000	-150
53.62167	-150
53.62333	-150
53.62500	-150
53.62667	-150
53.62833	-150
53.63000	-150
53.63167	-149
53.63333	-149
53.63500	-149
53.63667	-148
53.63833	-149
53.64000	-148
53.64167	-149
53.64333	-148
53.64500	-148
53.64667	-148
53.64833	-148
53.65000	-148
53.65167	-149
53.65333	-148
53.65500	-148
53.65667	-148
53.65833	-148
53.66000	-148
53.66167	-148
53.66333	-148
53.66500	-148
53.66667	-148
53.66833	-148
53.67000	-148
53.67167	-148
53.67333	-149
53.67500	-148
53.67667	-148
53.67833	-149
53.68000	-148
53.68167	-149
53.68333	-148
53.68500	-149
53.68667	-149
53.68833	-148
53.69000	-149
53.69167	-148
53.69333	-149
53.69500	-149
53.69667	-149
53.69833	-149
53.70000	-149
53.70167	-149
53.70333	-149
53.70500	-149
53.70667	-149
53.70833	-149
53.71000	-150
53.71167	-149
53.71333	-149
53.71500	-150
53.71667	-150
53.71833	-149
53.72000	-150
53.72167	-150
53.72333	-149
53.72500	-150
53.72667	-149
53.72833	-150
53.73000	-149
53.73167	-149
53.73333	-150
53.73500	-149
53.73667	-149
53.73833	-150
53.74000	-149
53.74167	-149
53.74333	-149
53.74500	-149
53.74667	-149
53.74833	-149
53.75000	-149
53.75167	-149
53.75333	-149
53.75500	-148
53.75667	-149
53.75833	-148
53.76000	-149
53.76167	-148
53.76333	-148
53.76500	-148
53.76667	-148
53.76833	-148
53.77000	-148
53.77167	-148
53.77333	-148
53.77500	-148
53.77667	-148
53.77833	-147
53.78000	-148
53.78167	-147
53.78333	-148
53.78500	-147
53.78667	-147
53.78833	-148
53.79000	-147
53.79167	-147
53.79333	-148
53.79500	-147
53.79667	-147
53.79833	-147
53.80000	-148
53.80167	-147
53.80333	-147
53.80500	-147
53.80667	-147
53.80833	-147
53.81000	-147
53.81167	-148
53.81333	-147
53.81500	-147
53.81667	-147
53.81833	-147
53.82000	-147
53.82167	-147
53.82333	-147
53.82500	-147
53.82667	-147
53.82833	-147
53.83000	-147
53.83167	-147
53.83333	-147
53.83500	-147
53.83667	-147
53.83833	-147
53.84000	-148
53.84167	-147
53.84333	-148
53.84500	-147
53.84667	-148
53.84833	-147
53.85000	-148
53.85167	-148
53.85333	-148
53.85500	-148
53.85667	-148
53.85833	-148
53.86000	-148
53.86167	-148
53.86333	-148
53.86500	-149
53.86667	-148
53.86833	-149
53.87000	-148
53.87167	-148
53.87333	-149
53.87500	-148
53.87667	-148
53.87833	-148
53.88000	-148
53.88167	-148
53.88333	-148
53.88500	-148
53.88667	-148
53.88833	-148
53.89000	-148
53.89167	-147
53.89333	-148
53.89500	-148
53.89667	-147
53.89833	-148
53.90000	-148
53.90167	-148
53.90333	-147
53.90500	-147
53.90667	-147
53.90833	-147
53.91000	-147
53.91167	-147
53.91333	-147
53.91500	-147
53.91667	-147
53.91833	-147
53.92000	-146
53.92167	-147
53.92333	-147
53.92500	-146
53.92667	-147
53.92833	-146
53.93000	-147
53.93167	-147
53.93333	-146
53.93500	-147
53.93667	-146
53.93833	-147
53.94000	-146
53.94167	-146
53.94333	-147
53.94500	-146
53.94667	-146
53.94833	-146
53.95000	-147
53.95167	-146
53.95333	-147
53.95500	-147
53.95667	-146
53.95833	-147
53.96000	-147
53.96167	-147
53.96333	-148
53.96500	-147
53.96667	-148
53.96833	-147
53.97000	-148
53.97167	-148
53.97333	-149
53.97500	-148
53.97667	-149
53.97833	-148
53.98000	-149
53.98167	-149
53.98333	-149
53.98500	-149
53.98667	-149
53.98833	-149
53.99000	-150
53.99167	-149
53.99333	-150
53.99500	-150
53.99667	-150
53.99833	-150
54.00000	-150
54.00167	-150
54.00333	-150
54.00500	-150
54.00667	-151
54.00833	-150
54.01000	-151
54.01167	-150
54.01333	-150
54.01500	-151
54.01667	-151
54.01833	-150
54.02000	-151
54.02167	-150
54.02333	-150
54.02500	-151
54.02667	-150
54.02833	-150
54.03000	-151
54.03167	-150
54.03333	-150
54.03500	-150
54.03667	-150
54.03833	-150
54.04000	-150
54.04167	-149
54.04333	-150
54.04500	-149
54.04667	-149
54.04833	-149
54.05000	-148
54.05167	-149
54.05333	-148
54.05500	-148
54.05667	-148
54.05833	-148
54.06000	-148
54.06167	-147
54.06333	-148
54.06500	-147
54.06667	-147
54.06833	-147
54.07000	-147
54.07167	-147
54.07333	-147
54.07500	-146
54.07667	-147
54.07833	-146
54.08000	-147
54.08167	-146
54.08333	-146
54.08500	-146
54.08667	-146
54.08833	-146
54.09000	-146
54.09167	-145
54.09333	-146
54.09500	-145
54.09667	-146
54.09833	-145
54.10000	-146
54.10167	-145
54.10333	-146
54.10500	-145
54.10667	-146
54.10833	-146
54.11000	-146
54.11167	-146
54.11333	-146
54.11500	-146
54.11667	-146
54.11833	-147
54.12000	-146
54.12167	-147
54.12333	-146
54.12500	-147
54.12667	-146
54.12833	-147
54.13000	-146
54.13167	-147
54.13333	-146
54.13500	-147
54.13667	-146
54.13833	-147
54.14000	-146
54.14167	-146
54.14333	-146
54.14500	-146
54.14667	-146
54.14833	-146
54.15000	-146
54.15167	-145
54.15333	-145
54.15500	-145
54.15667	-145
54.15833	-144
54.16000	-145
54.16167	-144
54.16333	-145
54.16500	-144
54.16667	-144
54.16833	-144
54.17000	-144
54.17167	-144
54.17333	-144
54.17500	-144
54.17667	-144
54.17833	-144
54.18000	-143
54.18167	-144
54.18333	-143
54.18500	-143
54.18667	-143
54.18833	-144
54.19000	-142
54.19167	-143
54.19333	-143
54.19500	-142
54.19667	-142
54.19833	-142
54.20000	-142
54.20167	-141
54.20333	-142
54.20500	-141
54.20667	-140
54.20833	-140
54.21000	-140
54.21167	-140
54.21333	-140
54.21500	-139
54.21667	-139
54.21833	-138
54.22000	-139
54.22167	-138
54.22333	-138
54.22500	-137
54.22667	-138
54.22833	-137
54.23000	-136
54.23167	-137
54.23333	-136
54.23500	-136
54.23667	-136
54.23833	-136
54.24000	-136
54.24167	-136
54.24333	-135
54.24500	-135
54.24667	-136
54.24833	-135
54.25000	-135
54.25167	-135
54.25333	-135
54.25500	-135
54.25667	-135
54.25833	-135
54.26000	-135
54.26167	-134
54.26333	-135
54.26500	-135
54.26667	-134
54.26833	-135
54.27000	-134
54.27167	-135
54.27333	-134
54.27500	-135
54.27667	-134
54.27833	-134
54.28000	-134
54.28167	-134
54.28333	-134
54.28500	-134
54.28667	-134
54.28833	-134
54.29000	-134
54.29167	-134
54.29333	-135
54.29500	-134
54.29667	-134
54.29833	-135
54.30000	-134
54.30167	-134
54.30333	-135
54.30500	-134
54.30667	-134
54.30833	-135
54.31000	-134
54.31167	-135
54.31333	-135
54.31500	-134
54.31667	-135
54.31833	-134
54.32000	-135
54.32167	-134
54.32333	-134
54.32500	-134
54.32667	-134
54.32833	-133
54.33000	-133
54.33167	-133
54.33333	-133
54.33500	-133
54.33667	-132
54.33833	-132
54.34000	-132
54.34167	-131
54.34333	-131
54.34500	-131
54.34667	-130
54.34833	-130
54.35000	-130
54.35167	-129
54.35333	-129
54.35500	-129
54.35667	-129
54.35833	-128
54.36000	-128
54.36167	-127
54.36333	-127
54.36500	-127
54.36667	-127
54.36833	-126
54.37000	-125
54.37167	-126
54.37333	-125
54.37500	-125
54.37667	-124
54.37833	-125
54.38000	-124
54.38167	-124
54.38333	-123
54.38500	-124
54.38667	-123
54.38833	-123
54.39000	-122
54.39167	-123
54.39333	-122
54.39500	-122
54.39667	-121
54.39833	-122
54.40000	-121
54.40167	-121
54.40333	-121
54.40500	-120
54.40667	-120
54.40833	-120
54.41000	-120
54.41167	-120
54.41333	-120
54.41500	-119
54.41667	-119
54.41833	-119
54.42000	-120
54.42167	-118
54.42333	-119
54.42500	-119
54.42667	-118
54.42833	-118
54.43000	-118
54.43167	-118
54.43333	-118
54.43500	-118
54.43667	-118
54.43833	-117
54.44000	-118
54.44167	-117
54.44333	-117
54.44500	-118
54.44667	-117
54.44833	-117
54.45000	-116
54.45167	-117
54.45333	-117
54.45500	-117
54.45667	-116
54.45833	-117
54.46000	-116
54.46167	-116
54.46333	-116
54.46500	-115
54.46667	-116
54.46833	-115
54.47000	-115
54.47167	-115
54.47333	-115
54.47500	-115
54.47667	-114
54.47833	-114
54.48000	-114
54.48167	-114
54.48333	-113
54.48500	-114
54.48667	-113
54.48833	-113
54.49000	-113
54.49167	-113
54.49333	-113
54.49500	-113
54.49667	-113
54.49833	-113
54.50000	-113
54.50167	-113
54.50333	-113
54.50500	-114
54.50667	-113
54.50833	-113
54.51000	-113
54.51167	-114
54.51333	-113
54.51500	-114
54.51667	-114
54.51833	-114
54.52000	-114
54.52167	-114
54.52333	-114
54.52500	-115
54.52667	-114
54.52833	-115
54.53000	-115
54.53167	-115
54.53333	-115
54.53500	-116
54.53667	-115
54.53833	-115
54.54000	-116
54.54167	-116
54.54333	-116
54.54500	-116
54.54667	-116
54.54833	-116
54.55000	-117
54.55167	-116
54.55333	-117
54.55500	-117
54.55667	-117
54.55833	-117
54.56000	-118
54.56167	-117
54.56333	-117
54.56500	-118
54.56667	-117
54.56833	-118
54.57000	-118
54.57167	-118
54.57333	-117
54.57500	-118
54.57667	-119
54.57833	-118
54.58000	-118
54.58167	-118
54.58333	-119
54.58500	-118
54.58667	-119
54.58833	-119
54.59000	-119
54.59167	-118
54.59333	-119
54.59500	-120
54.59667	-119
54.59833	-119
54.60000	-120
54.60167	-120
54.60333	-120
54.60500	-120
54.60667	-120
54.60833	-120
54.61000	-121
54.61167	-121
54.61333	-121
54.61500	-121
54.61667	-122
54.61833	-121
54.62000	-122
54.62167	-122
54.62333	-123
54.62500	-122
54.62667	-123
54.62833	-123
54.63000	-123
54.63167	-123
54.63333	-124
54.63500	-123
54.63667	-123
54.63833	-123
54.64000	-123
54.64167	-124
54.64333	-123
54.64500	-123
54.64667	-124
54.64833	-123
54.65000	-124
54.65167	-124
54.65333	-123
54.65500	-124
54.65667	-124
54.65833	-124
54.66000	-124
54.66167	-125
54.66333	-125
54.66500	-124
54.66667	-125
54.66833	-125
54.67000	-125
54.67167	-126
54.67333	-126
54.67500	-126
54.67667	-126
54.67833	-126
54.68000	-126
54.68167	-126
54.68333	-127
54.68500	-127
54.68667	-127
54.68833	-127
54.69000	-128
54.69167	-128
54.69333	-129
54.69500	-128
54.69667	-129
54.69833	-129
54.70000	-130
54.70167	-129
54.70333	-130
54.70500	-131
54.70667	-130
54.70833	-131
54.71000	-132
54.71167	-132
54.71333	-132
54.71500	-132
54.71667	-133
54.71833	-133
54.72000	-133
54.72167	-133
54.72333	-134
54.72500	-133
54.72667	-135
54.72833	-134
54.73000	-135
54.73167	-134
54.73333	-136
54.73500	-135
54.73667	-136
54.73833	-136
54.74000	-135
54.74167	-137
54.74333	-136
54.74500	-136
54.74667	-136
54.74833	-136
54.75000	-137
54.75167	-137
54.75333	-137
54.75500	-137
54.75667	-137
54.75833	-137
54.76000	-137
54.76167	-138
54.76333	-138
54.76500	-138
54.76667	-138
54.76833	-139
54.77000	-139
54.77167	-139
54.77333	-139
54.77500	-140
54.77667	-140
54.77833	-140
54.78000	-140
54.78167	-141
54.78333	-141
54.78500	-141
54.78667	-141
54.78833	-142
54.79000	-141
54.79167	-142
54.79333	-142
54.79500	-142
54.79667	-143
54.79833	-142
54.80000	-142
54.80167	-143
54.80333	-143
54.80500	-143
54.80667	-143
54.80833	-143
54.81000	-143
54.81167	-143
54.81333	-143
54.81500	-144
54.81667	-143
54.81833	-144
54.82000	-143
54.82167	-144
54.82333	-143
54.82500	-144
54.82667	-144
54.82833	-144
54.83000	-144
54.83167	-145
54.83333	-144
54.83500	-145
54.83667	-145
54.83833	-145
54.84000	-145
54.84167	-144
54.84333	-145
54.84500	-145
54.84667	-145
54.84833	-146
54.85000	-145
54.85167	-145
54.85333	-145
54.85500	-145
54.85667	-145
54.85833	-145
54.86000	-145
54.86167	-145
54.86333	-145
54.86500	-144
54.86667	-145
54.86833	-144
54.87000	-144
54.87167	-144
54.87333	-144
54.87500	-144
54.87667	-143
54.87833	-144
54.88000	-144
54.88167	-144
54.88333	-144
54.88500	-144
54.88667	-143
54.88833	-144
54.89000	-144
54.89167	-145
54.89333	-144
54.89500	-144
54.89667	-144
54.89833	-145
54.90000	-145
54.90167	-144
54.90333	-145
54.90500	-145
54.90667	-145
54.90833	-145
54.91000	-146
54.91167	-145
54.91333	-146
54.91500	-145
54.91667	-146
54.91833	-146
54.92000	-147
54.92167	-147
54.92333	-147
54.92500	-147
54.92667	-147
54.92833	-148
54.93000	-148
54.93167	-148
54.93333	-149
54.93500	-148
54.93667	-149
54.93833	-149
54.94000	-149
54.94167	-149
54.94333	-150
54.94500	-149
54.94667	-149
54.94833	-150
54.95000	-149
54.95167	-149
54.95333	-149
54.95500	-149
54.95667	-149
54.95833	-149
54.96000	-149
54.96167	-149
54.96333	-149
54.96500	-149
54.96667	-148
54.96833	-149
54.97000	-148
54.97167	-148
54.97333	-148
54.97500	-149
54.97667	-148
54.97833	-147
54.98000	-148
54.98167	-148
54.98333	-148
54.98500	-148
54.98667	-148
54.98833	-148
54.99000	-148
54.99167	-148
54.99333	-148
54.99500	-148
54.99667	-148
54.99833	-149
55.00000	-148
55.00167	-149
55.00333	-149
55.00500	-148
55.00667	-149
55.00833	-149
55.01000	-148
55.01167	-149
55.01333	-149
55.01500	-149
55.01667	-149
55.01833	-149
55.02000	-149
55.02167	-149
55.02333	-149
55.02500	-149
55.02667	-149
55.02833	-149
55.03000	-149
55.03167	-149
55.03333	-149
55.03500	-149
55.03667	-149
55.03833	-149
55.04000	-149
55.04167	-149
55.04333	-149
55.04500	-149
55.04667	-149
55.04833	-149
55.05000	-149
55.05167	-149
55.05333	-149
55.05500	-148
55.05667	-149
55.05833	-148
55.06000	-149
55.06167	-149
55.06333	-149
55.06500	-149
55.06667	-149
55.06833	-149
55.07000	-148
55.07167	-149
55.07333	-149
55.07500	-148
55.07667	-149
55.07833	-149
55.08000	-149
55.08167	-149
55.08333	-148
55.08500	-150
55.08667	-149
55.08833	-149
55.09000	-149
55.09167	-149
55.09333	-149
55.09500	-150
55.09667	-149
55.09833	-150
55.10000	-149
55.10167	-149
55.10333	-150
55.10500	-149
55.10667	-150
55.10833	-149
55.11000	-150
55.11167	-149
55.11333	-150
55.11500	-149
55.11667	-149
55.11833	-150
55.12000	-149
55.12167	-149
55.12333	-149
55.12500	-149
55.12667	-149
55.12833	-149
55.13000	-149
55.13167	-149
55.13333	-149
55.13500	-149
55.13667	-149
55.13833	-148
55.14000	-148
55.14167	-148
55.14333	-149
55.14500	-148
55.14667	-148
55.14833	-149
55.15000	-148
55.15167	-148
55.15333	-148
55.15500	-148
55.15667	-149
55.15833	-148
55.16000	-148
55.16167	-148
55.16333	-148
55.16500	-148
55.16667	-148
55.16833	-148
55.17000	-148
55.17167	-148
55.17333	-148
55.17500	-148
55.17667	-148
55.17833	-148
55.18000	-149
55.18167	-148
55.18333	-148
55.18500	-148
55.18667	-149
55.18833	-148
55.19000	-148
55.19167	-148
55.19333	-148
55.19500	-148
55.19667	-149
55.19833	-147
55.20000	-148
55.20167	-148
55.20333	-148
55.20500	-148
55.20667	-148
55.20833	-148
55.21000	-148
55.21167	-148
55.21333	-148
55.21500	-148
55.21667	-148
55.21833	-148
55.22000	-148
55.22167	-148
55.22333	-148
55.22500	-148
55.22667	-148
55.22833	-148
55.23000	-148
55.23167	-148
55.23333	-149
55.23500	-148
55.23667	-148
55.23833	-149
55.24000	-148
55.24167	-148
55.24333	-148
55.24500	-148
55.24667	-149
55.24833	-148
55.25000	-149
55.25167	-148
55.25333	-149
55.25500	-149
55.25667	-149
55.25833	-150
55.26000	-149
55.26167	-149
55.26333	-150
55.26500	-150
55.26667	-150
55.26833	-150
55.27000	-150
55.27167	-151
55.27333	-150
55.27500	-151
55.27667	-151
55.27833	-150
55.28000	-151
55.28167	-151
55.28333	-151
55.28500	-152
55.28667	-151
55.28833	-151
55.29000	-151
55.29167	-151
55.29333	-151
55.29500	-151
55.29667	-151
55.29833	-151
55.30000	-151
55.30167	-152
55.30333	-151
55.30500	-151
55.30667	-151
55.30833	-150
55.31000	-151
55.31167	-151
55.31333	-151
55.31500	-150
55.31667	-151
55.31833	-150
55.32000	-150
55.32167	-150
55.32333	-150
55.32500	-150
55.32667	-150
55.32833	-150
55.33000	-150
55.33167	-150
55.33333	-150
55.33500	-150
55.33667	-150
55.33833	-150
55.34000	-150
55.34167	-150
55.34333	-150
55.34500	-149
55.34667	-150
55.34833	-149
55.35000	-150
55.35167	-150
55.35333	-149
55.35500	-150
55.35667	-149
55.35833	-150
55.36000	-149
55.36167	-149
55.36333	-149
55.36500	-150
55.36667	-149
55.36833	-149
55.37000	-148
55.37167	-149
55.37333	-148
55.37500	-149
55.37667	-148
55.37833	-148
55.38000	-148
55.38167	-147
55.38333	-147
55.38500	-148
55.38667	-147
55.38833	-147
55.39000	-147
55.39167	-147
55.39333	-147
55.39500	-147
55.39667	-147
55.39833	-147
55.40000	-147
55.40167	-148
55.40333	-147
55.40500	-147
55.40667	-148
55.40833	-147
55.41000	-147
55.41167	-148
55.41333	-147
55.41500	-147
55.41667	-148
55.41833	-147
55.42000	-148
55.42167	-147
55.42333	-148
55.42500	-148
55.42667	-148
55.42833	-148
55.43000	-147
55.43167	-148
55.43333	-148
55.43500	-148
55.43667	-148
55.43833	-148
55.44000	-149
55.44167	-148
55.44333	-149
55.44500	-148
55.44667	-149
55.44833	-148
55.45000	-149
55.45167	-150
55.45333	-149
55.45500	-149
55.45667	-150
55.45833	-149
55.46000	-150
55.46167	-150
55.46333	-151
55.46500	-150
55.46667	-151
55.46833	-150
55.47000	-151
55.47167	-151
55.47333	-151
55.47500	-151
55.47667	-151
55.47833	-151
55.48000	-151
55.48167	-151
55.48333	-152
55.48500	-151
55.48667	-151
55.48833	-151
55.49000	-152
55.49167	-151
55.49333	-151
55.49500	-151
55.49667	-151
55.49833	-151
55.50000	-150
55.50167	-151
55.50333	-150
55.50500	-151
55.50667	-150
55.50833	-151
55.51000	-150
55.51167	-150
55.51333	-150
55.51500	-150
55.51667	-150
55.51833	-149
55.52000	-149
55.52167	-150
55.52333	-149
55.52500	-149
55.52667	-149
55.52833	-149
55.53000	-149
55.53167	-149
55.53333	-148
55.53500	-149
55.53667	-148
55.53833	-148
55.54000	-148
55.54167	-148
55.54333	-148
55.54500	-148
55.54667	-147
55.54833	-148
55.55000	-147
55.55167	-148
55.55333	-147
55.55500	-148
55.55667	-147
55.55833	-147
55.56000	-147
55.56167	-147
55.56333	-147
55.56500	-147
55.56667	-147
55.56833	-147
55.57000	-147
55.57167	-147
55.57333	-147
55.57500	-148
55.57667	-147
55.57833	-147
55.58000	-148
55.58167	-147
55.58333	-148
55.58500	-148
55.58667	-148
55.58833	-147
55.59000	-148
55.59167	-148
55.59333	-148
55.59500	-148
55.59667	-148
55.59833	-148
55.60000	-148
55.60167	-148
55.60333	-148
55.60500	-149
55.60667	-148
55.60833	-149
55.61000	-148
55.61167	-148
55.61333	-149
55.61500	-148
55.61667	-148
55.61833	-148
55.62000	-149
55.62167	-148
55.62333	-148
55.62500	-148
55.62667	-148
55.62833	-148
55.63000	-148
55.63167	-148
55.63333	-147
55.63500	-147
55.63667	-147
55.63833	-146
55.64000	-147
55.64167	-146
55.64333	-146
55.64500	-146
55.64667	-146
55.64833	-146
55.65000	-145
55.65167	-145
55.65333	-145
55.65500	-145
55.65667	-145
55.65833	-145
55.66000	-145
55.66167	-144
55.66333	-145
55.66500	-145
55.66667	-144
55.66833	-145
55.67000	-144
55.67167	-145
55.67333	-144
55.67500	-145
55.67667	-144
55.67833	-145
55.68000	-145
55.68167	-144
55.68333	-145
55.68500	-145
55.68667	-145
55.68833	-145
55.69000	-145
55.69167	-145
55.69333	-146
55.69500	-145
55.69667	-146
55.69833	-146
55.70000	-146
55.70167	-146
55.70333	-146
55.70500	-146
55.70667	-146
55.70833	-146
55.71000	-147
55.71167	-146
55.71333	-146
55.71500	-147
55.71667	-146
55.71833	-146
55.72000	-146
55.72167	-147
55.72333	-145
55.72500	-146
55.72667	-145
55.72833	-146
55.73000	-145
55.73167	-145
55.73333	-146
55.73500	-145
55.73667	-145
55.73833	-145
55.74000	-144
55.74167	-145
55.74333	-145
55.74500	-144
55.74667	-145
55.74833	-144
55.75000	-145
55.75167	-144
55.75333	-144
55.75500	-145
55.75667	-144
55.75833	-145
55.76000	-144
55.76167	-145
55.76333	-145
55.76500	-145
55.76667	-145
55.76833	-145
55.77000	-145
55.77167	-146
55.77333	-146
55.77500	-146
55.77667	-146
55.77833	-146
55.78000	-146
55.78167	-147
55.78333	-148
55.78500	-147
55.78667	-148
55.78833	-148
55.79000	-148
55.79167	-148
55.79333	-149
55.79500	-149
55.79667	-149
55.79833	-149
55.80000	-149
55.80167	-150
55.80333	-150
55.80500	-150
55.80667	-150
55.80833	-150
55.81000	-150
55.81167	-150
55.81333	-150
55.81500	-151
55.81667	-150
55.81833	-150
55.82000	-150
55.82167	-149
55.82333	-150
55.82500	-150
55.82667	-150
55.82833	-150
55.83000	-150
55.83167	-149
55.83333	-150
55.83500	-149
55.83667	-149
55.83833	-150
55.84000	-149
55.84167	-149
55.84333	-148
55.84500	-149
55.84667	-149
55.84833	-148
55.85000	-149
55.85167	-148
55.85333	-148
55.85500	-148
55.85667	-148
55.85833	-147
55.86000	-148
55.86167	-147
55.86333	-148
55.86500	-147
55.86667	-147
55.86833	-147
55.87000	-146
55.87167	-147
55.87333	-146
55.87500	-146
55.87667	-146
55.87833	-145
55.88000	-146
55.88167	-145
55.88333	-145
55.88500	-145
55.88667	-144
55.88833	-145
55.89000	-144
55.89167	-145
55.89333	-145
55.89500	-144
55.89667	-145
55.89833	-144
55.90000	-144
55.90167	-145
55.90333	-144
55.90500	-145
55.90667	-144
55.90833	-145
55.91000	-145
55.91167	-145
55.91333	-145
55.91500	-146
55.91667	-145
55.91833	-146
55.92000	-146
55.92167	-146
55.92333	-147
55.92500	-146
55.92667	-147
55.92833	-148
55.93000	-147
55.93167	-148
55.93333	-148
55.93500	-148
55.93667	-149
55.93833	-148
55.94000	-148
55.94167	-149
55.94333	-149
55.94500	-149
55.94667	-148
55.94833	-149
55.95000	-149
55.95167	-149
55.95333	-149
55.95500	-149
55.95667	-149
55.95833	-149
55.96000	-150
55.96167	-150
55.96333	-149
55.96500	-150
55.96667	-149
55.96833	-150
55.97000	-149
55.97167	-150
55.97333	-150
55.97500	-150
55.97667	-150
55.97833	-149
55.98000	-150
55.98167	-150
55.98333	-150
55.98500	-149
55.98667	-150
55.98833	-150
55.99000	-149
55.99167	-150
55.99333	-150
55.99500	-150
55.99667	-149
55.99833	-149
56.00000	-150
56.00167	-149
56.00333	-149
56.00500	-149
56.00667	-148
56.00833	-149
56.01000	-149
56.01167	-148
56.01333	-149
56.01500	-148
56.01667	-148
56.01833	-148
56.02000	-148
56.02167	-148
56.02333	-148
56.02500	-148
56.02667	-148
56.02833	-148
56.03000	-148
56.03167	-148
56.03333	-148
56.03500	-148
56.03667	-148
56.03833	-148
56.04000	-149
56.04167	-148
56.04333	-148
56.04500	-149
56.04667	-149
56.04833	-149
56.05000	-150
56.05167	-149
56.05333	-150
56.05500	-149
56.05667	-150
56.05833	-150
56.06000	-150
56.06167	-150
56.06333	-150
56.06500	-150
56.06667	-150
56.06833	-150
56.07000	-150
56.07167	-150
56.07333	-150
56.07500	-150
56.07667	-150
56.07833	-150
56.08000	-150
56.08167	-150
56.08333	-150
56.08500	-150
56.08667	-150
56.08833	-149
56.09000	-150
56.09167	-149
56.09333	-150
56.09500	-149
56.09667	-150
56.09833	-149
56.10000	-149
56.10167	-150
56.10333	-149
56.10500	-149
56.10667	-149
56.10833	-149
56.11000	-149
56.11167	-149
56.11333	-149
56.11500	-149
56.11667	-149
56.11833	-150
56.12000	-149
56.12167	-149
56.12333	-149
56.12500	-149
56.12667	-148
56.12833	-149
56.13000	-149
56.13167	-148
56.13333	-149
56.13500	-148
56.13667	-149
56.13833	-148
56.14000	-147
56.14167	-148
56.14333	-148
56.14500	-148
56.14667	-147
56.14833	-148
56.15000	-147
56.15167	-147
56.15333	-147
56.15500	-148
56.15667	-147
56.15833	-147
56.16000	-147
56.16167	-147
56.16333	-148
56.16500	-147
56.16667	-148
56.16833	-147
56.17000	-148
56.17167	-148
56.17333	-148
56.17500	-149
56.17667	-148
56.17833	-149
56.18000	-149
56.18167	-149
56.18333	-148
56.18500	-149
56.18667	-149
56.18833	-150
56.19000	-149
56.19167	-149
56.19333	-150
56.19500	-150
56.19667	-150
56.19833	-150
56.20000	-150
56.20167	-150
56.20333	-150
56.20500	-149
56.20667	-150
56.20833	-150
56.21000	-149
56.21167	-149
56.21333	-149
56.21500	-149
56.21667	-149
56.21833	-149
56.22000	-149
56.22167	-148
56.22333	-149
56.22500	-148
56.22667	-148
56.22833	-148
56.23000	-148
56.23167	-148
56.23333	-148
56.23500	-148
56.23667	-148
56.23833	-148
56.24000	-147
56.24167	-148
56.24333	-148
56.24500	-148
56.24667	-148
56.24833	-147
56.25000	-148
56.25167	-148
56.25333	-148
56.25500	-148
56.25667	-148
56.25833	-147
56.26000	-148
56.26167	-149
56.26333	-148
56.26500	-148
56.26667	-149
56.26833	-148
56.27000	-149
56.27167	-149
56.27333	-149
56.27500	-149
56.27667	-149
56.27833	-150
56.28000	-150
56.28167	-149
56.28333	-151
56.28500	-150
56.28667	-151
56.28833	-151
56.29000	-151
56.29167	-152
56.29333	-152
56.29500	-152
56.29667	-153
56.29833	-152
56.30000	-153
56.30167	-153
56.30333	-153
56.30500	-154
56.30667	-153
56.30833	-154
56.31000	-154
56.31167	-154
56.31333	-154
56.31500	-154
56.31667	-155
56.31833	-154
56.32000	-154
56.32167	-154
56.32333	-154
56.32500	-154
56.32667	-154
56.32833	-154
56.33000	-154
56.33167	-154
56.33333	-153
56.33500	-154
56.33667	-153
56.33833	-153
56.34000	-153
56.34167	-152
56.34333	-153
56.34500	-152
56.34667	-152
56.34833	-152
56.35000	-152
56.35167	-151
56.35333	-151
56.35500	-151
56.35667	-151
56.35833	-150
56.36000	-151
56.36167	-150
56.36333	-151
56.36500	-150
56.36667	-150
56.36833	-149
56.37000	-150
56.37167	-149
56.37333	-149
56.37500	-149
56.37667	-149
56.37833	-149
56.38000	-148
56.38167	-149
56.38333	-148
56.38500	-148
56.38667	-149
56.38833	-148
56.39000	-148
56.39167	-147
56.39333	-148
56.39500	-148
56.39667	-148
56.39833	-147
56.40000	-148
56.40167	-147
56.40333	-147
56.40500	-148
56.40667	-148
56.40833	-147
56.41000	-147
56.41167	-148
56.41333	-147
56.41500	-148
56.41667	-148
56.41833	-147
56.42000	-148
56.42167	-147
56.42333	-148
56.42500	-147
56.42667	-148
56.42833	-148
56.43000	-147
56.43167	-148
56.43333	-147
56.43500	-148
56.43667	-147
56.43833	-147
56.44000	-147
56.44167	-147
56.44333	-147
56.44500	-147
56.44667	-146
56.44833	-146
56.45000	-147
56.45167	-146
56.45333	-146
56.45500	-145
56.45667	-146
56.45833	-145
56.46000	-145
56.46167	-146
56.46333	-145
56.46500	-145
56.46667	-145
56.46833	-145
56.47000	-145
56.47167	-145
56.47333	-144
56.47500	-145
56.47667	-145
56.47833	-145
56.48000	-144
56.48167	-145
56.48333	-145
56.48500	-144
56.48667	-145
56.48833	-145
56.49000	-144
56.49167	-145
56.49333	-145
56.49500	-145
56.49667	-144
56.49833	-146
56.50000	-145
56.50167	-145
56.50333	-145
56.50500	-146
56.50667	-145
56.50833	-146
56.51000	-146
56.51167	-146
56.51333	-146
56.51500	-147
56.51667	-146
56.51833	-147
56.52000	-147
56.52167	-148
56.52333	-147
56.52500	-147
56.52667	-148
56.52833	-147
56.53000	-148
56.53167	-147
56.53333	-148
56.53500	-147
56.53667	-148
56.53833	-148
56.54000	-148
56.54167	-147
56.54333	-148
56.54500	-148
56.54667	-148
56.54833	-147
56.55000	-148
56.55167	-147
56.55333	-148
56.55500	-147
56.55667	-147
56.55833	-148
56.56000	-147
56.56167	-147
56.56333	-147
56.56500	-147
56.56667	-146
56.56833	-146
56.57000	-147
56.57167	-146
56.57333	-146
56.57500	-145
56.57667	-146
56.57833	-145
56.58000	-146
56.58167	-145
56.58333	-145
56.58500	-145
56.58667	-145
56.58833	-145
56.59000	-145
56.59167	-145
56.59333	-144
56.59500	-145
56.59667	-145
56.59833	-145
56.60000	-145
56.60167	-145
56.60333	-145
56.60500	-145
56.60667	-146
56.60833	-146
56.61000	-145
56.61167	-146
56.61333	-146
56.61500	-146
56.61667	-147
56.61833	-146
56.62000	-147
56.62167	-147
56.62333	-147
56.62500	-148
56.62667	-147
56.62833	-148
56.63000	-148
56.63167	-148
56.63333	-149
56.63500	-148
56.63667	-149
56.63833	-149
56.64000	-149
56.64167	-149
56.64333	-150
56.64500	-149
56.64667	-149
56.64833	-150
56.65000	-150
56.65167	-150
56.65333	-150
56.65500	-150
56.65667	-150
56.65833	-151
56.66000	-150
56.66167	-150
56.66333	-150
56.66500	-151
56.66667	-150
56.66833	-150
56.67000	-151
56.67167	-150
56.67333	-150
56.67500	-151
56.67667	-150
56.67833	-149
56.68000	-150
56.68167	-150
56.68333	-149
56.68500	-149
56.68667	-149
56.68833	-148
56.69000	-148
56.69167	-148
56.69333	-147
56.69500	-147
56.69667	-147
56.69833	-147
56.70000	-146
56.70167	-147
56.70333	-145
56.70500	-146
56.70667	-145
56.70833	-145
56.71000	-145
56.71167	-144
56.71333	-145
56.71500	-144
56.71667	-145
56.71833	-144
56.72000	-144
56.72167	-143
56.72333	-144
56.72500	-143
56.72667	-144
56.72833	-144
56.73000	-143
56.73167	-145
56.73333	-144
56.73500	-145
56.73667	-145
56.73833	-145
56.74000	-145
56.74167	-146
56.74333	-146
56.74500	-146
56.74667	-146
56.74833	-146
56.75000	-147
56.75167	-146
56.75333	-147
56.75500	-148
56.75667	-148
56.75833	-147
56.76000	-148
56.76167	-148
56.76333	-149
56.76500	-148
56.76667	-149
56.76833	-149
56.77000	-149
56.77167	-149
56.77333	-149
56.77500	-150
56.77667	-149
56.77833	-149
56.78000	-149
56.78167	-150
56.78333	-149
56.78500	-149
56.78667	-149
56.78833	-149
56.79000	-149
56.79167	-149
56.79333	-148
56.79500	-149
56.79667	-148
56.79833	-149
56.80000	-148
56.80167	-148
56.80333	-149
56.80500	-148
56.80667	-148
56.80833	-148
56.81000	-148
56.81167	-148
56.81333	-147
56.81500	-148
56.81667	-148
56.81833	-147
56.82000	-148
56.82167	-147
56.82333	-148
56.82500	-147
56.82667	-148
56.82833	-147
56.83000	-147
56.83167	-147
56.83333	-147
56.83500	-147
56.83667	-147
56.83833	-147
56.84000	-146
56.84167	-147
56.84333	-147
56.84500	-146
56.84667	-147
56.84833	-147
56.85000	-146
56.85167	-146
56.85333	-147
56.85500	-146
56.85667	-147
56.85833	-146
56.86000	-146
56.86167	-147
56.86333	-146
56.86500	-147
56.86667	-147
56.86833	-147
56.87000	-147
56.87167	-147
56.87333	-148
56.87500	-147
56.87667	-148
56.87833	-148
56.88000	-147
56.88167	-148
56.88333	-148
56.88500	-148
56.88667	-149
56.88833	-148
56.89000	-148
56.89167	-148
56.89333	-149
56.89500	-148
56.89667	-148
56.89833	-147
56.90000	-148
56.90167	-148
56.90333	-148
56.90500	-148
56.90667	-147
56.90833	-148
56.91000	-148
56.91167	-147
56.91333	-148
56.91500	-147
56.91667	-147
56.91833	-147
56.92000	-147
56.92167	-148
56.92333	-147
56.92500	-147
56.92667	-147
56.92833	-147
56.93000	-147
56.93167	-148
56.93333	-147
56.93500	-148
56.93667	-147
56.93833	-148
56.94000	-148
56.94167	-147
56.94333	-148
56.94500	-148
56.94667	-148
56.94833	-148
56.95000	-148
56.95167	-147
56.95333	-148
56.95500	-148
56.95667	-147
56.95833	-148
56.96000	-147
56.96167	-147
56.96333	-147
56.96500	-147
56.96667	-147
56.96833	-147
56.97000	-146
56.97167	-147
56.97333	-146
56.97500	-147
56.97667	-146
56.97833	-145
56.98000	-146
56.98167	-145
56.98333	-146
56.98500	-145
56.98667	-145
56.98833	-145
56.99000	-145
56.99167	-145
56.99333	-144
56.99500	-145
56.99667	-144
56.99833	-145
57.00000	-145
57.00167	-145
57.00333	-145
57.00500	-145
57.00667	-145
57.00833	-145
57.01000	-145
57.01167	-145
57.01333	-146
57.01500	-146
57.01667	-146
57.01833	-146
57.02000	-146
57.02167	-146
57.02333	-146
57.02500	-146
57.02667	-146
57.02833	-147
57.03000	-147
57.03167	-146
57.03333	-147
57.03500	-146
57.03667	-147
57.03833	-146
57.04000	-146
57.04167	-147
57.04333	-146
57.04500	-147
57.04667	-146
57.04833	-146
57.05000	-146
57.05167	-145
57.05333	-146
57.05500	-145
57.05667	-146
57.05833	-145
57.06000	-145
57.06167	-145
57.06333	-145
57.06500	-145
57.06667	-145
57.06833	-145
57.07000	-145
57.07167	-145
57.07333	-146
57.07500	-145
57.07667	-145
57.07833	-146
57.08000	-145
57.08167	-146
57.08333	-146
57.08500	-145
57.08667	-147
57.08833	-146
57.09000	-146
57.09167	-147
57.09333	-147
57.09500	-146
57.09667	-147
57.09833	-147
57.10000	-148
57.10167	-147
57.10333	-148
57.10500	-147
57.10667	-148
57.10833	-147
57.11000	-148
57.11167	-148
57.11333	-147
57.11500	-148
57.11667	-148
57.11833	-147
57.12000	-148
57.12167	-148
57.12333	-148
57.12500	-148
57.12667	-148
57.12833	-148
57.13000	-148
57.13167	-148
57.13333	-148
57.13500	-148
57.13667	-149
57.13833	-149
57.14000	-148
57.14167	-149
57.14333	-149
57.14500	-149
57.14667	-148
57.14833	-149
57.15000	-149
57.15167	-149
57.15333	-149
57.15500	-149
57.15667	-148
57.15833	-149
57.16000	-149
57.16167	-149
57.16333	-149
57.16500	-148
57.16667	-149
57.16833	-149
57.17000	-149
57.17167	-149
57.17333	-149
57.17500	-148
57.17667	-149
57.17833	-149
57.18000	-148
57.18167	-149
57.18333	-148
57.18500	-148
57.18667	-148
57.18833	-148
57.19000	-148
57.19167	-149
57.19333	-148
57.19500	-147
57.19667	-148
57.19833	-148
57.20000	-148
57.20167	-147
57.20333	-148
57.20500	-147
57.20667	-147
57.20833	-148
57.21000	-147
57.21167	-147
57.21333	-147
57.21500	-147
57.21667	-147
57.21833	-147
57.22000	-146
57.22167	-147
57.22333	-146
57.22500	-147
57.22667	-146
57.22833	-146
57.23000	-146
57.23167	-146
57.23333	-146
57.23500	-145
57.23667	-146
57.23833	-146
57.24000	-145
57.24167	-146
57.24333	-145
57.24500	-145
57.24667	-145
57.24833	-145
57.25000	-145
57.25167	-145
57.25333	-145
57.25500	-145
57.25667	-145
57.25833	-145
57.26000	-145
57.26167	-145
57.26333	-146
57.26500	-145
57.26667	-145
57.26833	-145
57.27000	-145
57.27167	-146
57.27333	-146
57.27500	-146
57.27667	-146
57.27833	-147
57.28000	-146
57.28167	-147
57.28333	-146
57.28500	-147
57.28667	-146
57.28833	-147
57.29000	-147
57.29167	-147
57.29333	-146
57.29500	-147
57.29667	-147
57.29833	-147
57.30000	-147
57.30167	-148
57.30333	-147
57.30500	-147
57.30667	-147
57.30833	-147
57.31000	-148
57.31167	-147
57.31333	-148
57.31500	-147
57.31667	-148
57.31833	-147
57.32000	-147
57.32167	-148
57.32333	-147
57.32500	-147
57.32667	-147
57.32833	-147
57.33000	-146
57.33167	-147
57.33333	-146
57.33500	-146
57.33667	-146
57.33833	-146
57.34000	-146
57.34167	-146
57.34333	-146
57.34500	-146
57.34667	-146
57.34833	-146
57.35000	-146
57.35167	-146
57.35333	-145
57.35500	-145
57.35667	-146
57.35833	-145
57.36000	-145
57.36167	-145
57.36333	-145
57.36500	-145
57.36667	-145
57.36833	-145
57.37000	-145
57.37167	-146
57.37333	-146
57.37500	-145
57.37667	-146
57.37833	-146
57.38000	-147
57.38167	-146
57.38333	-146
57.38500	-147
57.38667	-147
57.38833	-147
57.39000	-147
57.39167	-147
57.39333	-147
57.39500	-147
57.39667	-148
57.39833	-147
57.40000	-148
57.40167	-148
57.40333	-147
57.40500	-148
57.40667	-149
57.40833	-148
57.41000	-148
57.41167	-149
57.41333	-148
57.41500	-149
57.41667	-149
57.41833	-149
57.42000	-149
57.42167	-149
57.42333	-149
57.42500	-149
57.42667	-149
57.42833	-150
57.43000	-150
57.43167	-150
57.43333	-150
57.43500	-150
57.43667	-151
57.43833	-150
57.44000	-151
57.44167	-150
57.44333	-151
57.44500	-151
57.44667	-150
57.44833	-151
57.45000	-151
57.45167	-151
57.45333	-150
57.45500	-151
57.45667	-151
57.45833	-151
57.46000	-151
57.46167	-150
57.46333	-151
57.46500	-151
57.46667	-150
57.46833	-151
57.47000	-150
57.47167	-150
57.47333	-150
57.47500	-150
57.47667	-150
57.47833	-150
57.48000	-150
57.48167	-149
57.48333	-149
57.48500	-149
57.48667	-149
57.48833	-149
57.49000	-149
57.49167	-149
57.49333	-149
57.49500	-148
57.49667	-149
57.49833	-149
57.50000	-148
57.50167	-149
57.50333	-148
57.50500	-148
57.50667	-148
57.50833	-148
57.51000	-147
57.51167	-148
57.51333	-148
57.51500	-147
57.51667	-148
57.51833	-147
57.52000	-148
57.52167	-147
57.52333	-147
57.52500	-147
57.52667	-147
57.52833	-147
57.53000	-147
57.53167	-146
57.53333	-146
57.53500	-146
57.53667	-147
57.53833	-145
57.54000	-146
57.54167	-146
57.54333	-146
57.54500	-146
57.54667	-146
57.54833	-145
57.55000	-146
57.55167	-145
57.55333	-146
57.55500	-145
57.55667	-146
57.55833	-145
57.56000	-146
57.56167	-146
57.56333	-146
57.56500	-146
57.56667	-146
57.56833	-146
57.57000	-146
57.57167	-146
57.57333	-147
57.57500	-146
57.57667	-148
57.57833	-147
57.58000	-147
57.58167	-148
57.58333	-147
57.58500	-148
57.58667	-148
57.58833	-148
57.59000	-148
57.59167	-148
57.59333	-148
57.59500	-148
57.59667	-148
57.59833	-148
57.60000	-148
57.60167	-147
57.60333	-148
57.60500	-148
57.60667	-147
57.60833	-148
57.61000	-148
57.61167	-148
57.61333	-148
57.61500	-149
57.61667	-148
57.61833	-148
57.62000	-149
57.62167	-148
57.62333	-148
57.62500	-149
57.62667	-149
57.62833	-149
57.63000	-148
57.63167	-149
57.63333	-149
57.63500	-149
57.63667	-148
57.63833	-149
57.64000	-148
57.64167	-149
57.64333	-148
57.64500	-149
57.64667	-148
57.64833	-148
57.65000	-148
57.65167	-149
57.65333	-147
57.65500	-148
57.65667	-148
57.65833	-148
57.66000	-147
57.66167	-148
57.66333	-147
57.66500	-148
57.66667	-147
57.66833	-147
57.67000	-147
57.67167	-147
57.67333	-147
57.67500	-146
57.67667	-147
57.67833	-147
57.68000	-147
57.68167	-146
57.68333	-147
57.68500	-147
57.68667	-147
57.68833	-146
57.69000	-147
57.69167	-147
57.69333	-147
57.69500	-147
57.69667	-147
57.69833	-147
57.70000	-147
57.70167	-147
57.70333	-146
57.70500	-147
57.70667	-147
57.70833	-147
57.71000	-146
57.71167	-146
57.71333	-147
57.71500	-146
57.71667	-146
57.71833	-145
57.72000	-145
57.72167	-146
57.72333	-145
57.72500	-145
57.72667	-145
57.72833	-145
57.73000	-144
57.73167	-145
57.73333	-144
57.73500	-144
57.73667	-144
57.73833	-144
57.74000	-144
57.74167	-144
57.74333	-143
57.74500	-144
57.74667	-144
57.74833	-143
57.75000	-144
57.75167	-143
57.75333	-144
57.75500	-144
57.75667	-144
57.75833	-144
57.76000	-144
57.76167	-144
57.76333	-144
57.76500	-144
57.76667	-144
57.76833	-144
57.77000	-144
57.77167	-145
57.77333	-144
57.77500	-144
57.77667	-144
57.77833	-144
57.78000	-143
57.78167	-144
57.78333	-145
57.78500	-144
57.78667	-144
57.78833	-144
57.79000	-145
57.79167	-144
57.79333	-144
57.79500	-144
57.79667	-145
57.79833	-144
57.80000	-145
57.80167	-145
57.80333	-145
57.80500	-145
57.80667	-145
57.80833	-146
57.81000	-145
57.81167	-146
57.81333	-146
57.81500	-145
57.81667	-146
57.81833	-147
57.82000	-146
57.82167	-146
57.82333	-146
57.82500	-147
57.82667	-146
57.82833	-146
57.83000	-147
57.83167	-146
57.83333	-147
57.83500	-146
57.83667	-147
57.83833	-147
57.84000	-146
57.84167	-147
57.84333	-146
57.84500	-147
57.84667	-146
57.84833	-146
57.85000	-147
57.85167	-146
57.85333	-147
57.85500	-145
57.85667	-146
57.85833	-146
57.86000	-146
57.86167	-146
57.86333	-146
57.86500	-146
57.86667	-146
57.86833	-146
57.87000	-147
57.87167	-146
57.87333	-146
57.87500	-147
57.87667	-146
57.87833	-147
57.88000	-147
57.88167	-147
57.88333	-147
57.88500	-147
57.88667	-147
57.88833	-147
57.89000	-147
57.89167	-148
57.89333	-147
57.89500	-147
57.89667	-148
57.89833	-147
57.90000	-148
57.90167	-147
57.90333	-148
57.90500	-147
57.90667	-148
57.90833	-147
57.91000	-147
57.91167	-147
57.91333	-147
57.91500	-147
57.91667	-147
57.91833	-146
57.92000	-146
57.92167	-146
57.92333	-147
57.92500	-145
57.92667	-146
57.92833	-145
57.93000	-146
57.93167	-145
57.93333	-145
57.93500	-146
57.93667	-145
57.93833	-145
57.94000	-145
57.94167	-145
57.94333	-145
57.94500	-145
57.94667	-145
57.94833	-145
57.95000	-145
57.95167	-145
57.95333	-145
57.95500	-145
57.95667	-145
57.95833	-145
57.96000	-145
57.96167	-145
57.96333	-145
57.96500	-145
57.96667	-145
57.96833	-146
57.97000	-145
57.97167	-145
57.97333	-145
57.97500	-145
57.97667	-146
57.97833	-146
57.98000	-145
57.98167	-146
57.98333	-146
57.98500	-146
57.98667	-146
57.98833	-146
57.99000	-146
57.99167	-146
57.99333	-146
57.99500	-147
57.99667	-146
57.99833	-146
58.00000	-146
58.00167	-146
58.00333	-145
58.00500	-146
58.00667	-146
58.00833	-145
58.01000	-146
58.01167	-145
58.01333	-145
58.01500	-146
58.01667	-145
58.01833	-145
58.02000	-144
58.02167	-145
58.02333	-144
58.02500	-145
58.02667	-144
58.02833	-144
58.03000	-144
58.03167	-144
58.03333	-143
58.03500	-144
58.03667	-144
58.03833	-144
58.04000	-144
58.04167	-143
58.04333	-144
58.04500	-143
58.04667	-143
58.04833	-143
58.05000	-143
58.05167	-143
58.05333	-143
58.05500	-143
58.05667	-142
58.05833	-142
58.06000	-143
58.06167	-142
58.06333	-142
58.06500	-141
58.06667	-142
58.06833	-142
58.07000	-141
58.07167	-142
58.07333	-141
58.07500	-142
58.07667	-142
58.07833	-141
58.08000	-142
58.08167	-141
58.08333	-142
58.08500	-141
58.08667	-142
58.08833	-142
58.09000	-142
58.09167	-142
58.09333	-143
58.09500	-142
58.09667	-143
58.09833	-142
58.10000	-143
58.10167	-143
58.10333	-143
58.10500	-144
58.10667	-144
58.10833	-143
58.11000	-145
58.11167	-144
58.11333	-144
58.11500	-145
58.11667	-145
58.11833	-145
58.12000	-145
58.12167	-146
58.12333	-145
58.12500	-145
58.12667	-146
58.12833	-146
58.13000	-146
58.13167	-146
58.13333	-146
58.13500	-146
58.13667	-146
58.13833	-146
58.14000	-146
58.14167	-147
58.14333	-146
58.14500	-146
58.14667	-146
58.14833	-145
58.15000	-146
58.15167	-145
58.15333	-145
58.15500	-145
58.15667	-145
58.15833	-144
58.16000	-145
58.16167	-144
58.16333	-144
58.16500	-144
58.16667	-144
58.16833	-144
58.17000	-144
58.17167	-143
58.17333	-143
58.17500	-144
58.17667	-143
58.17833	-143
58.18000	-143
58.18167	-142
58.18333	-143
58.18500	-143
58.18667	-143
58.18833	-143
58.19000	-142
58.19167	-143
58.19333	-143
58.19500	-143
58.19667	-142
58.19833	-143
58.20000	-143
58.20167	-143
58.20333	-144
58.20500	-143
58.20667	-143
58.20833	-144
58.21000	-143
58.21167	-144
58.21333	-144
58.21500	-144
58.21667	-144
58.21833	-143
58.22000	-144
58.22167	-144
58.22333	-144
58.22500	-144
58.22667	-144
58.22833	-144
58.23000	-144
58.23167	-144
58.23333	-144
58.23500	-144
58.23667	-144
58.23833	-145
58.24000	-144
58.24167	-144
58.24333	-145
58.24500	-144
58.24667	-144
58.24833	-145
58.25000	-144
58.25167	-144
58.25333	-145
58.25500	-144
58.25667	-144
58.25833	-144
58.26000	-144
58.26167	-145
58.26333	-144
58.26500	-144
58.26667	-145
58.26833	-144
58.27000	-145
58.27167	-144
58.27333	-145
58.27500	-144
58.27667	-145
58.27833	-144
58.28000	-144
58.28167	-144
58.28333	-145
58.28500	-144
58.28667	-144
58.28833	-145
58.29000	-144
58.29167	-144
58.29333	-144
58.29500	-145
58.29667	-144
58.29833	-145
58.30000	-145
58.30167	-145
58.30333	-145
58.30500	-145
58.30667	-146
58.30833	-145
58.31000	-146
58.31167	-145
58.31333	-146
58.31500	-146
58.31667	-146
58.31833	-146
58.32000	-146
58.32167	-147
58.32333	-145
58.32500	-146
58.32667	-146
58.32833	-146
58.33000	-145
58.33167	-145
58.33333	-145
58.33500	-145
58.33667	-144
58.33833	-145
58.34000	-144
58.34167	-144
58.34333	-144
58.34500	-144
58.34667	-143
58.34833	-143
58.35000	-143
58.35167	-143
58.35333	-142
58.35500	-143
58.35667	-142
58.35833	-142
58.36000	-142
58.36167	-141
58.36333	-142
58.36500	-141
58.36667	-142
58.36833	-142
58.37000	-141
58.37167	-142
58.37333	-141
58.37500	-142
58.37667	-141
58.37833	-142
58.38000	-142
58.38167	-142
58.38333	-141
58.38500	-142
58.38667	-142
58.38833	-142
58.39000	-142
58.39167	-142
58.39333	-142
58.39500	-142
58.39667	-142
58.39833	-143
58.40000	-143
58.40167	-143
58.40333	-143
58.40500	-142
58.40667	-143
58.40833	-143
58.41000	-143
58.41167	-144
58.41333	-143
58.41500	-143
58.41667	-143
58.41833	-143
58.42000	-142
58.42167	-143
58.42333	-142
58.42500	-143
58.42667	-142
58.42833	-143
58.43000	-142
58.43167	-142
58.43333	-142
58.43500	-142
58.43667	-142
58.43833	-142
58.44000	-142
58.44167	-141
58.44333	-141
58.44500	-142
58.44667	-141
58.44833	-141
58.45000	-141
58.45167	-141
58.45333	-141
58.45500	-141
58.45667	-141
58.45833	-141
58.46000	-142
58.46167	-141
58.46333	-142
58.46500	-141
58.46667	-142
58.46833	-141
58.47000	-142
58.47167	-142
58.47333	-142
58.47500	-142
58.47667	-142
58.47833	-142
58.48000	-143
58.48167	-142
58.48333	-143
58.48500	-143
58.48667	-143
58.48833	-143
58.49000	-144
58.49167	-144
58.49333	-143
58.49500	-144
58.49667	-144
58.49833	-144
58.50000	-144
58.50167	-144
58.50333	-145
58.50500	-144
58.50667	-145
58.50833	-144
58.51000	-145
58.51167	-144
58.51333	-144
58.51500	-144
58.51667	-145
58.51833	-144
58.52000	-144
58.52167	-144
58.52333	-143
58.52500	-144
58.52667	-144
58.52833	-144
58.53000	-144
58.53167	-143
58.53333	-144
58.53500	-144
58.53667	-144
58.53833	-144
58.54000	-144
58.54167	-144
58.54333	-144
58.54500	-144
58.54667	-144
58.54833	-144
58.55000	-144
58.55167	-144
58.55333	-145
58.55500	-144
58.55667	-145
58.55833	-144
58.56000	-145
58.56167	-145
58.56333	-144
58.56500	-144
58.56667	-144
58.56833	-144
58.57000	-143
58.57167	-144
58.57333	-144
58.57500	-143
58.57667	-144
58.57833	-143
58.58000	-144
58.58167	-143
58.58333	-143
58.58500	-143
58.58667	-144
58.58833	-143
58.59000	-143
58.59167	-143
58.59333	-144
58.59500	-143
58.59667	-144
58.59833	-144
58.60000	-144
58.60167	-144
58.60333	-145
58.60500	-145
58.60667	-145
58.60833	-145
58.61000	-146
58.61167	-145
58.61333	-146
58.61500	-147
58.61667	-146
58.61833	-147
58.62000	-147
58.62167	-147
58.62333	-148
58.62500	-147
58.62667	-148
58.62833	-148
58.63000	-149
58.63167	-149
58.63333	-149
58.63500	-149
58.63667	-149
58.63833	-150
58.64000	-150
58.64167	-150
58.64333	-150
58.64500	-150
58.64667	-150
58.64833	-150
58.65000	-151
58.65167	-150
58.65333	-151
58.65500	-150
58.65667	-151
58.65833	-150
58.66000	-150
58.66167	-151
58.66333	-150
58.66500	-150
58.66667	-149
58.66833	-150
58.67000	-149
58.67167	-149
58.67333	-149
58.67500	-149
58.67667	-148
58.67833	-148
58.68000	-148
58.68167	-148
58.68333	-147
58.68500	-147
58.68667	-146
58.68833	-147
58.69000	-146
58.69167	-146
58.69333	-146
58.69500	-146
58.69667	-146
58.69833	-146
58.70000	-145
58.70167	-146
58.70333	-145
58.70500	-145
58.70667	-146
58.70833	-145
58.71000	-146
58.71167	-145
58.71333	-146
58.71500	-146
58.71667	-145
58.71833	-146
58.72000	-146
58.72167	-146
58.72333	-146
58.72500	-147
58.72667	-146
58.72833	-147
58.73000	-146
58.73167	-147
58.73333	-147
58.73500	-147
58.73667	-148
58.73833	-147
58.74000	-148
58.74167	-147
58.74333	-148
58.74500	-148
58.74667	-148
58.74833	-148
58.75000	-148
58.75167	-148
58.75333	-149
58.75500	-148
58.75667	-148
58.75833	-148
58.76000	-148
58.76167	-149
58.76333	-148
58.76500	-148
58.76667	-148
58.76833	-147
58.77000	-148
58.77167	-148
58.77333	-147
58.77500	-147
58.77667	-148
58.77833	-147
58.78000	-146
58.78167	-147
58.78333	-147
58.78500	-146
58.78667	-147
58.78833	-146
58.79000	-146
58.79167	-146
58.79333	-146
58.79500	-146
58.79667	-146
58.79833	-147
58.80000	-146
58.80167	-146
58.80333	-146
58.80500	-146
58.80667	-146
58.80833	-147
58.81000	-146
58.81167	-147
58.81333	-146
58.81500	-147
58.81667	-147
58.81833	-147
58.82000	-147
58.82167	-148
58.82333	-147
58.82500	-148
58.82667	-148
58.82833	-149
58.83000	-148
58.83167	-148
58.83333	-149
58.83500	-149
58.83667	-149
58.83833	-149
58.84000	-149
58.84167	-149
58.84333	-149
58.84500	-149
58.84667	-149
58.84833	-150
58.85000	-149
58.85167	-150
58.85333	-149
58.85500	-149
58.85667	-149
58.85833	-149
58.86000	-149
58.86167	-149
58.86333	-149
58.86500	-148
58.86667	-149
58.86833	-148
58.87000	-148
58.87167	-147
58.87333	-148
58.87500	-147
58.87667	-147
58.87833	-147
58.88000	-147
58.88167	-146
58.88333	-147
58.88500	-147
58.88667	-146
58.88833	-146
58.89000	-146
58.89167	-147
58.89333	-145
58.89500	-147
58.89667	-146
58.89833	-146
58.90000	-145
58.90167	-146
58.90333	-146
58.90500	-145
58.90667	-146
58.90833	-146
58.91000	-145
58.91167	-146
58.91333	-146
58.91500	-146
58.91667	-146
58.91833	-146
58.92000	-146
58.92167	-145
58.92333	-146
58.92500	-145
58.92667	-146
58.92833	-146
58.93000	-146
58.93167	-146
58.93333	-146
58.93500	-145
58.93667	-146
58.93833	-145
58.94000	-146
58.94167	-145
58.94333	-145
58.94500	-146
58.94667	-145
58.94833	-145
58.95000	-145
58.95167	-145
58.95333	-145
58.95500	-144
58.95667	-145
58.95833	-145
58.96000	-144
58.96167	-145
58.96333	-144
58.96500	-144
58.96667	-144
58.96833	-145
58.97000	-143
58.97167	-144
58.97333	-144
58.97500	-143
58.97667	-144
58.97833	-143
58.98000	-143
58.98167	-144
58.98333	-143
58.98500	-143
58.98667	-143
58.98833	-143
58.99000	-143
58.99167	-143
58.99333	-143
58.99500	-143
58.99667	-143
58.99833	-143
59.00000	-143
59.00167	-143
59.00333	-143
59.00500	-143
59.00667	-143
59.00833	-144
59.01000	-143
59.01167	-143
59.01333	-143
59.01500	-142
59.01667	-143
59.01833	-143
59.02000	-143
59.02167	-142
59.02333	-143
59.02500	-143
59.02667	-142
59.02833	-143
59.03000	-142
59.03167	-142
59.03333	-142
59.03500	-142
59.03667	-141
59.03833	-142
59.04000	-141
59.04167	-141
59.04333	-142
59.04500	-141
59.04667	-141
59.04833	-141
59.05000	-141
59.05167	-142
59.05333	-141
59.05500	-142
59.05667	-141
59.05833	-141
59.06000	-141
59.06167	-141
59.06333	-141
59.06500	-141
59.06667	-141
59.06833	-142
59.07000	-141
59.07167	-142
59.07333	-141
59.07500	-141
59.07667	-141
59.07833	-141
59.08000	-141
59.08167	-141
59.08333	-141
59.08500	-142
59.08667	-141
59.08833	-141
59.09000	-142
59.09167	-141
59.09333	-141
59.09500	-142
59.09667	-142
59.09833	-142
59.10000	-141
59.10167	-142
59.10333	-143
59.10500	-142
59.10667	-142
59.10833	-143
59.11000	-142
59.11167	-144
59.11333	-143
59.11500	-143
59.11667	-144
59.11833	-144
59.12000	-144
59.12167	-144
59.12333	-144
59.12500	-145
59.12667	-144
59.12833	-145
59.13000	-145
59.13167	-145
59.13333	-145
59.13500	-145
59.13667	-145
59.13833	-145
59.14000	-146
59.14167	-145
59.14333	-145
59.14500	-145
59.14667	-144
59.14833	-145
59.15000	-145
59.15167	-144
59.15333	-144
59.15500	-144
59.15667	-144
59.15833	-144
59.16000	-143
59.16167	-144
59.16333	-143
59.16500	-144
59.16667	-143
59.16833	-144
59.17000	-143
59.17167	-143
59.17333	-143
59.17500	-143
59.17667	-143
59.17833	-143
59.18000	-143
59.18167	-143
59.18333	-143
59.18500	-144
59.18667	-143
59.18833	-144
59.19000	-143
59.19167	-144
59.19333	-144
59.19500	-144
59.19667	-144
59.19833	-144
59.20000	-145
59.20167	-144
59.20333	-144
59.20500	-145
59.20667	-144
59.20833	-144
59.21000	-145
59.21167	-144
59.21333	-145
59.21500	-144
59.21667	-144
59.21833	-145
59.22000	-144
59.22167	-144
59.22333	-144
59.22500	-145
59.22667	-144
59.22833	-144
59.23000	-143
59.23167	-144
59.23333	-144
59.23500	-144
59.23667	-144
59.23833	-144
59.24000	-143
59.24167	-144
59.24333	-144
59.24500	-143
59.24667	-143
59.24833	-144
59.25000	-143
59.25167	-143
59.25333	-143
59.25500	-144
59.25667	-144
59.25833	-144
59.26000	-143
59.26167	-144
59.26333	-144
59.26500	-144
59.26667	-144
59.26833	-143
59.27000	-144
59.27167	-144
59.27333	-143
59.27500	-144
59.27667	-145
59.27833	-144
59.28000	-144
59.28167	-144
59.28333	-145
59.28500	-145
59.28667	-144
59.28833	-145
59.29000	-145
59.29167	-146
59.29333	-145
59.29500	-145
59.29667	-146
59.29833	-145
59.30000	-145
59.30167	-146
59.30333	-145
59.30500	-145
59.30667	-145
59.30833	-146
59.31000	-145
59.31167	-145
59.31333	-145
59.31500	-145
59.31667	-145
59.31833	-145
59.32000	-145
59.32167	-145
59.32333	-144
59.32500	-145
59.32667	-144
59.32833	-145
59.33000	-144
59.33167	-145
59.33333	-145
59.33500	-145
59.33667	-144
59.33833	-145
59.34000	-145
59.34167	-145
59.34333	-145
59.34500	-146
59.34667	-145
59.34833	-145
59.35000	-145
59.35167	-146
59.35333	-145
59.35500	-145
59.35667	-146
59.35833	-145
59.36000	-145
59.36167	-146
59.36333	-145
59.36500	-145
59.36667	-145
59.36833	-145
59.37000	-144
59.37167	-145
59.37333	-145
59.37500	-144
59.37667	-144
59.37833	-144
59.38000	-144
59.38167	-144
59.38333	-143
59.38500	-143
59.38667	-144
59.38833	-143
59.39000	-143
59.39167	-144
59.39333	-143
59.39500	-144
59.39667	-143
59.39833	-143
59.40000	-143
59.40167	-144
59.40333	-143
59.40500	-144
59.40667	-143
59.40833	-145
59.41000	-144
59.41167	-144
59.41333	-145
59.41500	-144
59.41667	-145
59.41833	-144
59.42000	-145
59.42167	-146
59.42333	-145
59.42500	-145
59.42667	-146
59.42833	-145
59.43000	-146
59.43167	-145
59.43333	-146
59.43500	-146
59.43667	-146
59.43833	-146
59.44000	-146
59.44167	-146
59.44333	-146
59.44500	-146
59.44667	-146
59.44833	-146
59.45000	-146
59.45167	-146
59.45333	-145
59.45500	-146
59.45667	-147
59.45833	-146
59.46000	-146
59.46167	-146
59.46333	-147
59.46500	-146
59.46667	-146
59.46833	-146
59.47000	-146
59.47167	-146
59.47333	-147
59.47500	-146
59.47667	-147
59.47833	-146
59.48000	-147
59.48167	-147
59.48333	-147
59.48500	-147
59.48667	-147
59.48833	-147
59.49000	-147
59.49167	-147
59.49333	-147
59.49500	-147
59.49667	-148
59.49833	-147
59.50000	-147
59.50167	-147
59.50333	-148
59.50500	-147
59.50667	-147
59.50833	-148
59.51000	-147
59.51167	-148
59.51333	-148
59.51500	-147
59.51667	-148
59.51833	-148
59.52000	-148
59.52167	-147
59.52333	-148
59.52500	-147
59.52667	-147
59.52833	-148
59.53000	-147
59.53167	-147
59.53333	-147
59.53500	-146
59.53667	-147
59.53833	-146
59.54000	-146
59.54167	-146
59.54333	-146
59.54500	-146
59.54667	-145
59.54833	-145
59.55000	-145
59.55167	-145
59.55333	-145
59.55500	-144
59.55667	-145
59.55833	-144
59.56000	-144
59.56167	-144
59.56333	-144
59.56500	-143
59.56667	-144
59.56833	-143
59.57000	-144
59.57167	-143
59.57333	-143
59.57500	-144
59.57667	-143
59.57833	-144
59.58000	-143
59.58167	-144
59.58333	-143
59.58500	-144
59.58667	-143
59.58833	-144
59.59000	-143
59.59167	-144
59.59333	-144
59.59500	-143
59.59667	-144
59.59833	-144
59.60000	-144
59.60167	-144
59.60333	-144
59.60500	-144
59.60667	-144
59.60833	-145
59.61000	-144
59.61167	-144
59.61333	-145
59.61500	-144
59.61667	-145
59.61833	-145
59.62000	-145
59.62167	-145
59.62333	-145
59.62500	-145
59.62667	-145
59.62833	-146
59.63000	-145
59.63167	-146
59.63333	-146
59.63500	-146
59.63667	-146
59.63833	-145
59.64000	-146
59.64167	-146
59.64333	-146
59.64500	-146
59.64667	-146
59.64833	-145
59.65000	-146
59.65167	-145
59.65333	-145
59.65500	-146
59.65667	-145
59.65833	-144
59.66000	-145
59.66167	-145
59.66333	-145
59.66500	-145
59.66667	-144
59.66833	-144
59.67000	-145
59.67167	-144
59.67333	-144
59.67500	-143
59.67667	-144
59.67833	-144
59.68000	-143
59.68167	-144
59.68333	-144
59.68500	-143
59.68667	-144
59.68833	-143
59.69000	-144
59.69167	-143
59.69333	-143
59.69500	-144
59.69667	-143
59.69833	-144
59.70000	-143
59.70167	-144
59.70333	-144
59.70500	-144
59.70667	-143
59.70833	-144
59.71000	-144
59.71167	-144
59.71333	-144
59.71500	-144
59.71667	-145
59.71833	-144
59.72000	-144
59.72167	-144
59.72333	-145
59.72500	-144
59.72667	-145
59.72833	-145
59.73000	-145
59.73167	-146
59.73333	-145
59.73500	-146
59.73667	-145
59.73833	-146
59.74000	-146
59.74167	-146
59.74333	-146
59.74500	-146
59.74667	-147
59.74833	-147
59.75000	-147
59.75167	-147
59.75333	-148
59.75500	-147
59.75667	-148
59.75833	-148
59.76000	-149
59.76167	-148
59.76333	-149
59.76500	-148
59.76667	-149
59.76833	-149
59.77000	-149
59.77167	-149
59.77333	-149
59.77500	-149
59.77667	-149
59.77833	-149
59.78000	-149
59.78167	-149
59.78333	-149
59.78500	-149
59.78667	-149
59.78833	-148
59.79000	-148
59.79167	-149
59.79333	-148
59.79500	-148
59.79667	-148
59.79833	-148
59.80000	-148
59.80167	-148
59.80333	-148
59.80500	-147
59.80667	-148
59.80833	-148
59.81000	-148
59.81167	-148
59.81333	-147
59.81500	-148
59.81667	-148
59.81833	-148
59.82000	-147
59.82167	-148
59.82333	-148
59.82500	-148
59.82667	-148
59.82833	-147
59.83000	-148
59.83167	-147
59.83333	-147
59.83500	-147
59.83667	-147
59.83833	-147
59.84000	-146
59.84167	-147
59.84333	-147
59.84500	-146
59.84667	-146
59.84833	-146
59.85000	-146
59.85167	-146
59.85333	-145
59.85500	-145
59.85667	-145
59.85833	-145
59.86000	-145
59.86167	-144
59.86333	-145
59.86500	-144
59.86667	-145
59.86833	-144
59.87000	-144
59.87167	-144
59.87333	-144
59.87500	-144
59.87667	-144
59.87833	-144
59.88000	-144
59.88167	-143
59.88333	-144
59.88500	-144
59.88667	-144
59.88833	-144
59.89000	-144
59.89167	-144
59.89333	-144
59.89500	-144
59.89667	-144
59.89833	-143
59.90000	-144
59.90167	-144
59.90333	-144
59.90500	-144
59.90667	-144
59.90833	-144
59.91000	-144
59.91167	-144
59.91333	-144
59.91500	-143
59.91667	-144
59.91833	-143
59.92000	-144
59.92167	-143
59.92333	-144
59.92500	-143
59.92667	-143
59.92833	-143
59.93000	-143
59.93167	-142
59.93333	-143
59.93500	-143
59.93667	-142
59.93833	-143
59.94000	-142
59.94167	-143
59.94333	-142
59.94500	-143
59.94667	-142
59.94833	-142
59.95000	-143
59.95167	-142
59.95333	-143
59.95500	-143
59.95667	-142
59.95833	-143
59.96000	-143
59.96167	-143
59.96333	-143
59.96500	-144
59.96667	-143
59.96833	-144
59.97000	-143
59.97167	-144
59.97333	-144
59.97500	-143
59.97667	-144
59.97833	-143
59.98000	-144
59.98167	-144
59.98333	-144
59.98500	-143
59.98667	-144
59.98833	-143
59.99000	-144
59.99167	-144
59.99333	-143
59.99500	-144
59.99667	-144
59.99833	-143
60.00000	-144
60.00167	-144
60.00333	-143
60.00500	-143
60.00667	-144
60.00833	-144
60.01000	-143
60.01167	-144
60.01333	-144
60.01500	-143
60.01667	-144
60.01833	-144
60.02000	-144
60.02167	-143
60.02333	-144
60.02500	-144
60.02667	-144
60.02833	-143
60.03000	-144
60.03167	-144
60.03333	-143
60.03500	-144
60.03667	-143
60.03833	-144
60.04000	-143
60.04167	-144
60.04333	-143
60.04500	-144
60.04667	-143
60.04833	-143
60.05000	-144
60.05167	-143
60.05333	-144
60.05500	-143
60.05667	-143
60.05833	-144
60.06000	-143
60.06167	-143
60.06333	-143
60.06500	-144
60.06667	-143
60.06833	-144
60.07000	-144
60.07167	-143
60.07333	-144
60.07500	-144
60.07667	-144
60.07833	-144
60.08000	-144
60.08167	-144
60.08333	-144
60.08500	-145
60.08667	-144
60.08833	-144
60.09000	-144
60.09167	-145
60.09333	-144
60.09500	-145
60.09667	-144
60.09833	-144
60.10000	-144
60.10167	-145
60.10333	-144
60.10500	-145
60.10667	-144
60.10833	-145
60.11000	-144
60.11167	-144
60.11333	-144
60.11500	-145
60.11667	-144
60.11833	-144
60.12000	-144
60.12167	-145
60.12333	-144
60.12500	-144
60.12667	-145
60.12833	-144
60.13000	-144
60.13167	-144
60.13333	-144
60.13500	-145
60.13667	-144
60.13833	-144
60.14000	-144
60.14167	-144
60.14333	-144
60.14500	-144
60.14667	-145
60.14833	-144
60.15000	-144
60.15167	-144
60.15333	-145
60.15500	-144
60.15667	-145
60.15833	-145
60.16000	-144
60.16167	-146
60.16333	-145
60.16500	-145
60.16667	-145
60.16833	-146
60.17000	-145
60.17167	-146
60.17333	-146
60.17500	-146
60.17667	-145
60.17833	-146
60.18000	-146
60.18167	-147
60.18333	-145
60.18500	-146
60.18667	-146
60.18833	-146
60.19000	-146
60.19167	-146
60.19333	-146
60.19500	-145
60.19667	-146
60.19833	-145
60.20000	-146
60.20167	-145
60.20333	-146
60.20500	-145
60.20667	-145
60.20833	-146
60.21000	-145
60.21167	-145
60.21333	-145
60.21500	-145
60.21667	-145
60.21833	-145
60.22000	-145
60.22167	-145
60.22333	-145
60.22500	-145
60.22667	-145
60.22833	-145
60.23000	-145
60.23167	-145
60.23333	-144
60.23500	-145
60.23667	-145
60.23833	-145
60.24000	-145
60.24167	-144
60.24333	-145
60.24500	-145
60.24667	-145
60.24833	-144
60.25000	-145
60.25167	-145
60.25333	-144
60.25500	-145
60.25667	-144
60.25833	-144
60.26000	-145
60.26167	-144
60.26333	-144
60.26500	-143
60.26667	-144
60.26833	-143
60.27000	-143
60.27167	-144
60.27333	-143
60.27500	-143
60.27667	-143
60.27833	-142
60.28000	-142
60.28167	-143
60.28333	-142
60.28500	-142
60.28667	-142
60.28833	-142
60.29000	-142
60.29167	-143
60.29333	-142
60.29500	-142
60.29667	-142
60.29833	-142
60.30000	-142
60.30167	-141
60.30333	-142
60.30500	-142
60.30667	-142
60.30833	-141
60.31000	-142
60.31167	-142
60.31333	-142
60.31500	-142
60.31667	-142
60.31833	-142
60.32000	-142
60.32167	-143
60.32333	-142
60.32500	-143
60.32667	-142
60.32833	-143
60.33000	-143
60.33167	-143
60.33333	-144
60.33500	-143
60.33667	-144
60.33833	-144
60.34000	-144
60.34167	-145
60.34333	-144
60.34500	-145
60.34667	-145
60.34833	-144
60.35000	-145
60.35167	-145
60.35333	-145
60.35500	-145
60.35667	-144
60.35833	-145
60.36000	-145
60.36167	-144
60.36333	-145
60.36500	-145
60.36667	-145
60.36833	-144
60.37000	-145
60.37167	-145
60.37333	-145
60.37500	-145
60.37667	-145
60.37833	-144
60.38000	-145
60.38167	-145
60.38333	-145
60.38500	-145
60.38667	-145
60.38833	-145
60.39000	-145
60.39167	-146
60.39333	-146
60.39500	-145
60.39667	-146
60.39833	-146
60.40000	-146
60.40167	-146
60.40333	-147
60.40500	-146
60.40667	-146
60.40833	-147
60.41000	-147
60.41167	-147
60.41333	-148
60.41500	-147
60.41667	-148
60.41833	-148
60.42000	-147
60.42167	-149
60.42333	-148
60.42500	-148
60.42667	-149
60.42833	-149
60.43000	-149
60.43167	-149
60.43333	-150
60.43500	-150
60.43667	-149
60.43833	-150
60.44000	-150
60.44167	-150
60.44333	-150
60.44500	-149
60.44667	-150
60.44833	-149
60.45000	-150
60.45167	-149
60.45333	-150
60.45500	-149
60.45667	-150
60.45833	-150
60.46000	-149
60.46167	-149
60.46333	-150
60.46500	-149
60.46667	-149
60.46833	-150
60.47000	-149
60.47167	-149
60.47333	-148
60.47500	-149
60.47667	-149
60.47833	-149
60.48000	-150
60.48167	-149
60.48333	-148
60.48500	-149
60.48667	-149
60.48833	-148
60.49000	-149
60.49167	-148
60.49333	-149
60.49500	-148
60.49667	-148
60.49833	-148
60.50000	-147
60.50167	-148
60.50333	-147
60.50500	-147
60.50667	-147
60.50833	-147
60.51000	-147
60.51167	-146
60.51333	-146
60.51500	-146
60.51667	-146
60.51833	-145
60.52000	-146
60.52167	-146
60.52333	-145
60.52500	-146
60.52667	-145
60.52833	-145
60.53000	-146
60.53167	-145
60.53333	-145
60.53500	-146
60.53667	-145
60.53833	-145
60.54000	-146
60.54167	-145
60.54333	-145
60.54500	-146
60.54667	-145
60.54833	-145
60.55000	-145
60.55167	-146
60.55333	-145
60.55500	-145
60.55667	-145
60.55833	-144
60.56000	-145
60.56167	-145
60.56333	-145
60.56500	-144
60.56667	-145
60.56833	-144
60.57000	-145
60.57167	-144
60.57333	-145
60.57500	-144
60.57667	-144
60.57833	-145
60.58000	-144
60.58167	-144
60.58333	-143
60.58500	-144
60.58667	-144
60.58833	-144
60.59000	-144
60.59167	-145
60.59333	-144
60.59500	-144
60.59667	-144
60.59833	-144
60.60000	-144
60.60167	-144
60.60333	-144
60.60500	-144
60.60667	-145
60.60833	-144
60.61000	-144
60.61167	-144
60.61333	-145
60.61500	-144
60.61667	-144
60.61833	-144
60.62000	-144
60.62167	-144
60.62333	-143
60.62500	-144
60.62667	-144
60.62833	-144
60.63000	-144
60.63167	-143
60.63333	-144
60.63500	-143
60.63667	-143
60.63833	-144
60.64000	-143
60.64167	-143
60.64333	-142
60.64500	-143
60.64667	-143
60.64833	-143
60.65000	-143
60.65167	-143
60.65333	-142
60.65500	-143
60.65667	-143
60.65833	-143
60.66000	-143
60.66167	-142
60.66333	-143
60.66500	-143
60.66667	-143
60.66833	-142
60.67000	-143
60.67167	-143
60.67333	-143
60.67500	-143
60.67667	-143
60.67833	-143
60.68000	-142
60.68167	-143
60.68333	-143
60.68500	-143
60.68667	-143
60.68833	-143
60.69000	-142
60.69167	-143
60.69333	-142
60.69500	-143
60.69667	-142
60.69833	-142
60.70000	-142
60.70167	-142
60.70333	-142
60.70500	-141
60.70667	-142
60.70833	-142
60.71000	-142
60.71167	-141
60.71333	-142
60.71500	-141
60.71667	-142
60.71833	-141
60.72000	-141
60.72167	-141
60.72333	-141
60.72500	-141
60.72667	-141
60.72833	-141
60.73000	-140
60.73167	-141
60.73333	-141
60.73500	-141
60.73667	-141
60.73833	-140
60.74000	-141
60.74167	-141
60.74333	-142
60.74500	-141
60.74667	-142
60.74833	-141
60.75000	-142
60.75167	-142
60.75333	-143
60.75500	-142
60.75667	-143
60.75833	-143
60.76000	-143
60.76167	-144
60.76333	-144
60.76500	-144
60.76667	-144
60.76833	-144
60.77000	-145
60.77167	-144
60.77333	-145
60.77500	-145
60.77667	-144
60.77833	-145
60.78000	-145
60.78167	-144
60.78333	-145
60.78500	-145
60.78667	-145
60.78833	-145
60.79000	-145
60.79167	-144
60.79333	-145
60.79500	-144
60.79667	-145
60.79833	-144
60.80000	-144
60.80167	-144
60.80333	-144
60.80500	-144
60.80667	-144
60.80833	-143
60.81000	-144
60.81167	-143
60.81333	-144
60.81500	-143
60.81667	-143
60.81833	-143
60.82000	-142
60.82167	-143
60.82333	-143
60.82500	-143
60.82667	-143
60.82833	-143
60.83000	-143
60.83167	-143
60.83333	-143
60.83500	-143
60.83667	-143
60.83833	-144
60.84000	-143
60.84167	-143
60.84333	-144
60.84500	-143
60.84667	-143
60.84833	-143
60.85000	-144
60.85167	-143
60.85333	-143
60.85500	-143
60.85667	-143
60.85833	-142
60.86000	-143
60.86167	-143
60.86333	-142
60.86500	-143
60.86667	-142
60.86833	-142
60.87000	-141
60.87167	-142
60.87333	-142
60.87500	-142
60.87667	-141
60.87833	-142
60.88000	-141
60.88167	-142
60.88333	-141
60.88500	-141
60.88667	-142
60.88833	-141
60.89000	-142
60.89167	-142
60.89333	-142
60.89500	-143
60.89667	-142
60.89833	-142
60.90000	-143
60.90167	-143
60.90333	-142
60.90500	-144
60.90667	-143
60.90833	-143
60.91000	-143
60.91167	-144
60.91333	-144
60.91500	-144
60.91667	-145
60.91833	-144
60.92000	-145
60.92167	-144
60.92333	-145
60.92500	-145
60.92667	-145
60.92833	-145
60.93000	-145
60.93167	-146
60.93333	-145
60.93500	-145
60.93667	-145
60.93833	-145
60.94000	-145
60.94167	-144
60.94333	-145
60.94500	-144
60.94667	-144
60.94833	-143
60.95000	-144
60.95167	-143
60.95333	-143
60.95500	-143
60.95667	-143
60.95833	-142
60.96000	-142
60.96167	-142
60.96333	-142
60.96500	-142
60.96667	-141
60.96833	-141
60.97000	-141
60.97167	-141
60.97333	-140
60.97500	-141
60.97667	-140
60.97833	-139
60.98000	-140
60.98167	-140
60.98333	-139
60.98500	-139
60.98667	-140
60.98833	-139
60.99000	-139
60.99167	-140
60.99333	-139
60.99500	-139
60.99667	-139
60.99833	-139
61.00000	-140
61.00167	-139
61.00333	-140
61.00500	-140
61.00667	-139
61.00833	-140
61.01000	-140
61.01167	-140
61.01333	-139
61.01500	-140
61.01667	-140
61.01833	-140
61.02000	-141
61.02167	-140
61.02333	-140
61.02500	-141
61.02667	-140
61.02833	-141
61.03000	-141
61.03167	-141
61.03333	-141
61.03500	-142
61.03667	-141
61.03833	-142
61.04000	-142
61.04167	-142
61.04333	-141
61.04500	-142
61.04667	-142
61.04833	-142
61.05000	-142
61.05167	-141
61.05333	-142
61.05500	-141
61.05667	-142
61.05833	-141
61.06000	-142
61.06167	-142
61.06333	-141
61.06500	-142
61.06667	-142
61.06833	-142
61.07000	-141
61.07167	-142
61.07333	-142
61.07500	-141
61.07667	-142
61.07833	-142
61.08000	-142
61.08167	-142
61.08333	-143
61.08500	-142
61.08667	-143
61.08833	-142
61.09000	-143
61.09167	-142
61.09333	-143
61.09500	-143
61.09667	-142
61.09833	-143
61.10000	-142
61.10167	-143
61.10333	-142
61.10500	-143
61.10667	-143
61.10833	-142
61.11000	-143
61.11167	-143
61.11333	-143
61.11500	-143
61.11667	-143
61.11833	-143
61.12000	-143
61.12167	-143
61.12333	-143
61.12500	-144
61.12667	-143
61.12833	-144
61.13000	-143
61.13167	-144
61.13333	-144
61.13500	-144
61.13667	-144
61.13833	-143
61.14000	-144
61.14167	-144
61.14333	-144
61.14500	-143
61.14667	-144
61.14833	-143
61.15000	-144
61.15167	-143
61.15333	-143
61.15500	-143
61.15667	-143
61.15833	-143
61.16000	-143
61.16167	-143
61.16333	-143
61.16500	-143
61.16667	-143
61.16833	-143
61.17000	-143
61.17167	-142
61.17333	-143
61.17500	-142
61.17667	-143
61.17833	-142
61.18000	-142
61.18167	-143
61.18333	-142
61.18500	-142
61.18667	-143
61.18833	-142
61.19000	-143
61.19167	-142
61.19333	-142
61.19500	-143
61.19667	-142
61.19833	-142
61.20000	-142
61.20167	-142
61.20333	-142
61.20500	-142
61.20667	-142
61.20833	-142
61.21000	-141
61.21167	-141
61.21333	-142
61.21500	-141
61.21667	-141
61.21833	-142
61.22000	-141
61.22167	-141
61.22333	-141
61.22500	-141
61.22667	-141
61.22833	-141
61.23000	-141
61.23167	-142
61.23333	-141
61.23500	-141
61.23667	-141
61.23833	-142
61.24000	-141
61.24167	-141
61.24333	-141
61.24500	-142
61.24667	-141
61.24833	-142
61.25000	-142
61.25167	-142
61.25333	-141
61.25500	-143
61.25667	-142
61.25833	-142
61.26000	-142
61.26167	-143
61.26333	-143
61.26500	-143
61.26667	-143
61.26833	-144
61.27000	-143
61.27167	-144
61.27333	-144
61.27500	-145
61.27667	-144
61.27833	-145
61.28000	-145
61.28167	-146
61.28333	-145
61.28500	-145
61.28667	-146
61.28833	-146
61.29000	-146
61.29167	-146
61.29333	-145
61.29500	-146
61.29667	-146
61.29833	-146
61.30000	-146
61.30167	-146
61.30333	-146
61.30500	-146
61.30667	-146
61.30833	-146
61.31000	-146
61.31167	-145
61.31333	-146
61.31500	-145
61.31667	-145
61.31833	-145
61.32000	-145
61.32167	-145
61.32333	-144
61.32500	-144
61.32667	-144
61.32833	-144
61.33000	-144
61.33167	-144
61.33333	-143
61.33500	-144
61.33667	-143
61.33833	-143
61.34000	-143
61.34167	-143
61.34333	-142
61.34500	-143
61.34667	-143
61.34833	-143
61.35000	-143
61.35167	-143
61.35333	-143
61.35500	-143
61.35667	-143
61.35833	-144
61.36000	-143
61.36167	-144
61.36333	-143
61.36500	-144
61.36667	-144
61.36833	-145
61.37000	-145
61.37167	-145
61.37333	-145
61.37500	-145
61.37667	-146
61.37833	-145
61.38000	-146
61.38167	-145
61.38333	-146
61.38500	-146
61.38667	-146
61.38833	-146
61.39000	-146
61.39167	-146
61.39333	-146
61.39500	-146
61.39667	-146
61.39833	-145
61.40000	-146
61.40167	-146
61.40333	-145
61.40500	-146
61.40667	-145
61.40833	-145
61.41000	-145
61.41167	-146
61.41333	-145
61.41500	-145
61.41667	-145
61.41833	-145
61.42000	-145
61.42167	-146
61.42333	-145
61.42500	-145
61.42667	-145
61.42833	-146
61.43000	-145
61.43167	-145
61.43333	-145
61.43500	-146
61.43667	-145
61.43833	-145
61.44000	-145
61.44167	-145
61.44333	-145
61.44500	-145
61.44667	-145
61.44833	-145
61.45000	-144
61.45167	-145
61.45333	-145
61.45500	-144
61.45667	-145
61.45833	-144
61.46000	-144
61.46167	-145
61.46333	-144
61.46500	-144
61.46667	-143
61.46833	-144
61.47000	-143
61.47167	-143
61.47333	-143
61.47500	-143
61.47667	-143
61.47833	-142
61.48000	-143
61.48167	-143
61.48333	-142
61.48500	-142
61.48667	-142
61.48833	-141
61.49000	-142
61.49167	-142
61.49333	-141
61.49500	-141
61.49667	-142
61.49833	-141
61.50000	-141
61.50167	-141
61.50333	-141
61.50500	-141
61.50667	-141
61.50833	-141
61.51000	-141
61.51167	-141
61.51333	-140
61.51500	-141
61.51667	-140
61.51833	-141
61.52000	-140
61.52167	-141
61.52333	-141
61.52500	-141
61.52667	-140
61.52833	-141
61.53000	-141
61.53167	-141
61.53333	-141
61.53500	-141
61.53667	-140
61.53833	-141
61.54000	-141
61.54167	-140
61.54333	-141
61.54500	-141
61.54667	-141
61.54833	-140
61.55000	-141
61.55167	-141
61.55333	-140
61.55500	-141
61.55667	-140
61.55833	-140
61.56000	-141
61.56167	-140
61.56333	-140
61.56500	-141
61.56667	-140
61.56833	-141
61.57000	-141
61.57167	-140
61.57333	-141
61.57500	-141
61.57667	-141
61.57833	-141
61.58000	-141
61.58167	-141
61.58333	-142
61.58500	-141
61.58667	-142
61.58833	-141
61.59000	-142
61.59167	-142
61.59333	-142
61.59500	-142
61.59667	-142
61.59833	-142
61.60000	-143
61.60167	-143
61.60333	-143
61.60500	-143
61.60667	-143
61.60833	-143
61.61000	-143
61.61167	-143
61.61333	-142
61.61500	-143
61.61667	-143
61.61833	-143
61.62000	-143
61.62167	-143
61.62333	-143
61.62500	-142
61.62667	-143
61.62833	-142
61.63000	-142
61.63167	-143
61.63333	-142
61.63500	-142
61.63667	-142
61.63833	-142
61.64000	-142
61.64167	-142
61.64333	-142
61.64500	-142
61.64667	-142
61.64833	-142
61.65000	-142
61.65167	-142
61.65333	-142
61.65500	-142
61.65667	-143
61.65833	-142
61.66000	-142
61.66167	-143
61.66333	-143
61.66500	-143
61.66667	-143
61.66833	-143
61.67000	-143
61.67167	-143
61.67333	-144
61.67500	-143
61.67667	-144
61.67833	-145
61.68000	-143
61.68167	-144
61.68333	-144
61.68500	-144
61.68667	-144
61.68833	-144
61.69000	-144
61.69167	-144
61.69333	-144
61.69500	-143
61.69667	-144
61.69833	-143
61.70000	-143
61.70167	-144
61.70333	-142
61.70500	-143
61.70667	-143
61.70833	-142
61.71000	-142
61.71167	-142
61.71333	-142
61.71500	-142
61.71667	-142
61.71833	-142
61.72000	-141
61.72167	-142
61.72333	-141
61.72500	-142
61.72667	-141
61.72833	-142
61.73000	-141
61.73167	-142
61.73333	-141
61.73500	-142
61.73667	-142
61.73833	-142
61.74000	-142
61.74167	-143
61.74333	-142
61.74500	-143
61.74667	-143
61.74833	-143
61.75000	-144
61.75167	-143
61.75333	-144
61.75500	-144
61.75667	-144
61.75833	-144
61.76000	-145
61.76167	-144
61.76333	-145
61.76500	-145
61.76667	-145
61.76833	-144
61.77000	-145
61.77167	-145
61.77333	-145
61.77500	-144
61.77667	-145
61.77833	-144
61.78000	-145
61.78167	-144
61.78333	-144
61.78500	-144
61.78667	-143
61.78833	-143
61.79000	-143
61.79167	-143
61.79333	-143
61.79500	-142
61.79667	-142
61.79833	-142
61.80000	-142
61.80167	-141
61.80333	-141
61.80500	-141
61.80667	-141
61.80833	-140
61.81000	-141
61.81167	-140
61.81333	-140
61.81500	-139
61.81667	-140
61.81833	-139
61.82000	-139
61.82167	-139
61.82333	-138
61.82500	-138
61.82667	-139
61.82833	-138
61.83000	-138
61.83167	-138
61.83333	-138
61.83500	-138
61.83667	-138
61.83833	-137
61.84000	-138
61.84167	-138
61.84333	-137
61.84500	-138
61.84667	-137
61.84833	-138
61.85000	-138
61.85167	-138
61.85333	-138
61.85500	-138
61.85667	-138
61.85833	-138
61.86000	-139
61.86167	-138
61.86333	-138
61.86500	-139
61.86667	-138
61.86833	-138
61.87000	-138
61.87167	-139
61.87333	-138
61.87500	-138
61.87667	-139
61.87833	-138
61.88000	-138
61.88167	-139
61.88333	-138
61.88500	-139
61.88667	-139
61.88833	-138
61.89000	-139
61.89167	-140
61.89333	-139
61.89500	-139
61.89667	-140
61.89833	-140
61.90000	-140
61.90167	-140
61.90333	-141
61.90500	-141
61.90667	-141
61.90833	-141
61.91000	-141
61.91167	-141
61.91333	-141
61.91500	-142
61.91667	-142
61.91833	-142
61.92000	-141
61.92167	-142
61.92333	-142
61.92500	-142
61.92667	-142
61.92833	-142
61.93000	-141
61.93167	-142
61.93333	-142
61.93500	-141
61.93667	-142
61.93833	-141
61.94000	-142
61.94167	-142
61.94333	-141
61.94500	-142
61.94667	-142
61.94833	-141
61.95000	-142
61.95167	-141
61.95333	-142
61.95500	-142
61.95667	-141
61.95833	-141
61.96000	-142
61.96167	-142
61.96333	-142
61.96500	-142
61.96667	-142
61.96833	-142
61.97000	-143
61.97167	-142
61.97333	-143
61.97500	-143
61.97667	-142
61.97833	-143
61.98000	-143
61.98167	-143
61.98333	-142
61.98500	-143
61.98667	-143
61.98833	-144
61.99000	-143
61.99167	-143
61.99333	-144
61.99500	-143
61.99667	-144
61.99833	-144
62.00000	-144
62.00167	-144
62.00333	-144
62.00500	-144
62.00667	-144
62.00833	-144
62.01000	-144
62.01167	-144
62.01333	-144
62.01500	-144
62.01667	-143
62.01833	-144
62.02000	-143
62.02167	-144
62.02333	-143
62.02500	-143
62.02667	-143
62.02833	-143
62.03000	-142
62.03167	-143
62.03333	-142
62.03500	-142
62.03667	-141
62.03833	-142
62.04000	-141
62.04167	-141
62.04333	-141
62.04500	-142
62.04667	-140
62.04833	-141
62.05000	-140
62.05167	-141
62.05333	-140
62.05500	-140
62.05667	-139
62.05833	-140
62.06000	-139
62.06167	-140
62.06333	-139
62.06500	-139
62.06667	-139
62.06833	-139
62.07000	-139
62.07167	-138
62.07333	-139
62.07500	-138
62.07667	-139
62.07833	-138
62.08000	-138
62.08167	-139
62.08333	-138
62.08500	-139
62.08667	-139
62.08833	-138
62.09000	-139
62.09167	-138
62.09333	-139
62.09500	-139
62.09667	-138
62.09833	-139
62.10000	-139
62.10167	-138
62.10333	-139
62.10500	-139
62.10667	-139
62.10833	-138
62.11000	-139
62.11167	-139
62.11333	-138
62.11500	-139
62.11667	-138
62.11833	-139
62.12000	-138
62.12167	-139
62.12333	-139
62.12500	-138
62.12667	-139
62.12833	-139
62.13000	-138
62.13167	-139
62.13333	-139
62.13500	-139
62.13667	-139
62.13833	-139
62.14000	-139
62.14167	-139
62.14333	-139
62.14500	-140
62.14667	-139
62.14833	-139
62.15000	-140
62.15167	-139
62.15333	-140
62.15500	-139
62.15667	-139
62.15833	-140
62.16000	-139
62.16167	-139
62.16333	-139
62.16500	-139
62.16667	-139
62.16833	-139
62.17000	-139
62.17167	-138
62.17333	-139
62.17500	-138
62.17667	-139
62.17833	-138
62.18000	-138
62.18167	-138
62.18333	-138
62.18500	-138
62.18667	-137
62.18833	-138
62.19000	-137
62.19167	-137
62.19333	-136
62.19500	-137
62.19667	-136
62.19833	-136
62.20000	-136
62.20167	-136
62.20333	-135
62.20500	-136
62.20667	-135
62.20833	-135
62.21000	-135
62.21167	-135
62.21333	-135
62.21500	-134
62.21667	-135
62.21833	-134
62.22000	-135
62.22167	-134
62.22333	-135
62.22500	-135
62.22667	-135
62.22833	-135
62.23000	-135
62.23167	-136
62.23333	-135
62.23500	-136
62.23667	-136
62.23833	-136
62.24000	-136
62.24167	-136
62.24333	-137
62.24500	-136
62.24667	-137
62.24833	-137
62.25000	-138
62.25167	-137
62.25333	-137
62.25500	-138
62.25667	-137
62.25833	-137
62.26000	-138
62.26167	-137
62.26333	-137
62.26500	-138
62.26667	-137
62.26833	-137
62.27000	-137
62.27167	-138
62.27333	-137
62.27500	-137
62.27667	-137
62.27833	-137
62.28000	-137
62.28167	-136
62.28333	-137
62.28500	-136
62.28667	-137
62.28833	-136
62.29000	-136
62.29167	-136
62.29333	-136
62.29500	-136
62.29667	-136
62.29833	-135
62.30000	-136
62.30167	-136
62.30333	-136
62.30500	-136
62.30667	-136
62.30833	-135
62.31000	-136
62.31167	-136
62.31333	-136
62.31500	-136
62.31667	-135
62.31833	-136
62.32000	-136
62.32167	-136
62.32333	-135
62.32500	-136
62.32667	-135
62.32833	-136
62.33000	-135
62.33167	-135
62.33333	-135
62.33500	-135
62.33667	-135
62.33833	-134
62.34000	-134
62.34167	-134
62.34333	-134
62.34500	-133
62.34667	-133
62.34833	-133
62.35000	-133
62.35167	-133
62.35333	-133
62.35500	-132
62.35667	-133
62.35833	-132
62.36000	-132
62.36167	-133
62.36333	-132
62.36500	-132
62.36667	-133
62.36833	-132
62.37000	-133
62.37167	-132
62.37333	-133
62.37500	-133
62.37667	-133
62.37833	-133
62.38000	-133
62.38167	-133
62.38333	-134
62.38500	-133
62.38667	-133
62.38833	-134
62.39000	-134
62.39167	-133
62.39333	-134
62.39500	-134
62.39667	-133
62.39833	-134
62.40000	-133
62.40167	-133
62.40333	-134
62.40500	-133
62.40667	-133
62.40833	-133
62.41000	-133
62.41167	-133
62.41333	-132
62.41500	-133
62.41667	-132
62.41833	-132
62.42000	-132
62.42167	-132
62.42333	-132
62.42500	-131
62.42667	-132
62.42833	-132
62.43000	-131
62.43167	-131
62.43333	-132
62.43500	-131
62.43667	-131
62.43833	-132
62.44000	-132
62.44167	-131
62.44333	-132
62.44500	-132
62.44667	-133
62.44833	-132
62.45000	-132
62.45167	-133
62.45333	-133
62.45500	-133
62.45667	-133
62.45833	-133
62.46000	-133
62.46167	-134
62.46333	-133
62.46500	-134
62.46667	-135
62.46833	-134
62.47000	-135
62.47167	-136
62.47333	-135
62.47500	-136
62.47667	-136
62.47833	-136
62.48000	-136
62.48167	-136
62.48333	-137
62.48500	-136
62.48667	-137
62.48833	-137
62.49000	-138
62.49167	-137
62.49333	-138
62.49500	-137
62.49667	-138
62.49833	-137
62.50000	-138
62.50167	-137
62.50333	-137
62.50500	-138
62.50667	-137
62.50833	-137
62.51000	-137
62.51167	-137
62.51333	-137
62.51500	-137
62.51667	-137
62.51833	-136
62.52000	-137
62.52167	-136
62.52333	-135
62.52500	-136
62.52667	-135
62.52833	-135
62.53000	-135
62.53167	-135
62.53333	-134
62.53500	-134
62.53667	-133
62.53833	-134
62.54000	-133
62.54167	-133
62.54333	-132
62.54500	-133
62.54667	-132
62.54833	-132
62.55000	-132
62.55167	-132
62.55333	-131
62.55500	-132
62.55667	-131
62.55833	-131
62.56000	-131
62.56167	-131
62.56333	-131
62.56500	-131
62.56667	-131
62.56833	-131
62.57000	-131
62.57167	-130
62.57333	-131
62.57500	-131
62.57667	-131
62.57833	-131
62.58000	-130
62.58167	-131
62.58333	-131
62.58500	-131
62.58667	-131
62.58833	-131
62.59000	-131
62.59167	-130
62.59333	-131
62.59500	-130
62.59667	-131
62.59833	-130
62.60000	-130
62.60167	-129
62.60333	-130
62.60500	-129
62.60667	-129
62.60833	-129
62.61000	-130
62.61167	-129
62.61333	-130
62.61500	-130
62.61667	-129
62.61833	-130
62.62000	-129
62.62167	-130
62.62333	-129
62.62500	-130
62.62667	-129
62.62833	-129
62.63000	-129
62.63167	-130
62.63333	-129
62.63500	-130
62.63667	-129
62.63833	-129
62.64000	-130
62.64167	-130
62.64333	-130
62.64500	-129
62.64667	-130
62.64833	-129
62.65000	-130
62.65167	-130
62.65333	-129
62.65500	-130
62.65667	-129
62.65833	-130
62.66000	-129
62.66167	-130
62.66333	-129
62.66500	-129
62.66667	-130
62.66833	-129
62.67000	-129
62.67167	-129
62.67333	-129
62.67500	-128
62.67667	-129
62.67833	-128
62.68000	-128
62.68167	-128
62.68333	-128
62.68500	-127
62.68667	-127
62.68833	-128
62.69000	-126
62.69167	-127
62.69333	-126
62.69500	-127
62.69667	-125
62.69833	-126
62.70000	-126
62.70167	-125
62.70333	-125
62.70500	-125
62.70667	-125
62.70833	-125
62.71000	-125
62.71167	-124
62.71333	-125
62.71500	-124
62.71667	-125
62.71833	-124
62.72000	-124
62.72167	-125
62.72333	-124
62.72500	-124
62.72667	-125
62.72833	-124
62.73000	-124
62.73167	-125
62.73333	-125
62.73500	-124
62.73667	-125
62.73833	-125
62.74000	-125
62.74167	-126
62.74333	-125
62.74500	-125
62.74667	-125
62.74833	-125
62.75000	-125
62.75167	-125
62.75333	-126
62.75500	-125
62.75667	-125
62.75833	-126
62.76000	-126
62.76167	-126
62.76333	-125
62.76500	-126
62.76667	-125
62.76833	-126
62.77000	-125
62.77167	-126
62.77333	-125
62.77500	-125
62.77667	-125
62.77833	-125
62.78000	-125
62.78167	-125
62.78333	-125
62.78500	-124
62.78667	-124
62.78833	-124
62.79000	-124
62.79167	-123
62.79333	-124
62.79500	-123
62.79667	-123
62.79833	-123
62.80000	-122
62.80167	-123
62.80333	-122
62.80500	-123
62.80667	-122
62.80833	-122
62.81000	-122
62.81167	-122
62.81333	-121
62.81500	-122
62.81667	-121
62.81833	-121
62.82000	-121
62.82167	-121
62.82333	-120
62.82500	-120
62.82667	-121
62.82833	-120
62.83000	-119
62.83167	-120
62.83333	-120
62.83500	-119
62.83667	-120
62.83833	-119
62.84000	-119
62.84167	-120
62.84333	-119
62.84500	-119
62.84667	-119
62.84833	-120
62.85000	-119
62.85167	-120
62.85333	-119
62.85500	-119
62.85667	-120
62.85833	-120
62.86000	-119
62.86167	-120
62.86333	-120
62.86500	-120
62.86667	-120
62.86833	-120
62.87000	-121
62.87167	-120
62.87333	-120
62.87500	-120
62.87667	-121
62.87833	-120
62.88000	-120
62.88167	-120
62.88333	-120
62.88500	-120
62.88667	-120
62.88833	-120
62.89000	-120
62.89167	-120
62.89333	-119
62.89500	-120
62.89667	-119
62.89833	-120
62.90000	-119
62.90167	-119
62.90333	-119
62.90500	-119
62.90667	-118
62.90833	-118
62.91000	-118
62.91167	-118
62.91333	-118
62.91500	-118
62.91667	-117
62.91833	-118
62.92000	-117
62.92167	-117
62.92333	-118
62.92500	-116
62.92667	-117
62.92833	-117
62.93000	-116
62.93167	-116
62.93333	-116
62.93500	-116
62.93667	-116
62.93833	-116
62.94000	-115
62.94167	-116
62.94333	-115
62.94500	-116
62.94667	-116
62.94833	-115
62.95000	-116
62.95167	-116
62.95333	-115
62.95500	-116
62.95667	-115
62.95833	-116
62.96000	-116
62.96167	-116
62.96333	-115
62.96500	-116
62.96667	-115
62.96833	-116
62.97000	-115
62.97167	-116
62.97333	-115
62.97500	-115
62.97667	-116
62.97833	-114
62.98000	-115
62.98167	-115
62.98333	-115
62.98500	-114
62.98667	-115
62.98833	-115
62.99000	-114
62.99167	-114
62.99333	-114
62.99500	-114
62.99667	-113
62.99833	-114
63.00000	-114
63.00167	-114
63.00333	-113
63.00500	-114
63.00667	-114
63.00833	-113
63.01000	-114
63.01167	-113
63.01333	-114
63.01500	-114
63.01667	-113
63.01833	-114
63.02000	-114
63.02167	-114
63.02333	-114
63.02500	-114
63.02667	-114
63.02833	-114
63.03000	-114
63.03167	-114
63.03333	-115
63.03500	-114
63.03667	-113
63.03833	-114
63.04000	-114
63.04167	-113
63.04333	-114
63.04500	-113
63.04667	-113
63.04833	-113
63.05000	-112
63.05167	-113
63.05333	-112
63.05500	-111
63.05667	-112
63.05833	-112
63.06000	-111
63.06167	-112
63.06333	-111
63.06500	-111
63.06667	-111
63.06833	-111
63.07000	-110
63.07167	-111
63.07333	-110
63.07500	-110
63.07667	-109
63.07833	-110
63.08000	-110
63.08167	-109
63.08333	-110
63.08500	-109
63.08667	-110
63.08833	-110
63.09000	-109
63.09167	-110
63.09333	-109
63.09500	-110
63.09667	-110
63.09833	-109
63.10000	-110
63.10167	-110
63.10333	-110
63.10500	-109
63.10667	-110
63.10833	-109
63.11000	-109
63.11167	-110
63.11333	-108
63.11500	-109
63.11667	-109
63.11833	-108
63.12000	-109
63.12167	-108
63.12333	-108
63.12500	-108
63.12667	-107
63.12833	-108
63.13000	-107
63.13167	-107
63.13333	-106
63.13500	-107
63.13667	-106
63.13833	-106
63.14000	-105
63.14167	-105
63.14333	-105
63.14500	-105
63.14667	-104
63.14833	-105
63.15000	-104
63.15167	-104
63.15333	-103
63.15500	-104
63.15667	-104
63.15833	-103
63.16000	-103
63.16167	-103
63.16333	-103
63.16500	-103
63.16667	-103
63.16833	-102
63.17000	-103
63.17167	-103
63.17333	-102
63.17500	-103
63.17667	-102
63.17833	-103
63.18000	-102
63.18167	-103
63.18333	-103
63.18500	-102
63.18667	-103
63.18833	-102
63.19000	-103
63.19167	-102
63.19333	-102
63.19500	-102
63.19667	-103
63.19833	-102
63.20000	-102
63.20167	-101
63.20333	-102
63.20500	-102
63.20667	-102
63.20833	-101
63.21000	-101
63.21167	-101
63.21333	-101
63.21500	-101
63.21667	-100
63.21833	-100
63.22000	-101
63.22167	-100
63.22333	-99
63.22500	-100
63.22667	-99
63.22833	-99
63.23000	-99
63.23167	-98
63.23333	-98
63.23500	-99
63.23667	-98
63.23833	-98
63.24000	-97
63.24167	-98
63.24333	-97
63.24500	-97
63.24667	-97
63.24833	-97
63.25000	-96
63.25167	-97
63.25333	-96
63.25500	-96
63.25667	-96
63.25833	-96
63.26000	-95
63.26167	-96
63.26333	-95
63.26500	-95
63.26667	-95
63.26833	-96
63.27000	-94
63.27167	-95
63.27333	-94
63.27500	-95
63.27667	-94
63.27833	-94
63.28000	-94
63.28167	-94
63.28333	-93
63.28500	-94
63.28667	-94
63.28833	-93
63.29000	-94
63.29167	-93
63.29333	-94
63.29500	-93
63.29667	-94
63.29833	-93
63.30000	-94
63.30167	-93
63.30333	-93
63.30500	-93
63.30667	-93
63.30833	-93
63.31000	-93
63.31167	-93
63.31333	-92
63.31500	-92
63.31667	-92
63.31833	-91
63.32000	-92
63.32167	-91
63.32333	-91
63.32500	-91
63.32667	-90
63.32833	-90
63.33000	-89
63.33167	-89
63.33333	-89
63.33500	-89
63.33667	-88
63.33833	-88
63.34000	-87
63.34167	-87
63.34333	-87
63.34500	-86
63.34667	-86
63.34833	-86
63.35000	-85
63.35167	-85
63.35333	-84
63.35500	-84
63.35667	-84
63.35833	-84
63.36000	-83
63.36167	-83
63.36333	-82
63.36500	-82
63.36667	-82
63.36833	-82
63.37000	-81
63.37167	-81
63.37333	-80
63.37500	-81
63.37667	-80
63.37833	-79
63.38000	-79
63.38167	-78
63.38333	-78
63.38500	-78
63.38667	-78
63.38833	-77
63.39000	-77
63.39167	-77
63.39333	-76
63.39500	-76
63.39667	-76
63.39833	-76
63.40000	-75
63.40167	-76
63.40333	-74
63.40500	-75
63.40667	-74
63.40833	-75
63.41000	-73
63.41167	-74
63.41333	-73
63.41500	-73
63.41667	-73
63.41833	-73
63.42000	-72
63.42167	-73
63.42333	-72
63.42500	-71
63.42667	-72
63.42833	-71
63.43000	-70
63.43167	-71
63.43333	-70
63.43500	-70
63.43667	-70
63.43833	-69
63.44000	-69
63.44167	-68
63.44333	-68
63.44500	-68
63.44667	-67
63.44833	-68
63.45000	-66
63.45167	-67
63.45333	-66
63.45500	-65
63.45667	-65
63.45833	-65
63.46000	-65
63.46167	-64
63.46333	-63
63.46500	-63
63.46667	-63
63.46833	-62
63.47000	-62
63.47167	-61
63.47333	-61
63.47500	-60
63.47667	-60
63.47833	-59
63.48000	-58
63.48167	-59
63.48333	-57
63.48500	-58
63.48667	-57
63.48833	-57
63.49000	-56
63.49167	-56
63.49333	-56
63.49500	-55
63.49667	-55
63.49833	-55
63.50000	-54
63.50167	-54
63.50333	-53
63.50500	-53
63.50667	-52
63.50833	-52
63.51000	-52
63.51167	-51
63.51333	-51
63.51500	-50
63.51667	-50
63.51833	-50
63.52000	-49
63.52167	-48
63.52333	-49
63.52500	-47
63.52667	-48
63.52833	-47
63.53000	-46
63.53167	-47
63.53333	-45
63.53500	-45
63.53667	-45
63.53833	-44
63.54000	-44
63.54167	-43
63.54333	-43
63.54500	-42
63.54667	-42
63.54833	-41
63.55000	-41
63.55167	-41
63.55333	-40
63.55500	-39
63.55667	-39
63.55833	-38
63.56000	-38
63.56167	-38
63.56333	-37
63.56500	-36
63.56667	-36
63.56833	-35
63.57000	-35
63.57167	-35
63.57333	-34
63.57500	-34
63.57667	-33
63.57833	-33
63.58000	-32
63.58167	-31
63.58333	-31
63.58500	-31
63.58667	-30
63.58833	-30
63.59000	-29
63.59167	-30
63.59333	-28
63.59500	-28
63.59667	-28
63.59833	-27
63.60000	-27
63.60167	-27
63.60333	-26
63.60500	-25
63.60667	-25
63.60833	-25
63.61000	-24
63.61167	-24
63.61333	-24
63.61500	-22
63.61667	-23
63.61833	-22
63.62000	-21
63.62167	-21
63.62333	-20
63.62500	-20
63.62667	-19
63.62833	-19
63.63000	-19
63.63167	-18
63.63333	-18
63.63500	-17
63.63667	-18
63.63833	-17
63.64000	-16
63.64167	-16
63.64333	-16
63.64500	-16
63.64667	-15
63.64833	-15
63.65000	-14
63.65167	-14
63.65333	-13
63.65500	-14
63.65667	-13
63.65833	-12
63.66000	-13
63.66167	-13
63.66333	-12
63.66500	-11
63.66667	-12
63.66833	-12
63.67000	-11
63.67167	-12
63.67333	-10
63.67500	-11
63.67667	-11
63.67833	-10
63.68000	-10
63.68167	-10
63.68333	-9
63.68500	-9
63.68667	-9
63.68833	-9
63.69000	-8
63.69167	-8
63.69333	-7
63.69500	-7
63.69667	-7
63.69833	-6
63.70000	-5
63.70167	-6
63.70333	-5
63.70500	-4
63.70667	-4
63.70833	-3
63.71000	-3
63.71167	-2
63.71333	-2
63.71500	-2
63.71667	-1
63.71833	-1
63.72000	0
63.72167	-1
63.72333	0
63.72500	1
63.72667	0
63.72833	1
63.73000	1
63.73167	1
63.73333	1
63.73500	1
63.73667	2
63.73833	1
63.74000	2
63.74167	2
63.74333	3
63.74500	2
63.74667	3
63.74833	3
63.75000	4
63.75167	3
63.75333	4
63.75500	4
63.75667	5
63.75833	5
63.76000	5
63.76167	5
63.76333	6
63.76500	7
63.76667	7
63.76833	7
63.77000	8
63.77167	8
63.77333	9
63.77500	9
63.77667	9
63.77833	10
63.78000	11
63.78167	11
63.78333	12
63.78500	12
63.78667	13
63.78833	13
63.79000	14
63.79167	15
63.79333	14
63.79500	16
63.79667	15
63.79833	16
63.80000	17
63.80167	17
63.80333	18
63.80500	17
63.80667	18
63.80833	19
63.81000	19
63.81167	19
63.81333	20
63.81500	20
63.81667	21
63.81833	21
63.82000	21
63.82167	21
63.82333	22
63.82500	22
63.82667	23
63.82833	22
63.83000	23
63.83167	24
63.83333	23
63.83500	25
63.83667	24
63.83833	25
63.84000	25
63.84167	26
63.84333	25
63.84500	27
63.84667	26
63.84833	27
63.85000	28
63.85167	28
63.85333	28
63.85500	29
63.85667	29
63.85833	30
63.86000	29
63.86167	31
63.86333	30
63.86500	31
63.86667	31
63.86833	32
63.87000	31
63.87167	32
63.87333	32
63.87500	33
63.87667	32
63.87833	33
63.88000	34
63.88167	33
63.88333	34
63.88500	34
63.88667	35
63.88833	35
63.89000	35
63.89167	36
63.89333	36
63.89500	37
63.89667	37
63.89833	37
63.90000	38
63.90167	38
63.90333	38
63.90500	39
63.90667	39
63.90833	40
63.91000	40
63.91167	40
63.91333	41
63.91500	41
63.91667	41
63.91833	42
63.92000	42
63.92167	43
63.92333	43
63.92500	43
63.92667	43
63.92833	44
63.93000	44
63.93167	44
63.93333	45
63.93500	44
63.93667	45
63.93833	45
63.94000	46
63.94167	46
63.94333	46
63.94500	46
63.94667	47
63.94833	47
63.95000	48
63.95167	47
63.95333	48
63.95500	49
63.95667	49
63.95833	49
63.96000	50
63.96167	50
63.96333	50
63.96500	50
63.96667	51
63.96833	51
63.97000	52
63.97167	52
63.97333	52
63.97500	53
63.97667	53
63.97833	54
63.98000	54
63.98167	54
63.98333	54
63.98500	55
63.98667	55
63.98833	56
63.99000	56
63.99167	56
63.99333	57
63.99500	58
63.99667	58
63.99833	58
64.00000	59
64.00167	59
64.00333	59
64.00500	61
64.00667	60
64.00833	62
64.01000	62
64.01167	62
64.01333	63
64.01500	64
64.01667	64
64.01833	65
64.02000	65
64.02167	66
64.02333	67
64.02500	67
64.02667	67
64.02833	67
64.03000	68
64.03167	69
64.03333	68
64.03500	69
64.03667	70
64.03833	69
64.04000	70
64.04167	70
64.04333	70
64.04500	70
64.04667	71
64.04833	71
64.05000	71
64.05167	71
64.05333	71
64.05500	71
64.05667	72
64.05833	71
64.06000	72
64.06167	72
64.06333	73
64.06500	73
64.06667	73
64.06833	73
64.07000	73
64.07167	74
64.07333	74
64.07500	74
64.07667	74
64.07833	74
64.08000	75
64.08167	75
64.08333	75
64.08500	75
64.08667	76
64.08833	76
64.09000	76
64.09167	77
64.09333	77
64.09500	77
64.09667	77
64.09833	77
64.10000	78
64.10167	78
64.10333	77
64.10500	78
64.10667	79
64.10833	79
64.11000	78
64.11167	80
64.11333	79
64.11500	79
64.11667	80
64.11833	80
64.12000	80
64.12167	80
64.12333	81
64.12500	81
64.12667	81
64.12833	82
64.13000	82
64.13167	82
64.13333	83
64.13500	83
64.13667	83
64.13833	84
64.14000	84
64.14167	84
64.14333	85
64.14500	85
64.14667	85
64.14833	86
64.15000	86
64.15167	86
64.15333	87
64.15500	87
64.15667	88
64.15833	88
64.16000	88
64.16167	89
64.16333	89
64.16500	89
64.16667	89
64.16833	90
64.17000	89
64.17167	90
64.17333	90
64.17500	91
64.17667	90
64.17833	90
64.18000	91
64.18167	91
64.18333	91
64.18500	90
64.18667	92
64.18833	91
64.19000	91
64.19167	92
64.19333	91
64.19500	93
64.19667	92
64.19833	92
64.20000	93
64.20167	93
64.20333	93
64.20500	93
64.20667	93
64.20833	94
64.21000	94
64.21167	94
64.21333	95
64.21500	94
64.21667	95
64.21833	96
64.22000	95
64.22167	96
64.22333	96
64.22500	96
64.22667	96
64.22833	96
64.23000	97
64.23167	97
64.23333	97
64.23500	97
64.23667	97
64.23833	97
64.24000	97
64.24167	97
64.24333	98
64.24500	98
64.24667	98
64.24833	98
64.25000	98
64.25167	98
64.25333	98
64.25500	98
64.25667	98
64.25833	98
64.26000	98
64.26167	98
64.26333	98
64.26500	99
64.26667	98
64.26833	99
64.27000	99
64.27167	99
64.27333	99
64.27500	99
64.27667	100
64.27833	100
64.28000	100
64.28167	100
64.28333	101
64.28500	101
64.28667	101
64.28833	102
64.29000	101
64.29167	102
64.29333	103
64.29500	102
64.29667	103
64.29833	103
64.30000	103
64.30167	104
64.30333	104
64.30500	104
64.30667	104
64.30833	104
64.31000	105
64.31167	105
64.31333	105
64.31500	105
64.31667	105
64.31833	104
64.32000	105
64.32167	105
64.32333	105
64.32500	105
64.32667	105
64.32833	105
64.33000	106
64.33167	105
64.33333	105
64.33500	106
64.33667	106
64.33833	105
64.34000	106
64.34167	106
64.34333	107
64.34500	106
64.34667	107
64.34833	107
64.35000	107
64.35167	108
64.35333	108
64.35500	108
64.35667	108
64.35833	108
64.36000	109
64.36167	109
64.36333	109
64.36500	110
64.36667	109
64.36833	110
64.37000	110
64.37167	111
64.37333	110
64.37500	111
64.37667	112
64.37833	111
64.38000	111
64.38167	112
64.38333	112
64.38500	112
64.38667	112
64.38833	112
64.39000	112
64.39167	112
64.39333	112
64.39500	112
64.39667	112
64.39833	112
64.40000	112
64.40167	112
64.40333	111
64.40500	112
64.40667	112
64.40833	112
64.41000	111
64.41167	111
64.41333	112
64.41500	111
64.41667	112
64.41833	112
64.42000	111
64.42167	112
64.42333	112
64.42500	111
64.42667	112
64.42833	111
64.43000	112
64.43167	112
64.43333	112
64.43500	112
64.43667	111
64.43833	112
64.44000	112
64.44167	111
64.44333	112
64.44500	112
64.44667	113
64.44833	112
64.45000	113
64.45167	112
64.45333	113
64.45500	113
64.45667	113
64.45833	113
64.46000	113
64.46167	114
64.46333	113
64.46500	113
64.46667	114
64.46833	113
64.47000	114
64.47167	113
64.47333	114
64.47500	114
64.47667	113
64.47833	115
64.48000	114
64.48167	114
64.48333	114
64.48500	114
64.48667	115
64.48833	114
64.49000	115
64.49167	114
64.49333	114
64.49500	115
64.49667	115
64.49833	114
64.50000	115
64.50167	115
64.50333	115
64.50500	115
64.50667	115
64.50833	116
64.51000	116
64.51167	115
64.51333	116
64.51500	116
64.51667	116
64.51833	116
64.52000	116
64.52167	116
64.52333	116
64.52500	116
64.52667	117
64.52833	116
64.53000	117
64.53167	116
64.53333	116
64.53500	116
64.53667	117
64.53833	116
64.54000	116
64.54167	116
64.54333	116
64.54500	116
64.54667	116
64.54833	116
64.55000	116
64.55167	115
64.55333	116
64.55500	115
64.55667	116
64.55833	115
64.56000	115
64.56167	116
64.56333	115
64.56500	116
64.56667	115
64.56833	115
64.57000	115
64.57167	115
64.57333	115
64.57500	115
64.57667	115
64.57833	115
64.58000	115
64.58167	115
64.58333	116
64.58500	114
64.58667	116
64.58833	115
64.59000	115
64.59167	115
64.59333	115
64.59500	116
64.59667	115
64.59833	116
64.60000	116
64.60167	116
64.60333	116
64.60500	117
64.60667	116
64.60833	117
64.61000	117
64.61167	118
64.61333	117
64.61500	118
64.61667	119
64.61833	118
64.62000	118
64.62167	119
64.62333	119
64.62500	119
64.62667	119
64.62833	120
64.63000	119
64.63167	120
64.63333	119
64.63500	120
64.63667	120
64.63833	119
64.64000	120
64.64167	120
64.64333	120
64.64500	120
64.64667	120
64.64833	119
64.65000	120
64.65167	120
64.65333	119
64.65500	120
64.65667	119
64.65833	120
64.66000	120
64.66167	119
64.66333	120
64.66500	119
64.66667	120
64.66833	119
64.67000	120
64.67167	120
64.67333	119
64.67500	120
64.67667	120
64.67833	119
64.68000	119
64.68167	120
64.68333	119
64.68500	120
64.68667	120
64.68833	119
64.69000	120
64.69167	120
64.69333	119
64.69500	119
64.69667	120
64.69833	119
64.70000	119
64.70167	120
64.70333	119
64.70500	119
64.70667	120
64.70833	119
64.71000	119
64.71167	120
64.71333	119
64.71500	119
64.71667	120
64.71833	119
64.72000	120
64.72167	119
64.72333	120
64.72500	120
64.72667	120
64.72833	120
64.73000	120
64.73167	120
64.73333	121
64.73500	121
64.73667	120
64.73833	122
64.74000	121
64.74167	121
64.74333	121
64.74500	121
64.74667	121
64.74833	122
64.75000	121
64.75167	121
64.75333	121
64.75500	121
64.75667	121
64.75833	120
64.76000	121
64.76167	120
64.76333	120
64.76500	121
64.76667	120
64.76833	120
64.77000	120
64.77167	120
64.77333	120
64.77500	120
64.77667	120
64.77833	119
64.78000	120
64.78167	120
64.78333	120
64.78500	120
64.78667	121
64.78833	120
64.79000	121
64.79167	120
64.79333	121
64.79500	121
64.79667	122
64.79833	121
64.80000	122
64.80167	123
64.80333	122
64.80500	123
64.80667	123
64.80833	124
64.81000	123
64.81167	124
64.81333	124
64.81500	125
64.81667	124
64.81833	125
64.82000	125
64.82167	125
64.82333	125
64.82500	125
64.82667	125
64.82833	125
64.83000	126
64.83167	125
64.83333	126
64.83500	126
64.83667	125
64.83833	126
64.84000	126
64.84167	126
64.84333	126
64.84500	125
64.84667	126
64.84833	126
64.85000	125
64.85167	126
64.85333	125
64.85500	125
64.85667	125
64.85833	125
64.86000	126
64.86167	125
64.86333	125
64.86500	124
64.86667	125
64.86833	125
64.87000	124
64.87167	125
64.87333	125
64.87500	125
64.87667	125
64.87833	125
64.88000	124
64.88167	125
64.88333	125
64.88500	125
64.88667	125
64.88833	125
64.89000	125
64.89167	125
64.89333	125
64.89500	125
64.89667	126
64.89833	125
64.90000	126
64.90167	125
64.90333	126
64.90500	126
64.90667	125
64.90833	126
64.91000	125
64.91167	126
64.91333	125
64.91500	125
64.91667	125
64.91833	125
64.92000	125
64.92167	125
64.92333	124
64.92500	124
64.92667	124
64.92833	124
64.93000	124
64.93167	124
64.93333	123
64.93500	123
64.93667	123
64.93833	122
64.94000	123
64.94167	122
64.94333	122
64.94500	122
64.94667	122
64.94833	122
64.95000	121
64.95167	122
64.95333	121
64.95500	121
64.95667	121
64.95833	121
64.96000	121
64.96167	122
64.96333	121
64.96500	121
64.96667	121
64.96833	122
64.97000	121
64.97167	122
64.97333	122
64.97500	122
64.97667	122
64.97833	122
64.98000	122
64.98167	123
64.98333	122
64.98500	122
64.98667	123
64.98833	122
64.99000	123
64.99167	123
64.99333	123
64.99500	123
64.99667	123
64.99833	124
65.00000	123
65.00167	124
65.00333	123
65.00500	124
65.00667	124
65.00833	124
65.01000	124
65.01167	124
65.01333	124
65.01500	125
65.01667	125
65.01833	125
65.02000	125
65.02167	125
65.02333	125
65.02500	126
65.02667	125
65.02833	126
65.03000	126
65.03167	126
65.03333	126
65.03500	126
65.03667	126
65.03833	127
65.04000	127
65.04167	126
65.04333	127
65.04500	128
65.04667	127
65.04833	127
65.05000	127
65.05167	127
65.05333	128
65.05500	128
65.05667	127
65.05833	127
65.06000	128
65.06167	127
65.06333	127
65.06500	127
65.06667	127
65.06833	127
65.07000	128
65.07167	127
65.07333	127
65.07500	127
65.07667	127
65.07833	127
65.08000	127
65.08167	126
65.08333	127
65.08500	126
65.08667	126
65.08833	127
65.09000	126
65.09167	126
65.09333	126
65.09500	126
65.09667	125
65.09833	125
65.10000	125
65.10167	125
65.10333	125
65.10500	125
65.10667	125
65.10833	125
65.11000	125
65.11167	124
65.11333	125
65.11500	124
65.11667	124
65.11833	125
65.12000	124
65.12167	124
65.12333	124
65.12500	124
65.12667	124
65.12833	123
65.13000	124
65.13167	124
65.13333	123
65.13500	124
65.13667	123
65.13833	124
65.14000	123
65.14167	123
65.14333	123
65.14500	123
65.14667	123
65.14833	123
65.15000	122
65.15167	123
65.15333	123
65.15500	122
65.15667	123
65.15833	122
65.16000	122
65.16167	122
65.16333	122
65.16500	122
65.16667	121
65.16833	122
65.17000	122
65.17167	122
65.17333	122
65.17500	122
65.17667	121
65.17833	122
65.18000	122
65.18167	122
65.18333	122
65.18500	122
65.18667	122
65.18833	122
65.19000	123
65.19167	122
65.19333	123
65.19500	122
65.19667	123
65.19833	122
65.20000	123
65.20167	123
65.20333	122
65.20500	123
65.20667	123
65.20833	122
65.21000	123
65.21167	122
65.21333	123
65.21500	122
65.21667	122
65.21833	122
65.22000	121
65.22167	122
65.22333	122
65.22500	122
65.22667	122
65.22833	122
65.23000	121
65.23167	122
65.23333	121
65.23500	121
65.23667	122
65.23833	121
65.24000	121
65.24167	122
65.24333	121
65.24500	121
65.24667	122
65.24833	121
65.25000	122
65.25167	121
65.25333	122
65.25500	121
65.25667	122
65.25833	121
65.26000	122
65.26167	122
65.26333	122
65.26500	122
65.26667	123
65.26833	122
65.27000	123
65.27167	122
65.27333	123
65.27500	123
65.27667	123
65.27833	123
65.28000	123
65.28167	124
65.28333	124
65.28500	123
65.28667	124
65.28833	124
65.29000	124
65.29167	125
65.29333	124
65.29500	125
65.29667	124
65.29833	125
65.30000	124
65.30167	125
65.30333	125
65.30500	124
65.30667	125
65.30833	124
65.31000	125
65.31167	125
65.31333	124
65.31500	125
65.31667	125
65.31833	124
65.32000	125
65.32167	124
65.32333	124
65.32500	125
65.32667	124
65.32833	124
65.33000	123
65.33167	124
65.33333	123
65.33500	123
65.33667	123
65.33833	124
65.34000	123
65.34167	123
65.34333	122
65.34500	123
65.34667	122
65.34833	123
65.35000	122
65.35167	122
65.35333	122
65.35500	122
65.35667	122
65.35833	122
65.36000	121
65.36167	121
65.36333	122
65.36500	121
65.36667	121
65.36833	121
65.37000	122
65.37167	121
65.37333	121
65.37500	121
65.37667	121
65.37833	120
65.38000	121
65.38167	121
65.38333	121
65.38500	121
65.38667	121
65.38833	121
65.39000	121
65.39167	121
65.39333	121
65.39500	121
65.39667	120
65.39833	121
65.40000	121
65.40167	120
65.40333	121
65.40500	120
65.40667	120
65.40833	120
65.41000	121
65.41167	119
65.41333	120
65.41500	120
65.41667	119
65.41833	120
65.42000	119
65.42167	119
65.42333	118
65.42500	119
65.42667	118
65.42833	118
65.43000	117
65.43167	118
65.43333	117
65.43500	117
65.43667	117
65.43833	117
65.44000	116
65.44167	117
65.44333	116
65.44500	116
65.44667	117
65.44833	116
65.45000	116
65.45167	116
65.45333	116
65.45500	116
65.45667	116
65.45833	116
65.46000	116
65.46167	116
65.46333	116
65.46500	116
65.46667	117
65.46833	116
65.47000	116
65.47167	116
65.47333	115
65.47500	116
65.47667	116
65.47833	116
65.48000	116
65.48167	116
65.48333	116
65.48500	115
65.48667	116
65.48833	116
65.49000	116
65.49167	115
65.49333	116
65.49500	116
65.49667	115
65.49833	115
65.50000	115
65.50167	116
65.50333	115
65.50500	114
65.50667	115
65.50833	115
65.51000	115
65.51167	114
65.51333	115
65.51500	115
65.51667	114
65.51833	114
65.52000	115
65.52167	114
65.52333	115
65.52500	114
65.52667	115
65.52833	114
65.53000	115
65.53167	114
65.53333	115
65.53500	115
65.53667	115
65.53833	115
65.54000	115
65.54167	116
65.54333	116
65.54500	115
65.54667	116
65.54833	116
65.55000	116
65.55167	117
65.55333	116
65.55500	117
65.55667	116
65.55833	117
65.56000	117
65.56167	116
65.56333	117
65.56500	117
65.56667	116
65.56833	117
65.57000	116
65.57167	116
65.57333	116
65.57500	116
65.57667	116
65.57833	115
65.58000	115
65.58167	115
65.58333	115
65.58500	115
65.58667	114
65.58833	115
65.59000	114
65.59167	114
65.59333	113
65.59500	114
65.59667	113
65.59833	113
65.60000	113
65.60167	113
65.60333	113
65.60500	113
65.60667	113
65.60833	112
65.61000	112
65.61167	113
65.61333	112
65.61500	112
65.61667	112
65.61833	111
65.62000	112
65.62167	111
65.62333	112
65.62500	111
65.62667	112
65.62833	111
65.63000	111
65.63167	111
65.63333	111
65.63500	110
65.63667	111
65.63833	111
65.64000	110
65.64167	110
65.64333	110
65.64500	110
65.64667	110
65.64833	109
65.65000	109
65.65167	109
65.65333	108
65.65500	109
65.65667	108
65.65833	108
65.66000	108
65.66167	108
65.66333	108
65.66500	107
65.66667	107
65.66833	107
65.67000	107
65.67167	107
65.67333	107
65.67500	106
65.67667	106
65.67833	106
65.68000	106
65.68167	106
65.68333	106
65.68500	106
65.68667	105
65.68833	106
65.69000	105
65.69167	106
65.69333	106
65.69500	106
65.69667	105
65.69833	106
65.70000	106
65.70167	106
65.70333	106
65.70500	106
65.70667	107
65.70833	106
65.71000	107
65.71167	107
65.71333	107
65.71500	107
65.71667	107
65.71833	108
65.72000	107
65.72167	108
65.72333	107
65.72500	108
65.72667	107
65.72833	108
65.73000	108
65.73167	107
65.73333	108
65.73500	107
65.73667	108
65.73833	107
65.74000	108
65.74167	107
65.74333	108
65.74500	108
65.74667	107
65.74833	108
65.75000	108
65.75167	107
65.75333	108
65.75500	108
65.75667	108
65.75833	108
65.76000	108
65.76167	108
65.76333	108
65.76500	108
65.76667	108
65.76833	108
65.77000	108
65.77167	109
65.77333	108
65.77500	108
65.77667	109
65.77833	108
65.78000	109
65.78167	108
65.78333	109
65.78500	108
65.78667	109
65.78833	108
65.79000	109
65.79167	108
65.79333	109
65.79500	108
65.79667	108
65.79833	109
65.80000	108
65.80167	108
65.80333	108
65.80500	108
65.80667	108
65.80833	108
65.81000	108
65.81167	108
65.81333	108
65.81500	108
65.81667	108
65.81833	107
65.82000	108
65.82167	108
65.82333	107
65.82500	107
65.82667	108
65.82833	107
65.83000	107
65.83167	107
65.83333	107
65.83500	107
65.83667	106
65.83833	107
65.84000	106
65.84167	106
65.84333	107
65.84500	106
65.84667	106
65.84833	105
65.85000	106
65.85167	105
65.85333	105
65.85500	104
65.85667	104
65.85833	104
65.86000	103
65.86167	104
65.86333	103
65.86500	103
65.86667	103
65.86833	103
65.87000	102
65.87167	102
65.87333	102
65.87500	102
65.87667	102
65.87833	101
65.88000	102
65.88167	101
65.88333	101
65.88500	101
65.88667	101
65.88833	101
65.89000	101
65.89167	101
65.89333	101
65.89500	100
65.89667	101
65.89833	101
65.90000	100
65.90167	101
65.90333	101
65.90500	100
65.90667	101
65.90833	100
65.91000	99
65.91167	100
65.91333	100
65.91500	100
65.91667	99
65.91833	99
65.92000	100
65.92167	99
65.92333	99
65.92500	99
65.92667	99
65.92833	99
65.93000	99
65.93167	98
65.93333	99
65.93500	98
65.93667	98
65.93833	97
65.94000	98
65.94167	97
65.94333	97
65.94500	97
65.94667	96
65.94833	97
65.95000	96
65.95167	95
65.95333	96
65.95500	95
65.95667	94
65.95833	95
65.96000	95
65.96167	94
65.96333	94
65.96500	94
65.96667	93
65.96833	93
65.97000	94
65.97167	92
65.97333	93
65.97500	92
65.97667	93
65.97833	92
65.98000	92
65.98167	92
65.98333	91
65.98500	92
65.98667	91
65.98833	91
65.99000	91
65.99167	90
65.99333	91
65.99500	90
65.99667	90
65.99833	90
66.00000	90
66.00167	90
66.00333	90
66.00500	89
66.00667	89
66.00833	90
66.01000	89
66.01167	89
66.01333	89
66.01500	88
66.01667	89
66.01833	89
66.02000	88
66.02167	89
66.02333	88
66.02500	88
66.02667	88
66.02833	88
66.03000	89
66.03167	88
66.03333	89
66.03500	88
66.03667	88
66.03833	89
66.04000	88
66.04167	89
66.04333	88
66.04500	89
66.04667	89
66.04833	90
66.05000	89
66.05167	89
66.05333	90
66.05500	89
66.05667	90
66.05833	90
66.06000	90
66.06167	90
66.06333	90
66.06500	91
66.06667	91
66.06833	90
66.07000	91
66.07167	92
66.07333	91
66.07500	91
66.07667	92
66.07833	92
66.08000	92
66.08167	92
66.08333	93
66.08500	92
66.08667	93
66.08833	92
66.09000	94
66.09167	93
66.09333	93
66.09500	94
66.09667	93
66.09833	94
66.10000	94
66.10167	94
66.10333	95
66.10500	94
66.10667	95
66.10833	94
66.11000	95
66.11167	95
66.11333	95
66.11500	95
66.11667	96
66.11833	96
66.12000	96
66.12167	97
66.12333	97
66.12500	97
66.12667	98
66.12833	98
66.13000	98
66.13167	99
66.13333	99
66.13500	100
66.13667	100
66.13833	101
66.14000	101
66.14167	102
66.14333	102
66.14500	103
66.14667	103
66.14833	104
66.15000	104
66.15167	105
66.15333	105
66.15500	107
66.15667	106
66.15833	108
66.16000	108
66.16167	109
66.16333	109
66.16500	111
66.16667	111
66.16833	111
66.17000	113
66.17167	114
66.17333	114
66.17500	115
66.17667	116
66.17833	117
66.18000	118
66.18167	119
66.18333	121
66.18500	121
66.18667	123
66.18833	124
66.19000	125
66.19167	126
66.19333	128
66.19500	130
66.19667	130
66.19833	133
66.20000	134
66.20167	135
66.20333	138
66.20500	139
66.20667	141
66.20833	143
66.21000	144
66.21167	147
66.21333	149
66.21500	151
66.21667	152
66.21833	154
66.22000	157
66.22167	158
66.22333	160
66.22500	162
66.22667	164
66.22833	166
66.23000	168
66.23167	169
66.23333	171
66.23500	173
66.23667	175
66.23833	176
66.24000	177
66.24167	179
66.24333	180
66.24500	182
66.24667	182
66.24833	184
66.25000	185
66.25167	185
66.25333	186
66.25500	186
66.25667	187
66.25833	188
66.26000	188
66.26167	188
66.26333	188
66.26500	188
66.26667	188
66.26833	187
66.27000	188
66.27167	186
66.27333	186
66.27500	186
66.27667	184
66.27833	184
66.28000	183
66.28167	182
66.28333	181
66.28500	180
66.28667	178
66.28833	177
66.29000	175
66.29167	173
66.29333	172
66.29500	170
66.29667	168
66.29833	167
66.30000	164
66.30167	163
66.30333	161
66.30500	159
66.30667	157
66.30833	155
66.31000	153
66.31167	151
66.31333	150
66.31500	147
66.31667	146
66.31833	143
66.32000	142
66.32167	140
66.32333	139
66.32500	136
66.32667	135
66.32833	133
66.33000	132
66.33167	129
66.33333	128
66.33500	127
66.33667	124
66.33833	124
66.34000	122
66.34167	120
66.34333	119
66.34500	118
66.34667	116
66.34833	115
66.35000	114
66.35167	113
66.35333	111
66.35500	111
66.35667	109
66.35833	108
66.36000	108
66.36167	107
66.36333	105
66.36500	106
66.36667	104
66.36833	103
66.37000	103
66.37167	102
66.37333	101
66.37500	101
66.37667	101
66.37833	100
66.38000	99
66.38167	99
66.38333	99
66.38500	98
66.38667	98
66.38833	97
66.39000	97
66.39167	97
66.39333	97
66.39500	96
66.39667	96
66.39833	96
66.40000	96
66.40167	95
66.40333	96
66.40500	95
66.40667	95
66.40833	95
66.41000	94
66.41167	95
66.41333	94
66.41500	94
66.41667	94
66.41833	94
66.42000	93
66.42167	94
66.42333	93
66.42500	92
66.42667	93
66.42833	92
66.43000	92
66.43167	91
66.43333	92
66.43500	91
66.43667	90
66.43833	90
66.44000	90
66.44167	90
66.44333	89
66.44500	89
66.44667	89
66.44833	88
66.45000	88
66.45167	88
66.45333	88
66.45500	87
66.45667	88
66.45833	87
66.46000	87
66.46167	86
66.46333	87
66.46500	86
66.46667	85
66.46833	86
66.47000	86
66.47167	85
66.47333	86
66.47500	85
66.47667	84
66.47833	85
66.48000	84
66.48167	84
66.48333	84
66.48500	83
66.48667	84
66.48833	83
66.49000	82
66.49167	83
66.49333	83
66.49500	82
66.49667	82
66.49833	82
66.50000	82
66.50167	81
66.50333	82
66.50500	81
66.50667	82
66.50833	81
66.51000	81
66.51167	82
66.51333	81
66.51500	81
66.51667	82
66.51833	82
66.52000	81
66.52167	82
66.52333	82
66.52500	82
66.52667	82
66.52833	82
66.53000	82
66.53167	83
66.53333	83
66.53500	83
66.53667	83
66.53833	83
66.54000	83
66.54167	84
66.54333	83
66.54500	84
66.54667	84
66.54833	83
66.55000	84
66.55167	83
66.55333	84
66.55500	83
66.55667	83
66.55833	83
66.56000	84
66.56167	83
66.56333	83
66.56500	83
66.56667	83
66.56833	84
66.57000	83
66.57167	84
66.57333	83
66.57500	83
66.57667	83
66.57833	83
66.58000	83
66.58167	83
66.58333	82
66.58500	83
66.58667	83
66.58833	83
66.59000	82
66.59167	83
66.59333	83
66.59500	82
66.59667	82
66.59833	82
66.60000	83
66.60167	82
66.60333	82
66.60500	82
66.60667	81
66.60833	82
66.61000	82
66.61167	82
66.61333	81
66.61500	82
66.61667	81
66.61833	82
66.62000	82
66.62167	81
66.62333	82
66.62500	82
66.62667	81
66.62833	82
66.63000	81
66.63167	82
66.63333	81
66.63500	82
66.63667	81
66.63833	81
66.64000	82
66.64167	81
66.64333	81
66.64500	81
66.64667	81
66.64833	80
66.65000	81
66.65167	80
66.65333	80
66.65500	80
66.65667	79
66.65833	79
66.66000	80
66.66167	78
66.66333	79
66.66500	78
66.66667	78
66.66833	78
66.67000	78
66.67167	78
66.67333	77
66.67500	77
66.67667	77
66.67833	77
66.68000	77
66.68167	77
66.68333	76
66.68500	77
66.68667	76
66.68833	76
66.69000	77
66.69167	76
66.69333	76
66.69500	76
66.69667	76
66.69833	75
66.70000	76
66.70167	76
66.70333	76
66.70500	76
66.70667	76
66.70833	77
66.71000	76
66.71167	76
66.71333	76
66.71500	76
66.71667	76
66.71833	76
66.72000	76
66.72167	76
66.72333	76
66.72500	75
66.72667	76
66.72833	75
66.73000	75
66.73167	75
66.73333	75
66.73500	75
66.73667	74
66.73833	75
66.74000	74
66.74167	74
66.74333	74
66.74500	73
66.74667	73
66.74833	73
66.75000	73
66.75167	72
66.75333	72
66.75500	72
66.75667	71
66.75833	71
66.76000	70
66.76167	71
66.76333	69
66.76500	70
66.76667	70
66.76833	69
66.77000	69
66.77167	70
66.77333	68
66.77500	69
66.77667	69
66.77833	69
66.78000	68
66.78167	68
66.78333	68
66.78500	68
66.78667	68
66.78833	68
66.79000	68
66.79167	67
66.79333	67
66.79500	68
66.79667	67
66.79833	67
66.80000	68
66.80167	66
66.80333	67
66.80500	67
66.80667	67
66.80833	66
66.81000	67
66.81167	66
66.81333	66
66.81500	66
66.81667	67
66.81833	66
66.82000	66
66.82167	65
66.82333	66
66.82500	66
66.82667	65
66.82833	66
66.83000	65
66.83167	66
66.83333	65
66.83500	66
66.83667	65
66.83833	66
66.84000	65
66.84167	65
66.84333	65
66.84500	66
66.84667	65
66.84833	65
66.85000	66
66.85167	65
66.85333	66
66.85500	65
66.85667	66
66.85833	66
66.86000	65
66.86167	66
66.86333	65
66.86500	66
66.86667	66
66.86833	66
66.87000	66
66.87167	66
66.87333	67
66.87500	66
66.87667	66
66.87833	67
66.88000	67
66.88167	66
66.88333	67
66.88500	67
66.88667	67
66.88833	66
66.89000	67
66.89167	67
66.89333	66
66.89500	67
66.89667	66
66.89833	67
66.90000	67
66.90167	66
66.90333	66
66.90500	67
66.90667	66
66.90833	66
66.91000	66
66.91167	65
66.91333	65
66.91500	66
66.91667	65
66.91833	65
66.92000	64
66.92167	65
66.92333	65
66.92500	64
66.92667	65
66.92833	65
66.93000	64
66.93167	65
66.93333	65
66.93500	65
66.93667	66
66.93833	65
66.94000	65
66.94167	66
66.94333	66
66.94500	66
66.94667	66
66.94833	66
66.95000	67
66.95167	67
66.95333	66
66.95500	67
66.95667	67
66.95833	67
66.96000	67
66.96167	67
66.96333	67
66.96500	67
66.96667	68
66.96833	67
66.97000	67
66.97167	68
66.97333	67
66.97500	67
66.97667	67
66.97833	67
66.98000	66
66.98167	67
66.98333	67
66.98500	67
66.98667	67
66.98833	67
66.99000	68
66.99167	67
66.99333	67
66.99500	68
66.99667	67
66.99833	68
67.00000	68
67.00167	67
67.00333	68
67.00500	68
67.00667	68
67.00833	68
67.01000	69
67.01167	68
67.01333	68
67.01500	68
67.01667	69
67.01833	68
67.02000	69
67.02167	68
67.02333	69
67.02500	69
67.02667	69
67.02833	69
67.03000	69
67.03167	69
67.03333	69
67.03500	70
67.03667	69
67.03833	70
67.04000	69
67.04167	70
67.04333	70
67.04500	70
67.04667	71
67.04833	70
67.05000	71
67.05167	71
67.05333	70
67.05500	71
67.05667	71
67.05833	71
67.06000	71
67.06167	72
67.06333	71
67.06500	71
67.06667	71
67.06833	71
67.07000	72
67.07167	70
67.07333	71
67.07500	70
67.07667	71
67.07833	70
67.08000	70
67.08167	70
67.08333	69
67.08500	70
67.08667	69
67.08833	69
67.09000	69
67.09167	69
67.09333	69
67.09500	68
67.09667	69
67.09833	68
67.10000	68
67.10167	68
67.10333	68
67.10500	68
67.10667	68
67.10833	68
67.11000	69
67.11167	68
67.11333	68
67.11500	68
67.11667	68
67.11833	69
67.12000	68
67.12167	68
67.12333	69
67.12500	69
67.12667	69
67.12833	68
67.13000	70
67.13167	69
67.13333	69
67.13500	70
67.13667	69
67.13833	70
67.14000	70
67.14167	69
67.14333	70
67.14500	70
67.14667	69
67.14833	70
67.15000	70
67.15167	70
67.15333	69
67.15500	70
67.15667	70
67.15833	69
67.16000	70
67.16167	69
67.16333	70
67.16500	69
67.16667	69
67.16833	70
67.17000	69
67.17167	69
67.17333	68
67.17500	69
67.17667	69
67.17833	69
67.18000	68
67.18167	69
67.18333	68
67.18500	69
67.18667	68
67.18833	68
67.19000	69
67.19167	69
67.19333	68
67.19500	68
67.19667	68
67.19833	69
67.20000	68
67.20167	69
67.20333	68
67.20500	68
67.20667	68
67.20833	68
67.21000	68
67.21167	68
67.21333	68
67.21500	67
67.21667	68
67.21833	67
67.22000	67
67.22167	67
67.22333	67
67.22500	66
67.22667	67
67.22833	66
67.23000	66
67.23167	66
67.23333	65
67.23500	66
67.23667	65
67.23833	65
67.24000	65
67.24167	64
67.24333	65
67.24500	64
67.24667	64
67.24833	64
67.25000	64
67.25167	64
67.25333	64
67.25500	63
67.25667	64
67.25833	63
67.26000	63
67.26167	63
67.26333	63
67.26500	62
67.26667	63
67.26833	62
67.27000	62
67.27167	62
67.27333	61
67.27500	61
67.27667	61
67.27833	61
67.28000	61
67.28167	60
67.28333	60
67.28500	59
67.28667	59
67.28833	59
67.29000	59
67.29167	58
67.29333	58
67.29500	58
67.29667	57
67.29833	57
67.30000	57
67.30167	56
67.30333	57
67.30500	56
67.30667	55
67.30833	56
67.31000	56
67.31167	55
67.31333	56
67.31500	55
67.31667	55
67.31833	55
67.32000	55
67.32167	54
67.32333	55
67.32500	55
67.32667	55
67.32833	54
67.33000	55
67.33167	54
67.33333	55
67.33500	54
67.33667	55
67.33833	55
67.34000	54
67.34167	55
67.34333	54
67.34500	54
67.34667	55
67.34833	54
67.35000	54
67.35167	54
67.35333	54
67.35500	53
67.35667	54
67.35833	54
67.36000	53
67.36167	53
67.36333	53
67.36500	54
67.36667	52
67.36833	53
67.37000	53
67.37167	52
67.37333	52
67.37500	53
67.37667	52
67.37833	52
67.38000	51
67.38167	52
67.38333	51
67.38500	52
67.38667	51
67.38833	50
67.39000	51
67.39167	51
67.39333	50
67.39500	50
67.39667	50
67.39833	50
67.40000	49
67.40167	49
67.40333	49
67.40500	49
67.40667	48
67.40833	49
67.41000	48
67.41167	48
67.41333	48
67.41500	48
67.41667	47
67.41833	48
67.42000	47
67.42167	47
67.42333	47
67.42500	46
67.42667	47
67.42833	46
67.43000	46
67.43167	46
67.43333	45
67.43500	45
67.43667	45
67.43833	45
67.44000	45
67.44167	44
67.44333	44
67.44500	44
67.44667	43
67.44833	44
67.45000	42
67.45167	43
67.45333	42
67.45500	43
67.45667	42
67.45833	42
67.46000	41
67.46167	41
67.46333	42
67.46500	40
67.46667	41
67.46833	41
67.47000	41
67.47167	40
67.47333	41
67.47500	41
67.47667	40
67.47833	40
67.48000	40
67.48167	40
67.48333	40
67.48500	39
67.48667	40
67.48833	40
67.49000	40
67.49167	39
67.49333	40
67.49500	40
67.49667	39
67.49833	40
67.50000	39
67.50167	39
67.50333	39
67.50500	39
67.50667	39
67.50833	38
67.51000	38
67.51167	38
67.51333	38
67.51500	38
67.51667	37
67.51833	38
67.52000	37
67.52167	36
67.52333	37
67.52500	36
67.52667	37
67.52833	36
67.53000	36
67.53167	36
67.53333	36
67.53500	35
67.53667	36
67.53833	35
67.54000	36
67.54167	35
67.54333	35
67.54500	34
67.54667	35
67.54833	34
67.55000	35
67.55167	34
67.55333	33
67.55500	34
67.55667	34
67.55833	33
67.56000	32
67.56167	33
67.56333	32
67.56500	31
67.56667	32
67.56833	31
67.57000	31
67.57167	31
67.57333	30
67.57500	31
67.57667	29
67.57833	30
67.58000	29
67.58167	28
67.58333	28
67.58500	28
67.58667	27
67.58833	27
67.59000	27
67.59167	26
67.59333	26
67.59500	26
67.59667	25
67.59833	25
67.60000	24
67.60167	25
67.60333	24
67.60500	23
67.60667	24
67.60833	23
67.61000	23
67.61167	22
67.61333	23
67.61500	22
67.61667	23
67.61833	22
67.62000	22
67.62167	22
67.62333	22
67.62500	22
67.62667	21
67.62833	22
67.63000	21
67.63167	21
67.63333	21
67.63500	21
67.63667	21
67.63833	21
67.64000	21
67.64167	21
67.64333	21
67.64500	21
67.64667	21
67.64833	21
67.65000	21
67.65167	20
67.65333	21
67.65500	21
67.65667	21
67.65833	21
67.66000	20
67.66167	21
67.66333	21
67.66500	20
67.66667	21
67.66833	20
67.67000	21
67.67167	20
67.67333	21
67.67500	20
67.67667	21
67.67833	20
67.68000	20
67.68167	20
67.68333	20
67.68500	20
67.68667	19
67.68833	19
67.69000	19
67.69167	18
67.69333	19
67.69500	18
67.69667	18
67.69833	17
67.70000	18
67.70167	17
67.70333	17
67.70500	17
67.70667	17
67.70833	16
67.71000	16
67.71167	16
67.71333	16
67.71500	16
67.71667	15
67.71833	15
67.72000	15
67.72167	15
67.72333	14
67.72500	15
67.72667	14
67.72833	14
67.73000	13
67.73167	14
67.73333	13
67.73500	13
67.73667	13
67.73833	13
67.74000	12
67.74167	12
67.74333	12
67.74500	12
67.74667	12
67.74833	11
67.75000	11
67.75167	10
67.75333	10
67.75500	10
67.75667	11
67.75833	10
67.76000	9
67.76167	10
67.76333	9
67.76500	9
67.76667	9
67.76833	8
67.77000	9
67.77167	8
67.77333	8
67.77500	7
67.77667	8
67.77833	7
67.78000	8
67.78167	7
67.78333	7
67.78500	6
67.78667	7
67.78833	6
67.79000	6
67.79167	6
67.79333	5
67.79500	5
67.79667	5
67.79833	6
67.80000	4
67.80167	5
67.80333	5
67.80500	4
67.80667	5
67.80833	4
67.81000	3
67.81167	4
67.81333	3
67.81500	4
67.81667	3
67.81833	3
67.82000	3
67.82167	3
67.82333	4
67.82500	3
67.82667	3
67.82833	3
67.83000	3
67.83167	3
67.83333	3
67.83500	4
67.83667	3
67.83833	4
67.84000	3
67.84167	4
67.84333	4
67.84500	4
67.84667	3
67.84833	4
67.85000	4
67.85167	4
67.85333	4
67.85500	3
67.85667	4
67.85833	3
67.86000	4
67.86167	3
67.86333	3
67.86500	3
67.86667	2
67.86833	2
67.87000	1
67.87167	2
67.87333	1
67.87500	0
67.87667	0
67.87833	0
67.88000	0
67.88167	-1
67.88333	-1
67.88500	-1
67.88667	-2
67.88833	-2
67.89000	-3
67.89167	-3
67.89333	-3
67.89500	-3
67.89667	-4
67.89833	-5
67.90000	-4
67.90167	-4
67.90333	-5
67.90500	-5
67.90667	-6
67.90833	-5
67.91000	-5
67.91167	-6
67.91333	-5
67.91500	-6
67.91667	-6
67.91833	-6
67.92000	-6
67.92167	-6
67.92333	-6
67.92500	-6
67.92667	-6
67.92833	-5
67.93000	-6
67.93167	-6
67.93333	-5
67.93500	-6
67.93667	-5
67.93833	-5
67.94000	-6
67.94167	-5
67.94333	-5
67.94500	-5
67.94667	-5
67.94833	-5
67.95000	-5
67.95167	-5
67.95333	-5
67.95500	-4
67.95667	-5
67.95833	-5
67.96000	-4
67.96167	-5
67.96333	-5
67.96500	-5
67.96667	-4
67.96833	-5
67.97000	-4
67.97167	-5
67.97333	-6
67.97500	-5
67.97667	-5
67.97833	-5
67.98000	-6
67.98167	-6
67.98333	-6
67.98500	-6
67.98667	-6
67.98833	-7
67.99000	-7
67.99167	-7
67.99333	-8
67.99500	-8
67.99667	-8
67.99833	-8
68.00000	-9
68.00167	-9
68.00333	-9
68.00500	-10
68.00667	-9
68.00833	-11
68.01000	-10
68.01167	-11
68.01333	-11
68.01500	-12
68.01667	-12
68.01833	-12
68.02000	-12
68.02167	-13
68.02333	-13
68.02500	-13
68.02667	-13
68.02833	-14
68.03000	-14
68.03167	-14
68.03333	-14
68.03500	-14
68.03667	-15
68.03833	-16
68.04000	-15
68.04167	-15
68.04333	-16
68.04500	-16
68.04667	-16
68.04833	-16
68.05000	-17
68.05167	-16
68.05333	-17
68.05500	-17
68.05667	-17
68.05833	-17
68.06000	-17
68.06167	-17
68.06333	-17
68.06500	-17
68.06667	-17
68.06833	-17
68.07000	-17
68.07167	-17
68.07333	-17
68.07500	-17
68.07667	-17
68.07833	-17
68.08000	-17
68.08167	-16
68.08333	-17
68.08500	-16
68.08667	-16
68.08833	-17
68.09000	-16
68.09167	-17
68.09333	-16
68.09500	-16
68.09667	-17
68.09833	-16
68.10000	-16
68.10167	-17
68.10333	-16
68.10500	-17
68.10667	-17
68.10833	-17
68.11000	-18
68.11167	-17
68.11333	-18
68.11500	-18
68.11667	-19
68.11833	-18
68.12000	-19
68.12167	-19
68.12333	-20
68.12500	-19
68.12667	-20
68.12833	-20
68.13000	-20
68.13167	-20
68.13333	-20
68.13500	-21
68.13667	-21
68.13833	-21
68.14000	-21
68.14167	-21
68.14333	-22
68.14500	-21
68.14667	-22
68.14833	-22
68.15000	-22
68.15167	-21
68.15333	-22
68.15500	-22
68.15667	-22
68.15833	-22
68.16000	-21
68.16167	-22
68.16333	-22
68.16500	-22
68.16667	-22
68.16833	-22
68.17000	-22
68.17167	-22
68.17333	-22
68.17500	-23
68.17667	-22
68.17833	-23
68.18000	-23
68.18167	-23
68.18333	-24
68.18500	-23
68.18667	-24
68.18833	-23
68.19000	-24
68.19167	-23
68.19333	-24
68.19500	-24
68.19667	-24
68.19833	-24
68.20000	-24
68.20167	-24
68.20333	-24
68.20500	-25
68.20667	-24
68.20833	-24
68.21000	-25
68.21167	-24
68.21333	-25
68.21500	-25
68.21667	-25
68.21833	-25
68.22000	-25
68.22167	-26
68.22333	-25
68.22500	-26
68.22667	-25
68.22833	-26
68.23000	-26
68.23167	-26
68.23333	-26
68.23500	-26
68.23667	-26
68.23833	-26
68.24000	-27
68.24167	-26
68.24333	-27
68.24500	-27
68.24667	-27
68.24833	-28
68.25000	-27
68.25167	-28
68.25333	-28
68.25500	-27
68.25667	-28
68.25833	-28
68.26000	-28
68.26167	-28
68.26333	-28
68.26500	-28
68.26667	-29
68.26833	-29
68.27000	-29
68.27167	-29
68.27333	-30
68.27500	-30
68.27667	-30
68.27833	-31
68.28000	-31
68.28167	-31
68.28333	-31
68.28500	-32
68.28667	-33
68.28833	-32
68.29000	-33
68.29167	-33
68.29333	-32
68.29500	-33
68.29667	-33
68.29833	-33
68.30000	-34
68.30167	-33
68.30333	-34
68.30500	-33
68.30667	-34
68.30833	-34
68.31000	-34
68.31167	-34
68.31333	-33
68.31500	-34
68.31667	-34
68.31833	-33
68.32000	-34
68.32167	-33
68.32333	-34
68.32500	-33
68.32667	-33
68.32833	-33
68.33000	-33
68.33167	-33
68.33333	-33
68.33500	-32
68.33667	-33
68.33833	-32
68.34000	-32
68.34167	-31
68.34333	-32
68.34500	-32
68.34667	-32
68.34833	-31
68.35000	-32
68.35167	-31
68.35333	-32
68.35500	-32
68.35667	-32
68.35833	-32
68.36000	-32
68.36167	-32
68.36333	-32
68.36500	-33
68.36667	-32
68.36833	-33
68.37000	-32
68.37167	-33
68.37333	-33
68.37500	-33
68.37667	-33
68.37833	-33
68.38000	-33
68.38167	-33
68.38333	-34
68.38500	-33
68.38667	-34
68.38833	-33
68.39000	-34
68.39167	-34
68.39333	-34
68.39500	-35
68.39667	-34
68.39833	-35
68.40000	-35
68.40167	-34
68.40333	-35
68.40500	-35
68.40667	-35
68.40833	-35
68.41000	-35
68.41167	-35
68.41333	-35
68.41500	-35
68.41667	-35
68.41833	-35
68.42000	-35
68.42167	-35
68.42333	-35
68.42500	-34
68.42667	-35
68.42833	-34
68.43000	-35
68.43167	-35
68.43333	-34
68.43500	-34
68.43667	-35
68.43833	-34
68.44000	-34
68.44167	-34
68.44333	-34
68.44500	-34
68.44667	-33
68.44833	-34
68.45000	-34
68.45167	-33
68.45333	-34
68.45500	-34
68.45667	-33
68.45833	-34
68.46000	-33
68.46167	-34
68.46333	-34
68.46500	-33
68.46667	-34
68.46833	-33
68.47000	-34
68.47167	-33
68.47333	-34
68.47500	-34
68.47667	-33
68.47833	-34
68.48000	-34
68.48167	-34
68.48333	-34
68.48500	-34
68.48667	-34
68.48833	-34
68.49000	-34
68.49167	-35
68.49333	-34
68.49500	-35
68.49667	-34
68.49833	-35
68.50000	-34
68.50167	-35
68.50333	-35
68.50500	-34
68.50667	-35
68.50833	-35
68.51000	-34
68.51167	-35
68.51333	-35
68.51500	-34
68.51667	-35
68.51833	-34
68.52000	-35
68.52167	-34
68.52333	-34
68.52500	-35
68.52667	-34
68.52833	-34
68.53000	-34
68.53167	-34
68.53333	-34
68.53500	-34
68.53667	-33
68.53833	-34
68.54000	-34
68.54167	-33
68.54333	-34
68.54500	-33
68.54667	-34
68.54833	-34
68.55000	-34
68.55167	-34
68.55333	-35
68.55500	-35
68.55667	-36
68.55833	-35
68.56000	-36
68.56167	-36
68.56333	-37
68.56500	-36
68.56667	-37
68.56833	-38
68.57000	-38
68.57167	-38
68.57333	-38
68.57500	-39
68.57667	-39
68.57833	-39
68.58000	-39
68.58167	-40
68.58333	-40
68.58500	-40
68.58667	-40
68.58833	-40
68.59000	-41
68.59167	-41
68.59333	-41
68.59500	-41
68.59667	-41
68.59833	-42
68.60000	-42
68.60167	-42
68.60333	-43
68.60500	-42
68.60667	-43
68.60833	-43
68.61000	-43
68.61167	-43
68.61333	-43
68.61500	-43
68.61667	-44
68.61833	-43
68.62000	-44
68.62167	-44
68.62333	-45
68.62500	-44
68.62667	-45
68.62833	-45
68.63000	-45
68.63167	-45
68.63333	-45
68.63500	-45
68.63667	-46
68.63833	-46
68.64000	-46
68.64167	-46
68.64333	-46
68.64500	-47
68.64667	-46
68.64833	-47
68.65000	-47
68.65167	-48
68.65333	-47
68.65500	-48
68.65667	-48
68.65833	-49
68.66000	-49
68.66167	-49
68.66333	-49
68.66500	-49
68.66667	-49
68.66833	-49
68.67000	-50
68.67167	-50
68.67333	-49
68.67500	-50
68.67667	-50
68.67833	-51
68.68000	-50
68.68167	-51
68.68333	-50
68.68500	-51
68.68667	-50
68.68833	-51
68.69000	-50
68.69167	-51
68.69333	-51
68.69500	-51
68.69667	-52
68.69833	-51
68.70000	-52
68.70167	-52
68.70333	-52
68.70500	-53
68.70667	-52
68.70833	-53
68.71000	-53
68.71167	-53
68.71333	-53
68.71500	-53
68.71667	-54
68.71833	-53
68.72000	-54
68.72167	-54
68.72333	-54
68.72500	-54
68.72667	-53
68.72833	-54
68.73000	-54
68.73167	-53
68.73333	-54
68.73500	-54
68.73667	-54
68.73833	-54
68.74000	-54
68.74167	-53
68.74333	-54
68.74500	-53
68.74667	-54
68.74833	-53
68.75000	-53
68.75167	-53
68.75333	-53
68.75500	-53
68.75667	-52
68.75833	-52
68.76000	-52
68.76167	-53
68.76333	-52
68.76500	-51
68.76667	-52
68.76833	-52
68.77000	-51
68.77167	-51
68.77333	-51
68.77500	-51
68.77667	-51
68.77833	-50
68.78000	-51
68.78167	-50
68.78333	-50
68.78500	-51
68.78667	-50
68.78833	-50
68.79000	-49
68.79167	-51
68.79333	-50
68.79500	-50
68.79667	-50
68.79833	-51
68.80000	-51
68.80167	-51
68.80333	-50
68.80500	-51
68.80667	-52
68.80833	-51
68.81000	-52
68.81167	-52
68.81333	-51
68.81500	-52
68.81667	-52
68.81833	-51
68.82000	-52
68.82167	-52
68.82333	-52
68.82500	-52
68.82667	-52
68.82833	-52
68.83000	-52
68.83167	-52
68.83333	-52
68.83500	-53
68.83667	-52
68.83833	-52
68.84000	-53
68.84167	-52
68.84333	-53
68.84500	-52
68.84667	-53
68.84833	-52
68.85000	-53
68.85167	-52
68.85333	-53
68.85500	-52
68.85667	-53
68.85833	-53
68.86000	-52
68.86167	-53
68.86333	-53
68.86500	-54
68.86667	-53
68.86833	-54
68.87000	-53
68.87167	-54
68.87333	-55
68.87500	-54
68.87667	-55
68.87833	-55
68.88000	-55
68.88167	-56
68.88333	-55
68.88500	-56
68.88667	-56
68.88833	-57
68.89000	-56
68.89167	-57
68.89333	-57
68.89500	-57
68.89667	-57
68.89833	-58
68.90000	-58
68.90167	-58
68.90333	-59
68.90500	-58
68.90667	-59
68.90833	-59
68.91000	-60
68.91167	-59
68.91333	-60
68.91500	-60
68.91667	-60
68.91833	-61
68.92000	-60
68.92167	-61
68.92333	-61
68.92500	-60
68.92667	-61
68.92833	-61
68.93000	-61
68.93167	-61
68.93333	-61
68.93500	-62
68.93667	-61
68.93833	-62
68.94000	-62
68.94167	-61
68.94333	-62
68.94500	-62
68.94667	-62
68.94833	-62
68.95000	-62
68.95167	-62
68.95333	-63
68.95500	-63
68.95667	-62
68.95833	-63
68.96000	-64
68.96167	-63
68.96333	-63
68.96500	-64
68.96667	-64
68.96833	-63
68.97000	-64
68.97167	-64
68.97333	-64
68.97500	-64
68.97667	-64
68.97833	-64
68.98000	-64
68.98167	-64
68.98333	-63
68.98500	-64
68.98667	-64
68.98833	-63
68.99000	-63
68.99167	-64
68.99333	-63
68.99500	-63
68.99667	-63
68.99833	-62
69.00000	-63
69.00167	-62
69.00333	-63
69.00500	-62
69.00667	-62
69.00833	-62
69.01000	-62
69.01167	-63
69.01333	-62
69.01500	-61
69.01667	-62
69.01833	-62
69.02000	-62
69.02167	-61
69.02333	-62
69.02500	-61
69.02667	-61
69.02833	-61
69.03000	-61
69.03167	-62
69.03333	-61
69.03500	-61
69.03667	-61
69.03833	-61
69.04000	-61
69.04167	-61
69.04333	-61
69.04500	-61
69.04667	-62
69.04833	-61
69.05000	-61
69.05167	-61
69.05333	-61
69.05500	-61
69.05667	-61
69.05833	-61
69.06000	-61
69.06167	-62
69.06333	-61
69.06500	-61
69.06667	-61
69.06833	-62
69.07000	-61
69.07167	-61
69.07333	-61
69.07500	-62
69.07667	-61
69.07833	-61
69.08000	-61
69.08167	-61
69.08333	-61
69.08500	-60
69.08667	-61
69.08833	-60
69.09000	-60
69.09167	-60
69.09333	-59
69.09500	-60
69.09667	-59
69.09833	-58
69.10000	-59
69.10167	-58
69.10333	-58
69.10500	-58
69.10667	-57
69.10833	-57
69.11000	-58
69.11167	-57
69.11333	-57
69.11500	-57
69.11667	-56
69.11833	-57
69.12000	-57
69.12167	-56
69.12333	-56
69.12500	-56
69.12667	-55
69.12833	-56
69.13000	-55
69.13167	-55
69.13333	-55
69.13500	-54
69.13667	-54
69.13833	-53
69.14000	-53
69.14167	-53
69.14333	-52
69.14500	-52
69.14667	-50
69.14833	-50
69.15000	-50
69.15167	-48
69.15333	-47
69.15500	-46
69.15667	-45
69.15833	-43
69.16000	-42
69.16167	-40
69.16333	-39
69.16500	-36
69.16667	-35
69.16833	-32
69.17000	-31
69.17167	-27
69.17333	-25
69.17500	-23
69.17667	-19
69.17833	-17
69.18000	-13
69.18167	-11
69.18333	-7
69.18500	-4
69.18667	1
69.18833	4
69.19000	8
69.19167	13
69.19333	17
69.19500	21
69.19667	25
69.19833	30
69.20000	34
69.20167	39
69.20333	44
69.20500	49
69.20667	53
69.20833	58
69.21000	64
69.21167	68
69.21333	74
69.21500	78
69.21667	83
69.21833	87
69.22000	93
69.22167	97
69.22333	101
69.22500	106
69.22667	109
69.22833	114
69.23000	118
69.23167	121
69.23333	125
69.23500	128
69.23667	131
69.23833	133
69.24000	136
69.24167	138
69.24333	139
69.24500	141
69.24667	142
69.24833	143
69.25000	143
69.25167	144
69.25333	143
69.25500	143
69.25667	143
69.25833	142
69.26000	141
69.26167	139
69.26333	138
69.26500	135
69.26667	134
69.26833	130
69.27000	128
69.27167	125
69.27333	122
69.27500	119
69.27667	116
69.27833	113
69.28000	109
69.28167	106
69.28333	101
69.28500	99
69.28667	94
69.28833	91
69.29000	87
69.29167	84
69.29333	80
69.29500	76
69.29667	74
69.29833	69
69.30000	67
69.30167	63
69.30333	60
69.30500	57
69.30667	54
69.30833	51
69.31000	49
69.31167	47
69.31333	44
69.31500	42
69.31667	39
69.31833	38
69.32000	35
69.32167	34
69.32333	32
69.32500	31
69.32667	29
69.32833	27
69.33000	26
69.33167	26
69.33333	23
69.33500	23
69.33667	22
69.33833	21
69.34000	21
69.34167	18
69.34333	18
69.34500	17
69.34667	16
69.34833	15
69.35000	14
69.35167	13
69.35333	12
69.35500	10
69.35667	10
69.35833	8
69.36000	7
69.36167	6
69.36333	5
69.36500	3
69.36667	2
69.36833	0
69.37000	-2
69.37167	-3
69.37333	-6
69.37500	-7
69.37667	-8
69.37833	-11
69.38000	-11
69.38167	-14
69.38333	-15
69.38500	-17
69.38667	-19
69.38833	-21
69.39000	-22
69.39167	-25
69.39333	-25
69.39500	-27
69.39667	-29
69.39833	-31
69.40000	-32
69.40167	-34
69.40333	-35
69.40500	-37
69.40667	-39
69.40833	-40
69.41000	-41
69.41167	-42
69.41333	-44
69.41500	-45
69.41667	-46
69.41833	-48
69.42000	-49
69.42167	-50
69.42333	-52
69.42500	-52
69.42667	-53
69.42833	-55
69.43000	-55
69.43167	-56
69.43333	-57
69.43500	-58
69.43667	-58
69.43833	-60
69.44000	-60
69.44167	-61
69.44333	-61
69.44500	-62
69.44667	-63
69.44833	-63
69.45000	-64
69.45167	-65
69.45333	-65
69.45500	-65
69.45667	-66
69.45833	-67
69.46000	-67
69.46167	-67
69.46333	-68
69.46500	-69
69.46667	-69
69.46833	-69
69.47000	-69
69.47167	-71
69.47333	-70
69.47500	-71
69.47667	-71
69.47833	-72
69.48000	-72
69.48167	-72
69.48333	-72
69.48500	-73
69.48667	-73
69.48833	-73
69.49000	-74
69.49167	-74
69.49333	-74
69.49500	-74
69.49667	-74
69.49833	-74
69.50000	-75
69.50167	-75
69.50333	-75
69.50500	-75
69.50667	-75
69.50833	-75
69.51000	-75
69.51167	-75
69.51333	-76
69.51500	-75
69.51667	-76
69.51833	-76
69.52000	-76
69.52167	-76
69.52333	-76
69.52500	-77
69.52667	-76
69.52833	-77
69.53000	-77
69.53167	-76
69.53333	-77
69.53500	-77
69.53667	-77
69.53833	-76
69.54000	-77
69.54167	-78
69.54333	-77
69.54500	-77
69.54667	-78
69.54833	-77
69.55000	-78
69.55167	-77
69.55333	-77
69.55500	-77
69.55667	-77
69.55833	-77
69.56000	-77
69.56167	-77
69.56333	-77
69.56500	-77
69.56667	-77
69.56833	-76
69.57000	-77
69.57167	-76
69.57333	-76
69.57500	-76
69.57667	-77
69.57833	-76
69.58000	-76
69.58167	-76
69.58333	-76
69.58500	-76
69.58667	-76
69.58833	-77
69.59000	-76
69.59167	-77
69.59333	-76
69.59500	-77
69.59667	-77
69.59833	-77
69.60000	-77
69.60167	-78
69.60333	-77
69.60500	-78
69.60667	-78
69.60833	-78
69.61000	-79
69.61167	-79
69.61333	-79
69.61500	-79
69.61667	-79
69.61833	-79
69.62000	-80
69.62167	-80
69.62333	-79
69.62500	-80
69.62667	-80
69.62833	-80
69.63000	-80
69.63167	-81
69.63333	-80
69.63500	-80
69.63667	-81
69.63833	-80
69.64000	-81
69.64167	-80
69.64333	-81
69.64500	-80
69.64667	-80
69.64833	-81
69.65000	-80
69.65167	-80
69.65333	-80
69.65500	-79
69.65667	-80
69.65833	-80
69.66000	-80
69.66167	-79
69.66333	-79
69.66500	-80
69.66667	-79
69.66833	-79
69.67000	-79
69.67167	-79
69.67333	-79
69.67500	-79
69.67667	-79
69.67833	-78
69.68000	-79
69.68167	-79
69.68333	-78
69.68500	-79
69.68667	-78
69.68833	-79
69.69000	-79
69.69167	-79
69.69333	-79
69.69500	-79
69.69667	-80
69.69833	-79
69.70000	-80
69.70167	-80
69.70333	-81
69.70500	-80
69.70667	-81
69.70833	-81
69.71000	-81
69.71167	-81
69.71333	-82
69.71500	-82
69.71667	-82
69.71833	-82
69.72000	-83
69.72167	-83
69.72333	-82
69.72500	-83
69.72667	-83
69.72833	-83
69.73000	-83
69.73167	-83
69.73333	-83
69.73500	-82
69.73667	-83
69.73833	-83
69.74000	-83
69.74167	-83
69.74333	-83
69.74500	-82
69.74667	-83
69.74833	-82
69.75000	-82
69.75167	-82
69.75333	-82
69.75500	-82
69.75667	-82
69.75833	-82
69.76000	-81
69.76167	-81
69.76333	-81
69.76500	-81
69.76667	-81
69.76833	-82
69.77000	-81
69.77167	-81
69.77333	-81
69.77500	-81
69.77667	-81
69.77833	-82
69.78000	-81
69.78167	-82
69.78333	-81
69.78500	-82
69.78667	-82
69.78833	-81
69.79000	-82
69.79167	-82
69.79333	-83
69.79500	-82
69.79667	-83
69.79833	-82
69.80000	-84
69.80167	-83
69.80333	-83
69.80500	-84
69.80667	-84
69.80833	-84
69.81000	-84
69.81167	-84
69.81333	-84
69.81500	-85
69.81667	-84
69.81833	-85
69.82000	-85
69.82167	-84
69.82333	-85
69.82500	-85
69.82667	-84
69.82833	-85
69.83000	-85
69.83167	-84
69.83333	-85
69.83500	-85
69.83667	-84
69.83833	-85
69.84000	-85
69.84167	-84
69.84333	-85
69.84500	-84
69.84667	-85
69.84833	-84
69.85000	-84
69.85167	-85
69.85333	-85
69.85500	-84
69.85667	-85
69.85833	-85
69.86000	-84
69.86167	-85
69.86333	-85
69.86500	-85
69.86667	-85
69.86833	-85
69.87000	-86
69.87167	-85
69.87333	-86
69.87500	-86
69.87667	-87
69.87833	-86
69.88000	-86
69.88167	-87
69.88333	-87
69.88500	-86
69.88667	-88
69.88833	-87
69.89000	-87
69.89167	-88
69.89333	-87
69.89500	-88
69.89667	-88
69.89833	-88
69.90000	-88
69.90167	-88
69.90333	-88
69.90500	-88
69.90667	-88
69.90833	-88
69.91000	-88
69.91167	-89
69.91333	-88
69.91500	-88
69.91667	-88
69.91833	-88
69.92000	-88
69.92167	-87
69.92333	-88
69.92500	-87
69.92667	-88
69.92833	-87
69.93000	-87
69.93167	-87
69.93333	-87
69.93500	-86
69.93667	-87
69.93833	-86
69.94000	-87
69.94167	-86
69.94333	-86
69.94500	-87
69.94667	-86
69.94833	-87
69.95000	-86
69.95167	-87
69.95333	-86
69.95500	-86
69.95667	-86
69.95833	-87
69.96000	-86
69.96167	-86
69.96333	-86
69.96500	-86
69.96667	-87
69.96833	-86
69.97000	-87
69.97167	-86
69.97333	-87
69.97500	-86
69.97667	-87
69.97833	-86
69.98000	-87
69.98167	-87
69.98333	-87
69.98500	-87
69.98667	-87
69.98833	-86
69.99000	-87
69.99167	-88
69.99333	-87
69.99500	-87
69.99667	-88
69.99833	-88
70.00000	-88
70.00167	-88
70.00333	-88
70.00500	-88
70.00667	-89
70.00833	-88
70.01000	-89
70.01167	-89
70.01333	-90
70.01500	-89
70.01667	-90
70.01833	-90
70.02000	-90
70.02167	-90
70.02333	-91
70.02500	-90
70.02667	-91
70.02833	-91
70.03000	-91
70.03167	-91
70.03333	-92
70.03500	-91
70.03667	-92
70.03833	-91
70.04000	-92
70.04167	-91
70.04333	-92
70.04500	-91
70.04667	-91
70.04833	-92
70.05000	-91
70.05167	-91
70.05333	-90
70.05500	-91
70.05667	-91
70.05833	-90
70.06000	-90
70.06167	-90
70.06333	-90
70.06500	-90
70.06667	-90
70.06833	-89
70.07000	-89
70.07167	-89
70.07333	-88
70.07500	-88
70.07667	-88
70.07833	-88
70.08000	-87
70.08167	-88
70.08333	-87
70.08500	-87
70.08667	-87
70.08833	-86
70.09000	-87
70.09167	-86
70.09333	-87
70.09500	-86
70.09667	-86
70.09833	-86
70.10000	-86
70.10167	-86
70.10333	-86
70.10500	-86
70.10667	-86
70.10833	-86
70.11000	-85
70.11167	-86
70.11333	-85
70.11500	-86
70.11667	-85
70.11833	-85
70.12000	-85
70.12167	-85
70.12333	-85
70.12500	-85
70.12667	-84
70.12833	-85
70.13000	-85
70.13167	-84
70.13333	-84
70.13500	-84
70.13667	-84
70.13833	-84
70.14000	-84
70.14167	-84
70.14333	-83
70.14500	-84
70.14667	-84
70.14833	-83
70.15000	-84
70.15167	-84
70.15333	-84
70.15500	-84
70.15667	-84
70.15833	-84
70.16000	-84
70.16167	-85
70.16333	-84
70.16500	-85
70.16667	-86
70.16833	-85
70.17000	-85
70.17167	-86
70.17333	-86
70.17500	-87
70.17667	-87
70.17833	-87
70.18000	-87
70.18167	-88
70.18333	-89
70.18500	-88
70.18667	-89
70.18833	-89
70.19000	-89
70.19167	-90
70.19333	-90
70.19500	-90
70.19667	-90
70.19833	-91
70.20000	-91
70.20167	-91
70.20333	-92
70.20500	-91
70.20667	-92
70.20833	-91
70.21000	-92
70.21167	-92
70.21333	-92
70.21500	-92
70.21667	-92
70.21833	-92
70.22000	-92
70.22167	-92
70.22333	-92
70.22500	-92
70.22667	-92
70.22833	-92
70.23000	-92
70.23167	-92
70.23333	-92
70.23500	-92
70.23667	-91
70.23833	-91
70.24000	-92
70.24167	-91
70.24333	-91
70.24500	-90
70.24667	-90
70.24833	-91
70.25000	-90
70.25167	-90
70.25333	-90
70.25500	-90
70.25667	-90
70.25833	-89
70.26000	-89
70.26167	-89
70.26333	-89
70.26500	-88
70.26667	-88
70.26833	-87
70.27000	-87
70.27167	-88
70.27333	-86
70.27500	-87
70.27667	-86
70.27833	-86
70.28000	-86
70.28167	-86
70.28333	-86
70.28500	-85
70.28667	-85
70.28833	-85
70.29000	-85
70.29167	-85
70.29333	-85
70.29500	-85
70.29667	-85
70.29833	-85
70.30000	-85
70.30167	-85
70.30333	-84
70.30500	-86
70.30667	-85
70.30833	-85
70.31000	-85
70.31167	-85
70.31333	-86
70.31500	-85
70.31667	-86
70.31833	-85
70.32000	-86
70.32167	-86
70.32333	-86
70.32500	-86
70.32667	-86
70.32833	-86
70.33000	-86
70.33167	-87
70.33333	-86
70.33500	-86
70.33667	-87
70.33833	-86
70.34000	-87
70.34167	-86
70.34333	-87
70.34500	-86
70.34667	-87
70.34833	-87
70.35000	-87
70.35167	-87
70.35333	-87
70.35500	-87
70.35667	-87
70.35833	-88
70.36000	-87
70.36167	-88
70.36333	-87
70.36500	-88
70.36667	-87
70.36833	-88
70.37000	-88
70.37167	-88
70.37333	-88
70.37500	-88
70.37667	-88
70.37833	-89
70.38000	-88
70.38167	-89
70.38333	-88
70.38500	-89
70.38667	-90
70.38833	-89
70.39000	-90
70.39167	-89
70.39333	-90
70.39500	-90
70.39667	-90
70.39833	-90
70.40000	-90
70.40167	-90
70.40333	-91
70.40500	-90
70.40667	-90
70.40833	-90
70.41000	-91
70.41167	-90
70.41333	-91
70.41500	-91
70.41667	-90
70.41833	-91
70.42000	-91
70.42167	-91
70.42333	-91
70.42500	-90
70.42667	-91
70.42833	-91
70.43000	-90
70.43167	-91
70.43333	-90
70.43500	-90
70.43667	-90
70.43833	-90
70.44000	-91
70.44167	-90
70.44333	-90
70.44500	-90
70.44667	-89
70.44833	-90
70.45000	-89
70.45167	-89
70.45333	-89
70.45500	-89
70.45667	-89
70.45833	-88
70.46000	-89
70.46167	-88
70.46333	-89
70.46500	-88
70.46667	-87
70.46833	-88
70.47000	-87
70.47167	-87
70.47333	-87
70.47500	-86
70.47667	-87
70.47833	-86
70.48000	-86
70.48167	-86
70.48333	-85
70.48500	-86
70.48667	-85
70.48833	-85
70.49000	-85
70.49167	-85
70.49333	-86
70.49500	-85
70.49667	-85
70.49833	-85
70.50000	-86
70.50167	-85
70.50333	-85
70.50500	-86
70.50667	-85
70.50833	-86
70.51000	-86
70.51167	-86
70.51333	-87
70.51500	-86
70.51667	-87
70.51833	-86
70.52000	-87
70.52167	-87
70.52333	-88
70.52500	-87
70.52667	-87
70.52833	-88
70.53000	-87
70.53167	-88
70.53333	-87
70.53500	-88
70.53667	-88
70.53833	-87
70.54000	-87
70.54167	-88
70.54333	-87
70.54500	-88
70.54667	-87
70.54833	-88
70.55000	-87
70.55167	-87
70.55333	-87
70.55500	-87
70.55667	-87
70.55833	-87
70.56000	-87
70.56167	-86
70.56333	-87
70.56500	-86
70.56667	-85
70.56833	-86
70.57000	-86
70.57167	-85
70.57333	-85
70.57500	-86
70.57667	-85
70.57833	-85
70.58000	-85
70.58167	-85
70.58333	-85
70.58500	-85
70.58667	-84
70.58833	-85
70.59000	-85
70.59167	-84
70.59333	-85
70.59500	-84
70.59667	-85
70.59833	-84
70.60000	-84
70.60167	-85
70.60333	-84
70.60500	-85
70.60667	-84
70.60833	-85
70.61000	-85
70.61167	-85
70.61333	-86
70.61500	-85
70.61667	-86
70.61833	-86
70.62000	-87
70.62167	-86
70.62333	-86
70.62500	-87
70.62667	-87
70.62833	-86
70.63000	-87
70.63167	-87
70.63333	-87
70.63500	-87
70.63667	-87
70.63833	-87
70.64000	-88
70.64167	-87
70.64333	-88
70.64500	-87
70.64667	-88
70.64833	-88
70.65000	-88
70.65167	-88
70.65333	-89
70.65500	-88
70.65667	-88
70.65833	-89
70.66000	-89
70.66167	-89
70.66333	-89
70.66500	-89
70.66667	-89
70.66833	-90
70.67000	-89
70.67167	-90
70.67333	-90
70.67500	-89
70.67667	-90
70.67833	-90
70.68000	-90
70.68167	-90
70.68333	-90
70.68500	-91
70.68667	-90
70.68833	-90
70.69000	-91
70.69167	-91
70.69333	-90
70.69500	-91
70.69667	-90
70.69833	-91
70.70000	-90
70.70167	-91
70.70333	-91
70.70500	-90
70.70667	-91
70.70833	-90
70.71000	-90
70.71167	-90
70.71333	-90
70.71500	-90
70.71667	-89
70.71833	-90
70.72000	-89
70.72167	-90
70.72333	-89
70.72500	-89
70.72667	-89
70.72833	-89
70.73000	-88
70.73167	-89
70.73333	-89
70.73500	-89
70.73667	-88
70.73833	-89
70.74000	-88
70.74167	-89
70.74333	-88
70.74500	-89
70.74667	-88
70.74833	-88
70.75000	-89
70.75167	-88
70.75333	-89
70.75500	-88
70.75667	-88
70.75833	-89
70.76000	-88
70.76167	-88
70.76333	-88
70.76500	-87
70.76667	-88
70.76833	-87
70.77000	-88
70.77167	-87
70.77333	-87
70.77500	-87
70.77667	-87
70.77833	-87
70.78000	-87
70.78167	-87
70.78333	-86
70.78500	-86
70.78667	-87
70.78833	-86
70.79000	-86
70.79167	-87
70.79333	-86
70.79500	-86
70.79667	-86
70.79833	-87
70.80000	-86
70.80167	-86
70.80333	-87
70.80500	-86
70.80667	-87
70.80833	-86
70.81000	-87
70.81167	-87
70.81333	-87
70.81500	-87
70.81667	-87
70.81833	-87
70.82000	-88
70.82167	-87
70.82333	-88
70.82500	-88
70.82667	-88
70.82833	-89
70.83000	-88
70.83167	-88
70.83333	-89
70.83500	-89
70.83667	-88
70.83833	-89
70.84000	-88
70.84167	-89
70.84333	-88
70.84500	-89
70.84667	-89
70.84833	-88
70.85000	-89
70.85167	-88
70.85333	-89
70.85500	-89
70.85667	-88
70.85833	-89
70.86000	-88
70.86167	-89
70.86333	-89
70.86500	-88
70.86667	-90
70.86833	-89
70.87000	-89
70.87167	-89
70.87333	-90
70.87500	-89
70.87667	-90
70.87833	-89
70.88000	-90
70.88167	-89
70.88333	-89
70.88500	-90
70.88667	-89
70.88833	-90
70.89000	-89
70.89167	-90
70.89333	-89
70.89500	-90
70.89667	-90
70.89833	-89
70.90000	-90
70.90167	-89
70.90333	-90
70.90500	-89
70.90667	-89
70.90833	-90
70.91000	-89
70.91167	-89
70.91333	-90
70.91500	-89
70.91667	-89
70.91833	-90
70.92000	-90
70.92167	-89
70.92333	-90
70.92500	-90
70.92667	-90
70.92833	-89
70.93000	-90
70.93167	-90
70.93333	-89
70.93500	-90
70.93667	-91
70.93833	-90
70.94000	-90
70.94167	-90
70.94333	-91
70.94500	-90
70.94667	-91
70.94833	-91
70.95000	-91
70.95167	-90
70.95333	-91
70.95500	-91
70.95667	-90
70.95833	-91
70.96000	-90
70.96167	-91
70.96333	-90
70.96500	-91
70.96667	-90
70.96833	-90
70.97000	-90
70.97167	-90
70.97333	-91
70.97500	-90
70.97667	-90
70.97833	-90
70.98000	-90
70.98167	-89
70.98333	-90
70.98500	-89
70.98667	-89
70.98833	-90
70.99000	-89
70.99167	-89
70.99333	-89
70.99500	-89
70.99667	-89
70.99833	-89
71.00000	-89
71.00167	-89
71.00333	-89
71.00500	-88
71.00667	-89
71.00833	-89
71.01000	-88
71.01167	-89
71.01333	-89
71.01500	-89
71.01667	-89
71.01833	-89
71.02000	-89
71.02167	-89
71.02333	-89
71.02500	-90
71.02667	-89
71.02833	-90
71.03000	-90
71.03167	-90
71.03333	-91
71.03500	-90
71.03667	-91
71.03833	-91
71.04000	-91
71.04167	-91
71.04333	-91
71.04500	-92
71.04667	-92
71.04833	-92
71.05000	-92
71.05167	-92
71.05333	-92
71.05500	-93
71.05667	-92
71.05833	-93
71.06000	-93
71.06167	-93
71.06333	-92
71.06500	-93
71.06667	-92
71.06833	-93
71.07000	-93
71.07167	-93
71.07333	-93
71.07500	-93
71.07667	-93
71.07833	-92
71.08000	-93
71.08167	-93
71.08333	-93
71.08500	-93
71.08667	-93
71.08833	-93
71.09000	-92
71.09167	-93
71.09333	-93
71.09500	-93
71.09667	-93
71.09833	-93
71.10000	-93
71.10167	-94
71.10333	-93
71.10500	-94
71.10667	-93
71.10833	-94
71.11000	-94
71.11167	-94
71.11333	-95
71.11500	-94
71.11667	-95
71.11833	-95
71.12000	-95
71.12167	-95
71.12333	-95
71.12500	-95
71.12667	-96
71.12833	-95
71.13000	-96
71.13167	-95
71.13333	-96
71.13500	-95
71.13667	-95
71.13833	-95
71.14000	-95
71.14167	-95
71.14333	-95
71.14500	-94
71.14667	-95
71.14833	-93
71.15000	-94
71.15167	-92
71.15333	-93
71.15500	-92
71.15667	-92
71.15833	-91
71.16000	-91
71.16167	-91
71.16333	-90
71.16500	-90
71.16667	-90
71.16833	-89
71.17000	-89
71.17167	-89
71.17333	-89
71.17500	-88
71.17667	-89
71.17833	-88
71.18000	-88
71.18167	-88
71.18333	-88
71.18500	-87
71.18667	-88
71.18833	-87
71.19000	-87
71.19167	-87
71.19333	-87
71.19500	-88
71.19667	-87
71.19833	-87
71.20000	-88
71.20167	-88
71.20333	-87
71.20500	-88
71.20667	-88
71.20833	-88
71.21000	-88
71.21167	-88
71.21333	-88
71.21500	-89
71.21667	-88
71.21833	-89
71.22000	-89
71.22167	-89
71.22333	-89
71.22500	-89
71.22667	-89
71.22833	-90
71.23000	-89
71.23167	-90
71.23333	-89
71.23500	-89
71.23667	-90
71.23833	-89
71.24000	-89
71.24167	-90
71.24333	-89
71.24500	-90
71.24667	-89
71.24833	-89
71.25000	-89
71.25167	-89
71.25333	-89
71.25500	-89
71.25667	-88
71.25833	-89
71.26000	-88
71.26167	-88
71.26333	-88
71.26500	-88
71.26667	-88
71.26833	-88
71.27000	-88
71.27167	-88
71.27333	-87
71.27500	-88
71.27667	-87
71.27833	-87
71.28000	-88
71.28167	-87
71.28333	-88
71.28500	-87
71.28667	-87
71.28833	-88
71.29000	-88
71.29167	-88
71.29333	-88
71.29500	-88
71.29667	-89
71.29833	-88
71.30000	-89
71.30167	-89
71.30333	-90
71.30500	-89
71.30667	-90
71.30833	-90
71.31000	-90
71.31167	-90
71.31333	-91
71.31500	-91
71.31667	-91
71.31833	-91
71.32000	-91
71.32167	-92
71.32333	-92
71.32500	-92
71.32667	-92
71.32833	-93
71.33000	-93
71.33167	-93
71.33333	-93
71.33500	-93
71.33667	-93
71.33833	-94
71.34000	-94
71.34167	-93
71.34333	-94
71.34500	-94
71.34667	-94
71.34833	-94
71.35000	-95
71.35167	-94
71.35333	-94
71.35500	-94
71.35667	-94
71.35833	-94
71.36000	-94
71.36167	-94
71.36333	-93
71.36500	-94
71.36667	-93
71.36833	-93
71.37000	-93
71.37167	-93
71.37333	-92
71.37500	-92
71.37667	-92
71.37833	-92
71.38000	-92
71.38167	-91
71.38333	-91
71.38500	-91
71.38667	-91
71.38833	-90
71.39000	-91
71.39167	-90
71.39333	-90
71.39500	-89
71.39667	-90
71.39833	-89
71.40000	-89
71.40167	-89
71.40333	-88
71.40500	-89
71.40667	-88
71.40833	-88
71.41000	-88
71.41167	-88
71.41333	-87
71.41500	-88
71.41667	-87
71.41833	-87
71.42000	-87
71.42167	-88
71.42333	-87
71.42500	-88
71.42667	-87
71.42833	-88
71.43000	-87
71.43167	-88
71.43333	-88
71.43500	-88
71.43667	-88
71.43833	-88
71.44000	-88
71.44167	-89
71.44333	-88
71.44500	-89
71.44667	-89
71.44833	-88
71.45000	-89
71.45167	-89
71.45333	-89
71.45500	-89
71.45667	-89
71.45833	-89
71.46000	-89
71.46167	-89
71.46333	-89
71.46500	-89
71.46667	-89
71.46833	-89
71.47000	-89
71.47167	-88
71.47333	-89
71.47500	-89
71.47667	-89
71.47833	-88
71.48000	-89
71.48167	-89
71.48333	-88
71.48500	-89
71.48667	-88
71.48833	-89
71.49000	-88
71.49167	-89
71.49333	-89
71.49500	-88
71.49667	-89
71.49833	-89
71.50000	-89
71.50167	-89
71.50333	-90
71.50500	-89
71.50667	-89
71.50833	-89
71.51000	-90
71.51167	-89
71.51333	-89
71.51500	-90
71.51667	-89
71.51833	-90
71.52000	-89
71.52167	-90
71.52333	-89
71.52500	-90
71.52667	-89
71.52833	-90
71.53000	-90
71.53167	-90
71.53333	-91
71.53500	-90
71.53667	-91
71.53833	-90
71.54000	-91
71.54167	-91
71.54333	-91
71.54500	-91
71.54667	-91
71.54833	-91
71.55000	-92
71.55167	-92
71.55333	-92
71.55500	-92
71.55667	-93
71.55833	-92
71.56000	-93
71.56167	-93
71.56333	-93
71.56500	-93
71.56667	-94
71.56833	-93
71.57000	-94
71.57167	-94
71.57333	-94
71.57500	-94
71.57667	-95
71.57833	-94
71.58000	-94
71.58167	-94
71.58333	-95
71.58500	-94
71.58667	-94
71.58833	-94
71.59000	-94
71.59167	-94
71.59333	-94
71.59500	-93
71.59667	-93
71.59833	-94
71.60000	-92
71.60167	-93
71.60333	-92
71.60500	-91
71.60667	-92
71.60833	-91
71.61000	-91
71.61167	-90
71.61333	-90
71.61500	-90
71.61667	-89
71.61833	-89
71.62000	-89
71.62167	-88
71.62333	-88
71.62500	-88
71.62667	-87
71.62833	-87
71.63000	-87
71.63167	-86
71.63333	-87
71.63500	-86
71.63667	-86
71.63833	-86
71.64000	-85
71.64167	-86
71.64333	-86
71.64500	-85
71.64667	-86
71.64833	-86
71.65000	-85
71.65167	-86
71.65333	-86
71.65500	-86
71.65667	-86
71.65833	-87
71.66000	-86
71.66167	-86
71.66333	-87
71.66500	-87
71.66667	-87
71.66833	-87
71.67000	-87
71.67167	-87
71.67333	-88
71.67500	-87
71.67667	-88
71.67833	-89
71.68000	-88
71.68167	-88
71.68333	-88
71.68500	-89
71.68667	-88
71.68833	-88
71.69000	-89
71.69167	-88
71.69333	-88
71.69500	-89
71.69667	-88
71.69833	-88
71.70000	-88
71.70167	-87
71.70333	-88
71.70500	-88
71.70667	-88
71.70833	-87
71.71000	-88
71.71167	-87
71.71333	-87
71.71500	-88
71.71667	-87
71.71833	-87
71.72000	-88
71.72167	-87
71.72333	-87
71.72500	-87
71.72667	-87
71.72833	-88
71.73000	-87
71.73167	-88
71.73333	-87
71.73500	-88
71.73667	-88
71.73833	-88
71.74000	-88
71.74167	-89
71.74333	-88
71.74500	-89
71.74667	-89
71.74833	-89
71.75000	-89
71.75167	-89
71.75333	-89
71.75500	-89
71.75667	-89
71.75833	-90
71.76000	-89
71.76167	-89
71.76333	-89
71.76500	-89
71.76667	-89
71.76833	-90
71.77000	-89
71.77167	-89
71.77333	-89
71.77500	-89
71.77667	-89
71.77833	-89
71.78000	-89
71.78167	-89
71.78333	-89
71.78500	-89
71.78667	-89
71.78833	-88
71.79000	-89
71.79167	-88
71.79333	-89
71.79500	-88
71.79667	-89
71.79833	-88
71.80000	-89
71.80167	-88
71.80333	-89
71.80500	-89
71.80667	-88
71.80833	-88
71.81000	-89
71.81167	-88
71.81333	-89
71.81500	-88
71.81667	-89
71.81833	-88
71.82000	-89
71.82167	-88
71.82333	-89
71.82500	-88
71.82667	-88
71.82833	-89
71.83000	-88
71.83167	-89
71.83333	-89
71.83500	-89
71.83667	-89
71.83833	-89
71.84000	-90
71.84167	-89
71.84333	-90
71.84500	-89
71.84667	-90
71.84833	-90
71.85000	-90
71.85167	-90
71.85333	-90
71.85500	-91
71.85667	-90
71.85833	-91
71.86000	-91
71.86167	-91
71.86333	-91
71.86500	-91
71.86667	-91
71.86833	-91
71.87000	-91
71.87167	-91
71.87333	-91
71.87500	-91
71.87667	-91
71.87833	-90
71.88000	-91
71.88167	-91
71.88333	-90
71.88500	-90
71.88667	-91
71.88833	-89
71.89000	-90
71.89167	-89
71.89333	-90
71.89500	-89
71.89667	-89
71.89833	-88
71.90000	-89
71.90167	-88
71.90333	-88
71.90500	-87
71.90667	-88
71.90833	-87
71.91000	-88
71.91167	-87
71.91333	-87
71.91500	-87
71.91667	-87
71.91833	-88
71.92000	-86
71.92167	-87
71.92333	-87
71.92500	-87
71.92667	-87
71.92833	-87
71.93000	-87
71.93167	-87
71.93333	-87
71.93500	-87
71.93667	-87
71.93833	-87
71.94000	-88
71.94167	-87
71.94333	-88
71.94500	-88
71.94667	-87
71.94833	-88
71.95000	-88
71.95167	-88
71.95333	-88
71.95500	-88
71.95667	-88
71.95833	-89
71.96000	-88
71.96167	-88
71.96333	-89
71.96500	-88
71.96667	-88
71.96833	-89
71.97000	-89
71.97167	-89
71.97333	-88
71.97500	-89
71.97667	-88
71.97833	-89
71.98000	-89
71.98167	-89
71.98333	-89
71.98500	-89
71.98667	-89
71.98833	-89
71.99000	-89
71.99167	-89
71.99333	-89
71.99500	-90
71.99667	-89
71.99833	-89
72.00000	-90
72.00167	-90
72.00333	-89
72.00500	-90
72.00667	-90
72.00833	-90
72.01000	-90
72.01167	-91
72.01333	-90
72.01500	-90
72.01667	-91
72.01833	-91
72.02000	-90
72.02167	-91
72.02333	-91
72.02500	-91
72.02667	-91
72.02833	-90
72.03000	-91
72.03167	-91
72.03333	-91
72.03500	-91
72.03667	-90
72.03833	-91
72.04000	-90
72.04167	-91
72.04333	-90
72.04500	-90
72.04667	-91
72.04833	-90
72.05000	-89
72.05167	-90
72.05333	-90
72.05500	-89
72.05667	-90
72.05833	-89
72.06000	-90
72.06167	-89
72.06333	-90
72.06500	-90
72.06667	-90
72.06833	-90
72.07000	-91
72.07167	-90
72.07333	-91
72.07500	-91
72.07667	-91
72.07833	-91
72.08000	-91
72.08167	-91
72.08333	-91
72.08500	-92
72.08667	-91
72.08833	-92
72.09000	-91
72.09167	-92
72.09333	-91
72.09500	-92
72.09667	-91
72.09833	-91
72.10000	-91
72.10167	-91
72.10333	-91
72.10500	-91
72.10667	-91
72.10833	-90
72.11000	-91
72.11167	-90
72.11333	-90
72.11500	-89
72.11667	-89
72.11833	-90
72.12000	-88
72.12167	-89
72.12333	-89
72.12500	-88
72.12667	-88
72.12833	-88
72.13000	-88
72.13167	-88
72.13333	-88
72.13500	-87
72.13667	-88
72.13833	-87
72.14000	-88
72.14167	-87
72.14333	-87
72.14500	-86
72.14667	-87
72.14833	-87
72.15000	-87
72.15167	-87
72.15333	-87
72.15500	-87
72.15667	-87
72.15833	-88
72.16000	-87
72.16167	-88
72.16333	-87
72.16500	-88
72.16667	-87
72.16833	-88
72.17000	-88
72.17167	-88
72.17333	-88
72.17500	-88
72.17667	-88
72.17833	-89
72.18000	-88
72.18167	-89
72.18333	-89
72.18500	-88
72.18667	-89
72.18833	-89
72.19000	-89
72.19167	-89
72.19333	-89
72.19500	-89
72.19667	-89
72.19833	-89
72.20000	-89
72.20167	-89
72.20333	-89
72.20500	-89
72.20667	-89
72.20833	-89
72.21000	-88
72.21167	-89
72.21333	-89
72.21500	-88
72.21667	-89
72.21833	-88
72.22000	-89
72.22167	-88
72.22333	-89
72.22500	-89
72.22667	-88
72.22833	-89
72.23000	-89
72.23167	-88
72.23333	-89
72.23500	-89
72.23667	-89
72.23833	-89
72.24000	-89
72.24167	-89
72.24333	-89
72.24500	-89
72.24667	-90
72.24833	-89
72.25000	-89
72.25167	-90
72.25333	-89
72.25500	-90
72.25667	-89
72.25833	-89
72.26000	-90
72.26167	-89
72.26333	-89
72.26500	-89
72.26667	-90
72.26833	-89
72.27000	-89
72.27167	-89
72.27333	-89
72.27500	-88
72.27667	-89
72.27833	-88
72.28000	-89
72.28167	-89
72.28333	-88
72.28500	-88
72.28667	-88
72.28833	-89
72.29000	-88
72.29167	-88
72.29333	-88
72.29500	-88
72.29667	-88
72.29833	-87
72.30000	-88
72.30167	-88
72.30333	-88
72.30500	-88
72.30667	-87
72.30833	-88
72.31000	-88
72.31167	-87
72.31333	-88
72.31500	-88
72.31667	-88
72.31833	-87
72.32000	-88
72.32167	-88
72.32333	-89
72.32500	-88
72.32667	-88
72.32833	-88
72.33000	-89
72.33167	-89
72.33333	-88
72.33500	-89
72.33667	-90
72.33833	-89
72.34000	-89
72.34167	-90
72.34333	-90
72.34500	-89
72.34667	-90
72.34833	-90
72.35000	-91
72.35167	-90
72.35333	-91
72.35500	-90
72.35667	-91
72.35833	-91
72.36000	-91
72.36167	-91
72.36333	-91
72.36500	-91
72.36667	-92
72.36833	-91
72.37000	-92
72.37167	-92
72.37333	-92
72.37500	-92
72.37667	-92
72.37833	-92
72.38000	-92
72.38167	-92
72.38333	-93
72.38500	-92
72.38667	-92
72.38833	-92
72.39000	-92
72.39167	-93
72.39333	-92
72.39500	-92
72.39667	-92
72.39833	-92
72.40000	-92
72.40167	-92
72.40333	-92
72.40500	-92
72.40667	-91
72.40833	-91
72.41000	-92
72.41167	-91
72.41333	-91
72.41500	-92
72.41667	-91
72.41833	-91
72.42000	-91
72.42167	-91
72.42333	-92
72.42500	-91
72.42667	-90
72.42833	-91
72.43000	-91
72.43167	-90
72.43333	-91
72.43500	-90
72.43667	-90
72.43833	-90
72.44000	-90
72.44167	-90
72.44333	-90
72.44500	-90
72.44667	-90
72.44833	-89
72.45000	-90
72.45167	-90
72.45333	-90
72.45500	-89
72.45667	-90
72.45833	-89
72.46000	-90
72.46167	-90
72.46333	-89
72.46500	-89
72.46667	-90
72.46833	-89
72.47000	-90
72.47167	-89
72.47333	-90
72.47500	-90
72.47667	-90
72.47833	-90
72.48000	-90
72.48167	-90
72.48333	-90
72.48500	-90
72.48667	-90
72.48833	-90
72.49000	-90
72.49167	-90
72.49333	-90
72.49500	-90
72.49667	-90
72.49833	-90
72.50000	-89
72.50167	-90
72.50333	-90
72.50500	-90
72.50667	-89
72.50833	-89
72.51000	-90
72.51167	-89
72.51333	-89
72.51500	-89
72.51667	-89
72.51833	-89
72.52000	-89
72.52167	-88
72.52333	-89
72.52500	-89
72.52667	-89
72.52833	-88
72.53000	-89
72.53167	-88
72.53333	-89
72.53500	-88
72.53667	-88
72.53833	-88
72.54000	-88
72.54167	-88
72.54333	-88
72.54500	-88
72.54667	-88
72.54833	-88
72.55000	-88
72.55167	-88
72.55333	-89
72.55500	-88
72.55667	-88
72.55833	-89
72.56000	-88
72.56167	-88
72.56333	-89
72.56500	-89
72.56667	-89
72.56833	-89
72.57000	-88
72.57167	-89
72.57333	-89
72.57500	-89
72.57667	-89
72.57833	-88
72.58000	-89
72.58167	-89
72.58333	-89
72.58500	-89
72.58667	-89
72.58833	-90
72.59000	-89
72.59167	-89
72.59333	-89
72.59500	-90
72.59667	-89
72.59833	-90
72.60000	-89
72.60167	-89
72.60333	-90
72.60500	-90
72.60667	-89
72.60833	-90
72.61000	-90
72.61167	-90
72.61333	-90
72.61500	-90
72.61667	-90
72.61833	-90
72.62000	-90
72.62167	-90
72.62333	-90
72.62500	-90
72.62667	-90
72.62833	-89
72.63000	-90
72.63167	-90
72.63333	-90
72.63500	-90
72.63667	-89
72.63833	-90
72.64000	-89
72.64167	-89
72.64333	-90
72.64500	-89
72.64667	-89
72.64833	-89
72.65000	-89
72.65167	-89
72.65333	-90
72.65500	-89
72.65667	-89
72.65833	-90
72.66000	-89
72.66167	-89
72.66333	-90
72.66500	-89
72.66667	-90
72.66833	-90
72.67000	-90
72.67167	-90
72.67333	-91
72.67500	-90
72.67667	-90
72.67833	-91
72.68000	-91
72.68167	-91
72.68333	-91
72.68500	-91
72.68667	-91
72.68833	-91
72.69000	-92
72.69167	-92
72.69333	-91
72.69500	-92
72.69667	-92
72.69833	-92
72.70000	-92
72.70167	-92
72.70333	-93
72.70500	-92
72.70667	-93
72.70833	-92
72.71000	-93
72.71167	-92
72.71333	-93
72.71500	-92
72.71667	-93
72.71833	-93
72.72000	-93
72.72167	-92
72.72333	-93
72.72500	-93
72.72667	-92
72.72833	-93
72.73000	-93
72.73167	-92
72.73333	-93
72.73500	-92
72.73667	-92
72.73833	-92
72.74000	-93
72.74167	-92
72.74333	-92
72.74500	-92
72.74667	-92
72.74833	-92
72.75000	-92
72.75167	-91
72.75333	-92
72.75500	-92
72.75667	-91
72.75833	-91
72.76000	-92
72.76167	-91
72.76333	-91
72.76500	-90
72.76667	-91
72.76833	-90
72.77000	-90
72.77167	-91
72.77333	-90
72.77500	-89
72.77667	-90
72.77833	-90
72.78000	-90
72.78167	-90
72.78333	-90
72.78500	-89
72.78667	-90
72.78833	-90
72.79000	-89
72.79167	-90
72.79333	-90
72.79500	-90
72.79667	-90
72.79833	-90
72.80000	-90
72.80167	-90
72.80333	-91
72.80500	-90
72.80667	-91
72.80833	-90
72.81000	-91
72.81167	-91
72.81333	-91
72.81500	-91
72.81667	-91
72.81833	-91
72.82000	-90
72.82167	-91
72.82333	-91
72.82500	-91
72.82667	-91
72.82833	-91
72.83000	-91
72.83167	-91
72.83333	-92
72.83500	-91
72.83667	-92
72.83833	-91
72.84000	-91
72.84167	-90
72.84333	-91
72.84500	-91
72.84667	-90
72.84833	-91
72.85000	-90
72.85167	-91
72.85333	-90
72.85500	-90
72.85667	-90
72.85833	-90
72.86000	-89
72.86167	-90
72.86333	-89
72.86500	-90
72.86667	-89
72.86833	-90
72.87000	-89
72.87167	-90
72.87333	-89
72.87500	-89
72.87667	-89
72.87833	-89
72.88000	-89
72.88167	-88
72.88333	-89
72.88500	-89
72.88667	-89
72.88833	-89
72.89000	-89
72.89167	-89
72.89333	-88
72.89500	-89
72.89667	-89
72.89833	-89
72.90000	-89
72.90167	-89
72.90333	-88
72.90500	-89
72.90667	-89
72.90833	-88
72.91000	-88
72.91167	-88
72.91333	-88
72.91500	-88
72.91667	-87
72.91833	-88
72.92000	-88
72.92167	-87
72.92333	-87
72.92500	-88
72.92667	-87
72.92833	-88
72.93000	-87
72.93167	-88
72.93333	-87
72.93500	-88
72.93667	-87
72.93833	-88
72.94000	-87
72.94167	-88
72.94333	-88
72.94500	-87
72.94667	-88
72.94833	-88
72.95000	-88
72.95167	-88
72.95333	-88
72.95500	-88
72.95667	-88
72.95833	-88
72.96000	-88
72.96167	-88
72.96333	-88
72.96500	-88
72.96667	-88
72.96833	-88
72.97000	-89
72.97167	-89
72.97333	-88
72.97500	-89
72.97667	-88
72.97833	-89
72.98000	-88
72.98167	-89
72.98333	-89
72.98500	-89
72.98667	-90
72.98833	-89
72.99000	-90
72.99167	-89
72.99333	-90
72.99500	-90
72.99667	-89
72.99833	-90
73.00000	-90
73.00167	-90
73.00333	-90
73.00500	-91
73.00667	-90
73.00833	-91
73.01000	-91
73.01167	-91
73.01333	-91
73.01500	-92
73.01667	-91
73.01833	-92
73.02000	-92
73.02167	-91
73.02333	-92
73.02500	-92
73.02667	-92
73.02833	-92
73.03000	-92
73.03167	-92
73.03333	-91
73.03500	-91
73.03667	-92
73.03833	-91
73.04000	-90
73.04167	-91
73.04333	-91
73.04500	-90
73.04667	-90
73.04833	-91
73.05000	-90
73.05167	-90
73.05333	-90
73.05500	-89
73.05667	-90
73.05833	-89
73.06000	-90
73.06167	-89
73.06333	-89
73.06500	-89
73.06667	-88
73.06833	-89
73.07000	-88
73.07167	-89
73.07333	-88
73.07500	-88
73.07667	-88
73.07833	-87
73.08000	-88
73.08167	-87
73.08333	-88
73.08500	-87
73.08667	-87
73.08833	-86
73.09000	-87
73.09167	-87
73.09333	-86
73.09500	-86
73.09667	-85
73.09833	-86
73.10000	-85
73.10167	-85
73.10333	-85
73.10500	-84
73.10667	-85
73.10833	-84
73.11000	-85
73.11167	-84
73.11333	-84
73.11500	-85
73.11667	-84
73.11833	-85
73.12000	-85
73.12167	-85
73.12333	-84
73.12500	-85
73.12667	-85
73.12833	-86
73.13000	-85
73.13167	-86
73.13333	-85
73.13500	-86
73.13667	-86
73.13833	-86
73.14000	-86
73.14167	-87
73.14333	-86
73.14500	-87
73.14667	-87
73.14833	-87
73.15000	-87
73.15167	-87
73.15333	-88
73.15500	-87
73.15667	-88
73.15833	-88
73.16000	-88
73.16167	-87
73.16333	-88
73.16500	-88
73.16667	-88
73.16833	-88
73.17000	-89
73.17167	-88
73.17333	-88
73.17500	-88
73.17667	-89
73.17833	-88
73.18000	-89
73.18167	-88
73.18333	-89
73.18500	-88
73.18667	-89
73.18833	-89
73.19000	-88
73.19167	-89
73.19333	-90
73.19500	-89
73.19667	-89
73.19833	-90
73.20000	-90
73.20167	-89
73.20333	-90
73.20500	-90
73.20667	-90
73.20833	-90
73.21000	-90
73.21167	-90
73.21333	-90
73.21500	-91
73.21667	-91
73.21833	-91
73.22000	-91
73.22167	-92
73.22333	-91
73.22500	-92
73.22667	-92
73.22833	-92
73.23000	-93
73.23167	-92
73.23333	-93
73.23500	-93
73.23667	-93
73.23833	-93
73.24000	-93
73.24167	-93
73.24333	-94
73.24500	-93
73.24667	-94
73.24833	-93
73.25000	-94
73.25167	-94
73.25333	-94
73.25500	-94
73.25667	-93
73.25833	-94
73.26000	-93
73.26167	-93
73.26333	-93
73.26500	-93
73.26667	-93
73.26833	-93
73.27000	-93
73.27167	-92
73.27333	-92
73.27500	-92
73.27667	-91
73.27833	-92
73.28000	-91
73.28167	-91
73.28333	-90
73.28500	-91
73.28667	-90
73.28833	-90
73.29000	-90
73.29167	-90
73.29333	-90
73.29500	-90
73.29667	-90
73.29833	-89
73.30000	-90
73.30167	-89
73.30333	-89
73.30500	-90
73.30667	-89
73.30833	-89
73.31000	-89
73.31167	-89
73.31333	-89
73.31500	-90
73.31667	-89
73.31833	-89
73.32000	-90
73.32167	-89
73.32333	-89
73.32500	-90
73.32667	-89
73.32833	-89
73.33000	-89
73.33167	-89
73.33333	-89
73.33500	-89
73.33667	-89
73.33833	-89
73.34000	-89
73.34167	-89
73.34333	-89
73.34500	-89
73.34667	-88
73.34833	-89
73.35000	-89
73.35167	-89
73.35333	-89
73.35500	-89
73.35667	-89
73.35833	-90
73.36000	-89
73.36167	-90
73.36333	-90
73.36500	-90
73.36667	-90
73.36833	-91
73.37000	-91
73.37167	-90
73.37333	-91
73.37500	-91
73.37667	-92
73.37833	-91
73.38000	-92
73.38167	-92
73.38333	-93
73.38500	-92
73.38667	-93
73.38833	-92
73.39000	-93
73.39167	-93
73.39333	-93
73.39500	-93
73.39667	-93
73.39833	-93
73.40000	-93
73.40167	-93
73.40333	-93
73.40500	-93
73.40667	-93
73.40833	-93
73.41000	-93
73.41167	-92
73.41333	-93
73.41500	-92
73.41667	-92
73.41833	-92
73.42000	-92
73.42167	-92
73.42333	-91
73.42500	-91
73.42667	-92
73.42833	-91
73.43000	-91
73.43167	-91
73.43333	-91
73.43500	-91
73.43667	-91
73.43833	-90
73.44000	-91
73.44167	-90
73.44333	-90
73.44500	-91
73.44667	-90
73.44833	-90
73.45000	-90
73.45167	-91
73.45333	-90
73.45500	-90
73.45667	-90
73.45833	-90
73.46000	-91
73.46167	-90
73.46333	-90
73.46500	-91
73.46667	-90
73.46833	-91
73.47000	-91
73.47167	-90
73.47333	-91
73.47500	-91
73.47667	-91
73.47833	-91
73.48000	-91
73.48167	-91
73.48333	-91
73.48500	-92
73.48667	-91
73.48833	-91
73.49000	-92
73.49167	-91
73.49333	-92
73.49500	-92
73.49667	-92
73.49833	-92
73.50000	-91
73.50167	-92
73.50333	-92
73.50500	-92
73.50667	-91
73.50833	-92
73.51000	-92
73.51167	-92
73.51333	-91
73.51500	-92
73.51667	-91
73.51833	-91
73.52000	-92
73.52167	-91
73.52333	-90
73.52500	-91
73.52667	-91
73.52833	-91
73.53000	-90
73.53167	-91
73.53333	-91
73.53500	-90
73.53667	-91
73.53833	-91
73.54000	-90
73.54167	-91
73.54333	-91
73.54500	-90
73.54667	-91
73.54833	-91
73.55000	-90
73.55167	-91
73.55333	-91
73.55500	-90
73.55667	-91
73.55833	-91
73.56000	-90
73.56167	-91
73.56333	-91
73.56500	-91
73.56667	-90
73.56833	-91
73.57000	-91
73.57167	-90
73.57333	-90
73.57500	-91
73.57667	-90
73.57833	-90
73.58000	-90
73.58167	-90
73.58333	-89
73.58500	-90
73.58667	-90
73.58833	-89
73.59000	-90
73.59167	-90
73.59333	-90
73.59500	-89
73.59667	-90
73.59833	-89
73.60000	-90
73.60167	-89
73.60333	-90
73.60500	-89
73.60667	-89
73.60833	-90
73.61000	-89
73.61167	-90
73.61333	-89
73.61500	-90
73.61667	-89
73.61833	-90
73.62000	-89
73.62167	-90
73.62333	-89
73.62500	-89
73.62667	-90
73.62833	-89
73.63000	-89
73.63167	-89
73.63333	-89
73.63500	-89
73.63667	-89
73.63833	-88
73.64000	-89
73.64167	-88
73.64333	-88
73.64500	-88
73.64667	-88
73.64833	-88
73.65000	-88
73.65167	-87
73.65333	-87
73.65500	-87
73.65667	-88
73.65833	-87
73.66000	-87
73.66167	-87
73.66333	-87
73.66500	-87
73.66667	-87
73.66833	-86
73.67000	-87
73.67167	-87
73.67333	-87
73.67500	-87
73.67667	-87
73.67833	-87
73.68000	-88
73.68167	-87
73.68333	-88
73.68500	-88
73.68667	-88
73.68833	-89
73.69000	-88
73.69167	-88
73.69333	-89
73.69500	-89
73.69667	-88
73.69833	-89
73.70000	-89
73.70167	-88
73.70333	-89
73.70500	-89
73.70667	-88
73.70833	-89
73.71000	-89
73.71167	-88
73.71333	-89
73.71500	-88
73.71667	-88
73.71833	-88
73.72000	-88
73.72167	-88
73.72333	-88
73.72500	-88
73.72667	-89
73.72833	-88
73.73000	-88
73.73167	-88
73.73333	-88
73.73500	-89
73.73667	-88
73.73833	-89
73.74000	-89
73.74167	-89
73.74333	-89
73.74500	-90
73.74667	-90
73.74833	-90
73.75000	-90
73.75167	-91
73.75333	-91
73.75500	-91
73.75667	-91
73.75833	-91
73.76000	-92
73.76167	-91
73.76333	-92
73.76500	-92
73.76667	-92
73.76833	-92
73.77000	-92
73.77167	-92
73.77333	-92
73.77500	-92
73.77667	-92
73.77833	-92
73.78000	-92
73.78167	-92
73.78333	-91
73.78500	-92
73.78667	-91
73.78833	-91
73.79000	-91
73.79167	-91
73.79333	-91
73.79500	-91
73.79667	-91
73.79833	-90
73.80000	-90
73.80167	-90
73.80333	-90
73.80500	-89
73.80667	-90
73.80833	-89
73.81000	-89
73.81167	-89
73.81333	-90
73.81500	-88
73.81667	-89
73.81833	-89
73.82000	-88
73.82167	-88
73.82333	-88
73.82500	-88
73.82667	-87
73.82833	-88
73.83000	-88
73.83167	-87
73.83333	-88
73.83500	-87
73.83667	-88
73.83833	-87
73.84000	-88
73.84167	-87
73.84333	-87
73.84500	-88
73.84667	-87
73.84833	-87
73.85000	-87
73.85167	-87
73.85333	-88
73.85500	-87
73.85667	-87
73.85833	-88
73.86000	-87
73.86167	-87
73.86333	-87
73.86500	-87
73.86667	-87
73.86833	-87
73.87000	-87
73.87167	-87
73.87333	-87
73.87500	-87
73.87667	-88
73.87833	-87
73.88000	-87
73.88167	-87
73.88333	-87
73.88500	-88
73.88667	-87
73.88833	-87
73.89000	-87
73.89167	-88
73.89333	-87
73.89500	-88
73.89667	-87
73.89833	-88
73.90000	-88
73.90167	-87
73.90333	-88
73.90500	-88
73.90667	-88
73.90833	-89
73.91000	-88
73.91167	-88
73.91333	-89
73.91500	-89
73.91667	-88
73.91833	-89
73.92000	-89
73.92167	-89
73.92333	-89
73.92500	-89
73.92667	-90
73.92833	-89
73.93000	-90
73.93167	-90
73.93333	-90
73.93500	-90
73.93667	-90
73.93833	-90
73.94000	-90
73.94167	-91
73.94333	-90
73.94500	-90
73.94667	-91
73.94833	-90
73.95000	-90
73.95167	-91
73.95333	-90
73.95500	-91
73.95667	-90
73.95833	-90
73.96000	-90
73.96167	-90
73.96333	-90
73.96500	-90
73.96667	-89
73.96833	-90
73.97000	-89
73.97167	-89
73.97333	-90
73.97500	-89
73.97667	-88
73.97833	-89
73.98000	-89
73.98167	-88
73.98333	-89
73.98500	-88
73.98667	-88
73.98833	-89
73.99000	-88
73.99167	-88
73.99333	-88
73.99500	-88
73.99667	-87
73.99833	-88
74.00000	-88
74.00167	-87
74.00333	-88
74.00500	-87
74.00667	-87
74.00833	-87
74.01000	-88
74.01167	-87
74.01333	-87
74.01500	-87
74.01667	-87
74.01833	-87
74.02000	-87
74.02167	-87
74.02333	-86
74.02500	-87
74.02667	-86
74.02833	-87
74.03000	-86
74.03167	-86
74.03333	-85
74.03500	-86
74.03667	-86
74.03833	-86
74.04000	-86
74.04167	-86
74.04333	-86
74.04500	-86
74.04667	-87
74.04833	-86
74.05000	-86
74.05167	-87
74.05333	-86
74.05500	-87
74.05667	-87
74.05833	-87
74.06000	-87
74.06167	-88
74.06333	-87
74.06500	-88
74.06667	-88
74.06833	-87
74.07000	-89
74.07167	-88
74.07333	-88
74.07500	-89
74.07667	-88
74.07833	-89
74.08000	-88
74.08167	-88
74.08333	-88
74.08500	-88
74.08667	-88
74.08833	-88
74.09000	-88
74.09167	-88
74.09333	-87
74.09500	-88
74.09667	-88
74.09833	-87
74.10000	-88
74.10167	-87
74.10333	-87
74.10500	-87
74.10667	-87
74.10833	-87
74.11000	-87
74.11167	-87
74.11333	-87
74.11500	-86
74.11667	-87
74.11833	-86
74.12000	-87
74.12167	-86
74.12333	-87
74.12500	-86
74.12667	-86
74.12833	-86
74.13000	-86
74.13167	-86
74.13333	-86
74.13500	-86
74.13667	-86
74.13833	-86
74.14000	-85
74.14167	-86
74.14333	-86
74.14500	-86
74.14667	-86
74.14833	-86
74.15000	-86
74.15167	-87
74.15333	-86
74.15500	-87
74.15667	-87
74.15833	-87
74.16000	-87
74.16167	-87
74.16333	-87
74.16500	-87
74.16667	-88
74.16833	-88
74.17000	-88
74.17167	-88
74.17333	-88
74.17500	-88
74.17667	-88
74.17833	-89
74.18000	-88
74.18167	-88
74.18333	-89
74.18500	-88
74.18667	-88
74.18833	-89
74.19000	-88
74.19167	-89
74.19333	-88
74.19500	-88
74.19667	-87
74.19833	-88
74.20000	-88
74.20167	-87
74.20333	-88
74.20500	-87
74.20667	-88
74.20833	-87
74.21000	-87
74.21167	-88
74.21333	-87
74.21500	-88
74.21667	-87
74.21833	-88
74.22000	-87
74.22167	-88
74.22333	-88
74.22500	-87
74.22667	-88
74.22833	-88
74.23000	-88
74.23167	-88
74.23333	-88
74.23500	-88
74.23667	-88
74.23833	-89
74.24000	-88
74.24167	-89
74.24333	-88
74.24500	-88
74.24667	-89
74.24833	-88
74.25000	-88
74.25167	-89
74.25333	-88
74.25500	-88
74.25667	-88
74.25833	-89
74.26000	-88
74.26167	-88
74.26333	-88
74.26500	-87
74.26667	-88
74.26833	-87
74.27000	-87
74.27167	-87
74.27333	-87
74.27500	-87
74.27667	-86
74.27833	-87
74.28000	-86
74.28167	-86
74.28333	-85
74.28500	-86
74.28667	-85
74.28833	-86
74.29000	-85
74.29167	-85
74.29333	-85
74.29500	-85
74.29667	-85
74.29833	-85
74.30000	-85
74.30167	-86
74.30333	-85
74.30500	-85
74.30667	-86
74.30833	-86
74.31000	-86
74.31167	-86
74.31333	-87
74.31500	-86
74.31667	-87
74.31833	-88
74.32000	-87
74.32167	-88
74.32333	-87
74.32500	-88
74.32667	-88
74.32833	-87
74.33000	-88
74.33167	-88
74.33333	-87
74.33500	-88
74.33667	-87
74.33833	-88
74.34000	-87
74.34167	-87
74.34333	-87
74.34500	-87
74.34667	-86
74.34833	-87
74.35000	-86
74.35167	-86
74.35333	-86
74.35500	-85
74.35667	-85
74.35833	-85
74.36000	-85
74.36167	-85
74.36333	-85
74.36500	-85
74.36667	-84
74.36833	-85
74.37000	-85
74.37167	-84
74.37333	-85
74.37500	-85
74.37667	-84
74.37833	-85
74.38000	-85
74.38167	-84
74.38333	-85
74.38500	-85
74.38667	-85
74.38833	-85
74.39000	-85
74.39167	-85
74.39333	-85
74.39500	-86
74.39667	-85
74.39833	-86
74.40000	-86
74.40167	-86
74.40333	-86
74.40500	-87
74.40667	-86
74.40833	-87
74.41000	-87
74.41167	-87
74.41333	-87
74.41500	-88
74.41667	-87
74.41833	-88
74.42000	-87
74.42167	-88
74.42333	-87
74.42500	-88
74.42667	-88
74.42833	-88
74.43000	-88
74.43167	-88
74.43333	-88
74.43500	-87
74.43667	-88
74.43833	-88
74.44000	-87
74.44167	-87
74.44333	-87
74.44500	-87
74.44667	-87
74.44833	-87
74.45000	-86
74.45167	-87
74.45333	-86
74.45500	-87
74.45667	-86
74.45833	-86
74.46000	-86
74.46167	-86
74.46333	-86
74.46500	-86
74.46667	-86
74.46833	-85
74.47000	-86
74.47167	-86
74.47333	-86
74.47500	-86
74.47667	-86
74.47833	-86
74.48000	-87
74.48167	-86
74.48333	-86
74.48500	-86
74.48667	-87
74.48833	-86
74.49000	-87
74.49167	-86
74.49333	-87
74.49500	-87
74.49667	-87
74.49833	-86
74.50000	-87
74.50167	-88
74.50333	-87
74.50500	-87
74.50667	-87
74.50833	-88
74.51000	-88
74.51167	-87
74.51333	-88
74.51500	-87
74.51667	-88
74.51833	-88
74.52000	-87
74.52167	-88
74.52333	-88
74.52500	-88
74.52667	-88
74.52833	-87
74.53000	-89
74.53167	-88
74.53333	-88
74.53500	-88
74.53667	-88
74.53833	-88
74.54000	-87
74.54167	-88
74.54333	-88
74.54500	-88
74.54667	-88
74.54833	-87
74.55000	-88
74.55167	-88
74.55333	-87
74.55500	-88
74.55667	-87
74.55833	-87
74.56000	-87
74.56167	-87
74.56333	-88
74.56500	-87
74.56667	-87
74.56833	-86
74.57000	-87
74.57167	-87
74.57333	-87
74.57500	-87
74.57667	-87
74.57833	-86
74.58000	-87
74.58167	-87
74.58333	-87
74.58500	-87
74.58667	-87
74.58833	-87
74.59000	-88
74.59167	-87
74.59333	-87
74.59500	-88
74.59667	-87
74.59833	-88
74.60000	-88
74.60167	-87
74.60333	-88
74.60500	-88
74.60667	-88
74.60833	-88
74.61000	-88
74.61167	-88
74.61333	-88
74.61500	-88
74.61667	-89
74.61833	-88
74.62000	-88
74.62167	-89
74.62333	-88
74.62500	-88
74.62667	-88
74.62833	-88
74.63000	-88
74.63167	-88
74.63333	-87
74.63500	-88
74.63667	-87
74.63833	-88
74.64000	-87
74.64167	-88
74.64333	-87
74.64500	-87
74.64667	-87
74.64833	-87
74.65000	-87
74.65167	-87
74.65333	-87
74.65500	-87
74.65667	-87
74.65833	-87
74.66000	-86
74.66167	-87
74.66333	-86
74.66500	-86
74.66667	-86
74.66833	-86
74.67000	-86
74.67167	-86
74.67333	-85
74.67500	-86
74.67667	-86
74.67833	-85
74.68000	-86
74.68167	-85
74.68333	-86
74.68500	-85
74.68667	-85
74.68833	-85
74.69000	-85
74.69167	-85
74.69333	-85
74.69500	-85
74.69667	-85
74.69833	-86
74.70000	-86
74.70167	-85
74.70333	-86
74.70500	-86
74.70667	-86
74.70833	-86
74.71000	-86
74.71167	-86
74.71333	-86
74.71500	-86
74.71667	-86
74.71833	-87
74.72000	-86
74.72167	-87
74.72333	-86
74.72500	-87
74.72667	-86
74.72833	-87
74.73000	-86
74.73167	-87
74.73333	-86
74.73500	-86
74.73667	-86
74.73833	-86
74.74000	-86
74.74167	-86
74.74333	-86
74.74500	-85
74.74667	-86
74.74833	-85
74.75000	-86
74.75167	-85
74.75333	-85
74.75500	-85
74.75667	-85
74.75833	-85
74.76000	-85
74.76167	-85
74.76333	-84
74.76500	-85
74.76667	-84
74.76833	-85
74.77000	-84
74.77167	-85
74.77333	-85
74.77500	-85
74.77667	-84
74.77833	-85
74.78000	-85
74.78167	-85
74.78333	-85
74.78500	-85
74.78667	-84
74.78833	-85
74.79000	-85
74.79167	-85
74.79333	-85
74.79500	-85
74.79667	-85
74.79833	-85
74.80000	-85
74.80167	-85
74.80333	-85
74.80500	-85
74.80667	-85
74.80833	-85
74.81000	-85
74.81167	-85
74.81333	-84
74.81500	-85
74.81667	-85
74.81833	-84
74.82000	-85
74.82167	-85
74.82333	-84
74.82500	-84
74.82667	-84
74.82833	-84
74.83000	-84
74.83167	-84
74.83333	-84
74.83500	-84
74.83667	-84
74.83833	-83
74.84000	-84
74.84167	-84
74.84333	-83
74.84500	-84
74.84667	-84
74.84833	-83
74.85000	-84
74.85167	-83
74.85333	-84
74.85500	-84
74.85667	-84
74.85833	-84
74.86000	-84
74.86167	-84
74.86333	-84
74.86500	-84
74.86667	-84
74.86833	-85
74.87000	-84
74.87167	-85
74.87333	-85
74.87500	-84
74.87667	-85
74.87833	-85
74.88000	-85
74.88167	-85
74.88333	-85
74.88500	-86
74.88667	-85
74.88833	-85
74.89000	-85
74.89167	-86
74.89333	-85
74.89500	-86
74.89667	-86
74.89833	-85
74.90000	-86
74.90167	-86
74.90333	-86
74.90500	-85
74.90667	-86
74.90833	-87
74.91000	-86
74.91167	-86
74.91333	-86
74.91500	-87
74.91667	-87
74.91833	-86
74.92000	-87
74.92167	-87
74.92333	-88
74.92500	-87
74.92667	-88
74.92833	-87
74.93000	-88
74.93167	-88
74.93333	-88
74.93500	-88
74.93667	-88
74.93833	-88
74.94000	-88
74.94167	-88
74.94333	-88
74.94500	-88
74.94667	-88
74.94833	-88
74.95000	-88
74.95167	-88
74.95333	-87
74.95500	-88
74.95667	-87
74.95833	-87
74.96000	-88
74.96167	-87
74.96333	-86
74.96500	-87
74.96667	-87
74.96833	-87
74.97000	-86
74.97167	-86
74.97333	-87
74.97500	-86
74.97667	-86
74.97833	-86
74.98000	-85
74.98167	-86
74.98333	-85
74.98500	-85
74.98667	-86
74.98833	-85
74.99000	-85
74.99167	-84
74.99333	-85
74.99500	-85
74.99667	-84
74.99833	-84
75.00000	-84
75.00167	-84
75.00333	-84
75.00500	-84
75.00667	-83
75.00833	-83
75.01000	-83
75.01167	-83
75.01333	-83
75.01500	-82
75.01667	-83
75.01833	-82
75.02000	-82
75.02167	-83
75.02333	-82
75.02500	-82
75.02667	-82
75.02833	-82
75.03000	-82
75.03167	-82
75.03333	-83
75.03500	-83
75.03667	-83
75.03833	-83
75.04000	-84
75.04167	-84
75.04333	-84
75.04500	-84
75.04667	-84
75.04833	-85
75.05000	-85
75.05167	-86
75.05333	-85
75.05500	-87
75.05667	-86
75.05833	-87
75.06000	-87
75.06167	-87
75.06333	-87
75.06500	-88
75.06667	-88
75.06833	-88
75.07000	-88
75.07167	-88
75.07333	-88
75.07500	-89
75.07667	-88
75.07833	-89
75.08000	-88
75.08167	-89
75.08333	-89
75.08500	-88
75.08667	-88
75.08833	-89
75.09000	-88
75.09167	-88
75.09333	-88
75.09500	-89
75.09667	-88
75.09833	-88
75.10000	-88
75.10167	-87
75.10333	-88
75.10500	-87
75.10667	-87
75.10833	-87
75.11000	-87
75.11167	-87
75.11333	-87
75.11500	-86
75.11667	-87
75.11833	-86
75.12000	-87
75.12167	-86
75.12333	-87
75.12500	-86
75.12667	-86
75.12833	-86
75.13000	-87
75.13167	-86
75.13333	-86
75.13500	-87
75.13667	-86
75.13833	-86
75.14000	-87
75.14167	-86
75.14333	-87
75.14500	-87
75.14667	-87
75.14833	-87
75.15000	-88
75.15167	-87
75.15333	-88
75.15500	-88
75.15667	-88
75.15833	-88
75.16000	-88
75.16167	-88
75.16333	-88
75.16500	-88
75.16667	-89
75.16833	-88
75.17000	-89
75.17167	-88
75.17333	-88
75.17500	-88
75.17667	-88
75.17833	-88
75.18000	-88
75.18167	-88
75.18333	-87
75.18500	-87
75.18667	-87
75.18833	-87
75.19000	-87
75.19167	-87
75.19333	-87
75.19500	-86
75.19667	-86
75.19833	-86
75.20000	-86
75.20167	-85
75.20333	-86
75.20500	-85
75.20667	-85
75.20833	-85
75.21000	-85
75.21167	-85
75.21333	-85
75.21500	-85
75.21667	-85
75.21833	-84
75.22000	-85
75.22167	-84
75.22333	-85
75.22500	-84
75.22667	-85
75.22833	-84
75.23000	-84
75.23167	-85
75.23333	-84
75.23500	-85
75.23667	-84
75.23833	-84
75.24000	-84
75.24167	-84
75.24333	-84
75.24500	-84
75.24667	-84
75.24833	-84
75.25000	-84
75.25167	-85
75.25333	-84
75.25500	-85
75.25667	-84
75.25833	-85
75.26000	-85
75.26167	-85
75.26333	-85
75.26500	-85
75.26667	-85
75.26833	-86
75.27000	-85
75.27167	-86
75.27333	-86
75.27500	-86
75.27667	-87
75.27833	-87
75.28000	-86
75.28167	-87
75.28333	-87
75.28500	-87
75.28667	-88
75.28833	-87
75.29000	-88
75.29167	-88
75.29333	-88
75.29500	-88
75.29667	-88
75.29833	-88
75.30000	-88
75.30167	-88
75.30333	-87
75.30500	-88
75.30667	-88
75.30833	-88
75.31000	-88
75.31167	-87
75.31333	-87
75.31500	-88
75.31667	-87
75.31833	-87
75.32000	-87
75.32167	-87
75.32333	-86
75.32500	-87
75.32667	-86
75.32833	-86
75.33000	-85
75.33167	-86
75.33333	-85
75.33500	-85
75.33667	-85
75.33833	-85
75.34000	-84
75.34167	-85
75.34333	-84
75.34500	-84
75.34667	-84
75.34833	-84
75.35000	-84
75.35167	-84
75.35333	-84
75.35500	-84
75.35667	-84
75.35833	-83
75.36000	-83
75.36167	-84
75.36333	-83
75.36500	-84
75.36667	-83
75.36833	-83
75.37000	-84
75.37167	-83
75.37333	-84
75.37500	-83
75.37667	-84
75.37833	-84
75.38000	-83
75.38167	-84
75.38333	-84
75.38500	-84
75.38667	-84
75.38833	-84
75.39000	-84
75.39167	-85
75.39333	-84
75.39500	-84
75.39667	-85
75.39833	-84
75.40000	-85
75.40167	-84
75.40333	-85
75.40500	-85
75.40667	-85
75.40833	-85
75.41000	-84
75.41167	-85
75.41333	-85
75.41500	-85
75.41667	-85
75.41833	-85
75.42000	-85
75.42167	-84
75.42333	-85
75.42500	-85
75.42667	-85
75.42833	-85
75.43000	-86
75.43167	-85
75.43333	-85
75.43500	-86
75.43667	-85
75.43833	-86
75.44000	-86
75.44167	-86
75.44333	-86
75.44500	-87
75.44667	-86
75.44833	-86
75.45000	-86
75.45167	-87
75.45333	-86
75.45500	-87
75.45667	-86
75.45833	-87
75.46000	-86
75.46167	-86
75.46333	-86
75.46500	-87
75.46667	-86
75.46833	-86
75.47000	-86
75.47167	-86
75.47333	-86
75.47500	-86
75.47667	-86
75.47833	-86
75.48000	-85
75.48167	-86
75.48333	-86
75.48500	-86
75.48667	-86
75.48833	-85
75.49000	-86
75.49167	-86
75.49333	-86
75.49500	-87
75.49667	-86
75.49833	-86
75.50000	-87
75.50167	-86
75.50333	-86
75.50500	-86
75.50667	-87
75.50833	-86
75.51000	-86
75.51167	-87
75.51333	-86
75.51500	-86
75.51667	-86
75.51833	-85
75.52000	-86
75.52167	-86
75.52333	-86
75.52500	-85
75.52667	-86
75.52833	-86
75.53000	-85
75.53167	-86
75.53333	-85
75.53500	-86
75.53667	-86
75.53833	-85
75.54000	-86
75.54167	-85
75.54333	-86
75.54500	-86
75.54667	-85
75.54833	-86
75.55000	-86
75.55167	-86
75.55333	-86
75.55500	-86
75.55667	-86
75.55833	-87
75.56000	-86
75.56167	-87
75.56333	-86
75.56500	-87
75.56667	-87
75.56833	-86
75.57000	-87
75.57167	-86
75.57333	-87
75.57500	-86
75.57667	-86
75.57833	-86
75.58000	-87
75.58167	-86
75.58333	-86
75.58500	-85
75.58667	-86
75.58833	-85
75.59000	-86
75.59167	-85
75.59333	-85
75.59500	-84
75.59667	-85
75.59833	-84
75.60000	-84
75.60167	-84
75.60333	-84
75.60500	-84
75.60667	-84
75.60833	-83
75.61000	-84
75.61167	-83
75.61333	-83
75.61500	-82
75.61667	-83
75.61833	-83
75.62000	-83
75.62167	-83
75.62333	-83
75.62500	-83
75.62667	-83
75.62833	-84
75.63000	-83
75.63167	-84
75.63333	-84
75.63500	-84
75.63667	-84
75.63833	-84
75.64000	-85
75.64167	-85
75.64333	-85
75.64500	-85
75.64667	-85
75.64833	-86
75.65000	-85
75.65167	-86
75.65333	-85
75.65500	-86
75.65667	-86
75.65833	-86
75.66000	-86
75.66167	-86
75.66333	-86
75.66500	-86
75.66667	-87
75.66833	-86
75.67000	-86
75.67167	-86
75.67333	-86
75.67500	-86
75.67667	-86
75.67833	-86
75.68000	-86
75.68167	-87
75.68333	-86
75.68500	-86
75.68667	-87
75.68833	-86
75.69000	-87
75.69167	-87
75.69333	-87
75.69500	-86
75.69667	-87
75.69833	-88
75.70000	-87
75.70167	-87
75.70333	-87
75.70500	-87
75.70667	-88
75.70833	-87
75.71000	-87
75.71167	-87
75.71333	-87
75.71500	-87
75.71667	-88
75.71833	-87
75.72000	-87
75.72167	-88
75.72333	-87
75.72500	-88
75.72667	-87
75.72833	-87
75.73000	-87
75.73167	-88
75.73333	-87
75.73500	-88
75.73667	-87
75.73833	-88
75.74000	-87
75.74167	-88
75.74333	-87
75.74500	-88
75.74667	-87
75.74833	-88
75.75000	-87
75.75167	-87
75.75333	-87
75.75500	-87
75.75667	-87
75.75833	-87
75.76000	-86
75.76167	-87
75.76333	-87
75.76500	-86
75.76667	-86
75.76833	-87
75.77000	-86
75.77167	-86
75.77333	-86
75.77500	-85
75.77667	-86
75.77833	-86
75.78000	-86
75.78167	-85
75.78333	-86
75.78500	-85
75.78667	-85
75.78833	-86
75.79000	-85
75.79167	-86
75.79333	-85
75.79500	-86
75.79667	-85
75.79833	-86
75.80000	-85
75.80167	-86
75.80333	-86
75.80500	-86
75.80667	-86
75.80833	-86
75.81000	-86
75.81167	-86
75.81333	-86
75.81500	-87
75.81667	-86
75.81833	-87
75.82000	-86
75.82167	-87
75.82333	-87
75.82500	-87
75.82667	-87
75.82833	-87
75.83000	-87
75.83167	-88
75.83333	-87
75.83500	-88
75.83667	-87
75.83833	-87
75.84000	-88
75.84167	-87
75.84333	-88
75.84500	-88
75.84667	-87
75.84833	-88
75.85000	-88
75.85167	-89
75.85333	-88
75.85500	-88
75.85667	-88
75.85833	-88
75.86000	-88
75.86167	-88
75.86333	-88
75.86500	-88
75.86667	-88
75.86833	-88
75.87000	-88
75.87167	-88
75.87333	-88
75.87500	-88
75.87667	-89
75.87833	-88
75.88000	-88
75.88167	-88
75.88333	-88
75.88500	-88
75.88667	-88
75.88833	-88
75.89000	-87
75.89167	-88
75.89333	-88
75.89500	-88
75.89667	-88
75.89833	-88
75.90000	-88
75.90167	-88
75.90333	-88
75.90500	-89
75.90667	-88
75.90833	-88
75.91000	-88
75.91167	-88
75.91333	-89
75.91500	-88
75.91667	-89
75.91833	-88
75.92000	-89
75.92167	-88
75.92333	-88
75.92500	-89
75.92667	-88
75.92833	-89
75.93000	-88
75.93167	-88
75.93333	-89
75.93500	-88
75.93667	-89
75.93833	-88
75.94000	-88
75.94167	-88
75.94333	-88
75.94500	-88
75.94667	-87
75.94833	-88
75.95000	-87
75.95167	-87
75.95333	-87
75.95500	-87
75.95667	-87
75.95833	-86
75.96000	-86
75.96167	-87
75.96333	-85
75.96500	-86
75.96667	-86
75.96833	-86
75.97000	-85
75.97167	-86
75.97333	-85
75.97500	-86
75.97667	-85
75.97833	-86
75.98000	-85
75.98167	-86
75.98333	-86
75.98500	-85
75.98667	-86
75.98833	-86
75.99000	-86
75.99167	-86
75.99333	-87
75.99500	-86
75.99667	-87
75.99833	-87
76.00000	-87
76.00167	-87
76.00333	-87
76.00500	-88
76.00667	-88
76.00833	-88
76.01000	-88
76.01167	-88
76.01333	-88
76.01500	-89
76.01667	-88
76.01833	-89
76.02000	-88
76.02167	-89
76.02333	-89
76.02500	-90
76.02667	-89
76.02833	-89
76.03000	-89
76.03167	-89
76.03333	-90
76.03500	-89
76.03667	-89
76.03833	-90
76.04000	-90
76.04167	-89
76.04333	-90
76.04500	-90
76.04667	-90
76.04833	-90
76.05000	-90
76.05167	-90
76.05333	-90
76.05500	-90
76.05667	-89
76.05833	-90
76.06000	-90
76.06167	-89
76.06333	-89
76.06500	-90
76.06667	-89
76.06833	-88
76.07000	-89
76.07167	-89
76.07333	-89
76.07500	-88
76.07667	-89
76.07833	-88
76.08000	-88
76.08167	-88
76.08333	-87
76.08500	-88
76.08667	-87
76.08833	-88
76.09000	-87
76.09167	-86
76.09333	-87
76.09500	-87
76.09667	-86
76.09833	-86
76.10000	-86
76.10167	-86
76.10333	-86
76.10500	-85
76.10667	-86
76.10833	-85
76.11000	-85
76.11167	-85
76.11333	-86
76.11500	-85
76.11667	-85
76.11833	-84
76.12000	-85
76.12167	-85
76.12333	-84
76.12500	-85
76.12667	-85
76.12833	-84
76.13000	-85
76.13167	-85
76.13333	-85
76.13500	-84
76.13667	-85
76.13833	-84
76.14000	-85
76.14167	-84
76.14333	-85
76.14500	-84
76.14667	-84
76.14833	-85
76.15000	-84
76.15167	-84
76.15333	-85
76.15500	-84
76.15667	-85
76.15833	-84
76.16000	-84
76.16167	-85
76.16333	-85
76.16500	-85
76.16667	-84
76.16833	-85
76.17000	-84
76.17167	-85
76.17333	-85
76.17500	-85
76.17667	-84
76.17833	-85
76.18000	-85
76.18167	-85
76.18333	-85
76.18500	-86
76.18667	-85
76.18833	-86
76.19000	-85
76.19167	-86
76.19333	-85
76.19500	-86
76.19667	-86
76.19833	-85
76.20000	-86
76.20167	-86
76.20333	-85
76.20500	-86
76.20667	-86
76.20833	-86
76.21000	-86
76.21167	-87
76.21333	-86
76.21500	-87
76.21667	-86
76.21833	-87
76.22000	-86
76.22167	-87
76.22333	-86
76.22500	-86
76.22667	-87
76.22833	-86
76.23000	-86
76.23167	-86
76.23333	-87
76.23500	-86
76.23667	-86
76.23833	-86
76.24000	-86
76.24167	-86
76.24333	-86
76.24500	-86
76.24667	-86
76.24833	-85
76.25000	-86
76.25167	-85
76.25333	-85
76.25500	-86
76.25667	-85
76.25833	-85
76.26000	-85
76.26167	-85
76.26333	-85
76.26500	-85
76.26667	-85
76.26833	-85
76.27000	-85
76.27167	-85
76.27333	-85
76.27500	-85
76.27667	-85
76.27833	-86
76.28000	-85
76.28167	-86
76.28333	-86
76.28500	-85
76.28667	-86
76.28833	-86
76.29000	-87
76.29167	-86
76.29333	-87
76.29500	-86
76.29667	-87
76.29833	-87
76.30000	-87
76.30167	-87
76.30333	-88
76.30500	-87
76.30667	-87
76.30833	-88
76.31000	-87
76.31167	-87
76.31333	-88
76.31500	-87
76.31667	-88
76.31833	-87
76.32000	-87
76.32167	-87
76.32333	-87
76.32500	-87
76.32667	-87
76.32833	-87
76.33000	-87
76.33167	-86
76.33333	-86
76.33500	-87
76.33667	-86
76.33833	-86
76.34000	-86
76.34167	-86
76.34333	-85
76.34500	-86
76.34667	-86
76.34833	-85
76.35000	-86
76.35167	-86
76.35333	-86
76.35500	-85
76.35667	-86
76.35833	-85
76.36000	-85
76.36167	-86
76.36333	-85
76.36500	-85
76.36667	-85
76.36833	-86
76.37000	-85
76.37167	-85
76.37333	-85
76.37500	-85
76.37667	-85
76.37833	-85
76.38000	-84
76.38167	-85
76.38333	-84
76.38500	-85
76.38667	-84
76.38833	-84
76.39000	-84
76.39167	-84
76.39333	-84
76.39500	-83
76.39667	-83
76.39833	-83
76.40000	-83
76.40167	-83
76.40333	-82
76.40500	-83
76.40667	-82
76.40833	-82
76.41000	-82
76.41167	-82
76.41333	-82
76.41500	-83
76.41667	-82
76.41833	-83
76.42000	-82
76.42167	-83
76.42333	-83
76.42500	-82
76.42667	-83
76.42833	-83
76.43000	-83
76.43167	-83
76.43333	-83
76.43500	-83
76.43667	-83
76.43833	-83
76.44000	-83
76.44167	-84
76.44333	-83
76.44500	-84
76.44667	-84
76.44833	-84
76.45000	-84
76.45167	-84
76.45333	-84
76.45500	-84
76.45667	-85
76.45833	-84
76.46000	-85
76.46167	-85
76.46333	-85
76.46500	-85
76.46667	-85
76.46833	-86
76.47000	-85
76.47167	-85
76.47333	-86
76.47500	-85
76.47667	-87
76.47833	-86
76.48000	-86
76.48167	-86
76.48333	-87
76.48500	-86
76.48667	-87
76.48833	-87
76.49000	-87
76.49167	-87
76.49333	-88
76.49500	-88
76.49667	-87
76.49833	-88
76.50000	-88
76.50167	-88
76.50333	-89
76.50500	-88
76.50667	-88
76.50833	-89
76.51000	-88
76.51167	-89
76.51333	-88
76.51500	-88
76.51667	-89
76.51833	-88
76.52000	-88
76.52167	-88
76.52333	-88
76.52500	-88
76.52667	-88
76.52833	-88
76.53000	-88
76.53167	-88
76.53333	-88
76.53500	-88
76.53667	-88
76.53833	-87
76.54000	-88
76.54167	-88
76.54333	-87
76.54500	-87
76.54667	-88
76.54833	-87
76.55000	-87
76.55167	-87
76.55333	-86
76.55500	-87
76.55667	-86
76.55833	-87
76.56000	-86
76.56167	-87
76.56333	-86
76.56500	-86
76.56667	-86
76.56833	-86
76.57000	-85
76.57167	-86
76.57333	-86
76.57500	-86
76.57667	-86
76.57833	-86
76.58000	-85
76.58167	-86
76.58333	-86
76.58500	-86
76.58667	-86
76.58833	-86
76.59000	-86
76.59167	-85
76.59333	-87
76.59500	-86
76.59667	-86
76.59833	-86
76.60000	-85
76.60167	-86
76.60333	-87
76.60500	-86
76.60667	-87
76.60833	-86
76.61000	-87
76.61167	-86
76.61333	-87
76.61500	-86
76.61667	-87
76.61833	-87
76.62000	-87
76.62167	-86
76.62333	-87
76.62500	-86
76.62667	-86
76.62833	-87
76.63000	-86
76.63167	-86
76.63333	-86
76.63500	-86
76.63667	-86
76.63833	-86
76.64000	-85
76.64167	-85
76.64333	-85
76.64500	-86
76.64667	-85
76.64833	-85
76.65000	-85
76.65167	-85
76.65333	-84
76.65500	-85
76.65667	-84
76.65833	-84
76.66000	-84
76.66167	-84
76.66333	-83
76.66500	-84
76.66667	-83
76.66833	-83
76.67000	-82
76.67167	-83
76.67333	-82
76.67500	-83
76.67667	-82
76.67833	-82
76.68000	-81
76.68167	-82
76.68333	-81
76.68500	-82
76.68667	-81
76.68833	-82
76.69000	-81
76.69167	-81
76.69333	-82
76.69500	-81
76.69667	-82
76.69833	-81
76.70000	-82
76.70167	-81
76.70333	-82
76.70500	-81
76.70667	-82
76.70833	-81
76.71000	-82
76.71167	-82
76.71333	-81
76.71500	-82
76.71667	-82
76.71833	-82
76.72000	-82
76.72167	-82
76.72333	-82
76.72500	-82
76.72667	-82
76.72833	-83
76.73000	-82
76.73167	-83
76.73333	-83
76.73500	-83
76.73667	-83
76.73833	-83
76.74000	-83
76.74167	-84
76.74333	-83
76.74500	-84
76.74667	-84
76.74833	-85
76.75000	-84
76.75167	-84
76.75333	-85
76.75500	-85
76.75667	-85
76.75833	-85
76.76000	-86
76.76167	-86
76.76333	-85
76.76500	-87
76.76667	-86
76.76833	-86
76.77000	-86
76.77167	-87
76.77333	-86
76.77500	-87
76.77667	-87
76.77833	-87
76.78000	-87
76.78167	-87
76.78333	-87
76.78500	-88
76.78667	-87
76.78833	-88
76.79000	-87
76.79167	-88
76.79333	-87
76.79500	-88
76.79667	-87
76.79833	-88
76.80000	-88
76.80167	-87
76.80333	-88
76.80500	-88
76.80667	-88
76.80833	-87
76.81000	-87
76.81167	-87
76.81333	-87
76.81500	-87
76.81667	-87
76.81833	-87
76.82000	-87
76.82167	-87
76.82333	-86
76.82500	-87
76.82667	-87
76.82833	-86
76.83000	-86
76.83167	-86
76.83333	-86
76.83500	-86
76.83667	-86
76.83833	-85
76.84000	-86
76.84167	-85
76.84333	-86
76.84500	-86
76.84667	-86
76.84833	-86
76.85000	-86
76.85167	-86
76.85333	-87
76.85500	-87
76.85667	-87
76.85833	-87
76.86000	-87
76.86167	-88
76.86333	-88
76.86500	-88
76.86667	-89
76.86833	-88
76.87000	-89
76.87167	-89
76.87333	-89
76.87500	-90
76.87667	-89
76.87833	-90
76.88000	-90
76.88167	-90
76.88333	-90
76.88500	-90
76.88667	-90
76.88833	-91
76.89000	-90
76.89167	-90
76.89333	-90
76.89500	-91
76.89667	-90
76.89833	-90
76.90000	-90
76.90167	-89
76.90333	-90
76.90500	-90
76.90667	-89
76.90833	-89
76.91000	-89
76.91167	-89
76.91333	-89
76.91500	-89
76.91667	-88
76.91833	-89
76.92000	-88
76.92167	-88
76.92333	-88
76.92500	-88
76.92667	-88
76.92833	-88
76.93000	-87
76.93167	-88
76.93333	-87
76.93500	-88
76.93667	-87
76.93833	-87
76.94000	-88
76.94167	-87
76.94333	-86
76.94500	-87
76.94667	-87
76.94833	-86
76.95000	-87
76.95167	-87
76.95333	-86
76.95500	-87
76.95667	-87
76.95833	-87
76.96000	-87
76.96167	-86
76.96333	-87
76.96500	-86
76.96667	-87
76.96833	-87
76.97000	-87
76.97167	-87
76.97333	-86
76.97500	-87
76.97667	-87
76.97833	-87
76.98000	-87
76.98167	-86
76.98333	-87
76.98500	-87
76.98667	-87
76.98833	-86
76.99000	-87
76.99167	-87
76.99333	-87
76.99500	-86
76.99667	-87
76.99833	-87
77.00000	-87
77.00167	-87
77.00333	-86
77.00500	-87
77.00667	-87
77.00833	-87
77.01000	-87
77.01167	-87
77.01333	-87
77.01500	-87
77.01667	-87
77.01833	-87
77.02000	-86
77.02167	-87
77.02333	-87
77.02500	-86
77.02667	-87
77.02833	-87
77.03000	-87
77.03167	-86
77.03333	-87
77.03500	-86
77.03667	-87
77.03833	-86
77.04000	-87
77.04167	-86
77.04333	-86
77.04500	-86
77.04667	-87
77.04833	-86
77.05000	-87
77.05167	-86
77.05333	-87
77.05500	-86
77.05667	-87
77.05833	-86
77.06000	-87
77.06167	-87
77.06333	-86
77.06500	-87
77.06667	-88
77.06833	-87
77.07000	-87
77.07167	-88
77.07333	-87
77.07500	-88
77.07667	-88
77.07833	-88
77.08000	-88
77.08167	-88
77.08333	-88
77.08500	-88
77.08667	-89
77.08833	-88
77.09000	-89
77.09167	-88
77.09333	-88
77.09500	-89
77.09667	-88
77.09833	-88
77.10000	-88
77.10167	-88
77.10333	-88
77.10500	-88
77.10667	-87
77.10833	-88
77.11000	-87
77.11167	-87
77.11333	-87
77.11500	-87
77.11667	-87
77.11833	-86
77.12000	-87
77.12167	-86
77.12333	-86
77.12500	-85
77.12667	-85
77.12833	-85
77.13000	-85
77.13167	-85
77.13333	-85
77.13500	-85
77.13667	-84
77.13833	-85
77.14000	-84
77.14167	-84
77.14333	-84
77.14500	-84
77.14667	-84
77.14833	-84
77.15000	-83
77.15167	-84
77.15333	-83
77.15500	-83
77.15667	-83
77.15833	-83
77.16000	-83
77.16167	-83
77.16333	-82
77.16500	-83
77.16667	-82
77.16833	-83
77.17000	-83
77.17167	-82
77.17333	-83
77.17500	-83
77.17667	-82
77.17833	-83
77.18000	-83
77.18167	-83
77.18333	-83
77.18500	-83
77.18667	-83
77.18833	-83
77.19000	-84
77.19167	-84
77.19333	-83
77.19500	-84
77.19667	-83
77.19833	-84
77.20000	-84
77.20167	-83
77.20333	-84
77.20500	-84
77.20667	-84
77.20833	-84
77.21000	-83
77.21167	-84
77.21333	-84
77.21500	-83
77.21667	-84
77.21833	-84
77.22000	-84
77.22167	-84
77.22333	-83
77.22500	-84
77.22667	-84
77.22833	-84
77.23000	-84
77.23167	-84
77.23333	-84
77.23500	-84
77.23667	-84
77.23833	-84
77.24000	-84
77.24167	-84
77.24333	-84
77.24500	-84
77.24667	-84
77.24833	-84
77.25000	-84
77.25167	-84
77.25333	-84
77.25500	-84
77.25667	-84
77.25833	-85
77.26000	-84
77.26167	-85
77.26333	-84
77.26500	-85
77.26667	-84
77.26833	-85
77.27000	-84
77.27167	-85
77.27333	-85
77.27500	-85
77.27667	-85
77.27833	-85
77.28000	-84
77.28167	-85
77.28333	-85
77.28500	-85
77.28667	-84
77.28833	-85
77.29000	-84
77.29167	-85
77.29333	-84
77.29500	-85
77.29667	-84
77.29833	-84
77.30000	-84
77.30167	-85
77.30333	-84
77.30500	-84
77.30667	-85
77.30833	-84
77.31000	-84
77.31167	-84
77.31333	-84
77.31500	-84
77.31667	-83
77.31833	-84
77.32000	-83
77.32167	-84
77.32333	-84
77.32500	-84
77.32667	-85
77.32833	-84
77.33000	-84
77.33167	-84
77.33333	-85
77.33500	-84
77.33667	-84
77.33833	-85
77.34000	-84
77.34167	-84
77.34333	-85
77.34500	-84
77.34667	-85
77.34833	-84
77.35000	-85
77.35167	-85
77.35333	-85
77.35500	-86
77.35667	-85
77.35833	-85
77.36000	-85
77.36167	-85
77.36333	-85
77.36500	-85
77.36667	-86
77.36833	-85
77.37000	-85
77.37167	-85
77.37333	-85
77.37500	-85
77.37667	-85
77.37833	-85
77.38000	-86
77.38167	-85
77.38333	-84
77.38500	-85
77.38667	-85
77.38833	-85
77.39000	-84
77.39167	-85
77.39333	-85
77.39500	-84
77.39667	-85
77.39833	-85
77.40000	-84
77.40167	-85
77.40333	-85
77.40500	-85
77.40667	-85
77.40833	-85
77.41000	-85
77.41167	-85
77.41333	-85
77.41500	-85
77.41667	-85
77.41833	-85
77.42000	-86
77.42167	-85
77.42333	-86
77.42500	-86
77.42667	-86
77.42833	-85
77.43000	-86
77.43167	-86
77.43333	-86
77.43500	-86
77.43667	-86
77.43833	-86
77.44000	-86
77.44167	-86
77.44333	-86
77.44500	-86
77.44667	-86
77.44833	-87
77.45000	-86
77.45167	-85
77.45333	-86
77.45500	-86
77.45667	-86
77.45833	-85
77.46000	-86
77.46167	-86
77.46333	-85
77.46500	-85
77.46667	-86
77.46833	-85
77.47000	-84
77.47167	-85
77.47333	-85
77.47500	-85
77.47667	-84
77.47833	-85
77.48000	-84
77.48167	-85
77.48333	-84
77.48500	-84
77.48667	-85
77.48833	-84
77.49000	-84
77.49167	-85
77.49333	-84
77.49500	-84
77.49667	-84
77.49833	-83
77.50000	-84
77.50167	-84
77.50333	-84
77.50500	-83
77.50667	-84
77.50833	-83
77.51000	-83
77.51167	-83
77.51333	-83
77.51500	-83
77.51667	-84
77.51833	-83
77.52000	-83
77.52167	-82
77.52333	-83
77.52500	-82
77.52667	-82
77.52833	-83
77.53000	-82
77.53167	-83
77.53333	-82
77.53500	-82
77.53667	-82
77.53833	-82
77.54000	-82
77.54167	-82
77.54333	-82
77.54500	-82
77.54667	-82
77.54833	-82
77.55000	-82
77.55167	-82
77.55333	-82
77.55500	-82
77.55667	-82
77.55833	-82
77.56000	-82
77.56167	-83
77.56333	-83
77.56500	-82
77.56667	-83
77.56833	-83
77.57000	-83
77.57167	-84
77.57333	-84
77.57500	-83
77.57667	-84
77.57833	-84
77.58000	-85
77.58167	-84
77.58333	-84
77.58500	-85
77.58667	-85
77.58833	-85
77.59000	-85
77.59167	-85
77.59333	-85
77.59500	-86
77.59667	-86
77.59833	-85
77.60000	-86
77.60167	-86
77.60333	-86
77.60500	-86
77.60667	-86
77.60833	-86
77.61000	-85
77.61167	-87
77.61333	-85
77.61500	-86
77.61667	-86
77.61833	-86
77.62000	-87
77.62167	-86
77.62333	-86
77.62500	-86
77.62667	-86
77.62833	-86
77.63000	-86
77.63167	-87
77.63333	-86
77.63500	-86
77.63667	-87
77.63833	-86
77.64000	-86
77.64167	-87
77.64333	-86
77.64500	-87
77.64667	-86
77.64833	-87
77.65000	-86
77.65167	-87
77.65333	-86
77.65500	-87
77.65667	-86
77.65833	-86
77.66000	-87
77.66167	-86
77.66333	-87
77.66500	-86
77.66667	-86
77.66833	-87
77.67000	-86
77.67167	-87
77.67333	-86
77.67500	-87
77.67667	-87
77.67833	-87
77.68000	-87
77.68167	-87
77.68333	-87
77.68500	-87
77.68667	-87
77.68833	-88
77.69000	-87
77.69167	-88
77.69333	-87
77.69500	-88
77.69667	-88
77.69833	-88
77.70000	-87
77.70167	-88
77.70333	-88
77.70500	-88
77.70667	-88
77.70833	-88
77.71000	-88
77.71167	-89
77.71333	-88
77.71500	-88
77.71667	-87
77.71833	-88
77.72000	-88
77.72167	-87
77.72333	-87
77.72500	-86
77.72667	-87
77.72833	-86
77.73000	-86
77.73167	-86
77.73333	-85
77.73500	-86
77.73667	-85
77.73833	-85
77.74000	-85
77.74167	-84
77.74333	-84
77.74500	-84
77.74667	-84
77.74833	-83
77.75000	-84
77.75167	-83
77.75333	-83
77.75500	-83
77.75667	-83
77.75833	-82
77.76000	-83
77.76167	-82
77.76333	-82
77.76500	-81
77.76667	-82
77.76833	-81
77.77000	-82
77.77167	-81
77.77333	-80
77.77500	-81
77.77667	-81
77.77833	-80
77.78000	-81
77.78167	-80
77.78333	-80
77.78500	-81
77.78667	-80
77.78833	-81
77.79000	-80
77.79167	-81
77.79333	-80
77.79500	-81
77.79667	-81
77.79833	-81
77.80000	-81
77.80167	-81
77.80333	-82
77.80500	-82
77.80667	-82
77.80833	-82
77.81000	-83
77.81167	-83
77.81333	-83
77.81500	-84
77.81667	-83
77.81833	-84
77.82000	-85
77.82167	-84
77.82333	-84
77.82500	-85
77.82667	-85
77.82833	-85
77.83000	-85
77.83167	-84
77.83333	-86
77.83500	-84
77.83667	-85
77.83833	-85
77.84000	-85
77.84167	-85
77.84333	-84
77.84500	-85
77.84667	-84
77.84833	-85
77.85000	-84
77.85167	-84
77.85333	-84
77.85500	-84
77.85667	-83
77.85833	-83
77.86000	-84
77.86167	-83
77.86333	-83
77.86500	-83
77.86667	-82
77.86833	-83
77.87000	-83
77.87167	-82
77.87333	-83
77.87500	-82
77.87667	-82
77.87833	-83
77.88000	-82
77.88167	-82
77.88333	-83
77.88500	-82
77.88667	-82
77.88833	-83
77.89000	-82
77.89167	-83
77.89333	-83
77.89500	-83
77.89667	-83
77.89833	-83
77.90000	-83
77.90167	-83
77.90333	-83
77.90500	-84
77.90667	-84
77.90833	-83
77.91000	-84
77.91167	-84
77.91333	-84
77.91500	-84
77.91667	-84
77.91833	-84
77.92000	-85
77.92167	-84
77.92333	-84
77.92500	-83
77.92667	-84
77.92833	-83
77.93000	-84
77.93167	-83
77.93333	-84
77.93500	-83
77.93667	-83
77.93833	-83
77.94000	-82
77.94167	-83
77.94333	-82
77.94500	-83
77.94667	-82
77.94833	-81
77.95000	-82
77.95167	-81
77.95333	-82
77.95500	-81
77.95667	-82
77.95833	-81
77.96000	-81
77.96167	-81
77.96333	-81
77.96500	-81
77.96667	-81
77.96833	-81
77.97000	-80
77.97167	-81
77.97333	-81
77.97500	-81
77.97667	-82
77.97833	-81
77.98000	-81
77.98167	-81
77.98333	-82
77.98500	-81
77.98667	-82
77.98833	-82
77.99000	-81
77.99167	-82
77.99333	-82
77.99500	-82
77.99667	-82
77.99833	-83
78.00000	-82
78.00167	-82
78.00333	-82
78.00500	-82
78.00667	-82
78.00833	-82
78.01000	-82
78.01167	-82
78.01333	-82
78.01500	-82
78.01667	-81
78.01833	-82
78.02000	-81
78.02167	-81
78.02333	-81
78.02500	-82
78.02667	-81
78.02833	-81
78.03000	-81
78.03167	-81
78.03333	-82
78.03500	-81
78.03667	-82
78.03833	-81
78.04000	-82
78.04167	-82
78.04333	-83
78.04500	-82
78.04667	-83
78.04833	-82
78.05000	-83
78.05167	-83
78.05333	-83
78.05500	-84
78.05667	-83
78.05833	-84
78.06000	-84
78.06167	-84
78.06333	-84
78.06500	-85
78.06667	-84
78.06833	-85
78.07000	-85
78.07167	-85
78.07333	-85
78.07500	-86
78.07667	-85
78.07833	-85
78.08000	-86
78.08167	-86
78.08333	-85
78.08500	-86
78.08667	-85
78.08833	-86
78.09000	-85
78.09167	-86
78.09333	-85
78.09500	-85
78.09667	-86
78.09833	-85
78.10000	-85
78.10167	-85
78.10333	-85
78.10500	-85
78.10667	-85
78.10833	-85
78.11000	-85
78.11167	-85
78.11333	-84
78.11500	-85
78.11667	-84
78.11833	-85
78.12000	-84
78.12167	-83
78.12333	-84
78.12500	-84
78.12667	-83
78.12833	-83
78.13000	-84
78.13167	-83
78.13333	-83
78.13500	-82
78.13667	-83
78.13833	-82
78.14000	-83
78.14167	-82
78.14333	-82
78.14500	-83
78.14667	-82
78.14833	-82
78.15000	-82
78.15167	-82
78.15333	-82
78.15500	-82
78.15667	-82
78.15833	-82
78.16000	-83
78.16167	-82
78.16333	-83
78.16500	-83
78.16667	-83
78.16833	-83
78.17000	-83
78.17167	-83
78.17333	-84
78.17500	-84
78.17667	-84
78.17833	-84
78.18000	-85
78.18167	-84
78.18333	-85
78.18500	-85
78.18667	-84
78.18833	-85
78.19000	-85
78.19167	-85
78.19333	-84
78.19500	-85
78.19667	-84
78.19833	-85
78.20000	-84
78.20167	-84
78.20333	-84
78.20500	-83
78.20667	-84
78.20833	-84
78.21000	-83
78.21167	-83
78.21333	-83
78.21500	-83
78.21667	-83
78.21833	-82
78.22000	-83
78.22167	-82
78.22333	-82
78.22500	-83
78.22667	-82
78.22833	-82
78.23000	-82
78.23167	-82
78.23333	-82
78.23500	-82
78.23667	-81
78.23833	-82
78.24000	-82
78.24167	-82
78.24333	-82
78.24500	-82
78.24667	-82
78.24833	-81
78.25000	-82
78.25167	-82
78.25333	-82
78.25500	-82
78.25667	-82
78.25833	-82
78.26000	-82
78.26167	-81
78.26333	-82
78.26500	-82
78.26667	-82
78.26833	-82
78.27000	-82
78.27167	-82
78.27333	-82
78.27500	-82
78.27667	-82
78.27833	-82
78.28000	-82
78.28167	-82
78.28333	-83
78.28500	-82
78.28667	-83
78.28833	-83
78.29000	-82
78.29167	-83
78.29333	-83
78.29500	-83
78.29667	-83
78.29833	-84
78.30000	-83
78.30167	-83
78.30333	-84
78.30500	-83
78.30667	-83
78.30833	-84
78.31000	-83
78.31167	-83
78.31333	-84
78.31500	-83
78.31667	-83
78.31833	-83
78.32000	-83
78.32167	-83
78.32333	-83
78.32500	-83
78.32667	-83
78.32833	-82
78.33000	-83
78.33167	-83
78.33333	-83
78.33500	-82
78.33667	-83
78.33833	-82
78.34000	-82
78.34167	-83
78.34333	-82
78.34500	-82
78.34667	-82
78.34833	-81
78.35000	-82
78.35167	-81
78.35333	-81
78.35500	-81
78.35667	-81
78.35833	-80
78.36000	-81
78.36167	-80
78.36333	-80
78.36500	-80
78.36667	-80
78.36833	-80
78.37000	-80
78.37167	-80
78.37333	-80
78.37500	-80
78.37667	-80
78.37833	-80
78.38000	-81
78.38167	-80
78.38333	-80
78.38500	-81
78.38667	-80
78.38833	-81
78.39000	-81
78.39167	-81
78.39333	-81
78.39500	-81
78.39667	-82
78.39833	-81
78.40000	-82
78.40167	-81
78.40333	-81
78.40500	-82
78.40667	-81
78.40833	-82
78.41000	-81
78.41167	-82
78.41333	-81
78.41500	-82
78.41667	-81
78.41833	-81
78.42000	-82
78.42167	-81
78.42333	-81
78.42500	-81
78.42667	-80
78.42833	-81
78.43000	-81
78.43167	-80
78.43333	-81
78.43500	-80
78.43667	-81
78.43833	-82
78.44000	-81
78.44167	-81
78.44333	-82
78.44500	-81
78.44667	-82
78.44833	-82
78.45000	-82
78.45167	-83
78.45333	-82
78.45500	-83
78.45667	-83
78.45833	-83
78.46000	-84
78.46167	-84
78.46333	-84
78.46500	-84
78.46667	-85
78.46833	-84
78.47000	-85
78.47167	-85
78.47333	-84
78.47500	-86
78.47667	-85
78.47833	-86
78.48000	-86
78.48167	-86
78.48333	-85
78.48500	-86
78.48667	-86
78.48833	-86
78.49000	-86
78.49167	-86
78.49333	-85
78.49500	-86
78.49667	-85
78.49833	-85
78.50000	-85
78.50167	-85
78.50333	-84
78.50500	-85
78.50667	-84
78.50833	-84
78.51000	-84
78.51167	-84
78.51333	-84
78.51500	-84
78.51667	-83
78.51833	-83
78.52000	-83
78.52167	-83
78.52333	-83
78.52500	-83
78.52667	-83
78.52833	-83
78.53000	-82
78.53167	-83
78.53333	-83
78.53500	-83
78.53667	-82
78.53833	-83
78.54000	-83
78.54167	-83
78.54333	-84
78.54500	-83
78.54667	-84
78.54833	-83
78.55000	-84
78.55167	-84
78.55333	-83
78.55500	-84
78.55667	-84
78.55833	-84
78.56000	-85
78.56167	-84
78.56333	-84
78.56500	-85
78.56667	-84
78.56833	-85
78.57000	-85
78.57167	-84
78.57333	-85
78.57500	-85
78.57667	-85
78.57833	-86
78.58000	-85
78.58167	-86
78.58333	-85
78.58500	-86
78.58667	-85
78.58833	-86
78.59000	-86
78.59167	-86
78.59333	-86
78.59500	-86
78.59667	-85
78.59833	-86
78.60000	-86
78.60167	-86
78.60333	-86
78.60500	-86
78.60667	-85
78.60833	-86
78.61000	-86
78.61167	-86
78.61333	-86
78.61500	-86
78.61667	-85
78.61833	-86
78.62000	-86
78.62167	-86
78.62333	-86
78.62500	-86
78.62667	-86
78.62833	-85
78.63000	-86
78.63167	-86
78.63333	-86
78.63500	-86
78.63667	-86
78.63833	-86
78.64000	-85
78.64167	-86
78.64333	-86
78.64500	-85
78.64667	-85
78.64833	-85
78.65000	-85
78.65167	-85
78.65333	-85
78.65500	-85
78.65667	-84
78.65833	-84
78.66000	-84
78.66167	-84
78.66333	-83
78.66500	-83
78.66667	-84
78.66833	-83
78.67000	-83
78.67167	-82
78.67333	-83
78.67500	-82
78.67667	-82
78.67833	-82
78.68000	-82
78.68167	-81
78.68333	-81
78.68500	-81
78.68667	-81
78.68833	-80
78.69000	-81
78.69167	-80
78.69333	-80
78.69500	-80
78.69667	-80
78.69833	-80
78.70000	-79
78.70167	-81
78.70333	-79
78.70500	-80
78.70667	-80
78.70833	-80
78.71000	-79
78.71167	-80
78.71333	-79
78.71500	-80
78.71667	-79
78.71833	-79
78.72000	-80
78.72167	-79
78.72333	-80
78.72500	-80
78.72667	-80
78.72833	-80
78.73000	-80
78.73167	-80
78.73333	-81
78.73500	-81
78.73667	-80
78.73833	-81
78.74000	-81
78.74167	-81
78.74333	-81
78.74500	-81
78.74667	-82
78.74833	-82
78.75000	-82
78.75167	-82
78.75333	-82
78.75500	-83
78.75667	-82
78.75833	-83
78.76000	-82
78.76167	-83
78.76333	-83
78.76500	-83
78.76667	-82
78.76833	-82
78.77000	-82
78.77167	-82
78.77333	-82
78.77500	-82
78.77667	-81
78.77833	-82
78.78000	-81
78.78167	-81
78.78333	-81
78.78500	-82
78.78667	-80
78.78833	-81
78.79000	-81
78.79167	-80
78.79333	-80
78.79500	-80
78.79667	-80
78.79833	-80
78.80000	-79
78.80167	-80
78.80333	-79
78.80500	-79
78.80667	-78
78.80833	-79
78.81000	-79
78.81167	-79
78.81333	-79
78.81500	-79
78.81667	-80
78.81833	-79
78.82000	-80
78.82167	-79
78.82333	-80
78.82500	-80
78.82667	-80
78.82833	-80
78.83000	-81
78.83167	-80
78.83333	-80
78.83500	-81
78.83667	-80
78.83833	-80
78.84000	-81
78.84167	-80
78.84333	-80
78.84500	-81
78.84667	-80
78.84833	-80
78.85000	-80
78.85167	-81
78.85333	-80
78.85500	-80
78.85667	-80
78.85833	-80
78.86000	-79
78.86167	-80
78.86333	-79
78.86500	-80
78.86667	-79
78.86833	-79
78.87000	-80
78.87167	-79
78.87333	-78
78.87500	-79
78.87667	-78
78.87833	-79
78.88000	-78
78.88167	-79
78.88333	-78
78.88500	-78
78.88667	-79
78.88833	-79
78.89000	-78
78.89167	-79
78.89333	-79
78.89500	-79
78.89667	-79
78.89833	-78
78.90000	-79
78.90167	-79
78.90333	-79
78.90500	-79
78.90667	-79
78.90833	-79
78.91000	-79
78.91167	-80
78.91333	-79
78.91500	-79
78.91667	-79
78.91833	-79
78.92000	-79
78.92167	-80
78.92333	-79
78.92500	-79
78.92667	-79
78.92833	-79
78.93000	-79
78.93167	-79
78.93333	-79
78.93500	-79
78.93667	-79
78.93833	-79
78.94000	-79
78.94167	-78
78.94333	-79
78.94500	-78
78.94667	-78
78.94833	-77
78.95000	-78
78.95167	-78
78.95333	-78
78.95500	-78
78.95667	-77
78.95833	-78
78.96000	-78
78.96167	-78
78.96333	-78
78.96500	-78
78.96667	-77
78.96833	-78
78.97000	-77
78.97167	-78
78.97333	-78
78.97500	-77
78.97667	-77
78.97833	-78
78.98000	-77
78.98167	-77
78.98333	-77
78.98500	-77
78.98667	-77
78.98833	-77
78.99000	-77
78.99167	-77
78.99333	-77
78.99500	-77
78.99667	-76
78.99833	-77
79.00000	-77
79.00167	-76
79.00333	-77
79.00500	-76
79.00667	-76
79.00833	-76
79.01000	-76
79.01167	-76
79.01333	-76
79.01500	-76
79.01667	-76
79.01833	-76
79.02000	-75
79.02167	-76
79.02333	-75
79.02500	-76
79.02667	-76
79.02833	-75
79.03000	-75
79.03167	-76
79.03333	-75
79.03500	-76
79.03667	-75
79.03833	-75
79.04000	-75
79.04167	-76
79.04333	-75
79.04500	-75
79.04667	-76
79.04833	-75
79.05000	-76
79.05167	-75
79.05333	-75
79.05500	-76
79.05667	-75
79.05833	-75
79.06000	-75
79.06167	-75
79.06333	-75
79.06500	-76
79.06667	-75
79.06833	-75
79.07000	-75
79.07167	-75
79.07333	-75
79.07500	-75
79.07667	-75
79.07833	-75
79.08000	-75
79.08167	-75
79.08333	-75
79.08500	-75
79.08667	-75
79.08833	-75
79.09000	-75
79.09167	-74
79.09333	-75
79.09500	-74
79.09667	-75
79.09833	-75
79.10000	-74
79.10167	-75
79.10333	-74
79.10500	-74
79.10667	-74
79.10833	-75
79.11000	-74
79.11167	-74
79.11333	-74
79.11500	-74
79.11667	-74
79.11833	-74
79.12000	-74
79.12167	-74
79.12333	-73
79.12500	-74
79.12667	-73
79.12833	-73
79.13000	-73
79.13167	-73
79.13333	-73
79.13500	-73
79.13667	-73
79.13833	-72
79.14000	-72
79.14167	-72
79.14333	-73
79.14500	-72
79.14667	-72
79.14833	-72
79.15000	-72
79.15167	-72
79.15333	-72
79.15500	-72
79.15667	-72
79.15833	-71
79.16000	-72
79.16167	-72
79.16333	-71
79.16500	-72
79.16667	-71
79.16833	-71
79.17000	-71
79.17167	-71
79.17333	-71
79.17500	-70
79.17667	-70
79.17833	-70
79.18000	-70
79.18167	-70
79.18333	-70
79.18500	-69
79.18667	-69
79.18833	-69
79.19000	-68
79.19167	-69
79.19333	-69
79.19500	-68
79.19667	-68
79.19833	-68
79.20000	-68
79.20167	-67
79.20333	-68
79.20500	-67
79.20667	-67
79.20833	-67
79.21000	-66
79.21167	-67
79.21333	-66
79.21500	-66
79.21667	-65
79.21833	-66
79.22000	-65
79.22167	-65
79.22333	-65
79.22500	-65
79.22667	-65
79.22833	-64
79.23000	-65
79.23167	-64
79.23333	-63
79.23500	-64
79.23667	-63
79.23833	-64
79.24000	-63
79.24167	-63
79.24333	-63
79.24500	-62
79.24667	-63
79.24833	-62
79.25000	-63
79.25167	-62
79.25333	-62
79.25500	-62
79.25667	-62
79.25833	-62
79.26000	-62
79.26167	-62
79.26333	-62
79.26500	-62
79.26667	-62
79.26833	-62
79.27000	-61
79.27167	-62
79.27333	-62
79.27500	-61
79.27667	-62
79.27833	-61
79.28000	-62
79.28167	-61
79.28333	-62
79.28500	-61
79.28667	-61
79.28833	-62
79.29000	-61
79.29167	-62
79.29333	-61
79.29500	-61
79.29667	-61
79.29833	-62
79.30000	-61
79.30167	-62
79.30333	-61
79.30500	-62
79.30667	-62
79.30833	-61
79.31000	-62
79.31167	-62
79.31333	-62
79.31500	-62
79.31667	-62
79.31833	-61
79.32000	-62
79.32167	-62
79.32333	-62
79.32500	-62
79.32667	-62
79.32833	-62
79.33000	-62
79.33167	-62
79.33333	-62
79.33500	-61
79.33667	-62
79.33833	-62
79.34000	-62
79.34167	-62
79.34333	-61
79.34500	-62
79.34667	-61
79.34833	-62
79.35000	-61
79.35167	-61
79.35333	-62
79.35500	-61
79.35667	-61
79.35833	-62
79.36000	-61
79.36167	-61
79.36333	-61
79.36500	-61
79.36667	-61
79.36833	-62
79.37000	-61
79.37167	-61
79.37333	-61
79.37500	-62
79.37667	-61
79.37833	-61
79.38000	-62
79.38167	-62
79.38333	-61
79.38500	-62
79.38667	-62
79.38833	-62
79.39000	-62
79.39167	-62
79.39333	-62
79.39500	-63
79.39667	-62
79.39833	-63
79.40000	-62
79.40167	-62
79.40333	-63
79.40500	-62
79.40667	-62
79.40833	-62
79.41000	-62
79.41167	-62
79.41333	-62
79.41500	-62
79.41667	-62
79.41833	-62
79.42000	-61
79.42167	-61
79.42333	-62
79.42500	-61
79.42667	-61
79.42833	-60
79.43000	-61
79.43167	-60
79.43333	-59
79.43500	-60
79.43667	-59
79.43833	-58
79.44000	-59
79.44167	-58
79.44333	-57
79.44500	-58
79.44667	-57
79.44833	-56
79.45000	-56
79.45167	-55
79.45333	-56
79.45500	-55
79.45667	-54
79.45833	-55
79.46000	-54
79.46167	-55
79.46333	-54
79.46500	-54
79.46667	-54
79.46833	-53
79.47000	-53
79.47167	-53
79.47333	-53
79.47500	-52
79.47667	-52
79.47833	-52
79.48000	-52
79.48167	-52
79.48333	-51
79.48500	-51
79.48667	-51
79.48833	-51
79.49000	-51
79.49167	-51
79.49333	-50
79.49500	-51
79.49667	-50
79.49833	-50
79.50000	-50
79.50167	-50
79.50333	-50
79.50500	-50
79.50667	-50
79.50833	-49
79.51000	-50
79.51167	-50
79.51333	-49
79.51500	-50
79.51667	-50
79.51833	-49
79.52000	-49
79.52167	-49
79.52333	-50
79.52500	-48
79.52667	-49
79.52833	-48
79.53000	-48
79.53167	-48
79.53333	-48
79.53500	-47
79.53667	-47
79.53833	-46
79.54000	-46
79.54167	-45
79.54333	-45
79.54500	-45
79.54667	-45
79.54833	-44
79.55000	-43
79.55167	-43
79.55333	-42
79.55500	-43
79.55667	-42
79.55833	-41
79.56000	-41
79.56167	-41
79.56333	-41
79.56500	-40
79.56667	-40
79.56833	-40
79.57000	-39
79.57167	-39
79.57333	-39
79.57500	-38
79.57667	-38
79.57833	-38
79.58000	-38
79.58167	-37
79.58333	-37
79.58500	-36
79.58667	-36
79.58833	-36
79.59000	-35
79.59167	-35
79.59333	-35
79.59500	-34
79.59667	-33
79.59833	-33
79.60000	-32
79.60167	-33
79.60333	-31
79.60500	-31
79.60667	-31
79.60833	-29
79.61000	-30
79.61167	-29
79.61333	-28
79.61500	-28
79.61667	-27
79.61833	-26
79.62000	-26
79.62167	-25
79.62333	-24
79.62500	-23
79.62667	-23
79.62833	-23
79.63000	-21
79.63167	-21
79.63333	-20
79.63500	-20
79.63667	-19
79.63833	-18
79.64000	-18
79.64167	-17
79.64333	-16
79.64500	-17
79.64667	-16
79.64833	-15
79.65000	-15
79.65167	-15
79.65333	-14
79.65500	-15
79.65667	-14
79.65833	-15
79.66000	-14
79.66167	-14
79.66333	-15
79.66500	-15
79.66667	-15
79.66833	-16
79.67000	-16
79.67167	-17
79.67333	-18
79.67500	-18
79.67667	-19
79.67833	-19
79.68000	-21
79.68167	-21
79.68333	-21
79.68500	-23
79.68667	-23
79.68833	-24
79.69000	-25
79.69167	-25
79.69333	-27
79.69500	-26
79.69667	-28
79.69833	-28
79.70000	-29
79.70167	-30
79.70333	-30
79.70500	-31
79.70667	-31
79.70833	-32
79.71000	-32
79.71167	-32
79.71333	-33
79.71500	-34
79.71667	-34
79.71833	-35
79.72000	-34
79.72167	-35
79.72333	-36
79.72500	-35
79.72667	-36
79.72833	-35
79.73000	-36
79.73167	-36
79.73333	-37
79.73500	-36
79.73667	-37
79.73833	-37
79.74000	-36
79.74167	-37
79.74333	-37
79.74500	-37
79.74667	-37
79.74833	-37
79.75000	-37
79.75167	-37
79.75333	-38
79.75500	-37
79.75667	-38
79.75833	-38
79.76000	-38
79.76167	-38
79.76333	-38
79.76500	-38
79.76667	-38
79.76833	-39
79.77000	-38
79.77167	-39
79.77333	-39
79.77500	-39
79.77667	-39
79.77833	-39
79.78000	-39
79.78167	-39
79.78333	-39
79.78500	-39
79.78667	-40
79.78833	-39
79.79000	-40
79.79167	-40
79.79333	-40
79.79500	-40
79.79667	-40
79.79833	-40
79.80000	-40
79.80167	-41
79.80333	-40
79.80500	-41
79.80667	-41
79.80833	-41
79.81000	-41
79.81167	-41
79.81333	-42
79.81500	-42
79.81667	-42
79.81833	-42
79.82000	-42
79.82167	-42
79.82333	-43
79.82500	-42
79.82667	-43
79.82833	-43
79.83000	-42
79.83167	-43
79.83333	-42
79.83500	-43
79.83667	-43
79.83833	-44
79.84000	-44
79.84167	-44
79.84333	-44
79.84500	-45
79.84667	-44
79.84833	-45
79.85000	-45
79.85167	-45
79.85333	-46
79.85500	-45
79.85667	-46
79.85833	-46
79.86000	-46
79.86167	-46
79.86333	-47
79.86500	-46
79.86667	-47
79.86833	-47
79.87000	-47
79.87167	-47
79.87333	-47
79.87500	-48
79.87667	-48
79.87833	-48
79.88000	-48
79.88167	-48
79.88333	-48
79.88500	-49
79.88667	-49
79.88833	-49
79.89000	-49
79.89167	-50
79.89333	-50
79.89500	-50
79.89667	-50
79.89833	-51
79.90000	-50
79.90167	-51
79.90333	-51
79.90500	-51
79.90667	-51
79.90833	-51
79.91000	-51
79.91167	-52
79.91333	-51
79.91500	-51
79.91667	-52
79.91833	-51
79.92000	-51
79.92167	-52
79.92333	-51
79.92500	-51
79.92667	-51
79.92833	-51
79.93000	-51
79.93167	-51
79.93333	-50
79.93500	-51
79.93667	-50
79.93833	-51
79.94000	-50
79.94167	-50
79.94333	-50
79.94500	-49
79.94667	-50
79.94833	-49
79.95000	-49
79.95167	-49
79.95333	-49
79.95500	-49
79.95667	-48
79.95833	-48
79.96000	-48
79.96167	-48
79.96333	-47
79.96500	-48
79.96667	-47
79.96833	-47
79.97000	-47
79.97167	-47
79.97333	-47
79.97500	-47
79.97667	-46
79.97833	-47
79.98000	-46
79.98167	-46
79.98333	-46
79.98500	-46
79.98667	-47
79.98833	-46
79.99000	-46
79.99167	-47
79.99333	-46
79.99500	-47
79.99667	-46
79.99833	-47
80.00000	-47
80.00167	-47
80.00333	-47
80.00500	-47
80.00667	-47
80.00833	-47
80.01000	-47
80.01167	-47
80.01333	-47
80.01500	-47
80.01667	-48
80.01833	-47
80.02000	-47
80.02167	-48
80.02333	-47
80.02500	-47
80.02667	-47
80.02833	-47
80.03000	-47
80.03167	-47
80.03333	-47
80.03500	-47
80.03667	-47
80.03833	-46
80.04000	-47
80.04167	-46
80.04333	-47
80.04500	-46
80.04667	-47
80.04833	-46
80.05000	-46
80.05167	-46
80.05333	-46
80.05500	-46
80.05667	-46
80.05833	-46
80.06000	-46
80.06167	-45
80.06333	-46
80.06500	-45
80.06667	-44
80.06833	-45
80.07000	-44
80.07167	-44
80.07333	-43
80.07500	-43
80.07667	-43
80.07833	-42
80.08000	-42
80.08167	-41
80.08333	-41
80.08500	-40
80.08667	-40
80.08833	-39
80.09000	-39
80.09167	-38
80.09333	-38
80.09500	-37
80.09667	-37
80.09833	-36
80.10000	-36
80.10167	-35
80.10333	-35
80.10500	-35
80.10667	-33
80.10833	-34
80.11000	-33
80.11167	-32
80.11333	-33
80.11500	-31
80.11667	-31
80.11833	-31
80.12000	-30
80.12167	-29
80.12333	-30
80.12500	-28
80.12667	-28
80.12833	-27
80.13000	-27
80.13167	-26
80.13333	-25
80.13500	-25
80.13667	-24
80.13833	-23
80.14000	-22
80.14167	-21
80.14333	-21
80.14500	-19
80.14667	-18
80.14833	-17
80.15000	-16
80.15167	-15
80.15333	-14
80.15500	-12
80.15667	-11
80.15833	-10
80.16000	-8
80.16167	-7
80.16333	-5
80.16500	-3
80.16667	-1
80.16833	0
80.17000	2
80.17167	4
80.17333	6
80.17500	8
80.17667	9
80.17833	12
80.18000	15
80.18167	16
80.18333	18
80.18500	21
80.18667	23
80.18833	25
80.19000	27
80.19167	30
80.19333	32
80.19500	35
80.19667	37
80.19833	39
80.20000	41
80.20167	44
80.20333	46
80.20500	48
80.20667	50
80.20833	52
80.21000	54
80.21167	57
80.21333	59
80.21500	61
80.21667	64
80.21833	65
80.22000	68
80.22167	70
80.22333	72
80.22500	75
80.22667	76
80.22833	79
80.23000	80
80.23167	83
80.23333	85
80.23500	87
80.23667	89
80.23833	91
80.24000	92
80.24167	95
80.24333	97
80.24500	98
80.24667	101
80.24833	102
80.25000	104
80.25167	106
80.25333	108
80.25500	109
80.25667	112
80.25833	113
80.26000	115
80.26167	117
80.26333	119
80.26500	120
80.26667	121
80.26833	123
80.27000	125
80.27167	126
80.27333	128
80.27500	129
80.27667	130
80.27833	132
80.28000	134
80.28167	135
80.28333	136
80.28500	137
80.28667	138
80.28833	139
80.29000	141
80.29167	142
80.29333	143
80.29500	144
80.29667	145
80.29833	146
80.30000	147
80.30167	148
80.30333	149
80.30500	150
80.30667	150
80.30833	152
80.31000	153
80.31167	154
80.31333	155
80.31500	155
80.31667	157
80.31833	158
80.32000	158
80.32167	159
80.32333	160
80.32500	161
80.32667	162
80.32833	163
80.33000	164
80.33167	164
80.33333	166
80.33500	166
80.33667	167
80.33833	167
80.34000	169
80.34167	169
80.34333	170
80.34500	170
80.34667	171
80.34833	171
80.35000	172
80.35167	173
80.35333	173
80.35500	174
80.35667	174
80.35833	174
80.36000	175
80.36167	176
80.36333	176
80.36500	176
80.36667	177
80.36833	177
80.37000	177
80.37167	178
80.37333	178
80.37500	179
80.37667	178
80.37833	179
80.38000	180
80.38167	180
80.38333	181
80.38500	181
80.38667	181
80.38833	182
80.39000	182
80.39167	182
80.39333	184
80.39500	183
80.39667	184
80.39833	184
80.40000	184
80.40167	185
80.40333	185
80.40500	186
80.40667	186
80.40833	186
80.41000	187
80.41167	186
80.41333	187
80.41500	187
80.41667	188
80.41833	188
80.42000	188
80.42167	189
80.42333	188
80.42500	189
80.42667	189
80.42833	189
80.43000	189
80.43167	189
80.43333	189
80.43500	190
80.43667	190
80.43833	190
80.44000	191
80.44167	190
80.44333	191
80.44500	191
80.44667	192
80.44833	191
80.45000	192
80.45167	192
80.45333	192
80.45500	192
80.45667	192
80.45833	193
80.46000	193
80.46167	193
80.46333	193
80.46500	193
80.46667	194
80.46833	193
80.47000	194
80.47167	193
80.47333	193
80.47500	194
80.47667	193
80.47833	194
80.48000	193
80.48167	193
80.48333	193
80.48500	193
80.48667	192
80.48833	193
80.49000	192
80.49167	192
80.49333	191
80.49500	192
80.49667	191
80.49833	191
80.50000	190
80.50167	190
80.50333	190
80.50500	189
80.50667	190
80.50833	189
80.51000	188
80.51167	188
80.51333	188
80.51500	188
80.51667	187
80.51833	187
80.52000	186
80.52167	186
80.52333	186
80.52500	185
80.52667	185
80.52833	185
80.53000	184
80.53167	185
80.53333	183
80.53500	184
80.53667	183
80.53833	182
80.54000	183
80.54167	182
80.54333	181
80.54500	181
80.54667	181
80.54833	180
80.55000	180
80.55167	180
80.55333	178
80.55500	179
80.55667	178
80.55833	177
80.56000	177
80.56167	176
80.56333	176
80.56500	176
80.56667	175
80.56833	174
80.57000	174
80.57167	173
80.57333	173
80.57500	172
80.57667	172
80.57833	171
80.58000	170
80.58167	170
80.58333	169
80.58500	169
80.58667	168
80.58833	167
80.59000	167
80.59167	166
80.59333	166
80.59500	165
80.59667	165
80.59833	164
80.60000	163
80.60167	163
80.60333	163
80.60500	162
80.60667	161
80.60833	161
80.61000	161
80.61167	159
80.61333	160
80.61500	158
80.61667	158
80.61833	158
80.62000	157
80.62167	156
80.62333	156
80.62500	155
80.62667	155
80.62833	154
80.63000	154
80.63167	153
80.63333	153
80.63500	152
80.63667	151
80.63833	152
80.64000	150
80.64167	150
80.64333	150
80.64500	149
80.64667	149
80.64833	149
80.65000	148
80.65167	147
80.65333	148
80.65500	146
80.65667	147
80.65833	146
80.66000	146
80.66167	145
80.66333	145
80.66500	144
80.66667	144
80.66833	143
80.67000	142
80.67167	143
80.67333	141
80.67500	141
80.67667	141
80.67833	139
80.68000	140
80.68167	138
80.68333	138
80.68500	138
80.68667	137
80.68833	136
80.69000	135
80.69167	136
80.69333	134
80.69500	134
80.69667	133
80.69833	132
80.70000	132
80.70167	132
80.70333	130
80.70500	131
80.70667	129
80.70833	129
80.71000	129
80.71167	128
80.71333	127
80.71500	127
80.71667	126
80.71833	126
80.72000	125
80.72167	125
80.72333	125
80.72500	123
80.72667	124
80.72833	123
80.73000	122
80.73167	122
80.73333	122
80.73500	121
80.73667	120
80.73833	120
80.74000	120
80.74167	119
80.74333	119
80.74500	118
80.74667	118
80.74833	117
80.75000	117
80.75167	116
80.75333	116
80.75500	116
80.75667	115
80.75833	114
80.76000	115
80.76167	113
80.76333	114
80.76500	113
80.76667	112
80.76833	112
80.77000	112
80.77167	111
80.77333	111
80.77500	110
80.77667	110
80.77833	109
80.78000	110
80.78167	109
80.78333	108
80.78500	108
80.78667	107
80.78833	108
80.79000	107
80.79167	106
80.79333	107
80.79500	105
80.79667	106
80.79833	105
80.80000	104
80.80167	104
80.80333	104
80.80500	103
80.80667	102
80.80833	102
80.81000	102
80.81167	101
80.81333	101
80.81500	100
80.81667	100
80.81833	99
80.82000	99
80.82167	98
80.82333	98
80.82500	97
80.82667	97
80.82833	96
80.83000	96
80.83167	96
80.83333	95
80.83500	94
80.83667	95
80.83833	93
80.84000	94
80.84167	93
80.84333	92
80.84500	92
80.84667	92
80.84833	92
80.85000	91
80.85167	91
80.85333	91
80.85500	90
80.85667	91
80.85833	90
80.86000	89
80.86167	90
80.86333	88
80.86500	89
80.86667	89
80.86833	88
80.87000	87
80.87167	88
80.87333	87
80.87500	86
80.87667	87
80.87833	85
80.88000	86
80.88167	85
80.88333	84
80.88500	84
80.88667	84
80.88833	83
80.89000	82
80.89167	83
80.89333	81
80.89500	81
80.89667	81
80.89833	81
80.90000	79
80.90167	80
80.90333	79
80.90500	78
80.90667	78
80.90833	78
80.91000	77
80.91167	77
80.91333	77
80.91500	76
80.91667	76
80.91833	75
80.92000	75
80.92167	75
80.92333	74
80.92500	74
80.92667	74
80.92833	73
80.93000	73
80.93167	73
80.93333	72
80.93500	72
80.93667	71
80.93833	72
80.94000	71
80.94167	71
80.94333	71
80.94500	70
80.94667	70
80.94833	70
80.95000	70
80.95167	69
80.95333	69
80.95500	68
80.95667	69
80.95833	68
80.96000	68
80.96167	68
80.96333	67
80.96500	67
80.96667	67
80.96833	67
80.97000	66
80.97167	66
80.97333	66
80.97500	65
80.97667	65
80.97833	65
80.98000	64
80.98167	64
80.98333	63
80.98500	64
80.98667	62
80.98833	63
80.99000	62
80.99167	61
80.99333	62
80.99500	60
80.99667	60
80.99833	60
81.00000	60
81.00167	58
81.00333	59
81.00500	58
81.00667	58
81.00833	57
81.01000	57
81.01167	56
81.01333	56
81.01500	55
81.01667	55
81.01833	55
81.02000	54
81.02167	55
81.02333	53
81.02500	53
81.02667	53
81.02833	53
81.03000	52
81.03167	51
81.03333	51
81.03500	51
81.03667	51
81.03833	50
81.04000	50
81.04167	49
81.04333	49
81.04500	49
81.04667	48
81.04833	48
81.05000	47
81.05167	47
81.05333	47
81.05500	46
81.05667	46
81.05833	46
81.06000	45
81.06167	45
81.06333	45
81.06500	44
81.06667	44
81.06833	44
81.07000	43
81.07167	42
81.07333	43
81.07500	42
81.07667	41
81.07833	42
81.08000	41
81.08167	41
81.08333	40
81.08500	40
81.08667	41
81.08833	39
81.09000	40
81.09167	39
81.09333	39
81.09500	39
81.09667	39
81.09833	38
81.10000	38
81.10167	38
81.10333	38
81.10500	38
81.10667	37
81.10833	37
81.11000	36
81.11167	36
81.11333	36
81.11500	36
81.11667	35
81.11833	35
81.12000	35
81.12167	34
81.12333	35
81.12500	33
81.12667	34
81.12833	33
81.13000	33
81.13167	32
81.13333	32
81.13500	33
81.13667	31
81.13833	32
81.14000	31
81.14167	31
81.14333	30
81.14500	31
81.14667	30
81.14833	30
81.15000	30
81.15167	30
81.15333	29
81.15500	30
81.15667	29
81.15833	29
81.16000	29
81.16167	29
81.16333	28
81.16500	29
81.16667	28
81.16833	29
81.17000	28
81.17167	28
81.17333	29
81.17500	28
81.17667	28
81.17833	28
81.18000	28
81.18167	28
81.18333	27
81.18500	28
81.18667	27
81.18833	27
81.19000	28
81.19167	26
81.19333	27
81.19500	27
81.19667	27
81.19833	26
81.20000	27
81.20167	25
81.20333	26
81.20500	25
81.20667	25
81.20833	25
81.21000	25
81.21167	24
81.21333	24
81.21500	24
81.21667	23
81.21833	23
81.22000	22
81.22167	23
81.22333	21
81.22500	22
81.22667	21
81.22833	21
81.23000	21
81.23167	20
81.23333	20
81.23500	20
81.23667	19
81.23833	19
81.24000	19
81.24167	18
81.24333	19
81.24500	18
81.24667	18
81.24833	18
81.25000	17
81.25167	18
81.25333	17
81.25500	18
81.25667	17
81.25833	17
81.26000	17
81.26167	17
81.26333	16
81.26500	17
81.26667	17
81.26833	16
81.27000	17
81.27167	16
81.27333	16
81.27500	16
81.27667	15
81.27833	15
81.28000	16
81.28167	15
81.28333	14
81.28500	15
81.28667	14
81.28833	13
81.29000	13
81.29167	13
81.29333	12
81.29500	12
81.29667	12
81.29833	11
81.30000	11
81.30167	10
81.30333	10
81.30500	10
81.30667	10
81.30833	9
81.31000	9
81.31167	9
81.31333	8
81.31500	9
81.31667	8
81.31833	8
81.32000	9
81.32167	8
81.32333	7
81.32500	8
81.32667	8
81.32833	7
81.33000	7
81.33167	7
81.33333	6
81.33500	7
81.33667	6
81.33833	7
81.34000	6
81.34167	6
81.34333	6
81.34500	5
81.34667	6
81.34833	5
81.35000	5
81.35167	4
81.35333	5
81.35500	4
81.35667	4
81.35833	4
81.36000	4
81.36167	3
81.36333	4
81.36500	3
81.36667	3
81.36833	3
81.37000	3
81.37167	2
81.37333	2
81.37500	3
81.37667	2
81.37833	2
81.38000	2
81.38167	1
81.38333	2
81.38500	1
81.38667	0
81.38833	1
81.39000	0
81.39167	0
81.39333	-1
81.39500	0
81.39667	-1
81.39833	-1
81.40000	-2
81.40167	-2
81.40333	-2
81.40500	-3
81.40667	-4
81.40833	-4
81.41000	-4
81.41167	-4
81.41333	-5
81.41500	-5
81.41667	-5
81.41833	-6
81.42000	-6
81.42167	-7
81.42333	-7
81.42500	-7
81.42667	-7
81.42833	-8
81.43000	-8
81.43167	-7
81.43333	-9
81.43500	-8
81.43667	-9
81.43833	-9
81.44000	-9
81.44167	-9
81.44333	-9
81.44500	-9
81.44667	-10
81.44833	-10
81.45000	-9
81.45167	-10
81.45333	-11
81.45500	-10
81.45667	-10
81.45833	-11
81.46000	-10
81.46167	-11
81.46333	-11
81.46500	-10
81.46667	-12
81.46833	-11
81.47000	-11
81.47167	-12
81.47333	-11
81.47500	-12
81.47667	-12
81.47833	-13
81.48000	-12
81.48167	-13
81.48333	-13
81.48500	-13
81.48667	-14
81.48833	-13
81.49000	-14
81.49167	-14
81.49333	-14
81.49500	-15
81.49667	-14
81.49833	-15
81.50000	-16
81.50167	-15
81.50333	-15
81.50500	-16
81.50667	-16
81.50833	-16
81.51000	-17
81.51167	-17
81.51333	-16
81.51500	-17
81.51667	-18
81.51833	-17
81.52000	-18
81.52167	-18
81.52333	-18
81.52500	-19
81.52667	-19
81.52833	-19
81.53000	-19
81.53167	-19
81.53333	-20
81.53500	-19
81.53667	-20
81.53833	-20
81.54000	-20
81.54167	-21
81.54333	-21
81.54500	-21
81.54667	-21
81.54833	-22
81.55000	-21
81.55167	-22
81.55333	-23
81.55500	-22
81.55667	-23
81.55833	-23
81.56000	-24
81.56167	-24
81.56333	-24
81.56500	-24
81.56667	-24
81.56833	-25
81.57000	-25
81.57167	-26
81.57333	-25
81.57500	-26
81.57667	-26
81.57833	-27
81.58000	-27
81.58167	-27
81.58333	-28
81.58500	-28
81.58667	-28
81.58833	-29
81.59000	-29
81.59167	-29
81.59333	-30
81.59500	-30
81.59667	-31
81.59833	-30
81.60000	-31
81.60167	-31
81.60333	-31
81.60500	-32
81.60667	-32
81.60833	-32
81.61000	-32
81.61167	-32
81.61333	-33
81.61500	-33
81.61667	-33
81.61833	-33
81.62000	-33
81.62167	-34
81.62333	-33
81.62500	-34
81.62667	-34
81.62833	-34
81.63000	-34
81.63167	-34
81.63333	-34
81.63500	-35
81.63667	-34
81.63833	-35
81.64000	-35
81.64167	-34
81.64333	-35
81.64500	-35
81.64667	-36
81.64833	-35
81.65000	-36
81.65167	-36
81.65333	-36
81.65500	-36
81.65667	-36
81.65833	-37
81.66000	-36
81.66167	-37
81.66333	-37
81.66500	-37
81.66667	-37
81.66833	-37
81.67000	-37
81.67167	-38
81.67333	-38
81.67500	-38
81.67667	-39
81.67833	-38
81.68000	-39
81.68167	-39
81.68333	-40
81.68500	-40
81.68667	-40
81.68833	-40
81.69000	-40
81.69167	-41
81.69333	-41
81.69500	-42
81.69667	-41
81.69833	-42
81.70000	-42
81.70167	-42
81.70333	-42
81.70500	-43
81.70667	-43
81.70833	-42
81.71000	-43
81.71167	-43
81.71333	-43
81.71500	-44
81.71667	-43
81.71833	-44
81.72000	-44
81.72167	-44
81.72333	-44
81.72500	-45
81.72667	-44
81.72833	-45
81.73000	-44
81.73167	-45
81.73333	-45
81.73500	-45
81.73667	-45
81.73833	-45
81.74000	-45
81.74167	-45
81.74333	-46
81.74500	-45
81.74667	-46
81.74833	-46
81.75000	-45
81.75167	-46
81.75333	-46
81.75500	-47
81.75667	-46
81.75833	-47
81.76000	-47
81.76167	-46
81.76333	-47
81.76500	-48
81.76667	-47
81.76833	-47
81.77000	-48
81.77167	-48
81.77333	-47
81.77500	-48
81.77667	-48
81.77833	-48
81.78000	-48
81.78167	-49
81.78333	-48
81.78500	-48
81.78667	-48
81.78833	-49
81.79000	-48
81.79167	-49
81.79333	-48
81.79500	-49
81.79667	-49
81.79833	-48
81.80000	-49
81.80167	-49
81.80333	-49
81.80500	-49
81.80667	-49
81.80833	-49
81.81000	-50
81.81167	-49
81.81333	-50
81.81500	-49
81.81667	-50
81.81833	-50
81.82000	-50
81.82167	-50
81.82333	-51
81.82500	-50
81.82667	-51
81.82833	-51
81.83000	-52
81.83167	-51
81.83333	-52
81.83500	-52
81.83667	-53
81.83833	-52
81.84000	-53
81.84167	-53
81.84333	-53
81.84500	-53
81.84667	-54
81.84833	-54
81.85000	-54
81.85167	-54
81.85333	-54
81.85500	-55
81.85667	-54
81.85833	-55
81.86000	-55
81.86167	-56
81.86333	-55
81.86500	-56
81.86667	-55
81.86833	-56
81.87000	-56
81.87167	-56
81.87333	-56
81.87500	-57
81.87667	-56
81.87833	-57
81.88000	-57
81.88167	-57
81.88333	-57
81.88500	-57
81.88667	-57
81.88833	-58
81.89000	-58
81.89167	-57
81.89333	-58
81.89500	-58
81.89667	-59
81.89833	-58
81.90000	-59
81.90167	-59
81.90333	-59
81.90500	-59
81.90667	-59
81.90833	-60
81.91000	-60
81.91167	-60
81.91333	-60
81.91500	-61
81.91667	-61
81.91833	-62
81.92000	-61
81.92167	-62
81.92333	-62
81.92500	-63
81.92667	-62
81.92833	-63
81.93000	-63
81.93167	-63
81.93333	-63
81.93500	-64
81.93667	-64
81.93833	-64
81.94000	-65
81.94167	-64
81.94333	-65
81.94500	-65
81.94667	-65
81.94833	-65
81.95000	-65
81.95167	-66
81.95333	-66
81.95500	-65
81.95667	-66
81.95833	-65
81.96000	-67
81.96167	-66
81.96333	-66
81.96500	-67
81.96667	-66
81.96833	-67
81.97000	-67
81.97167	-66
81.97333	-67
81.97500	-67
81.97667	-66
81.97833	-67
81.98000	-68
81.98167	-67
81.98333	-67
81.98500	-68
81.98667	-68
81.98833	-67
81.99000	-68
81.99167	-68
81.99333	-68
81.99500	-68
81.99667	-69
81.99833	-68
82.00000	-68
82.00167	-69
82.00333	-69
82.00500	-69
82.00667	-69
82.00833	-69
82.01000	-69
82.01167	-70
82.01333	-70
82.01500	-69
82.01667	-70
82.01833	-71
82.02000	-70
82.02167	-70
82.02333	-71
82.02500	-71
82.02667	-71
82.02833	-71
82.03000	-71
82.03167	-72
82.03333	-72
82.03500	-72
82.03667	-72
82.03833	-73
82.04000	-72
82.04167	-73
82.04333	-73
82.04500	-74
82.04667	-74
82.04833	-74
82.05000	-74
82.05167	-75
82.05333	-75
82.05500	-75
82.05667	-76
82.05833	-76
82.06000	-76
82.06167	-76
82.06333	-76
82.06500	-77
82.06667	-77
82.06833	-77
82.07000	-76
82.07167	-77
82.07333	-78
82.07500	-77
82.07667	-77
82.07833	-78
82.08000	-77
82.08167	-78
82.08333	-77
82.08500	-78
82.08667	-78
82.08833	-78
82.09000	-78
82.09167	-79
82.09333	-79
82.09500	-78
82.09667	-79
82.09833	-79
82.10000	-80
82.10167	-80
82.10333	-80
82.10500	-80
82.10667	-80
82.10833	-81
82.11000	-81
82.11167	-81
82.11333	-81
82.11500	-82
82.11667	-81
82.11833	-82
82.12000	-82
82.12167	-82
82.12333	-82
82.12500	-82
82.12667	-83
82.12833	-82
82.13000	-83
82.13167	-82
82.13333	-82
82.13500	-83
82.13667	-82
82.13833	-82
82.14000	-82
82.14167	-82
82.14333	-82
82.14500	-82
82.14667	-82
82.14833	-81
82.15000	-82
82.15167	-81
82.15333	-82
82.15500	-81
82.15667	-82
82.15833	-81
82.16000	-81
82.16167	-81
82.16333	-81
82.16500	-81
82.16667	-81
82.16833	-82
82.17000	-80
82.17167	-82
82.17333	-81
82.17500	-81
82.17667	-81
82.17833	-82
82.18000	-82
82.18167	-81
82.18333	-82
82.18500	-83
82.18667	-82
82.18833	-83
82.19000	-82
82.19167	-83
82.19333	-83
82.19500	-84
82.19667	-84
82.19833	-84
82.20000	-84
82.20167	-84
82.20333	-85
82.20500	-85
82.20667	-86
82.20833	-85
82.21000	-86
82.21167	-86
82.21333	-87
82.21500	-86
82.21667	-88
82.21833	-87
82.22000	-88
82.22167	-89
82.22333	-88
82.22500	-89
82.22667	-89
82.22833	-89
82.23000	-90
82.23167	-90
82.23333	-90
82.23500	-91
82.23667	-91
82.23833	-92
82.24000	-92
82.24167	-92
82.24333	-93
82.24500	-93
82.24667	-93
82.24833	-93
82.25000	-94
82.25167	-94
82.25333	-95
82.25500	-95
82.25667	-95
82.25833	-96
82.26000	-96
82.26167	-96
82.26333	-96
82.26500	-97
82.26667	-97
82.26833	-97
82.27000	-97
82.27167	-97
82.27333	-98
82.27500	-98
82.27667	-99
82.27833	-98
82.28000	-99
82.28167	-99
82.28333	-99
82.28500	-99
82.28667	-99
82.28833	-100
82.29000	-100
82.29167	-100
82.29333	-100
82.29500	-101
82.29667	-100
82.29833	-101
82.30000	-101
82.30167	-100
82.30333	-102
82.30500	-101
82.30667	-102
82.30833	-102
82.31000	-102
82.31167	-102
82.31333	-102
82.31500	-103
82.31667	-102
82.31833	-102
82.32000	-103
82.32167	-102
82.32333	-103
82.32500	-102
82.32667	-103
82.32833	-103
82.33000	-103
82.33167	-103
82.33333	-103
82.33500	-104
82.33667	-103
82.33833	-104
82.34000	-104
82.34167	-104
82.34333	-104
82.34500	-103
82.34667	-104
82.34833	-105
82.35000	-104
82.35167	-104
82.35333	-104
82.35500	-104
82.35667	-104
82.35833	-104
82.36000	-104
82.36167	-104
82.36333	-104
82.36500	-104
82.36667	-104
82.36833	-105
82.37000	-104
82.37167	-103
82.37333	-104
82.37500	-104
82.37667	-104
82.37833	-104
82.38000	-103
82.38167	-104
82.38333	-103
82.38500	-104
82.38667	-104
82.38833	-103
82.39000	-104
82.39167	-104
82.39333	-104
82.39500	-104
82.39667	-104
82.39833	-104
82.40000	-105
82.40167	-104
82.40333	-105
82.40500	-105
82.40667	-104
82.40833	-105
82.41000	-105
82.41167	-106
82.41333	-105
82.41500	-106
82.41667	-107
82.41833	-106
82.42000	-107
82.42167	-107
82.42333	-107
82.42500	-108
82.42667	-108
82.42833	-108
82.43000	-108
82.43167	-108
82.43333	-109
82.43500	-108
82.43667	-109
82.43833	-109
82.44000	-108
82.44167	-109
82.44333	-109
82.44500	-109
82.44667	-109
82.44833	-110
82.45000	-109
82.45167	-109
82.45333	-109
82.45500	-109
82.45667	-110
82.45833	-109
82.46000	-110
82.46167	-109
82.46333	-110
82.46500	-109
82.46667	-109
82.46833	-110
82.47000	-110
82.47167	-110
82.47333	-110
82.47500	-110
82.47667	-111
82.47833	-110
82.48000	-111
82.48167	-110
82.48333	-111
82.48500	-111
82.48667	-110
82.48833	-111
82.49000	-111
82.49167	-112
82.49333	-111
82.49500	-112
82.49667	-111
82.49833	-112
82.50000	-112
82.50167	-112
82.50333	-112
82.50500	-111
82.50667	-112
82.50833	-113
82.51000	-112
82.51167	-112
82.51333	-112
82.51500	-113
82.51667	-112
82.51833	-112
82.52000	-113
82.52167	-112
82.52333	-113
82.52500	-112
82.52667	-113
82.52833	-112
82.53000	-113
82.53167	-113
82.53333	-112
82.53500	-113
82.53667	-112
82.53833	-112
82.54000	-113
82.54167	-112
82.54333	-113
82.54500	-112
82.54667	-112
82.54833	-113
82.55000	-112
82.55167	-113
82.55333	-112
82.55500	-113
82.55667	-112
82.55833	-113
82.56000	-113
82.56167	-113
82.56333	-113
82.56500	-113
82.56667	-113
82.56833	-113
82.57000	-114
82.57167	-113
82.57333	-114
82.57500	-114
82.57667	-115
82.57833	-114
82.58000	-114
82.58167	-114
82.58333	-115
82.58500	-115
82.58667	-115
82.58833	-115
82.59000	-116
82.59167	-116
82.59333	-116
82.59500	-116
82.59667	-116
82.59833	-117
82.60000	-117
82.60167	-117
82.60333	-117
82.60500	-118
82.60667	-117
82.60833	-118
82.61000	-118
82.61167	-119
82.61333	-118
82.61500	-118
82.61667	-119
82.61833	-119
82.62000	-120
82.62167	-119
82.62333	-119
82.62500	-120
82.62667	-119
82.62833	-120
82.63000	-120
82.63167	-119
82.63333	-120
82.63500	-120
82.63667	-120
82.63833	-120
82.64000	-120
82.64167	-120
82.64333	-120
82.64500	-120
82.64667	-120
82.64833	-121
82.65000	-120
82.65167	-121
82.65333	-120
82.65500	-121
82.65667	-120
82.65833	-121
82.66000	-121
82.66167	-121
82.66333	-121
82.66500	-122
82.66667	-121
82.66833	-122
82.67000	-122
82.67167	-122
82.67333	-123
82.67500	-122
82.67667	-122
82.67833	-123
82.68000	-122
82.68167	-123
82.68333	-123
82.68500	-123
82.68667	-123
82.68833	-124
82.69000	-123
82.69167	-124
82.69333	-124
82.69500	-124
82.69667	-124
82.69833	-124
82.70000	-125
82.70167	-125
82.70333	-124
82.70500	-126
82.70667	-125
82.70833	-126
82.71000	-126
82.71167	-126
82.71333	-126
82.71500	-126
82.71667	-127
82.71833	-126
82.72000	-127
82.72167	-127
82.72333	-128
82.72500	-128
82.72667	-128
82.72833	-128
82.73000	-128
82.73167	-128
82.73333	-129
82.73500	-129
82.73667	-129
82.73833	-129
82.74000	-130
82.74167	-130
82.74333	-130
82.74500	-130
82.74667	-131
82.74833	-130
82.75000	-131
82.75167	-131
82.75333	-131
82.75500	-132
82.75667	-131
82.75833	-132
82.76000	-132
82.76167	-132
82.76333	-133
82.76500	-132
82.76667	-132
82.76833	-133
82.77000	-133
82.77167	-133
82.77333	-134
82.77500	-133
82.77667	-133
82.77833	-134
82.78000	-134
82.78167	-134
82.78333	-134
82.78500	-135
82.78667	-134
82.78833	-134
82.79000	-135
82.79167	-135
82.79333	-135
82.79500	-135
82.79667	-135
82.79833	-135
82.80000	-135
82.80167	-136
82.80333	-135
82.80500	-136
82.80667	-135
82.80833	-136
82.81000	-136
82.81167	-135
82.81333	-136
82.81500	-136
82.81667	-136
82.81833	-135
82.82000	-136
82.82167	-135
82.82333	-136
82.82500	-135
82.82667	-136
82.82833	-136
82.83000	-135
82.83167	-135
82.83333	-135
82.83500	-135
82.83667	-135
82.83833	-135
82.84000	-135
82.84167	-135
82.84333	-135
82.84500	-135
82.84667	-135
82.84833	-135
82.85000	-135
82.85167	-135
82.85333	-136
82.85500	-135
82.85667	-135
82.85833	-135
82.86000	-135
82.86167	-135
82.86333	-135
82.86500	-135
82.86667	-135
82.86833	-136
82.87000	-135
82.87167	-135
82.87333	-135
82.87500	-135
82.87667	-136
82.87833	-135
82.88000	-136
82.88167	-135
82.88333	-135
82.88500	-135
82.88667	-136
82.88833	-135
82.89000	-136
82.89167	-135
82.89333	-136
82.89500	-135
82.89667	-136
82.89833	-135
82.90000	-136
82.90167	-136
82.90333	-136
82.90500	-136
82.90667	-136
82.90833	-136
82.91000	-136
82.91167	-137
82.91333	-136
82.91500	-136
82.91667	-137
82.91833	-136
82.92000	-137
82.92167	-136
82.92333	-137
82.92500	-137
82.92667	-138
82.92833	-137
82.93000	-138
82.93167	-137
82.93333	-138
82.93500	-138
82.93667	-138
82.93833	-138
82.94000	-138
82.94167	-139
82.94333	-139
82.94500	-138
82.94667	-139
82.94833	-139
82.95000	-139
82.95167	-139
82.95333	-139
82.95500	-139
82.95667	-139
82.95833	-139
82.96000	-140
82.96167	-139
82.96333	-140
82.96500	-139
82.96667	-140
82.96833	-139
82.97000	-140
82.97167	-140
82.97333	-140
82.97500	-140
82.97667	-140
82.97833	-140
82.98000	-140
82.98167	-141
82.98333	-140
82.98500	-141
82.98667	-141
82.98833	-142
82.99000	-141
82.99167	-141
82.99333	-142
82.99500	-142
82.99667	-142
82.99833	-142
83.00000	-142
83.00167	-143
83.00333	-143
83.00500	-142
83.00667	-143
83.00833	-144
83.01000	-143
83.01167	-144
83.01333	-144
83.01500	-144
83.01667	-144
83.01833	-145
83.02000	-144
83.02167	-145
83.02333	-144
83.02500	-145
83.02667	-145
83.02833	-145
83.03000	-146
83.03167	-145
83.03333	-146
83.03500	-146
83.03667	-146
83.03833	-147
83.04000	-146
83.04167	-147
83.04333	-147
83.04500	-147
83.04667	-148
83.04833	-147
83.05000	-147
83.05167	-147
83.05333	-148
83.05500	-147
83.05667	-147
83.05833	-148
83.06000	-147
83.06167	-148
83.06333	-147
83.06500	-148
83.06667	-147
83.06833	-148
83.07000	-147
83.07167	-148
83.07333	-147
83.07500	-147
83.07667	-148
83.07833	-147
83.08000	-147
83.08167	-148
83.08333	-147
83.08500	-148
83.08667	-147
83.08833	-148
83.09000	-147
83.09167	-148
83.09333	-147
83.09500	-148
83.09667	-147
83.09833	-147
83.10000	-148
83.10167	-148
83.10333	-147
83.10500	-148
83.10667	-148
83.10833	-148
83.11000	-148
83.11167	-149
83.11333	-148
83.11500	-148
83.11667	-148
83.11833	-148
83.12000	-149
83.12167	-148
83.12333	-149
83.12500	-149
83.12667	-149
83.12833	-149
83.13000	-149
83.13167	-149
83.13333	-149
83.13500	-149
83.13667	-149
83.13833	-150
83.14000	-149
83.14167	-150
83.14333	-149
83.14500	-149
83.14667	-150
83.14833	-150
83.15000	-149
83.15167	-150
83.15333	-150
83.15500	-150
83.15667	-149
83.15833	-150
83.16000	-150
83.16167	-150
83.16333	-150
83.16500	-150
83.16667	-150
83.16833	-150
83.17000	-150
83.17167	-151
83.17333	-150
83.17500	-151
83.17667	-150
83.17833	-151
83.18000	-151
83.18167	-151
83.18333	-151
83.18500	-151
83.18667	-151
83.18833	-151
83.19000	-151
83.19167	-152
83.19333	-151
83.19500	-152
83.19667	-151
83.19833	-152
83.20000	-152
83.20167	-153
83.20333	-152
83.20500	-153
83.20667	-152
83.20833	-153
83.21000	-153
83.21167	-153
83.21333	-153
83.21500	-153
83.21667	-154
83.21833	-153
83.22000	-153
83.22167	-153
83.22333	-153
83.22500	-154
83.22667	-153
83.22833	-153
83.23000	-153
83.23167	-153
83.23333	-153
83.23500	-153
83.23667	-152
83.23833	-153
83.24000	-152
83.24167	-152
83.24333	-152
83.24500	-152
83.24667	-152
83.24833	-152
83.25000	-151
83.25167	-152
83.25333	-152
83.25500	-151
83.25667	-152
83.25833	-152
83.26000	-152
83.26167	-152
83.26333	-152
83.26500	-152
83.26667	-152
83.26833	-153
83.27000	-152
83.27167	-152
83.27333	-153
83.27500	-153
83.27667	-153
83.27833	-153
83.28000	-154
83.28167	-153
83.28333	-154
83.28500	-154
83.28667	-155
83.28833	-154
83.29000	-155
83.29167	-155
83.29333	-155
83.29500	-155
83.29667	-155
83.29833	-156
83.30000	-156
83.30167	-156
83.30333	-156
83.30500	-156
83.30667	-156
83.30833	-156
83.31000	-157
83.31167	-157
83.31333	-157
83.31500	-157
83.31667	-158
83.31833	-157
83.32000	-158
83.32167	-157
83.32333	-158
83.32500	-158
83.32667	-159
83.32833	-158
83.33000	-158
83.33167	-159
83.33333	-159
83.33500	-159
83.33667	-159
83.33833	-159
83.34000	-160
83.34167	-159
83.34333	-159
83.34500	-160
83.34667	-159
83.34833	-160
83.35000	-160
83.35167	-160
83.35333	-159
83.35500	-161
83.35667	-160
83.35833	-160
83.36000	-161
83.36167	-161
83.36333	-161
83.36500	-161
83.36667	-162
83.36833	-161
83.37000	-162
83.37167	-162
83.37333	-161
83.37500	-163
83.37667	-162
83.37833	-163
83.38000	-162
83.38167	-163
83.38333	-162
83.38500	-163
83.38667	-163
83.38833	-163
83.39000	-162
83.39167	-163
83.39333	-163
83.39500	-162
83.39667	-163
83.39833	-163
83.40000	-162
83.40167	-163
83.40333	-162
83.40500	-162
83.40667	-162
83.40833	-162
83.41000	-163
83.41167	-162
83.41333	-162
83.41500	-162
83.41667	-162
83.41833	-162
83.42000	-163
83.42167	-162
83.42333	-163
83.42500	-162
83.42667	-163
83.42833	-163
83.43000	-163
83.43167	-163
83.43333	-164
83.43500	-163
83.43667	-164
83.43833	-164
83.44000	-164
83.44167	-164
83.44333	-164
83.44500	-165
83.44667	-164
83.44833	-164
83.45000	-164
83.45167	-165
83.45333	-164
83.45500	-164
83.45667	-164
83.45833	-165
83.46000	-164
83.46167	-165
83.46333	-164
83.46500	-164
83.46667	-165
83.46833	-164
83.47000	-164
83.47167	-163
83.47333	-164
83.47500	-164
83.47667	-163
83.47833	-163
83.48000	-163
83.48167	-163
83.48333	-163
83.48500	-163
83.48667	-163
83.48833	-162
83.49000	-163
83.49167	-162
83.49333	-162
83.49500	-162
83.49667	-162
83.49833	-162
83.50000	-162
83.50167	-162
83.50333	-162
83.50500	-162
83.50667	-162
83.50833	-162
83.51000	-163
83.51167	-162
83.51333	-163
83.51500	-162
83.51667	-163
83.51833	-163
83.52000	-162
83.52167	-163
83.52333	-163
83.52500	-163
83.52667	-163
83.52833	-164
83.53000	-164
83.53167	-164
83.53333	-163
83.53500	-164
83.53667	-165
83.53833	-164
83.54000	-164
83.54167	-165
83.54333	-165
83.54500	-165
83.54667	-165
83.54833	-165
83.55000	-165
83.55167	-165
83.55333	-166
83.55500	-166
83.55667	-166
83.55833	-166
83.56000	-166
83.56167	-166
83.56333	-166
83.56500	-166
83.56667	-167
83.56833	-166
83.57000	-167
83.57167	-167
83.57333	-166
83.57500	-167
83.57667	-167
83.57833	-167
83.58000	-166
83.58167	-167
83.58333	-167
83.58500	-167
83.58667	-167
83.58833	-166
83.59000	-167
83.59167	-167
83.59333	-167
83.59500	-167
83.59667	-167
83.59833	-166
83.60000	-167
83.60167	-168
83.60333	-167
83.60500	-167
83.60667	-168
83.60833	-167
83.61000	-168
83.61167	-168
83.61333	-168
83.61500	-168
83.61667	-168
83.61833	-169
83.62000	-168
83.62167	-168
83.62333	-168
83.62500	-168
83.62667	-168
83.62833	-168
83.63000	-169
83.63167	-168
83.63333	-168
83.63500	-168
83.63667	-169
83.63833	-168
83.64000	-168
83.64167	-168
83.64333	-169
83.64500	-168
83.64667	-168
83.64833	-169
83.65000	-168
83.65167	-169
83.65333	-168
83.65500	-169
83.65667	-169
83.65833	-169
83.66000	-169
83.66167	-169
83.66333	-169
83.66500	-170
83.66667	-170
83.66833	-169
83.67000	-170
83.67167	-171
83.67333	-170
83.67500	-171
83.67667	-171
83.67833	-171
83.68000	-171
83.68167	-172
83.68333	-171
83.68500	-172
83.68667	-172
83.68833	-173
83.69000	-172
83.69167	-173
83.69333	-173
83.69500	-173
83.69667	-173
83.69833	-173
83.70000	-173
83.70167	-173
83.70333	-173
83.70500	-173
83.70667	-174
83.70833	-173
83.71000	-173
83.71167	-173
83.71333	-173
83.71500	-173
83.71667	-172
83.71833	-173
83.72000	-172
83.72167	-173
83.72333	-172
83.72500	-172
83.72667	-173
83.72833	-172
83.73000	-172
83.73167	-171
83.73333	-172
83.73500	-172
83.73667	-171
83.73833	-171
83.74000	-172
83.74167	-171
83.74333	-172
83.74500	-171
83.74667	-171
83.74833	-171
83.75000	-172
83.75167	-171
83.75333	-171
83.75500	-171
83.75667	-171
83.75833	-171
83.76000	-171
83.76167	-172
83.76333	-171
83.76500	-171
83.76667	-171
83.76833	-171
83.77000	-172
83.77167	-171
83.77333	-171
83.77500	-172
83.77667	-171
83.77833	-172
83.78000	-172
83.78167	-171
83.78333	-172
83.78500	-172
83.78667	-172
83.78833	-172
83.79000	-173
83.79167	-172
83.79333	-173
83.79500	-172
83.79667	-173
83.79833	-172
83.80000	-172
83.80167	-173
83.80333	-172
83.80500	-173
83.80667	-172
83.80833	-173
83.81000	-172
83.81167	-173
83.81333	-172
83.81500	-172
83.81667	-173
83.81833	-172
83.82000	-173
83.82167	-172
83.82333	-172
83.82500	-172
83.82667	-172
83.82833	-172
83.83000	-171
83.83167	-172
83.83333	-171
83.83500	-171
83.83667	-170
83.83833	-171
83.84000	-170
83.84167	-170
83.84333	-170
83.84500	-170
83.84667	-170
83.84833	-170
83.85000	-169
83.85167	-170
83.85333	-169
83.85500	-169
83.85667	-170
83.85833	-169
83.86000	-169
83.86167	-169
83.86333	-169
83.86500	-170
83.86667	-169
83.86833	-170
83.87000	-170
83.87167	-170
83.87333	-170
83.87500	-170
83.87667	-171
83.87833	-170
83.88000	-170
83.88167	-171
83.88333	-171
83.88500	-171
83.88667	-171
83.88833	-172
83.89000	-171
83.89167	-172
83.89333	-171
83.89500	-172
83.89667	-172
83.89833	-172
83.90000	-172
83.90167	-173
83.90333	-172
83.90500	-173
83.90667	-173
83.90833	-173
83.91000	-174
83.91167	-173
83.91333	-174
83.91500	-174
83.91667	-174
83.91833	-175
83.92000	-174
83.92167	-175
83.92333	-175
83.92500	-176
83.92667	-176
83.92833	-176
83.93000	-176
83.93167	-176
83.93333	-177
83.93500	-177
83.93667	-177
83.93833	-177
83.94000	-177
83.94167	-177
83.94333	-177
83.94500	-178
83.94667	-177
83.94833	-178
83.95000	-178
83.95167	-178
83.95333	-178
83.95500	-178
83.95667	-178
83.95833	-178
83.96000	-178
83.96167	-178
83.96333	-178
83.96500	-178
83.96667	-177
83.96833	-178
83.97000	-178
83.97167	-178
83.97333	-178
83.97500	-178
83.97667	-178
83.97833	-177
83.98000	-178
83.98167	-177
83.98333	-177
83.98500	-177
83.98667	-178
83.98833	-176
83.99000	-177
83.99167	-177
83.99333	-177
83.99500	-176
83.99667	-177
83.99833	-177
84.00000	-177
84.00167	-176
84.00333	-177
84.00500	-177
84.00667	-176
84.00833	-177
84.01000	-176
84.01167	-177
84.01333	-177
84.01500	-177
84.01667	-178
84.01833	-177
84.02000	-178
84.02167	-177
84.02333	-178
84.02500	-178
84.02667	-178
84.02833	-179
84.03000	-179
84.03167	-179
84.03333	-179
84.03500	-179
84.03667	-179
84.03833	-180
84.04000	-180
84.04167	-180
84.04333	-180
84.04500	-180
84.04667	-180
84.04833	-180
84.05000	-181
84.05167	-180
84.05333	-181
84.05500	-180
84.05667	-180
84.05833	-180
84.06000	-180
84.06167	-180
84.06333	-180
84.06500	-180
84.06667	-180
84.06833	-179
84.07000	-180
84.07167	-179
84.07333	-180
84.07500	-179
84.07667	-179
84.07833	-180
84.08000	-179
84.08167	-179
84.08333	-178
84.08500	-179
84.08667	-179
84.08833	-179
84.09000	-179
84.09167	-179
84.09333	-178
84.09500	-179
84.09667	-179
84.09833	-179
84.10000	-180
84.10167	-179
84.10333	-179
84.10500	-180
84.10667	-180
84.10833	-179
84.11000	-180
84.11167	-180
84.11333	-181
84.11500	-180
84.11667	-181
84.11833	-181
84.12000	-181
84.12167	-182
84.12333	-181
84.12500	-182
84.12667	-182
84.12833	-183
84.13000	-182
84.13167	-183
84.13333	-183
84.13500	-182
84.13667	-183
84.13833	-183
84.14000	-183
84.14167	-183
84.14333	-182
84.14500	-183
84.14667	-183
84.14833	-183
84.15000	-183
84.15167	-182
84.15333	-183
84.15500	-182
84.15667	-182
84.15833	-183
84.16000	-182
84.16167	-182
84.16333	-182
84.16500	-182
84.16667	-182
84.16833	-182
84.17000	-182
84.17167	-182
84.17333	-183
84.17500	-182
84.17667	-183
84.17833	-183
84.18000	-183
84.18167	-183
84.18333	-184
84.18500	-183
84.18667	-184
84.18833	-184
84.19000	-184
84.19167	-185
84.19333	-184
84.19500	-184
84.19667	-185
84.19833	-184
84.20000	-185
84.20167	-185
84.20333	-184
84.20500	-185
84.20667	-184
84.20833	-185
84.21000	-185
84.21167	-184
84.21333	-184
84.21500	-184
84.21667	-184
84.21833	-183
84.22000	-184
84.22167	-183
84.22333	-183
84.22500	-183
84.22667	-183
84.22833	-182
84.23000	-182
84.23167	-182
84.23333	-182
84.23500	-182
84.23667	-182
84.23833	-181
84.24000	-182
84.24167	-181
84.24333	-182
84.24500	-181
84.24667	-182
84.24833	-181
84.25000	-182
84.25167	-181
84.25333	-182
84.25500	-182
84.25667	-182
84.25833	-182
84.26000	-182
84.26167	-182
84.26333	-182
84.26500	-182
84.26667	-182
84.26833	-182
84.27000	-183
84.27167	-182
84.27333	-182
84.27500	-183
84.27667	-182
84.27833	-183
84.28000	-182
84.28167	-183
84.28333	-183
84.28500	-183
84.28667	-183
84.28833	-183
84.29000	-183
84.29167	-183
84.29333	-183
84.29500	-183
84.29667	-184
84.29833	-183
84.30000	-183
84.30167	-182
84.30333	-183
84.30500	-183
84.30667	-183
84.30833	-184
84.31000	-183
84.31167	-183
84.31333	-183
84.31500	-184
84.31667	-183
84.31833	-184
84.32000	-183
84.32167	-184
84.32333	-184
84.32500	-184
84.32667	-184
84.32833	-184
84.33000	-184
84.33167	-184
84.33333	-185
84.33500	-184
84.33667	-185
84.33833	-184
84.34000	-185
84.34167	-184
84.34333	-185
84.34500	-185
84.34667	-185
84.34833	-185
84.35000	-185
84.35167	-185
84.35333	-184
84.35500	-185
84.35667	-185
84.35833	-184
84.36000	-185
84.36167	-185
84.36333	-185
84.36500	-185
84.36667	-185
84.36833	-185
84.37000	-185
84.37167	-185
84.37333	-186
84.37500	-185
84.37667	-185
84.37833	-186
84.38000	-185
84.38167	-186
84.38333	-185
84.38500	-186
84.38667	-186
84.38833	-186
84.39000	-185
84.39167	-187
84.39333	-186
84.39500	-186
84.39667	-186
84.39833	-187
84.40000	-186
84.40167	-187
84.40333	-186
84.40500	-187
84.40667	-186
84.40833	-187
84.41000	-186
84.41167	-186
84.41333	-186
84.41500	-187
84.41667	-186
84.41833	-186
84.42000	-185
84.42167	-186
84.42333	-185
84.42500	-185
84.42667	-185
84.42833	-185
84.43000	-184
84.43167	-185
84.43333	-184
84.43500	-184
84.43667	-183
84.43833	-184
84.44000	-183
84.44167	-183
84.44333	-183
84.44500	-183
84.44667	-183
84.44833	-182
84.45000	-183
84.45167	-182
84.45333	-183
84.45500	-182
84.45667	-183
84.45833	-183
84.46000	-183
84.46167	-183
84.46333	-183
84.46500	-184
84.46667	-184
84.46833	-184
84.47000	-184
84.47167	-184
84.47333	-184
84.47500	-185
84.47667	-184
84.47833	-185
84.48000	-185
84.48167	-185
84.48333	-185
84.48500	-186
84.48667	-186
84.48833	-186
84.49000	-186
84.49167	-186
84.49333	-186
84.49500	-187
84.49667	-186
84.49833	-186
84.50000	-187
84.50167	-186
84.50333	-187
84.50500	-187
84.50667	-187
84.50833	-186
84.51000	-187
84.51167	-187
84.51333	-187
84.51500	-187
84.51667	-186
84.51833	-187
84.52000	-187
84.52167	-187
84.52333	-187
84.52500	-187
84.52667	-186
84.52833	-187
84.53000	-187
84.53167	-187
84.53333	-187
84.53500	-187
84.53667	-186
84.53833	-187
84.54000	-187
84.54167	-187
84.54333	-186
84.54500	-187
84.54667	-187
84.54833	-186
84.55000	-187
84.55167	-187
84.55333	-187
84.55500	-187
84.55667	-187
84.55833	-187
84.56000	-187
84.56167	-187
84.56333	-187
84.56500	-188
84.56667	-187
84.56833	-188
84.57000	-187
84.57167	-188
84.57333	-188
84.57500	-188
84.57667	-188
84.57833	-188
84.58000	-188
84.58167	-188
84.58333	-188
84.58500	-188
84.58667	-187
84.58833	-188
84.59000	-187
84.59167	-188
84.59333	-187
84.59500	-187
84.59667	-186
84.59833	-187
84.60000	-187
84.60167	-186
84.60333	-186
84.60500	-187
84.60667	-186
84.60833	-186
84.61000	-186
84.61167	-186
84.61333	-185
84.61500	-186
84.61667	-186
84.61833	-186
84.62000	-186
84.62167	-186
84.62333	-186
84.62500	-186
84.62667	-186
84.62833	-187
84.63000	-187
84.63167	-187
84.63333	-187
84.63500	-187
84.63667	-187
84.63833	-188
84.64000	-187
84.64167	-188
84.64333	-188
84.64500	-188
84.64667	-188
84.64833	-188
84.65000	-188
84.65167	-189
84.65333	-188
84.65500	-188
84.65667	-188
84.65833	-188
84.66000	-189
84.66167	-188
84.66333	-188
84.66500	-188
84.66667	-188
84.66833	-187
84.67000	-188
84.67167	-188
84.67333	-188
84.67500	-187
84.67667	-188
84.67833	-187
84.68000	-188
84.68167	-187
84.68333	-187
84.68500	-187
84.68667	-187
84.68833	-188
84.69000	-188
84.69167	-187
84.69333	-188
84.69500	-188
84.69667	-188
84.69833	-188
84.70000	-188
84.70167	-188
84.70333	-189
84.70500	-188
84.70667	-189
84.70833	-190
84.71000	-189
84.71167	-189
84.71333	-190
84.71500	-190
84.71667	-190
84.71833	-191
84.72000	-190
84.72167	-191
84.72333	-191
84.72500	-191
84.72667	-191
84.72833	-191
84.73000	-191
84.73167	-191
84.73333	-191
84.73500	-191
84.73667	-191
84.73833	-191
84.74000	-191
84.74167	-191
84.74333	-191
84.74500	-190
84.74667	-191
84.74833	-190
84.75000	-191
84.75167	-190
84.75333	-190
84.75500	-190
84.75667	-190
84.75833	-190
84.76000	-190
84.76167	-190
84.76333	-189
84.76500	-189
84.76667	-190
84.76833	-189
84.77000	-188
84.77167	-189
84.77333	-189
84.77500	-188
84.77667	-188
84.77833	-188
84.78000	-188
84.78167	-187
84.78333	-188
84.78500	-187
84.78667	-186
84.78833	-187
84.79000	-186
84.79167	-186
84.79333	-186
84.79500	-186
84.79667	-186
84.79833	-185
84.80000	-185
84.80167	-185
84.80333	-185
84.80500	-186
84.80667	-185
84.80833	-185
84.81000	-185
84.81167	-185
84.81333	-186
84.81500	-185
84.81667	-186
84.81833	-186
84.82000	-186
84.82167	-186
84.82333	-187
84.82500	-187
84.82667	-187
84.82833	-187
84.83000	-187
84.83167	-188
84.83333	-188
84.83500	-188
84.83667	-188
84.83833	-189
84.84000	-188
84.84167	-189
84.84333	-190
84.84500	-189
84.84667	-190
84.84833	-191
84.85000	-190
84.85167	-190
84.85333	-191
84.85500	-190
84.85667	-192
84.85833	-191
84.86000	-191
84.86167	-192
84.86333	-191
84.86500	-192
84.86667	-193
84.86833	-192
84.87000	-192
84.87167	-192
84.87333	-193
84.87500	-192
84.87667	-192
84.87833	-193
84.88000	-193
84.88167	-192
84.88333	-193
84.88500	-193
84.88667	-193
84.88833	-193
84.89000	-193
84.89167	-193
84.89333	-194
84.89500	-193
84.89667	-194
84.89833	-193
84.90000	-193
84.90167	-194
84.90333	-193
84.90500	-193
84.90667	-193
84.90833	-193
84.91000	-193
84.91167	-193
84.91333	-193
84.91500	-193
84.91667	-194
84.91833	-193
84.92000	-193
84.92167	-193
84.92333	-194
84.92500	-193
84.92667	-193
84.92833	-193
84.93000	-193
84.93167	-194
84.93333	-193
84.93500	-194
84.93667	-193
84.93833	-194
84.94000	-194
84.94167	-194
84.94333	-194
84.94500	-194
84.94667	-195
84.94833	-195
84.95000	-195
84.95167	-195
84.95333	-195
84.95500	-196
84.95667	-196
84.95833	-196
84.96000	-197
84.96167	-196
84.96333	-197
84.96500	-196
84.96667	-197
84.96833	-197
84.97000	-198
84.97167	-197
84.97333	-198
84.97500	-198
84.97667	-198
84.97833	-198
84.98000	-198
84.98167	-198
84.98333	-198
84.98500	-198
84.98667	-198
84.98833	-198
84.99000	-198
84.99167	-197
84.99333	-197
84.99500	-197
84.99667	-197
84.99833	-196
85.00000	-196
85.00167	-196
85.00333	-196
85.00500	-195
85.00667	-195
85.00833	-195
85.01000	-194
85.01167	-194
85.01333	-193
85.01500	-194
85.01667	-193
85.01833	-192
85.02000	-193
85.02167	-192
85.02333	-192
85.02500	-191
85.02667	-192
85.02833	-191
85.03000	-190
85.03167	-191
85.03333	-191
85.03500	-190
85.03667	-190
85.03833	-191
85.04000	-190
85.04167	-190
85.04333	-190
85.04500	-190
85.04667	-189
85.04833	-190
85.05000	-189
85.05167	-190
85.05333	-189
85.05500	-190
85.05667	-189
85.05833	-189
85.06000	-189
85.06167	-189
85.06333	-189
85.06500	-189
85.06667	-188
85.06833	-189
85.07000	-188
85.07167	-189
85.07333	-188
85.07500	-188
85.07667	-188
85.07833	-188
85.08000	-188
85.08167	-187
85.08333	-188
85.08500	-187
85.08667	-187
85.08833	-187
85.09000	-187
85.09167	-187
85.09333	-187
85.09500	-186
85.09667	-187
85.09833	-186
85.10000	-187
85.10167	-186
85.10333	-186
85.10500	-186
85.10667	-187
85.10833	-186
85.11000	-186
85.11167	-186
85.11333	-186
85.11500	-186
85.11667	-186
85.11833	-186
85.12000	-187
85.12167	-187
85.12333	-186
85.12500	-187
85.12667	-188
85.12833	-187
85.13000	-188
85.13167	-188
85.13333	-189
85.13500	-189
85.13667	-189
85.13833	-189
85.14000	-190
85.14167	-189
85.14333	-190
85.14500	-190
85.14667	-191
85.14833	-190
85.15000	-191
85.15167	-190
85.15333	-191
85.15500	-191
85.15667	-191
85.15833	-190
85.16000	-191
85.16167	-191
85.16333	-191
85.16500	-190
85.16667	-191
85.16833	-191
85.17000	-191
85.17167	-191
85.17333	-191
85.17500	-190
85.17667	-191
85.17833	-190
85.18000	-190
85.18167	-191
85.18333	-190
85.18500	-190
85.18667	-190
85.18833	-190
85.19000	-191
85.19167	-190
85.19333	-191
85.19500	-190
85.19667	-191
85.19833	-191
85.20000	-190
85.20167	-191
85.20333	-191
85.20500	-191
85.20667	-191
85.20833	-191
85.21000	-192
85.21167	-191
85.21333	-192
85.21500	-192
85.21667	-191
85.21833	-193
85.22000	-191
85.22167	-193
85.22333	-192
85.22500	-192
85.22667	-192
85.22833	-193
85.23000	-192
85.23167	-193
85.23333	-192
85.23500	-193
85.23667	-193
85.23833	-193
85.24000	-192
85.24167	-193
85.24333	-194
85.24500	-193
85.24667	-193
85.24833	-194
85.25000	-193
85.25167	-194
85.25333	-194
85.25500	-194
85.25667	-194
85.25833	-194
85.26000	-194
85.26167	-194
85.26333	-195
85.26500	-194
85.26667	-194
85.26833	-194
85.27000	-195
85.27167	-194
85.27333	-195
85.27500	-195
85.27667	-195
85.27833	-195
85.28000	-195
85.28167	-195
85.28333	-194
85.28500	-195
85.28667	-195
85.28833	-194
85.29000	-195
85.29167	-194
85.29333	-194
85.29500	-194
85.29667	-194
85.29833	-194
85.30000	-194
85.30167	-193
85.30333	-193
85.30500	-194
85.30667	-193
85.30833	-193
85.31000	-192
85.31167	-193
85.31333	-193
85.31500	-192
85.31667	-193
85.31833	-193
85.32000	-192
85.32167	-193
85.32333	-192
85.32500	-193
85.32667	-193
85.32833	-192
85.33000	-193
85.33167	-193
85.33333	-193
85.33500	-193
85.33667	-193
85.33833	-194
85.34000	-193
85.34167	-193
85.34333	-194
85.34500	-193
85.34667	-194
85.34833	-193
85.35000	-193
85.35167	-193
85.35333	-193
85.35500	-193
85.35667	-192
85.35833	-193
85.36000	-192
85.36167	-192
85.36333	-192
85.36500	-192
85.36667	-191
85.36833	-191
85.37000	-191
85.37167	-190
85.37333	-190
85.37500	-190
85.37667	-190
85.37833	-189
85.38000	-189
85.38167	-189
85.38333	-189
85.38500	-189
85.38667	-188
85.38833	-189
85.39000	-188
85.39167	-188
85.39333	-189
85.39500	-188
85.39667	-189
85.39833	-188
85.40000	-189
85.40167	-189
85.40333	-189
85.40500	-190
85.40667	-189
85.40833	-190
85.41000	-189
85.41167	-190
85.41333	-191
85.41500	-190
85.41667	-191
85.41833	-191
85.42000	-191
85.42167	-192
85.42333	-191
85.42500	-192
85.42667	-193
85.42833	-192
85.43000	-193
85.43167	-192
85.43333	-193
85.43500	-193
85.43667	-193
85.43833	-193
85.44000	-193
85.44167	-194
85.44333	-193
85.44500	-193
85.44667	-193
85.44833	-193
85.45000	-192
85.45167	-193
85.45333	-193
85.45500	-192
85.45667	-193
85.45833	-192
85.46000	-192
85.46167	-192
85.46333	-191
85.46500	-192
85.46667	-192
85.46833	-191
85.47000	-191
85.47167	-191
85.47333	-191
85.47500	-191
85.47667	-190
85.47833	-191
85.48000	-191
85.48167	-190
85.48333	-191
85.48500	-190
85.48667	-190
85.48833	-190
85.49000	-191
85.49167	-190
85.49333	-190
85.49500	-191
85.49667	-191
85.49833	-190
85.50000	-191
85.50167	-190
85.50333	-190
85.50500	-191
85.50667	-190
85.50833	-190
85.51000	-191
85.51167	-190
85.51333	-190
85.51500	-190
85.51667	-191
85.51833	-190
85.52000	-190
85.52167	-191
85.52333	-190
85.52500	-191
85.52667	-190
85.52833	-191
85.53000	-190
85.53167	-191
85.53333	-191
85.53500	-190
85.53667	-191
85.53833	-191
85.54000	-191
85.54167	-191
85.54333	-191
85.54500	-192
85.54667	-191
85.54833	-192
85.55000	-191
85.55167	-192
85.55333	-192
85.55500	-192
85.55667	-192
85.55833	-192
85.56000	-192
85.56167	-193
85.56333	-192
85.56500	-193
85.56667	-192
85.56833	-193
85.57000	-193
85.57167	-192
85.57333	-193
85.57500	-193
85.57667	-193
85.57833	-193
85.58000	-194
85.58167	-193
85.58333	-193
85.58500	-194
85.58667	-193
85.58833	-194
85.59000	-194
85.59167	-194
85.59333	-194
85.59500	-194
85.59667	-194
85.59833	-195
85.60000	-194
85.60167	-195
85.60333	-195
85.60500	-195
85.60667	-195
85.60833	-195
85.61000	-195
85.61167	-195
85.61333	-195
85.61500	-195
85.61667	-194
85.61833	-195
85.62000	-195
85.62167	-194
85.62333	-194
85.62500	-195
85.62667	-194
85.62833	-194
85.63000	-194
85.63167	-194
85.63333	-193
85.63500	-193
85.63667	-194
85.63833	-193
85.64000	-193
85.64167	-193
85.64333	-193
85.64500	-193
85.64667	-194
85.64833	-193
85.65000	-193
85.65167	-193
85.65333	-194
85.65500	-193
85.65667	-193
85.65833	-194
85.66000	-193
85.66167	-194
85.66333	-194
85.66500	-194
85.66667	-194
85.66833	-194
85.67000	-194
85.67167	-194
85.67333	-195
85.67500	-194
85.67667	-195
85.67833	-195
85.68000	-195
85.68167	-194
85.68333	-195
85.68500	-195
85.68667	-195
85.68833	-195
85.69000	-195
85.69167	-196
85.69333	-195
85.69500	-195
85.69667	-195
85.69833	-195
85.70000	-195
85.70167	-195
85.70333	-195
85.70500	-195
85.70667	-195
85.70833	-195
85.71000	-194
85.71167	-195
85.71333	-194
85.71500	-194
85.71667	-194
85.71833	-194
85.72000	-194
85.72167	-194
85.72333	-194
85.72500	-193
85.72667	-193
85.72833	-193
85.73000	-193
85.73167	-193
85.73333	-193
85.73500	-192
85.73667	-192
85.73833	-192
85.74000	-193
85.74167	-191
85.74333	-192
85.74500	-191
85.74667	-192
85.74833	-191
85.75000	-192
85.75167	-191
85.75333	-191
85.75500	-191
85.75667	-191
85.75833	-191
85.76000	-190
85.76167	-191
85.76333	-191
85.76500	-190
85.76667	-191
85.76833	-191
85.77000	-190
85.77167	-191
85.77333	-191
85.77500	-191
85.77667	-190
85.77833	-191
85.78000	-191
85.78167	-190
85.78333	-191
85.78500	-190
85.78667	-190
85.78833	-190
85.79000	-190
85.79167	-190
85.79333	-190
85.79500	-191
85.79667	-190
85.79833	-191
85.80000	-190
85.80167	-190
85.80333	-191
85.80500	-190
85.80667	-190
85.80833	-191
85.81000	-190
85.81167	-191
85.81333	-190
85.81500	-191
85.81667	-191
85.81833	-191
85.82000	-191
85.82167	-191
85.82333	-191
85.82500	-192
85.82667	-191
85.82833	-192
85.83000	-192
85.83167	-191
85.83333	-192
85.83500	-193
85.83667	-192
85.83833	-192
85.84000	-193
85.84167	-192
85.84333	-192
85.84500	-193
85.84667	-192
85.84833	-193
85.85000	-193
85.85167	-192
85.85333	-193
85.85500	-193
85.85667	-193
85.85833	-192
85.86000	-193
85.86167	-192
85.86333	-193
85.86500	-192
85.86667	-192
85.86833	-193
85.87000	-192
85.87167	-192
85.87333	-191
85.87500	-192
85.87667	-192
85.87833	-191
85.88000	-192
85.88167	-191
85.88333	-192
85.88500	-191
85.88667	-192
85.88833	-191
85.89000	-192
85.89167	-191
85.89333	-191
85.89500	-192
85.89667	-191
85.89833	-192
85.90000	-191
85.90167	-192
85.90333	-191
85.90500	-192
85.90667	-191
85.90833	-191
85.91000	-191
85.91167	-191
85.91333	-190
85.91500	-191
85.91667	-191
85.91833	-190
85.92000	-191
85.92167	-190
85.92333	-190
85.92500	-190
85.92667	-190
85.92833	-190
85.93000	-189
85.93167	-190
85.93333	-189
85.93500	-190
85.93667	-190
85.93833	-189
85.94000	-189
85.94167	-189
85.94333	-189
85.94500	-189
85.94667	-188
85.94833	-189
85.95000	-188
85.95167	-188
85.95333	-188
85.95500	-187
85.95667	-188
85.95833	-187
85.96000	-188
85.96167	-187
85.96333	-187
85.96500	-187
85.96667	-186
85.96833	-187
85.97000	-187
85.97167	-186
85.97333	-187
85.97500	-186
85.97667	-187
85.97833	-186
85.98000	-186
85.98167	-187
85.98333	-186
85.98500	-187
85.98667	-187
85.98833	-187
85.99000	-188
85.99167	-187
85.99333	-188
85.99500	-188
85.99667	-188
85.99833	-188
86.00000	-189
86.00167	-189
86.00333	-189
86.00500	-188
86.00667	-190
86.00833	-189
86.01000	-189
86.01167	-190
86.01333	-190
86.01500	-190
86.01667	-190
86.01833	-191
86.02000	-190
86.02167	-190
86.02333	-191
86.02500	-191
86.02667	-190
86.02833	-191
86.03000	-191
86.03167	-190
86.03333	-191
86.03500	-190
86.03667	-191
86.03833	-190
86.04000	-191
86.04167	-190
86.04333	-190
86.04500	-190
86.04667	-191
86.04833	-190
86.05000	-190
86.05167	-190
86.05333	-191
86.05500	-190
86.05667	-190
86.05833	-189
86.06000	-190
86.06167	-190
86.06333	-189
86.06500	-190
86.06667	-189
86.06833	-189
86.07000	-189
86.07167	-190
86.07333	-189
86.07500	-189
86.07667	-190
86.07833	-189
86.08000	-189
86.08167	-190
86.08333	-189
86.08500	-189
86.08667	-190
86.08833	-189
86.09000	-189
86.09167	-189
86.09333	-189
86.09500	-189
86.09667	-188
86.09833	-189
86.10000	-188
86.10167	-189
86.10333	-188
86.10500	-189
86.10667	-188
86.10833	-189
86.11000	-188
86.11167	-189
86.11333	-188
86.11500	-188
86.11667	-188
86.11833	-188
86.12000	-188
86.12167	-188
86.12333	-188
86.12500	-188
86.12667	-187
86.12833	-188
86.13000	-188
86.13167	-187
86.13333	-188
86.13500	-187
86.13667	-187
86.13833	-187
86.14000	-187
86.14167	-187
86.14333	-187
86.14500	-186
86.14667	-187
86.14833	-187
86.15000	-186
86.15167	-186
86.15333	-187
86.15500	-186
86.15667	-186
86.15833	-186
86.16000	-185
86.16167	-186
86.16333	-186
86.16500	-186
86.16667	-185
86.16833	-186
86.17000	-185
86.17167	-185
86.17333	-185
86.17500	-185
86.17667	-185
86.17833	-184
86.18000	-184
86.18167	-184
86.18333	-184
86.18500	-184
86.18667	-184
86.18833	-183
86.19000	-184
86.19167	-182
86.19333	-183
86.19500	-183
86.19667	-183
86.19833	-182
86.20000	-183
86.20167	-182
86.20333	-182
86.20500	-182
86.20667	-182
86.20833	-182
86.21000	-182
86.21167	-181
86.21333	-182
86.21500	-181
86.21667	-182
86.21833	-181
86.22000	-181
86.22167	-182
86.22333	-181
86.22500	-181
86.22667	-182
86.22833	-181
86.23000	-181
86.23167	-181
86.23333	-181
86.23500	-181
86.23667	-181
86.23833	-181
86.24000	-181
86.24167	-180
86.24333	-181
86.24500	-181
86.24667	-180
86.24833	-181
86.25000	-180
86.25167	-181
86.25333	-180
86.25500	-180
86.25667	-181
86.25833	-180
86.26000	-180
86.26167	-180
86.26333	-180
86.26500	-179
86.26667	-180
86.26833	-180
86.27000	-180
86.27167	-180
86.27333	-180
86.27500	-180
86.27667	-180
86.27833	-180
86.28000	-181
86.28167	-180
86.28333	-181
86.28500	-180
86.28667	-181
86.28833	-182
86.29000	-181
86.29167	-182
86.29333	-182
86.29500	-182
86.29667	-182
86.29833	-183
86.30000	-183
86.30167	-183
86.30333	-184
86.30500	-183
86.30667	-184
86.30833	-184
86.31000	-184
86.31167	-185
86.31333	-185
86.31500	-185
86.31667	-185
86.31833	-185
86.32000	-186
86.32167	-186
86.32333	-186
86.32500	-186
86.32667	-186
86.32833	-185
86.33000	-186
86.33167	-186
86.33333	-186
86.33500	-186
86.33667	-186
86.33833	-186
86.34000	-186
86.34167	-186
86.34333	-186
86.34500	-186
86.34667	-186
86.34833	-186
86.35000	-186
86.35167	-185
86.35333	-186
86.35500	-186
86.35667	-186
86.35833	-186
86.36000	-185
86.36167	-186
86.36333	-186
86.36500	-186
86.36667	-185
86.36833	-186
86.37000	-185
86.37167	-185
86.37333	-186
86.37500	-185
86.37667	-186
86.37833	-185
86.38000	-185
86.38167	-185
86.38333	-185
86.38500	-185
86.38667	-185
86.38833	-185
86.39000	-185
86.39167	-184
86.39333	-185
86.39500	-184
86.39667	-185
86.39833	-184
86.40000	-184
86.40167	-183
86.40333	-184
86.40500	-183
86.40667	-184
86.40833	-183
86.41000	-182
86.41167	-183
86.41333	-183
86.41500	-183
86.41667	-182
86.41833	-183
86.42000	-182
86.42167	-183
86.42333	-182
86.42500	-182
86.42667	-182
86.42833	-181
86.43000	-182
86.43167	-181
86.43333	-181
86.43500	-181
86.43667	-181
86.43833	-181
86.44000	-180
86.44167	-180
86.44333	-181
86.44500	-180
86.44667	-180
86.44833	-180
86.45000	-180
86.45167	-180
86.45333	-180
86.45500	-180
86.45667	-180
86.45833	-179
86.46000	-180
86.46167	-180
86.46333	-179
86.46500	-179
86.46667	-180
86.46833	-179
86.47000	-180
86.47167	-179
86.47333	-179
86.47500	-179
86.47667	-180
86.47833	-179
86.48000	-180
86.48167	-179
86.48333	-179
86.48500	-180
86.48667	-179
86.48833	-180
86.49000	-179
86.49167	-179
86.49333	-180
86.49500	-179
86.49667	-179
86.49833	-180
86.50000	-179
86.50167	-179
86.50333	-179
86.50500	-179
86.50667	-180
86.50833	-179
86.51000	-179
86.51167	-179
86.51333	-179
86.51500	-180
86.51667	-179
86.51833	-180
86.52000	-179
86.52167	-180
86.52333	-179
86.52500	-179
86.52667	-179
86.52833	-180
86.53000	-179
86.53167	-179
86.53333	-179
86.53500	-179
86.53667	-180
86.53833	-178
86.54000	-179
86.54167	-179
86.54333	-179
86.54500	-178
86.54667	-179
86.54833	-179
86.55000	-178
86.55167	-179
86.55333	-178
86.55500	-179
86.55667	-178
86.55833	-179
86.56000	-178
86.56167	-178
86.56333	-178
86.56500	-179
86.56667	-178
86.56833	-178
86.57000	-179
86.57167	-178
86.57333	-178
86.57500	-179
86.57667	-179
86.57833	-178
86.58000	-179
86.58167	-179
86.58333	-178
86.58500	-179
86.58667	-179
86.58833	-180
86.59000	-179
86.59167	-180
86.59333	-180
86.59500	-180
86.59667	-179
86.59833	-180
86.60000	-180
86.60167	-180
86.60333	-180
86.60500	-181
86.60667	-180
86.60833	-181
86.61000	-181
86.61167	-181
86.61333	-181
86.61500	-181
86.61667	-181
86.61833	-181
86.62000	-182
86.62167	-181
86.62333	-181
86.62500	-182
86.62667	-181
86.62833	-181
86.63000	-181
86.63167	-181
86.63333	-181
86.63500	-180
86.63667	-181
86.63833	-180
86.64000	-180
86.64167	-180
86.64333	-179
86.64500	-179
86.64667	-179
86.64833	-179
86.65000	-179
86.65167	-178
86.65333	-178
86.65500	-178
86.65667	-178
86.65833	-177
86.66000	-177
86.66167	-177
86.66333	-177
86.66500	-177
86.66667	-177
86.66833	-176
86.67000	-177
86.67167	-176
86.67333	-176
86.67500	-177
86.67667	-176
86.67833	-176
86.68000	-175
86.68167	-176
86.68333	-176
86.68500	-175
86.68667	-176
86.68833	-175
86.69000	-175
86.69167	-175
86.69333	-176
86.69500	-175
86.69667	-174
86.69833	-175
86.70000	-175
86.70167	-174
86.70333	-175
86.70500	-174
86.70667	-175
86.70833	-174
86.71000	-174
86.71167	-174
86.71333	-174
86.71500	-174
86.71667	-174
86.71833	-174
86.72000	-174
86.72167	-174
86.72333	-174
86.72500	-174
86.72667	-174
86.72833	-174
86.73000	-174
86.73167	-174
86.73333	-174
86.73500	-174
86.73667	-175
86.73833	-174
86.74000	-175
86.74167	-174
86.74333	-175
86.74500	-175
86.74667	-175
86.74833	-175
86.75000	-174
86.75167	-175
86.75333	-175
86.75500	-175
86.75667	-174
86.75833	-175
86.76000	-175
86.76167	-174
86.76333	-175
86.76500	-174
86.76667	-174
86.76833	-174
86.77000	-175
86.77167	-174
86.77333	-174
86.77500	-175
86.77667	-174
86.77833	-174
86.78000	-174
86.78167	-174
86.78333	-174
86.78500	-174
86.78667	-174
86.78833	-173
86.79000	-174
86.79167	-174
86.79333	-174
86.79500	-173
86.79667	-175
86.79833	-174
86.80000	-174
86.80167	-174
86.80333	-174
86.80500	-174
86.80667	-174
86.80833	-174
86.81000	-175
86.81167	-174
86.81333	-174
86.81500	-174
86.81667	-174
86.81833	-174
86.82000	-175
86.82167	-174
86.82333	-175
86.82500	-174
86.82667	-174
86.82833	-174
86.83000	-175
86.83167	-174
86.83333	-174
86.83500	-174
86.83667	-173
86.83833	-174
86.84000	-174
86.84167	-173
86.84333	-173
86.84500	-173
86.84667	-173
86.84833	-173
86.85000	-173
86.85167	-172
86.85333	-172
86.85500	-172
86.85667	-171
86.85833	-172
86.86000	-171
86.86167	-171
86.86333	-171
86.86500	-171
86.86667	-170
86.86833	-171
86.87000	-170
86.87167	-170
86.87333	-171
86.87500	-170
86.87667	-171
86.87833	-170
86.88000	-170
86.88167	-170
86.88333	-170
86.88500	-171
86.88667	-170
86.88833	-169
86.89000	-170
86.89167	-169
86.89333	-170
86.89500	-169
86.89667	-170
86.89833	-169
86.90000	-169
86.90167	-169
86.90333	-169
86.90500	-169
86.90667	-169
86.90833	-169
86.91000	-168
86.91167	-169
86.91333	-168
86.91500	-169
86.91667	-168
86.91833	-168
86.92000	-168
86.92167	-168
86.92333	-168
86.92500	-168
86.92667	-168
86.92833	-168
86.93000	-167
86.93167	-168
86.93333	-168
86.93500	-168
86.93667	-168
86.93833	-168
86.94000	-168
86.94167	-168
86.94333	-168
86.94500	-168
86.94667	-168
86.94833	-167
86.95000	-168
86.95167	-168
86.95333	-168
86.95500	-168
86.95667	-168
86.95833	-167
86.96000	-168
86.96167	-168
86.96333	-167
86.96500	-168
86.96667	-167
86.96833	-167
86.97000	-168
86.97167	-167
86.97333	-167
86.97500	-167
86.97667	-166
86.97833	-167
86.98000	-167
86.98167	-166
86.98333	-166
86.98500	-167
86.98667	-166
86.98833	-166
86.99000	-165
86.99167	-166
86.99333	-166
86.99500	-165
86.99667	-166
86.99833	-165
87.00000	-165
87.00167	-165
87.00333	-165
87.00500	-165
87.00667	-165
87.00833	-164
87.01000	-165
87.01167	-165
87.01333	-164
87.01500	-165
87.01667	-164
87.01833	-164
87.02000	-164
87.02167	-165
87.02333	-163
87.02500	-164
87.02667	-164
87.02833	-163
87.03000	-163
87.03167	-163
87.03333	-164
87.03500	-163
87.03667	-163
87.03833	-163
87.04000	-163
87.04167	-163
87.04333	-163
87.04500	-163
87.04667	-162
87.04833	-163
87.05000	-163
87.05167	-162
87.05333	-163
87.05500	-162
87.05667	-163
87.05833	-162
87.06000	-163
87.06167	-162
87.06333	-163
87.06500	-163
87.06667	-162
87.06833	-163
87.07000	-163
87.07167	-163
87.07333	-162
87.07500	-163
87.07667	-163
87.07833	-163
87.08000	-163
87.08167	-163
87.08333	-163
87.08500	-163
87.08667	-163
87.08833	-163
87.09000	-163
87.09167	-163
87.09333	-163
87.09500	-163
87.09667	-163
87.09833	-163
87.10000	-162
87.10167	-163
87.10333	-163
87.10500	-163
87.10667	-163
87.10833	-162
87.11000	-163
87.11167	-162
87.11333	-162
87.11500	-163
87.11667	-162
87.11833	-163
87.12000	-162
87.12167	-162
87.12333	-162
87.12500	-162
87.12667	-162
87.12833	-162
87.13000	-161
87.13167	-162
87.13333	-162
87.13500	-161
87.13667	-162
87.13833	-161
87.14000	-161
87.14167	-161
87.14333	-161
87.14500	-161
87.14667	-161
87.14833	-160
87.15000	-161
87.15167	-160
87.15333	-161
87.15500	-161
87.15667	-160
87.15833	-161
87.16000	-160
87.16167	-161
87.16333	-160
87.16500	-161
87.16667	-161
87.16833	-160
87.17000	-161
87.17167	-160
87.17333	-161
87.17500	-160
87.17667	-160
87.17833	-161
87.18000	-160
87.18167	-160
87.18333	-160
87.18500	-161
87.18667	-160
87.18833	-160
87.19000	-159
87.19167	-160
87.19333	-160
87.19500	-159
87.19667	-160
87.19833	-159
87.20000	-159
87.20167	-158
87.20333	-159
87.20500	-158
87.20667	-159
87.20833	-158
87.21000	-157
87.21167	-158
87.21333	-157
87.21500	-157
87.21667	-157
87.21833	-156
87.22000	-157
87.22167	-156
87.22333	-156
87.22500	-155
87.22667	-156
87.22833	-155
87.23000	-156
87.23167	-155
87.23333	-155
87.23500	-154
87.23667	-155
87.23833	-155
87.24000	-155
87.24167	-154
87.24333	-155
87.24500	-154
87.24667	-155
87.24833	-155
87.25000	-154
87.25167	-155
87.25333	-155
87.25500	-155
87.25667	-155
87.25833	-155
87.26000	-155
87.26167	-156
87.26333	-155
87.26500	-156
87.26667	-156
87.26833	-155
87.27000	-156
87.27167	-156
87.27333	-155
87.27500	-155
87.27667	-156
87.27833	-155
87.28000	-155
87.28167	-155
87.28333	-155
87.28500	-155
87.28667	-155
87.28833	-155
87.29000	-154
87.29167	-155
87.29333	-155
87.29500	-154
87.29667	-154
87.29833	-155
87.30000	-154
87.30167	-154
87.30333	-154
87.30500	-154
87.30667	-154
87.30833	-154
87.31000	-153
87.31167	-154
87.31333	-154
87.31500	-153
87.31667	-153
87.31833	-153
87.32000	-153
87.32167	-153
87.32333	-152
87.32500	-153
87.32667	-152
87.32833	-152
87.33000	-151
87.33167	-151
87.33333	-151
87.33500	-151
87.33667	-150
87.33833	-150
87.34000	-150
87.34167	-150
87.34333	-149
87.34500	-149
87.34667	-148
87.34833	-149
87.35000	-148
87.35167	-148
87.35333	-148
87.35500	-147
87.35667	-148
87.35833	-147
87.36000	-148
87.36167	-147
87.36333	-148
87.36500	-147
87.36667	-147
87.36833	-147
87.37000	-147
87.37167	-147
87.37333	-147
87.37500	-148
87.37667	-147
87.37833	-147
87.38000	-147
87.38167	-147
87.38333	-148
87.38500	-147
87.38667	-147
87.38833	-147
87.39000	-147
87.39167	-148
87.39333	-147
87.39500	-147
87.39667	-147
87.39833	-147
87.40000	-146
87.40167	-147
87.40333	-146
87.40500	-146
87.40667	-146
87.40833	-145
87.41000	-146
87.41167	-145
87.41333	-145
87.41500	-145
87.41667	-144
87.41833	-145
87.42000	-144
87.42167	-144
87.42333	-144
87.42500	-143
87.42667	-144
87.42833	-143
87.43000	-143
87.43167	-143
87.43333	-143
87.43500	-143
87.43667	-143
87.43833	-142
87.44000	-143
87.44167	-142
87.44333	-143
87.44500	-142
87.44667	-143
87.44833	-142
87.45000	-142
87.45167	-142
87.45333	-142
87.45500	-141
87.45667	-142
87.45833	-142
87.46000	-141
87.46167	-142
87.46333	-141
87.46500	-141
87.46667	-141
87.46833	-141
87.47000	-141
87.47167	-141
87.47333	-141
87.47500	-141
87.47667	-141
87.47833	-141
87.48000	-140
87.48167	-141
87.48333	-140
87.48500	-141
87.48667	-141
87.48833	-140
87.49000	-141
87.49167	-141
87.49333	-141
87.49500	-141
87.49667	-141
87.49833	-141
87.50000	-142
87.50167	-141
87.50333	-142
87.50500	-142
87.50667	-142
87.50833	-142
87.51000	-142
87.51167	-143
87.51333	-142
87.51500	-143
87.51667	-143
87.51833	-142
87.52000	-144
87.52167	-143
87.52333	-143
87.52500	-143
87.52667	-144
87.52833	-143
87.53000	-142
87.53167	-143
87.53333	-143
87.53500	-142
87.53667	-143
87.53833	-142
87.54000	-142
87.54167	-142
87.54333	-141
87.54500	-142
87.54667	-142
87.54833	-141
87.55000	-141
87.55167	-141
87.55333	-141
87.55500	-141
87.55667	-140
87.55833	-141
87.56000	-140
87.56167	-140
87.56333	-140
87.56500	-140
87.56667	-140
87.56833	-140
87.57000	-140
87.57167	-139
87.57333	-140
87.57500	-139
87.57667	-139
87.57833	-139
87.58000	-139
87.58167	-140
87.58333	-139
87.58500	-140
87.58667	-139
87.58833	-139
87.59000	-140
87.59167	-139
87.59333	-140
87.59500	-139
87.59667	-139
87.59833	-139
87.60000	-139
87.60167	-139
87.60333	-139
87.60500	-139
87.60667	-139
87.60833	-138
87.61000	-138
87.61167	-138
87.61333	-138
87.61500	-137
87.61667	-137
87.61833	-137
87.62000	-137
87.62167	-136
87.62333	-136
87.62500	-136
87.62667	-136
87.62833	-135
87.63000	-135
87.63167	-134
87.63333	-134
87.63500	-134
87.63667	-133
87.63833	-133
87.64000	-133
87.64167	-132
87.64333	-132
87.64500	-131
87.64667	-132
87.64833	-130
87.65000	-131
87.65167	-130
87.65333	-130
87.65500	-130
87.65667	-130
87.65833	-129
87.66000	-130
87.66167	-129
87.66333	-129
87.66500	-129
87.66667	-128
87.66833	-128
87.67000	-128
87.67167	-128
87.67333	-128
87.67500	-128
87.67667	-128
87.67833	-128
87.68000	-128
87.68167	-127
87.68333	-127
87.68500	-128
87.68667	-127
87.68833	-127
87.69000	-127
87.69167	-126
87.69333	-127
87.69500	-126
87.69667	-126
87.69833	-126
87.70000	-125
87.70167	-125
87.70333	-125
87.70500	-125
87.70667	-124
87.70833	-124
87.71000	-124
87.71167	-124
87.71333	-124
87.71500	-123
87.71667	-124
87.71833	-124
87.72000	-123
87.72167	-124
87.72333	-123
87.72500	-124
87.72667	-124
87.72833	-123
87.73000	-124
87.73167	-124
87.73333	-124
87.73500	-125
87.73667	-124
87.73833	-125
87.74000	-124
87.74167	-125
87.74333	-125
87.74500	-125
87.74667	-125
87.74833	-125
87.75000	-124
87.75167	-125
87.75333	-125
87.75500	-125
87.75667	-125
87.75833	-124
87.76000	-125
87.76167	-124
87.76333	-125
87.76500	-124
87.76667	-124
87.76833	-125
87.77000	-124
87.77167	-124
87.77333	-123
87.77500	-124
87.77667	-124
87.77833	-123
87.78000	-124
87.78167	-123
87.78333	-123
87.78500	-124
87.78667	-123
87.78833	-122
87.79000	-122
87.79167	-123
87.79333	-122
87.79500	-122
87.79667	-121
87.79833	-122
87.80000	-121
87.80167	-122
87.80333	-120
87.80500	-121
87.80667	-120
87.80833	-120
87.81000	-120
87.81167	-119
87.81333	-119
87.81500	-119
87.81667	-119
87.81833	-118
87.82000	-117
87.82167	-117
87.82333	-117
87.82500	-117
87.82667	-116
87.82833	-115
87.83000	-116
87.83167	-115
87.83333	-115
87.83500	-114
87.83667	-114
87.83833	-114
87.84000	-114
87.84167	-113
87.84333	-113
87.84500	-112
87.84667	-113
87.84833	-111
87.85000	-112
87.85167	-112
87.85333	-111
87.85500	-111
87.85667	-111
87.85833	-110
87.86000	-110
87.86167	-110
87.86333	-111
87.86500	-109
87.86667	-110
87.86833	-109
87.87000	-110
87.87167	-109
87.87333	-109
87.87500	-109
87.87667	-109
87.87833	-108
87.88000	-109
87.88167	-108
87.88333	-109
87.88500	-108
87.88667	-108
87.88833	-108
87.89000	-108
87.89167	-108
87.89333	-108
87.89500	-109
87.89667	-108
87.89833	-107
87.90000	-108
87.90167	-107
87.90333	-108
87.90500	-107
87.90667	-108
87.90833	-108
87.91000	-107
87.91167	-107
87.91333	-107
87.91500	-107
87.91667	-107
87.91833	-107
87.92000	-107
87.92167	-107
87.92333	-106
87.92500	-106
87.92667	-107
87.92833	-106
87.93000	-106
87.93167	-105
87.93333	-106
87.93500	-105
87.93667	-106
87.93833	-105
87.94000	-105
87.94167	-105
87.94333	-104
87.94500	-105
87.94667	-104
87.94833	-104
87.95000	-103
87.95167	-104
87.95333	-103
87.95500	-103
87.95667	-103
87.95833	-103
87.96000	-102
87.96167	-103
87.96333	-102
87.96500	-102
87.96667	-101
87.96833	-102
87.97000	-101
87.97167	-101
87.97333	-101
87.97500	-101
87.97667	-101
87.97833	-101
87.98000	-100
87.98167	-100
87.98333	-100
87.98500	-100
87.98667	-99
87.98833	-99
87.99000	-99
87.99167	-99
87.99333	-99
87.99500	-98
87.99667	-98
87.99833	-98
88.00000	-98
88.00167	-98
88.00333	-97
88.00500	-97
88.00667	-97
88.00833	-96
88.01000	-97
88.01167	-96
88.01333	-96
88.01500	-96
88.01667	-95
88.01833	-95
88.02000	-95
88.02167	-95
88.02333	-94
88.02500	-94
88.02667	-94
88.02833	-93
88.03000	-93
88.03167	-93
88.03333	-92
88.03500	-93
88.03667	-91
88.03833	-92
88.04000	-90
88.04167	-91
88.04333	-90
88.04500	-90
88.04667	-89
88.04833	-89
88.05000	-88
88.05167	-88
88.05333	-88
88.05500	-87
88.05667	-87
88.05833	-86
88.06000	-86
88.06167	-85
88.06333	-85
88.06500	-84
88.06667	-84
88.06833	-84
88.07000	-83
88.07167	-82
88.07333	-82
88.07500	-82
88.07667	-81
88.07833	-81
88.08000	-80
88.08167	-80
88.08333	-80
88.08500	-80
88.08667	-79
88.08833	-78
88.09000	-79
88.09167	-77
88.09333	-78
88.09500	-77
88.09667	-78
88.09833	-76
88.10000	-77
88.10167	-77
88.10333	-76
88.10500	-76
88.10667	-76
88.10833	-75
88.11000	-75
88.11167	-75
88.11333	-75
88.11500	-74
88.11667	-75
88.11833	-74
88.12000	-74
88.12167	-74
88.12333	-73
88.12500	-73
88.12667	-73
88.12833	-73
88.13000	-72
88.13167	-71
88.13333	-72
88.13500	-70
88.13667	-71
88.13833	-69
88.14000	-70
88.14167	-68
88.14333	-69
88.14500	-68
88.14667	-67
88.14833	-66
88.15000	-66
88.15167	-66
88.15333	-65
88.15500	-64
88.15667	-64
88.15833	-63
88.16000	-63
88.16167	-62
88.16333	-62
88.16500	-62
88.16667	-60
88.16833	-61
88.17000	-60
88.17167	-59
88.17333	-59
88.17500	-59
88.17667	-58
88.17833	-58
88.18000	-57
88.18167	-57
88.18333	-57
88.18500	-57
88.18667	-56
88.18833	-56
88.19000	-55
88.19167	-55
88.19333	-55
88.19500	-55
88.19667	-54
88.19833	-54
88.20000	-53
88.20167	-53
88.20333	-52
88.20500	-53
88.20667	-51
88.20833	-51
88.21000	-51
88.21167	-50
88.21333	-50
88.21500	-49
88.21667	-49
88.21833	-48
88.22000	-47
88.22167	-47
88.22333	-46
88.22500	-46
88.22667	-45
88.22833	-44
88.23000	-44
88.23167	-43
88.23333	-43
88.23500	-43
88.23667	-41
88.23833	-42
88.24000	-41
88.24167	-40
88.24333	-40
88.24500	-39
88.24667	-39
88.24833	-38
88.25000	-37
88.25167	-37
88.25333	-36
88.25500	-36
88.25667	-35
88.25833	-34
88.26000	-34
88.26167	-32
88.26333	-33
88.26500	-31
88.26667	-31
88.26833	-30
88.27000	-30
88.27167	-28
88.27333	-28
88.27500	-27
88.27667	-26
88.27833	-25
88.28000	-25
88.28167	-23
88.28333	-23
88.28500	-22
88.28667	-22
88.28833	-20
88.29000	-20
88.29167	-20
88.29333	-18
88.29500	-18
88.29667	-17
88.29833	-16
88.30000	-16
88.30167	-15
88.30333	-14
88.30500	-14
88.30667	-14
88.30833	-12
88.31000	-13
88.31167	-11
88.31333	-11
88.31500	-10
88.31667	-9
88.31833	-9
88.32000	-8
88.32167	-8
88.32333	-7
88.32500	-7
88.32667	-6
88.32833	-6
88.33000	-4
88.33167	-4
88.33333	-4
88.33500	-3
88.33667	-2
88.33833	-1
88.34000	-1
88.34167	0
88.34333	1
88.34500	1
88.34667	2
88.34833	3
88.35000	3
88.35167	4
88.35333	4
88.35500	5
88.35667	6
88.35833	6
88.36000	7
88.36167	7
88.36333	8
88.36500	9
88.36667	10
88.36833	10
88.37000	10
88.37167	12
88.37333	12
88.37500	13
88.37667	13
88.37833	14
88.38000	15
88.38167	15
88.38333	17
88.38500	17
88.38667	18
88.38833	18
88.39000	19
88.39167	20
88.39333	21
88.39500	21
88.39667	22
88.39833	24
88.40000	24
88.40167	25
88.40333	25
88.40500	27
88.40667	27
88.40833	29
88.41000	30
88.41167	30
88.41333	31
88.41500	33
88.41667	33
88.41833	35
88.42000	36
88.42167	37
88.42333	38
88.42500	39
88.42667	39
88.42833	42
88.43000	42
88.43167	43
88.43333	45
88.43500	45
88.43667	47
88.43833	48
88.44000	49
88.44167	51
88.44333	51
88.44500	52
88.44667	53
88.44833	55
88.45000	56
88.45167	57
88.45333	58
88.45500	59
88.45667	60
88.45833	61
88.46000	63
88.46167	64
88.46333	64
88.46500	66
88.46667	67
88.46833	68
88.47000	69
88.47167	70
88.47333	71
88.47500	72
88.47667	73
88.47833	74
88.48000	75
88.48167	76
88.48333	78
88.48500	78
88.48667	80
88.48833	80
88.49000	82
88.49167	84
88.49333	84
88.49500	85
88.49667	87
88.49833	88
88.50000	89
88.50167	91
88.50333	92
88.50500	93
88.50667	95
88.50833	97
88.51000	97
88.51167	100
88.51333	101
88.51500	102
88.51667	104
88.51833	105
88.52000	107
88.52167	109
88.52333	110
88.52500	111
88.52667	113
88.52833	115
88.53000	116
88.53167	118
88.53333	120
88.53500	121
88.53667	123
88.53833	124
88.54000	126
88.54167	127
88.54333	129
88.54500	130
88.54667	132
88.54833	133
88.55000	135
88.55167	137
88.55333	138
88.55500	139
88.55667	141
88.55833	143
88.56000	144
88.56167	145
88.56333	147
88.56500	149
88.56667	150
88.56833	152
88.57000	154
88.57167	155
88.57333	157
88.57500	158
88.57667	161
88.57833	162
88.58000	164
88.58167	165
88.58333	168
88.58500	169
88.58667	171
88.58833	173
88.59000	174
88.59167	177
88.59333	179
88.59500	181
88.59667	183
88.59833	185
88.60000	187
88.60167	189
88.60333	191
88.60500	194
88.60667	195
88.60833	197
88.61000	200
88.61167	201
88.61333	204
88.61500	206
88.61667	208
88.61833	210
88.62000	213
88.62167	215
88.62333	217
88.62500	219
88.62667	221
88.62833	224
88.63000	225
88.63167	228
88.63333	231
88.63500	232
88.63667	235
88.63833	237
88.64000	239
88.64167	242
88.64333	243
88.64500	246
88.64667	249
88.64833	251
88.65000	253
88.65167	255
88.65333	258
88.65500	261
88.65667	263
88.65833	265
88.66000	268
88.66167	270
88.66333	273
88.66500	276
88.66667	278
88.66833	281
88.67000	284
88.67167	286
88.67333	290
88.67500	292
88.67667	295
88.67833	298
88.68000	301
88.68167	303
88.68333	308
88.68500	310
88.68667	313
88.68833	316
88.69000	319
88.69167	323
88.69333	325
88.69500	329
88.69667	332
88.69833	336
88.70000	338
88.70167	342
88.70333	344
88.70500	348
88.70667	351
88.70833	355
88.71000	358
88.71167	361
88.71333	365
88.71500	368
88.71667	371
88.71833	375
88.72000	378
88.72167	382
88.72333	384
88.72500	389
88.72667	391
88.72833	396
88.73000	398
88.73167	403
88.73333	405
88.73500	410
88.73667	413
88.73833	417
88.74000	420
88.74167	424
88.74333	428
88.74500	431
88.74667	435
88.74833	439
88.75000	442
88.75167	446
88.75333	450
88.75500	454
88.75667	458
88.75833	461
88.76000	465
88.76167	469
88.76333	472
88.76500	477
88.76667	480
88.76833	485
88.77000	488
88.77167	492
88.77333	496
88.77500	500
88.77667	504
88.77833	508
88.78000	512
88.78167	516
88.78333	520
88.78500	524
88.78667	528
88.78833	532
88.79000	537
88.79167	541
88.79333	545
88.79500	550
88.79667	554
88.79833	558
88.80000	562
88.80167	567
88.80333	571
88.80500	576
88.80667	580
88.80833	584
88.81000	589
88.81167	594
88.81333	598
88.81500	603
88.81667	607
88.81833	613
88.82000	616
88.82167	622
88.82333	626
88.82500	631
88.82667	636
88.82833	641
88.83000	645
88.83167	651
88.83333	656
88.83500	661
88.83667	666
88.83833	671
88.84000	677
88.84167	681
88.84333	687
88.84500	692
88.84667	697
88.84833	703
88.85000	708
88.85167	714
88.85333	719
88.85500	724
88.85667	730
88.85833	735
88.86000	740
88.86167	746
88.86333	752
88.86500	756
88.86667	763
88.86833	767
88.87000	774
88.87167	778
88.87333	785
88.87500	789
88.87667	796
88.87833	801
88.88000	806
88.88167	812
88.88333	818
88.88500	823
88.88667	829
88.88833	834
88.89000	840
88.89167	846
88.89333	851
88.89500	858
88.89667	862
88.89833	869
88.90000	874
88.90167	880
88.90333	886
88.90500	892
88.90667	897
88.90833	904
88.91000	909
88.91167	916
88.91333	922
88.91500	927
88.91667	934
88.91833	940
88.92000	945
88.92167	952
88.92333	957
88.92500	963
88.92667	969
88.92833	976
88.93000	981
88.93167	987
88.93333	994
88.93500	1000
88.93667	1005
88.93833	1012
88.94000	1017
88.94167	1024
88.94333	1029
88.94500	1036
88.94667	1041
88.94833	1048
88.95000	1055
88.95167	1060
88.95333	1067
88.95500	1073
88.95667	1080
88.95833	1086
88.96000	1092
88.96167	1098
88.96333	1104
88.96500	1111
88.96667	1117
88.96833	1124
88.97000	1131
88.97167	1137
88.97333	1144
88.97500	1150
88.97667	1157
88.97833	1164
88.98000	1171
88.98167	1178
88.98333	1184
88.98500	1190
88.98667	1198
88.98833	1204
88.99000	1211
88.99167	1218
88.99333	1224
88.99500	1232
88.99667	1239
88.99833	1246
89.00000	1252
89.00167	1259
89.00333	1266
89.00500	1273
89.00667	1279
89.00833	1286
89.01000	1294
89.01167	1300
89.01333	1307
89.01500	1314
89.01667	1321
89.01833	1328
89.02000	1335
89.02167	1341
89.02333	1348
89.02500	1355
89.02667	1362
89.02833	1369
89.03000	1375
89.03167	1382
89.03333	1389
89.03500	1395
89.03667	1402
89.03833	1409
89.04000	1416
89.04167	1422
89.04333	1429
89.04500	1436
89.04667	1442
89.04833	1449
89.05000	1456
89.05167	1462
89.05333	1470
89.05500	1476
89.05667	1483
89.05833	1490
89.06000	1496
89.06167	1504
89.06333	1510
89.06500	1517
89.06667	1524
89.06833	1530
89.07000	1538
89.07167	1544
89.07333	1551
89.07500	1558
89.07667	1565
89.07833	1572
89.08000	1579
89.08167	1585
89.08333	1592
89.08500	1598
89.08667	1606
89.08833	1613
89.09000	1619
89.09167	1627
89.09333	1633
89.09500	1640
89.09667	1647
89.09833	1654
89.10000	1661
89.10167	1667
89.10333	1675
89.10500	1680
89.10667	1688
89.10833	1694
89.11000	1701
89.11167	1709
89.11333	1715
89.11500	1721
89.11667	1729
89.11833	1735
89.12000	1742
89.12167	1748
89.12333	1755
89.12500	1761
89.12667	1767
89.12833	1775
89.13000	1780
89.13167	1787
89.13333	1794
89.13500	1800
89.13667	1806
89.13833	1813
89.14000	1819
89.14167	1826
89.14333	1831
89.14500	1838
89.14667	1844
89.14833	1851
89.15000	1856
89.15167	1863
89.15333	1870
89.15500	1876
89.15667	1881
89.15833	1889
89.16000	1894
89.16167	1901
89.16333	1907
89.16500	1914
89.16667	1920
89.16833	1926
89.17000	1934
89.17167	1939
89.17333	1946
89.17500	1953
89.17667	1959
89.17833	1966
89.18000	1972
89.18167	1979
89.18333	1985
89.18500	1992
89.18667	1998
89.18833	2005
89.19000	2011
89.19167	2017
89.19333	2024
89.19500	2030
89.19667	2037
89.19833	2043
89.20000	2049
89.20167	2055
89.20333	2061
89.20500	2068
89.20667	2074
89.20833	2080
89.21000	2086
89.21167	2093
89.21333	2098
89.21500	2105
89.21667	2111
89.21833	2117
89.22000	2123
89.22167	2129
89.22333	2135
89.22500	2141
89.22667	2146
89.22833	2153
89.23000	2159
89.23167	2164
89.23333	2171
89.23500	2176
89.23667	2182
89.23833	2188
89.24000	2194
89.24167	2199
89.24333	2206
89.24500	2211
89.24667	2217
89.24833	2222
89.25000	2229
89.25167	2234
89.25333	2239
89.25500	2246
89.25667	2251
89.25833	2257
89.26000	2263
89.26167	2268
89.26333	2273
89.26500	2280
89.26667	2285
89.26833	2291
89.27000	2296
89.27167	2302
89.27333	2308
89.27500	2313
89.27667	2319
89.27833	2324
89.28000	2329
89.28167	2335
89.28333	2341
89.28500	2346
89.28667	2351
89.28833	2357
89.29000	2362
89.29167	2367
89.29333	2373
89.29500	2378
89.29667	2383
89.29833	2389
89.30000	2393
89.30167	2399
89.30333	2404
89.30500	2409
89.30667	2414
89.30833	2419
89.31000	2424
89.31167	2430
89.31333	2434
89.31500	2440
89.31667	2444
89.31833	2449
89.32000	2455
89.32167	2459
89.32333	2464
89.32500	2468
89.32667	2474
89.32833	2478
89.33000	2483
89.33167	2488
89.33333	2492
89.33500	2498
89.33667	2502
89.33833	2507
89.34000	2512
89.34167	2517
89.34333	2521
89.34500	2526
89.34667	2531
89.34833	2535
89.35000	2541
89.35167	2545
89.35333	2550
89.35500	2555
89.35667	2559
89.35833	2564
89.36000	2567
89.36167	2573
89.36333	2577
89.36500	2581
89.36667	2585
89.36833	2591
89.37000	2595
89.37167	2599
89.37333	2603
89.37500	2608
89.37667	2613
89.37833	2616
89.38000	2621
89.38167	2625
89.38333	2629
89.38500	2634
89.38667	2637
89.38833	2643
89.39000	2646
89.39167	2651
89.39333	2655
89.39500	2659
89.39667	2664
89.39833	2667
89.40000	2672
89.40167	2676
89.40333	2681
89.40500	2684
89.40667	2689
89.40833	2693
89.41000	2698
89.41167	2701
89.41333	2706
89.41500	2711
89.41667	2714
89.41833	2718
89.42000	2723
89.42167	2727
89.42333	2730
89.42500	2735
89.42667	2739
89.42833	2743
89.43000	2747
89.43167	2751
89.43333	2755
89.43500	2759
89.43667	2763
89.43833	2767
89.44000	2770
89.44167	2775
89.44333	2778
89.44500	2782
89.44667	2786
89.44833	2790
89.45000	2794
89.45167	2798
89.45333	2801
89.45500	2806
89.45667	2809
89.45833	2813
89.46000	2816
89.46167	2820
89.46333	2824
89.46500	2828
89.46667	2832
89.46833	2835
89.47000	2839
89.47167	2843
89.47333	2846
89.47500	2850
89.47667	2854
89.47833	2857
89.48000	2860
89.48167	2865
89.48333	2867
89.48500	2871
89.48667	2874
89.48833	2877
89.49000	2881
89.49167	2884
89.49333	2888
89.49500	2891
89.49667	2894
89.49833	2897
89.50000	2901
89.50167	2904
89.50333	2907
89.50500	2910
89.50667	2914
89.50833	2917
89.51000	2920
89.51167	2923
89.51333	2927
89.51500	2930
89.51667	2933
89.51833	2936
89.52000	2940
89.52167	2942
89.52333	2946
89.52500	2949
89.52667	2952
89.52833	2955
89.53000	2959
89.53167	2961
89.53333	2965
89.53500	2967
89.53667	2971
89.53833	2974
89.54000	2977
89.54167	2981
89.54333	2983
89.54500	2987
89.54667	2989
89.54833	2993
89.55000	2996
89.55167	2999
89.55333	3002
89.55500	3005
89.55667	3007
89.55833	3011
89.56000	3014
89.56167	3016
89.56333	3020
89.56500	3022
89.56667	3025
89.56833	3027
89.57000	3031
89.57167	3034
89.57333	3036
89.57500	3039
89.57667	3042
89.57833	3045
89.58000	3047
89.58167	3051
89.58333	3053
89.58500	3056
89.58667	3059
89.58833	3062
89.59000	3064
89.59167	3067
89.59333	3070
89.59500	3073
89.59667	3074
89.59833	3078
89.60000	3080
89.60167	3083
89.60333	3085
89.60500	3087
89.60667	3090
89.60833	3092
89.61000	3095
89.61167	3097
89.61333	3099
89.61500	3102
89.61667	3105
89.61833	3106
89.62000	3109
89.62167	3111
89.62333	3113
89.62500	3116
89.62667	3117
89.62833	3120
89.63000	3123
89.63167	3124
89.63333	3127
89.63500	3129
89.63667	3131
89.63833	3134
89.64000	3135
89.64167	3138
89.64333	3140
89.64500	3143
89.64667	3144
89.64833	3147
89.65000	3149
89.65167	3152
89.65333	3154
89.65500	3156
89.65667	3159
89.65833	3161
89.66000	3163
89.66167	3166
89.66333	3168
89.66500	3170
89.66667	3173
89.66833	3174
89.67000	3178
89.67167	3180
89.67333	3182
89.67500	3184
89.67667	3188
89.67833	3189
89.68000	3192
89.68167	3194
89.68333	3196
89.68500	3199
89.68667	3201
89.68833	3204
89.69000	3205
89.69167	3208
89.69333	3210
89.69500	3212
89.69667	3214
89.69833	3217
89.70000	3218
89.70167	3220
89.70333	3222
89.70500	3225
89.70667	3226
89.70833	3228
89.71000	3231
89.71167	3232
89.71333	3234
89.71500	3236
89.71667	3238
89.71833	3240
89.72000	3242
89.72167	3243
89.72333	3246
89.72500	3247
89.72667	3249
89.72833	3250
89.73000	3253
89.73167	3254
89.73333	3256
89.73500	3257
89.73667	3260
89.73833	3261
89.74000	3263
89.74167	3265
89.74333	3266
89.74500	3269
89.74667	3270
89.74833	3271
89.75000	3273
89.75167	3275
89.75333	3277
89.75500	3279
89.75667	3280
89.75833	3282
89.76000	3283
89.76167	3284
89.76333	3286
89.76500	3288
89.76667	3289
89.76833	3291
89.77000	3292
89.77167	3294
89.77333	3296
89.77500	3298
89.77667	3299
89.77833	3300
89.78000	3302
89.78167	3304
89.78333	3305
89.78500	3306
89.78667	3309
89.78833	3309
89.79000	3312
89.79167	3313
89.79333	3314
89.79500	3316
89.79667	3318
89.79833	3319
89.80000	3320
89.80167	3322
89.80333	3324
89.80500	3325
89.80667	3326
89.80833	3329
89.81000	3329
89.81167	3332
89.81333	3332
89.81500	3335
89.81667	3335
89.81833	3337
89.82000	3339
89.82167	3340
89.82333	3341
89.82500	3343
89.82667	3343
89.82833	3345
89.83000	3346
89.83167	3348
89.83333	3349
89.83500	3350
89.83667	3351
89.83833	3353
89.84000	3354
89.84167	3356
89.84333	3356
89.84500	3358
89.84667	3359
89.84833	3360
89.85000	3361
89.85167	3362
89.85333	3364
89.85500	3365
89.85667	3367
89.85833	3367
89.86000	3369
89.86167	3370
89.86333	3371
89.86500	3373
89.86667	3373
89.86833	3375
89.87000	3377
89.87167	3377
89.87333	3379
89.87500	3380
89.87667	3381
89.87833	3382
89.88000	3384
89.88167	3385
89.88333	3386
89.88500	3387
89.88667	3389
89.88833	3390
89.89000	3391
89.89167	3392
89.89333	3394
89.89500	3395
89.89667	3396
89.89833	3398
89.90000	3399
89.90167	3399
89.90333	3401
89.90500	3403
89.90667	3403
89.90833	3404
89.91000	3406
89.91167	3407
89.91333	3407
89.91500	3410
89.91667	3409
89.91833	3411
89.92000	3413
89.92167	3413
89.92333	3414
89.92500	3415
89.92667	3416
89.92833	3418
89.93000	3418
89.93167	3420
89.93333	3420
89.93500	3421
89.93667	3423
89.93833	3423
89.94000	3424
89.94167	3426
89.94333	3426
89.94500	3427
89.94667	3428
89.94833	3428
89.95000	3430
89.95167	3431
89.95333	3431
89.95500	3432
89.95667	3433
89.95833	3434
89.96000	3434
89.96167	3435
89.96333	3435
89.96500	3437
89.96667	3437
89.96833	3438
89.97000	3439
89.97167	3439
89.97333	3439
89.97500	3441
89.97667	3440
89.97833	3442
89.98000	3442
89.98167	3443
89.98333	3443
89.98500	3444
89.98667	3445
89.98833	3446
89.99000	3446
89.99167	3447
89.99333	3448
89.99500	3449
89.99667	3449
89.99833	3450
90.00000	3452

[Chromatogram Additional (Ch1)]
Maximum	3452
Minimum	-198

