[Header]
Data File Name	C:\PACsolution\Data1\Ch1\2026_05_07\191720.gcd
Output Date	2026/05/08
Output Time	0:53:53

[File Information]
Type	ÃÞ°ÀÌ§²Ù
Generated	2026/05/07 19:17:20
Generated by	
Modified	2026/05/07 19:17:20
Modified by	

[Sample Information]
Operator Name	System Administrator
Acquisition Date	2026/05/07 17:45:06
Type	
Level	0
Sample Name	
Sample ID	
ISTD Amount1	1
ISTD Amount2	0
ISTD Amount3	0
ISTD Amount4	0
ISTD Amount5	0
ISTD Amount6	0
ISTD Amount7	0
ISTD Amount8	0
ISTD Amount9	0
ISTD Amount10	0
ISTD Amount11	0
ISTD Amount12	0
ISTD Amount13	0
ISTD Amount14	0
ISTD Amount15	0
ISTD Amount16	0
Sample Amount	100
Dilution Factor	1
Vial#	-1
Injection Volume	9.18356e-039
Injection Count	1
Bar Code	

[Original Files]
Data File	C:\PACsolution\WORK\PAC1\@CHRM1.D01
Method File	191720.GCM
Batch File	
Report Format File	C:\PACsolution\SYSTEM\DEFAULT.gcr

[File Comment]


[Configration]
Instrument Name	‘•’u–¼1
Instrument #	1
Line #	1

[Peak Table (Ch1)]
# of Peaks	15
Peak#	R.Time	I.Time	F.Time	Area	Height	A/H	Conc.	Mark	ID#	Name	k'	Plate #	Plate Ht.	Tailing	Resolution	Sep.Factor
1	8.042	7.707	8.448	4556	223	20.00	0.05060	S  			0.000	0.000	0.000	0.000	0.000	0.000
2	24.473	24.350	24.662	1736	258	6.00	0.01927	   			0.000	0.000	0.000	0.000	0.000	0.000
3	27.732	27.503	28.127	7812	688	11.00	0.08676	   			0.000	0.000	0.000	0.000	0.000	0.000
4	30.969	30.705	31.270	7286	577	12.00	0.08091	   			0.000	0.000	0.000	0.000	0.000	0.000
5	48.208	47.492	48.763	134133	6099	21.00	1.48956	   			0.000	0.000	0.000	0.000	0.000	0.000
6	49.197	48.998	49.480	1495	94	15.00	0.01660	   			0.000	0.000	0.000	0.000	0.000	0.000
7	50.742	50.248	51.093	7086	314	22.00	0.07869	 V 			0.000	0.000	0.000	0.000	0.000	0.000
8	52.821	52.375	53.133	18221	773	23.00	0.20235	   			0.000	0.000	0.000	0.000	0.000	0.000
9	54.112	53.133	55.002	8571322	170304	50.00	95.18552	 V 			0.000	0.000	0.000	0.000	0.000	0.000
10	55.786	55.002	56.555	202938	3633	55.00	2.25365	 V 			0.000	0.000	0.000	0.000	0.000	0.000
11	66.265	65.643	66.822	21388	715	29.00	0.23752	 V 			0.000	0.000	0.000	0.000	0.000	0.000
12	67.987	67.337	68.492	17298	507	34.00	0.19210	   			0.000	0.000	0.000	0.000	0.000	0.000
13	69.140	68.990	69.178	1573	261	6.00	0.01747	   			0.000	0.000	0.000	0.000	0.000	0.000
14	69.267	69.178	69.605	7008	718	9.00	0.07783	 V 			0.000	0.000	0.000	0.000	0.000	0.000
15	79.706	79.533	79.840	1009	100	10.00	0.01121	 V 			0.000	0.000	0.000	0.000	0.000	0.000

[Compound Results (Ch1)]
# of IDs	0

[Group Results (Ch1)]
# of Groups	0

[Chromatogram (Ch1)]
Interval(msec)	100
# of Points	54002
Start Time(min)	0.000
End Time(min)	90.003
R.Time	Intensity
0.00000	536
0.00167	536
0.00333	536
0.00500	536
0.00667	536
0.00833	536
0.01000	537
0.01167	537
0.01333	537
0.01500	537
0.01667	537
0.01833	537
0.02000	538
0.02167	537
0.02333	538
0.02500	538
0.02667	538
0.02833	538
0.03000	538
0.03167	538
0.03333	538
0.03500	538
0.03667	538
0.03833	538
0.04000	538
0.04167	538
0.04333	538
0.04500	538
0.04667	537
0.04833	538
0.05000	538
0.05167	537
0.05333	537
0.05500	537
0.05667	537
0.05833	537
0.06000	536
0.06167	536
0.06333	537
0.06500	536
0.06667	536
0.06833	535
0.07000	536
0.07167	535
0.07333	536
0.07500	535
0.07667	535
0.07833	535
0.08000	534
0.08167	535
0.08333	535
0.08500	534
0.08667	534
0.08833	535
0.09000	534
0.09167	534
0.09333	535
0.09500	534
0.09667	535
0.09833	534
0.10000	535
0.10167	535
0.10333	534
0.10500	535
0.10667	535
0.10833	535
0.11000	535
0.11167	536
0.11333	535
0.11500	536
0.11667	536
0.11833	536
0.12000	537
0.12167	536
0.12333	537
0.12500	537
0.12667	537
0.12833	537
0.13000	538
0.13167	538
0.13333	539
0.13500	538
0.13667	539
0.13833	539
0.14000	539
0.14167	540
0.14333	540
0.14500	540
0.14667	540
0.14833	541
0.15000	540
0.15167	541
0.15333	542
0.15500	541
0.15667	541
0.15833	542
0.16000	542
0.16167	542
0.16333	542
0.16500	542
0.16667	542
0.16833	542
0.17000	543
0.17167	542
0.17333	542
0.17500	543
0.17667	542
0.17833	543
0.18000	542
0.18167	543
0.18333	542
0.18500	543
0.18667	543
0.18833	542
0.19000	543
0.19167	542
0.19333	543
0.19500	542
0.19667	543
0.19833	543
0.20000	542
0.20167	543
0.20333	543
0.20500	543
0.20667	543
0.20833	543
0.21000	544
0.21167	543
0.21333	544
0.21500	543
0.21667	544
0.21833	544
0.22000	544
0.22167	544
0.22333	545
0.22500	544
0.22667	545
0.22833	544
0.23000	545
0.23167	545
0.23333	545
0.23500	545
0.23667	546
0.23833	545
0.24000	546
0.24167	546
0.24333	546
0.24500	546
0.24667	547
0.24833	547
0.25000	546
0.25167	547
0.25333	548
0.25500	547
0.25667	548
0.25833	547
0.26000	548
0.26167	548
0.26333	548
0.26500	549
0.26667	548
0.26833	549
0.27000	549
0.27167	549
0.27333	549
0.27500	549
0.27667	550
0.27833	549
0.28000	549
0.28167	550
0.28333	550
0.28500	550
0.28667	549
0.28833	549
0.29000	550
0.29167	550
0.29333	549
0.29500	550
0.29667	549
0.29833	550
0.30000	549
0.30167	550
0.30333	550
0.30500	550
0.30667	550
0.30833	550
0.31000	550
0.31167	550
0.31333	550
0.31500	550
0.31667	551
0.31833	551
0.32000	550
0.32167	552
0.32333	551
0.32500	551
0.32667	552
0.32833	552
0.33000	552
0.33167	552
0.33333	552
0.33500	553
0.33667	553
0.33833	554
0.34000	553
0.34167	554
0.34333	554
0.34500	554
0.34667	555
0.34833	554
0.35000	555
0.35167	555
0.35333	555
0.35500	555
0.35667	556
0.35833	555
0.36000	556
0.36167	555
0.36333	556
0.36500	556
0.36667	555
0.36833	556
0.37000	556
0.37167	555
0.37333	556
0.37500	555
0.37667	555
0.37833	555
0.38000	555
0.38167	555
0.38333	555
0.38500	555
0.38667	554
0.38833	555
0.39000	554
0.39167	554
0.39333	553
0.39500	554
0.39667	553
0.39833	554
0.40000	553
0.40167	553
0.40333	553
0.40500	553
0.40667	552
0.40833	553
0.41000	552
0.41167	552
0.41333	552
0.41500	552
0.41667	552
0.41833	552
0.42000	551
0.42167	552
0.42333	551
0.42500	552
0.42667	552
0.42833	551
0.43000	552
0.43167	551
0.43333	552
0.43500	552
0.43667	551
0.43833	552
0.44000	552
0.44167	552
0.44333	553
0.44500	552
0.44667	552
0.44833	553
0.45000	553
0.45167	553
0.45333	553
0.45500	554
0.45667	553
0.45833	554
0.46000	554
0.46167	554
0.46333	554
0.46500	555
0.46667	554
0.46833	555
0.47000	555
0.47167	555
0.47333	556
0.47500	555
0.47667	556
0.47833	556
0.48000	556
0.48167	556
0.48333	555
0.48500	556
0.48667	555
0.48833	556
0.49000	555
0.49167	556
0.49333	555
0.49500	556
0.49667	556
0.49833	556
0.50000	555
0.50167	556
0.50333	556
0.50500	556
0.50667	556
0.50833	556
0.51000	556
0.51167	557
0.51333	556
0.51500	557
0.51667	557
0.51833	556
0.52000	557
0.52167	557
0.52333	557
0.52500	557
0.52667	557
0.52833	557
0.53000	557
0.53167	558
0.53333	557
0.53500	558
0.53667	557
0.53833	558
0.54000	558
0.54167	557
0.54333	558
0.54500	559
0.54667	558
0.54833	559
0.55000	558
0.55167	559
0.55333	559
0.55500	558
0.55667	559
0.55833	559
0.56000	560
0.56167	559
0.56333	559
0.56500	560
0.56667	559
0.56833	560
0.57000	559
0.57167	560
0.57333	560
0.57500	560
0.57667	559
0.57833	560
0.58000	560
0.58167	560
0.58333	559
0.58500	560
0.58667	559
0.58833	559
0.59000	559
0.59167	560
0.59333	559
0.59500	559
0.59667	559
0.59833	559
0.60000	559
0.60167	559
0.60333	559
0.60500	559
0.60667	559
0.60833	560
0.61000	559
0.61167	559
0.61333	559
0.61500	559
0.61667	559
0.61833	559
0.62000	559
0.62167	560
0.62333	559
0.62500	559
0.62667	559
0.62833	560
0.63000	559
0.63167	560
0.63333	560
0.63500	560
0.63667	561
0.63833	561
0.64000	560
0.64167	561
0.64333	561
0.64500	561
0.64667	561
0.64833	562
0.65000	561
0.65167	562
0.65333	562
0.65500	562
0.65667	562
0.65833	562
0.66000	562
0.66167	562
0.66333	563
0.66500	562
0.66667	563
0.66833	563
0.67000	562
0.67167	562
0.67333	563
0.67500	562
0.67667	562
0.67833	563
0.68000	562
0.68167	562
0.68333	562
0.68500	563
0.68667	562
0.68833	563
0.69000	563
0.69167	563
0.69333	563
0.69500	563
0.69667	563
0.69833	563
0.70000	562
0.70167	564
0.70333	563
0.70500	563
0.70667	563
0.70833	564
0.71000	563
0.71167	564
0.71333	563
0.71500	564
0.71667	563
0.71833	563
0.72000	564
0.72167	563
0.72333	563
0.72500	564
0.72667	563
0.72833	563
0.73000	563
0.73167	564
0.73333	562
0.73500	563
0.73667	564
0.73833	562
0.74000	563
0.74167	563
0.74333	563
0.74500	563
0.74667	562
0.74833	563
0.75000	563
0.75167	563
0.75333	563
0.75500	563
0.75667	563
0.75833	564
0.76000	563
0.76167	563
0.76333	564
0.76500	564
0.76667	564
0.76833	564
0.77000	565
0.77167	565
0.77333	564
0.77500	565
0.77667	566
0.77833	565
0.78000	565
0.78167	566
0.78333	565
0.78500	566
0.78667	565
0.78833	566
0.79000	566
0.79167	566
0.79333	566
0.79500	566
0.79667	566
0.79833	566
0.80000	566
0.80167	565
0.80333	566
0.80500	566
0.80667	565
0.80833	566
0.81000	565
0.81167	566
0.81333	566
0.81500	566
0.81667	566
0.81833	566
0.82000	566
0.82167	567
0.82333	566
0.82500	567
0.82667	567
0.82833	567
0.83000	567
0.83167	567
0.83333	567
0.83500	567
0.83667	568
0.83833	567
0.84000	568
0.84167	568
0.84333	568
0.84500	567
0.84667	568
0.84833	568
0.85000	567
0.85167	568
0.85333	568
0.85500	567
0.85667	568
0.85833	567
0.86000	568
0.86167	568
0.86333	567
0.86500	568
0.86667	568
0.86833	568
0.87000	568
0.87167	568
0.87333	567
0.87500	568
0.87667	568
0.87833	567
0.88000	568
0.88167	568
0.88333	568
0.88500	568
0.88667	568
0.88833	569
0.89000	568
0.89167	568
0.89333	569
0.89500	568
0.89667	568
0.89833	568
0.90000	568
0.90167	569
0.90333	568
0.90500	569
0.90667	568
0.90833	569
0.91000	568
0.91167	569
0.91333	568
0.91500	569
0.91667	568
0.91833	569
0.92000	569
0.92167	569
0.92333	569
0.92500	569
0.92667	570
0.92833	569
0.93000	569
0.93167	570
0.93333	569
0.93500	570
0.93667	569
0.93833	570
0.94000	570
0.94167	569
0.94333	571
0.94500	570
0.94667	570
0.94833	571
0.95000	570
0.95167	571
0.95333	570
0.95500	571
0.95667	572
0.95833	571
0.96000	571
0.96167	572
0.96333	572
0.96500	572
0.96667	573
0.96833	572
0.97000	573
0.97167	573
0.97333	573
0.97500	573
0.97667	573
0.97833	574
0.98000	573
0.98167	574
0.98333	573
0.98500	574
0.98667	574
0.98833	575
0.99000	574
0.99167	574
0.99333	575
0.99500	575
0.99667	575
0.99833	575
1.00000	575
1.00167	576
1.00333	576
1.00500	575
1.00667	576
1.00833	576
1.01000	576
1.01167	576
1.01333	577
1.01500	576
1.01667	577
1.01833	576
1.02000	577
1.02167	577
1.02333	577
1.02500	577
1.02667	578
1.02833	577
1.03000	578
1.03167	578
1.03333	578
1.03500	578
1.03667	578
1.03833	578
1.04000	579
1.04167	579
1.04333	578
1.04500	579
1.04667	579
1.04833	579
1.05000	579
1.05167	579
1.05333	579
1.05500	579
1.05667	579
1.05833	579
1.06000	579
1.06167	578
1.06333	579
1.06500	579
1.06667	578
1.06833	579
1.07000	578
1.07167	579
1.07333	578
1.07500	578
1.07667	579
1.07833	578
1.08000	578
1.08167	578
1.08333	579
1.08500	578
1.08667	580
1.08833	579
1.09000	579
1.09167	579
1.09333	580
1.09500	580
1.09667	580
1.09833	580
1.10000	580
1.10167	581
1.10333	580
1.10500	581
1.10667	581
1.10833	582
1.11000	581
1.11167	582
1.11333	583
1.11500	582
1.11667	583
1.11833	583
1.12000	583
1.12167	583
1.12333	583
1.12500	583
1.12667	584
1.12833	584
1.13000	584
1.13167	584
1.13333	585
1.13500	584
1.13667	585
1.13833	585
1.14000	585
1.14167	585
1.14333	586
1.14500	585
1.14667	586
1.14833	585
1.15000	586
1.15167	586
1.15333	585
1.15500	586
1.15667	586
1.15833	586
1.16000	586
1.16167	586
1.16333	586
1.16500	587
1.16667	586
1.16833	586
1.17000	586
1.17167	586
1.17333	587
1.17500	586
1.17667	587
1.17833	586
1.18000	586
1.18167	586
1.18333	586
1.18500	586
1.18667	586
1.18833	586
1.19000	586
1.19167	585
1.19333	586
1.19500	585
1.19667	585
1.19833	585
1.20000	585
1.20167	584
1.20333	584
1.20500	584
1.20667	584
1.20833	584
1.21000	583
1.21167	583
1.21333	583
1.21500	582
1.21667	582
1.21833	582
1.22000	581
1.22167	582
1.22333	580
1.22500	581
1.22667	581
1.22833	581
1.23000	580
1.23167	580
1.23333	580
1.23500	580
1.23667	580
1.23833	580
1.24000	580
1.24167	579
1.24333	580
1.24500	580
1.24667	579
1.24833	580
1.25000	580
1.25167	579
1.25333	580
1.25500	580
1.25667	579
1.25833	579
1.26000	579
1.26167	579
1.26333	578
1.26500	578
1.26667	578
1.26833	577
1.27000	577
1.27167	577
1.27333	576
1.27500	576
1.27667	575
1.27833	575
1.28000	573
1.28167	573
1.28333	572
1.28500	572
1.28667	571
1.28833	569
1.29000	569
1.29167	568
1.29333	567
1.29500	565
1.29667	565
1.29833	563
1.30000	562
1.30167	560
1.30333	559
1.30500	557
1.30667	556
1.30833	555
1.31000	553
1.31167	552
1.31333	551
1.31500	548
1.31667	548
1.31833	546
1.32000	544
1.32167	542
1.32333	542
1.32500	540
1.32667	538
1.32833	537
1.33000	535
1.33167	533
1.33333	532
1.33500	531
1.33667	529
1.33833	527
1.34000	526
1.34167	524
1.34333	523
1.34500	521
1.34667	520
1.34833	517
1.35000	516
1.35167	515
1.35333	512
1.35500	511
1.35667	510
1.35833	508
1.36000	506
1.36167	505
1.36333	502
1.36500	501
1.36667	500
1.36833	498
1.37000	496
1.37167	495
1.37333	493
1.37500	492
1.37667	490
1.37833	488
1.38000	486
1.38167	485
1.38333	483
1.38500	482
1.38667	480
1.38833	478
1.39000	477
1.39167	475
1.39333	474
1.39500	472
1.39667	470
1.39833	468
1.40000	467
1.40167	464
1.40333	463
1.40500	462
1.40667	460
1.40833	458
1.41000	456
1.41167	454
1.41333	452
1.41500	451
1.41667	448
1.41833	446
1.42000	445
1.42167	442
1.42333	441
1.42500	438
1.42667	436
1.42833	435
1.43000	433
1.43167	431
1.43333	428
1.43500	427
1.43667	425
1.43833	423
1.44000	420
1.44167	419
1.44333	416
1.44500	415
1.44667	412
1.44833	411
1.45000	408
1.45167	406
1.45333	403
1.45500	402
1.45667	399
1.45833	397
1.46000	394
1.46167	392
1.46333	390
1.46500	388
1.46667	385
1.46833	383
1.47000	380
1.47167	378
1.47333	376
1.47500	374
1.47667	370
1.47833	369
1.48000	366
1.48167	363
1.48333	361
1.48500	358
1.48667	357
1.48833	353
1.49000	352
1.49167	349
1.49333	346
1.49500	344
1.49667	342
1.49833	339
1.50000	337
1.50167	335
1.50333	332
1.50500	330
1.50667	328
1.50833	326
1.51000	325
1.51167	322
1.51333	321
1.51500	318
1.51667	318
1.51833	316
1.52000	314
1.52167	314
1.52333	313
1.52500	313
1.52667	312
1.52833	312
1.53000	313
1.53167	313
1.53333	314
1.53500	316
1.53667	317
1.53833	318
1.54000	319
1.54167	322
1.54333	324
1.54500	326
1.54667	327
1.54833	330
1.55000	332
1.55167	335
1.55333	336
1.55500	339
1.55667	340
1.55833	342
1.56000	343
1.56167	346
1.56333	346
1.56500	348
1.56667	348
1.56833	349
1.57000	350
1.57167	349
1.57333	350
1.57500	348
1.57667	348
1.57833	347
1.58000	345
1.58167	344
1.58333	342
1.58500	341
1.58667	339
1.58833	338
1.59000	335
1.59167	334
1.59333	331
1.59500	330
1.59667	327
1.59833	326
1.60000	323
1.60167	322
1.60333	319
1.60500	318
1.60667	315
1.60833	314
1.61000	313
1.61167	311
1.61333	309
1.61500	308
1.61667	307
1.61833	305
1.62000	304
1.62167	304
1.62333	302
1.62500	301
1.62667	300
1.62833	300
1.63000	299
1.63167	298
1.63333	298
1.63500	297
1.63667	297
1.63833	296
1.64000	296
1.64167	296
1.64333	295
1.64500	295
1.64667	296
1.64833	295
1.65000	295
1.65167	295
1.65333	295
1.65500	295
1.65667	294
1.65833	295
1.66000	295
1.66167	295
1.66333	295
1.66500	296
1.66667	295
1.66833	296
1.67000	295
1.67167	296
1.67333	296
1.67500	297
1.67667	296
1.67833	297
1.68000	298
1.68167	297
1.68333	298
1.68500	298
1.68667	299
1.68833	298
1.69000	299
1.69167	300
1.69333	299
1.69500	300
1.69667	300
1.69833	300
1.70000	301
1.70167	301
1.70333	300
1.70500	301
1.70667	302
1.70833	301
1.71000	302
1.71167	302
1.71333	303
1.71500	302
1.71667	303
1.71833	303
1.72000	303
1.72167	304
1.72333	304
1.72500	304
1.72667	305
1.72833	305
1.73000	305
1.73167	306
1.73333	305
1.73500	307
1.73667	306
1.73833	307
1.74000	307
1.74167	308
1.74333	308
1.74500	308
1.74667	309
1.74833	309
1.75000	309
1.75167	310
1.75333	310
1.75500	311
1.75667	312
1.75833	312
1.76000	312
1.76167	313
1.76333	314
1.76500	314
1.76667	314
1.76833	315
1.77000	315
1.77167	316
1.77333	316
1.77500	317
1.77667	317
1.77833	318
1.78000	319
1.78167	319
1.78333	319
1.78500	320
1.78667	321
1.78833	321
1.79000	322
1.79167	322
1.79333	322
1.79500	323
1.79667	324
1.79833	323
1.80000	324
1.80167	325
1.80333	325
1.80500	325
1.80667	326
1.80833	326
1.81000	326
1.81167	327
1.81333	327
1.81500	327
1.81667	328
1.81833	328
1.82000	328
1.82167	329
1.82333	329
1.82500	329
1.82667	329
1.82833	330
1.83000	330
1.83167	331
1.83333	331
1.83500	331
1.83667	332
1.83833	332
1.84000	333
1.84167	333
1.84333	333
1.84500	334
1.84667	335
1.84833	334
1.85000	335
1.85167	336
1.85333	336
1.85500	335
1.85667	337
1.85833	336
1.86000	337
1.86167	337
1.86333	337
1.86500	337
1.86667	338
1.86833	338
1.87000	338
1.87167	339
1.87333	338
1.87500	339
1.87667	338
1.87833	339
1.88000	339
1.88167	339
1.88333	339
1.88500	340
1.88667	340
1.88833	340
1.89000	340
1.89167	340
1.89333	340
1.89500	341
1.89667	340
1.89833	341
1.90000	342
1.90167	341
1.90333	342
1.90500	341
1.90667	342
1.90833	343
1.91000	342
1.91167	343
1.91333	343
1.91500	343
1.91667	344
1.91833	343
1.92000	344
1.92167	345
1.92333	344
1.92500	345
1.92667	345
1.92833	345
1.93000	346
1.93167	345
1.93333	346
1.93500	346
1.93667	346
1.93833	346
1.94000	347
1.94167	347
1.94333	347
1.94500	348
1.94667	347
1.94833	348
1.95000	349
1.95167	348
1.95333	349
1.95500	349
1.95667	349
1.95833	349
1.96000	350
1.96167	349
1.96333	350
1.96500	350
1.96667	350
1.96833	350
1.97000	350
1.97167	351
1.97333	351
1.97500	351
1.97667	351
1.97833	352
1.98000	352
1.98167	352
1.98333	353
1.98500	353
1.98667	353
1.98833	353
1.99000	355
1.99167	354
1.99333	354
1.99500	355
1.99667	356
1.99833	355
2.00000	356
2.00167	356
2.00333	357
2.00500	358
2.00667	357
2.00833	358
2.01000	359
2.01167	358
2.01333	359
2.01500	359
2.01667	360
2.01833	360
2.02000	360
2.02167	361
2.02333	360
2.02500	361
2.02667	361
2.02833	361
2.03000	362
2.03167	361
2.03333	362
2.03500	363
2.03667	362
2.03833	363
2.04000	363
2.04167	364
2.04333	364
2.04500	364
2.04667	364
2.04833	365
2.05000	365
2.05167	366
2.05333	365
2.05500	366
2.05667	366
2.05833	366
2.06000	367
2.06167	367
2.06333	367
2.06500	368
2.06667	368
2.06833	369
2.07000	369
2.07167	369
2.07333	369
2.07500	370
2.07667	370
2.07833	370
2.08000	370
2.08167	371
2.08333	371
2.08500	372
2.08667	372
2.08833	371
2.09000	373
2.09167	372
2.09333	373
2.09500	373
2.09667	372
2.09833	373
2.10000	374
2.10167	373
2.10333	373
2.10500	374
2.10667	373
2.10833	374
2.11000	373
2.11167	374
2.11333	374
2.11500	374
2.11667	373
2.11833	374
2.12000	374
2.12167	373
2.12333	374
2.12500	374
2.12667	373
2.12833	374
2.13000	373
2.13167	374
2.13333	373
2.13500	373
2.13667	373
2.13833	374
2.14000	373
2.14167	373
2.14333	372
2.14500	373
2.14667	373
2.14833	372
2.15000	373
2.15167	372
2.15333	373
2.15500	372
2.15667	373
2.15833	372
2.16000	373
2.16167	373
2.16333	373
2.16500	373
2.16667	372
2.16833	373
2.17000	373
2.17167	373
2.17333	373
2.17500	373
2.17667	374
2.17833	374
2.18000	373
2.18167	374
2.18333	374
2.18500	374
2.18667	375
2.18833	374
2.19000	375
2.19167	375
2.19333	375
2.19500	376
2.19667	376
2.19833	376
2.20000	376
2.20167	376
2.20333	377
2.20500	377
2.20667	377
2.20833	378
2.21000	377
2.21167	378
2.21333	378
2.21500	379
2.21667	379
2.21833	379
2.22000	379
2.22167	380
2.22333	381
2.22500	380
2.22667	381
2.22833	382
2.23000	382
2.23167	382
2.23333	383
2.23500	383
2.23667	383
2.23833	384
2.24000	384
2.24167	385
2.24333	385
2.24500	385
2.24667	386
2.24833	386
2.25000	386
2.25167	387
2.25333	387
2.25500	387
2.25667	387
2.25833	388
2.26000	388
2.26167	388
2.26333	389
2.26500	389
2.26667	389
2.26833	389
2.27000	389
2.27167	390
2.27333	389
2.27500	390
2.27667	390
2.27833	390
2.28000	390
2.28167	391
2.28333	390
2.28500	391
2.28667	391
2.28833	391
2.29000	391
2.29167	391
2.29333	391
2.29500	391
2.29667	392
2.29833	392
2.30000	392
2.30167	392
2.30333	392
2.30500	392
2.30667	393
2.30833	393
2.31000	393
2.31167	393
2.31333	393
2.31500	393
2.31667	394
2.31833	394
2.32000	393
2.32167	394
2.32333	394
2.32500	395
2.32667	394
2.32833	394
2.33000	395
2.33167	395
2.33333	395
2.33500	395
2.33667	396
2.33833	396
2.34000	397
2.34167	396
2.34333	397
2.34500	398
2.34667	397
2.34833	398
2.35000	399
2.35167	398
2.35333	399
2.35500	400
2.35667	399
2.35833	400
2.36000	401
2.36167	401
2.36333	401
2.36500	402
2.36667	402
2.36833	403
2.37000	403
2.37167	404
2.37333	404
2.37500	404
2.37667	405
2.37833	405
2.38000	406
2.38167	406
2.38333	407
2.38500	407
2.38667	408
2.38833	408
2.39000	408
2.39167	409
2.39333	409
2.39500	409
2.39667	409
2.39833	409
2.40000	410
2.40167	409
2.40333	410
2.40500	409
2.40667	410
2.40833	409
2.41000	410
2.41167	410
2.41333	410
2.41500	409
2.41667	410
2.41833	410
2.42000	410
2.42167	410
2.42333	410
2.42500	410
2.42667	410
2.42833	411
2.43000	410
2.43167	410
2.43333	410
2.43500	411
2.43667	411
2.43833	411
2.44000	411
2.44167	411
2.44333	412
2.44500	412
2.44667	412
2.44833	412
2.45000	412
2.45167	413
2.45333	413
2.45500	413
2.45667	413
2.45833	414
2.46000	414
2.46167	414
2.46333	414
2.46500	415
2.46667	415
2.46833	415
2.47000	415
2.47167	416
2.47333	415
2.47500	416
2.47667	416
2.47833	416
2.48000	416
2.48167	416
2.48333	417
2.48500	416
2.48667	417
2.48833	417
2.49000	417
2.49167	417
2.49333	417
2.49500	417
2.49667	418
2.49833	418
2.50000	418
2.50167	419
2.50333	419
2.50500	419
2.50667	419
2.50833	420
2.51000	420
2.51167	421
2.51333	420
2.51500	422
2.51667	421
2.51833	422
2.52000	422
2.52167	423
2.52333	423
2.52500	424
2.52667	424
2.52833	424
2.53000	425
2.53167	425
2.53333	425
2.53500	426
2.53667	426
2.53833	427
2.54000	426
2.54167	427
2.54333	427
2.54500	427
2.54667	428
2.54833	428
2.55000	428
2.55167	429
2.55333	429
2.55500	429
2.55667	430
2.55833	429
2.56000	430
2.56167	431
2.56333	430
2.56500	431
2.56667	431
2.56833	431
2.57000	431
2.57167	431
2.57333	432
2.57500	432
2.57667	432
2.57833	432
2.58000	432
2.58167	432
2.58333	433
2.58500	432
2.58667	432
2.58833	433
2.59000	433
2.59167	432
2.59333	433
2.59500	434
2.59667	433
2.59833	433
2.60000	434
2.60167	433
2.60333	434
2.60500	434
2.60667	433
2.60833	434
2.61000	434
2.61167	434
2.61333	435
2.61500	434
2.61667	435
2.61833	435
2.62000	435
2.62167	435
2.62333	435
2.62500	436
2.62667	436
2.62833	436
2.63000	436
2.63167	436
2.63333	437
2.63500	436
2.63667	437
2.63833	437
2.64000	438
2.64167	437
2.64333	438
2.64500	438
2.64667	439
2.64833	438
2.65000	439
2.65167	439
2.65333	439
2.65500	439
2.65667	440
2.65833	439
2.66000	440
2.66167	439
2.66333	440
2.66500	440
2.66667	441
2.66833	440
2.67000	441
2.67167	440
2.67333	441
2.67500	441
2.67667	441
2.67833	441
2.68000	441
2.68167	441
2.68333	441
2.68500	442
2.68667	441
2.68833	441
2.69000	441
2.69167	442
2.69333	441
2.69500	442
2.69667	442
2.69833	443
2.70000	442
2.70167	443
2.70333	443
2.70500	443
2.70667	444
2.70833	443
2.71000	444
2.71167	444
2.71333	444
2.71500	444
2.71667	445
2.71833	444
2.72000	446
2.72167	445
2.72333	446
2.72500	445
2.72667	447
2.72833	446
2.73000	446
2.73167	446
2.73333	447
2.73500	446
2.73667	447
2.73833	446
2.74000	447
2.74167	447
2.74333	447
2.74500	447
2.74667	448
2.74833	448
2.75000	447
2.75167	448
2.75333	447
2.75500	448
2.75667	448
2.75833	448
2.76000	448
2.76167	449
2.76333	448
2.76500	449
2.76667	448
2.76833	449
2.77000	449
2.77167	449
2.77333	449
2.77500	450
2.77667	449
2.77833	450
2.78000	450
2.78167	450
2.78333	450
2.78500	451
2.78667	451
2.78833	450
2.79000	451
2.79167	452
2.79333	451
2.79500	451
2.79667	452
2.79833	452
2.80000	451
2.80167	452
2.80333	452
2.80500	452
2.80667	452
2.80833	452
2.81000	452
2.81167	452
2.81333	452
2.81500	452
2.81667	452
2.81833	452
2.82000	452
2.82167	452
2.82333	452
2.82500	452
2.82667	452
2.82833	452
2.83000	452
2.83167	452
2.83333	452
2.83500	453
2.83667	452
2.83833	453
2.84000	453
2.84167	453
2.84333	453
2.84500	453
2.84667	454
2.84833	454
2.85000	454
2.85167	454
2.85333	455
2.85500	455
2.85667	455
2.85833	455
2.86000	456
2.86167	456
2.86333	456
2.86500	457
2.86667	456
2.86833	458
2.87000	457
2.87167	458
2.87333	458
2.87500	459
2.87667	459
2.87833	460
2.88000	459
2.88167	460
2.88333	461
2.88500	460
2.88667	461
2.88833	461
2.89000	462
2.89167	461
2.89333	462
2.89500	462
2.89667	463
2.89833	462
2.90000	462
2.90167	463
2.90333	462
2.90500	463
2.90667	462
2.90833	463
2.91000	462
2.91167	462
2.91333	463
2.91500	462
2.91667	463
2.91833	462
2.92000	462
2.92167	462
2.92333	463
2.92500	462
2.92667	462
2.92833	463
2.93000	462
2.93167	463
2.93333	463
2.93500	463
2.93667	462
2.93833	463
2.94000	463
2.94167	463
2.94333	463
2.94500	463
2.94667	463
2.94833	464
2.95000	463
2.95167	464
2.95333	464
2.95500	463
2.95667	465
2.95833	464
2.96000	465
2.96167	464
2.96333	465
2.96500	466
2.96667	465
2.96833	465
2.97000	465
2.97167	466
2.97333	466
2.97500	466
2.97667	466
2.97833	467
2.98000	466
2.98167	467
2.98333	467
2.98500	466
2.98667	468
2.98833	467
2.99000	467
2.99167	467
2.99333	468
2.99500	467
2.99667	468
2.99833	468
3.00000	467
3.00167	468
3.00333	468
3.00500	468
3.00667	468
3.00833	469
3.01000	468
3.01167	469
3.01333	469
3.01500	469
3.01667	469
3.01833	470
3.02000	469
3.02167	470
3.02333	470
3.02500	469
3.02667	471
3.02833	470
3.03000	471
3.03167	471
3.03333	471
3.03500	472
3.03667	471
3.03833	472
3.04000	472
3.04167	472
3.04333	472
3.04500	473
3.04667	473
3.04833	473
3.05000	473
3.05167	473
3.05333	473
3.05500	474
3.05667	473
3.05833	474
3.06000	473
3.06167	474
3.06333	474
3.06500	474
3.06667	475
3.06833	474
3.07000	474
3.07167	475
3.07333	475
3.07500	474
3.07667	475
3.07833	475
3.08000	475
3.08167	475
3.08333	476
3.08500	475
3.08667	475
3.08833	476
3.09000	475
3.09167	475
3.09333	476
3.09500	476
3.09667	475
3.09833	476
3.10000	476
3.10167	475
3.10333	476
3.10500	476
3.10667	476
3.10833	476
3.11000	476
3.11167	476
3.11333	476
3.11500	477
3.11667	478
3.11833	477
3.12000	478
3.12167	478
3.12333	479
3.12500	479
3.12667	479
3.12833	480
3.13000	480
3.13167	480
3.13333	481
3.13500	481
3.13667	482
3.13833	482
3.14000	483
3.14167	483
3.14333	483
3.14500	484
3.14667	485
3.14833	484
3.15000	486
3.15167	485
3.15333	486
3.15500	486
3.15667	487
3.15833	487
3.16000	487
3.16167	487
3.16333	488
3.16500	488
3.16667	489
3.16833	489
3.17000	489
3.17167	489
3.17333	490
3.17500	490
3.17667	490
3.17833	490
3.18000	491
3.18167	490
3.18333	491
3.18500	491
3.18667	491
3.18833	492
3.19000	492
3.19167	492
3.19333	492
3.19500	492
3.19667	492
3.19833	493
3.20000	493
3.20167	493
3.20333	493
3.20500	493
3.20667	493
3.20833	493
3.21000	493
3.21167	493
3.21333	494
3.21500	494
3.21667	493
3.21833	494
3.22000	494
3.22167	495
3.22333	494
3.22500	495
3.22667	496
3.22833	495
3.23000	496
3.23167	496
3.23333	497
3.23500	497
3.23667	497
3.23833	498
3.24000	498
3.24167	499
3.24333	499
3.24500	499
3.24667	500
3.24833	501
3.25000	500
3.25167	501
3.25333	502
3.25500	502
3.25667	502
3.25833	503
3.26000	502
3.26167	503
3.26333	504
3.26500	503
3.26667	503
3.26833	504
3.27000	503
3.27167	504
3.27333	504
3.27500	503
3.27667	504
3.27833	504
3.28000	504
3.28167	504
3.28333	504
3.28500	505
3.28667	504
3.28833	504
3.29000	503
3.29167	504
3.29333	505
3.29500	504
3.29667	504
3.29833	505
3.30000	504
3.30167	505
3.30333	505
3.30500	505
3.30667	505
3.30833	505
3.31000	505
3.31167	505
3.31333	506
3.31500	506
3.31667	506
3.31833	506
3.32000	506
3.32167	507
3.32333	507
3.32500	507
3.32667	507
3.32833	507
3.33000	508
3.33167	509
3.33333	508
3.33500	509
3.33667	509
3.33833	510
3.34000	509
3.34167	509
3.34333	510
3.34500	510
3.34667	511
3.34833	510
3.35000	511
3.35167	511
3.35333	511
3.35500	512
3.35667	511
3.35833	512
3.36000	512
3.36167	512
3.36333	512
3.36500	512
3.36667	513
3.36833	512
3.37000	513
3.37167	513
3.37333	513
3.37500	513
3.37667	514
3.37833	513
3.38000	514
3.38167	513
3.38333	514
3.38500	514
3.38667	514
3.38833	515
3.39000	514
3.39167	515
3.39333	515
3.39500	515
3.39667	515
3.39833	516
3.40000	515
3.40167	517
3.40333	516
3.40500	517
3.40667	517
3.40833	518
3.41000	518
3.41167	518
3.41333	518
3.41500	519
3.41667	518
3.41833	519
3.42000	520
3.42167	519
3.42333	520
3.42500	519
3.42667	520
3.42833	521
3.43000	520
3.43167	521
3.43333	520
3.43500	521
3.43667	521
3.43833	521
3.44000	521
3.44167	521
3.44333	521
3.44500	522
3.44667	521
3.44833	521
3.45000	521
3.45167	521
3.45333	522
3.45500	521
3.45667	521
3.45833	521
3.46000	521
3.46167	521
3.46333	522
3.46500	521
3.46667	521
3.46833	522
3.47000	521
3.47167	521
3.47333	522
3.47500	521
3.47667	522
3.47833	521
3.48000	522
3.48167	522
3.48333	522
3.48500	523
3.48667	522
3.48833	523
3.49000	523
3.49167	524
3.49333	524
3.49500	524
3.49667	524
3.49833	525
3.50000	525
3.50167	525
3.50333	526
3.50500	527
3.50667	527
3.50833	527
3.51000	527
3.51167	528
3.51333	528
3.51500	529
3.51667	529
3.51833	530
3.52000	530
3.52167	530
3.52333	531
3.52500	532
3.52667	531
3.52833	532
3.53000	532
3.53167	533
3.53333	532
3.53500	533
3.53667	534
3.53833	533
3.54000	534
3.54167	534
3.54333	534
3.54500	534
3.54667	535
3.54833	534
3.55000	535
3.55167	535
3.55333	535
3.55500	534
3.55667	536
3.55833	535
3.56000	535
3.56167	535
3.56333	536
3.56500	536
3.56667	535
3.56833	537
3.57000	536
3.57167	536
3.57333	537
3.57500	537
3.57667	537
3.57833	538
3.58000	538
3.58167	539
3.58333	538
3.58500	539
3.58667	539
3.58833	540
3.59000	540
3.59167	540
3.59333	541
3.59500	541
3.59667	541
3.59833	542
3.60000	542
3.60167	543
3.60333	543
3.60500	543
3.60667	543
3.60833	544
3.61000	545
3.61167	544
3.61333	545
3.61500	546
3.61667	545
3.61833	546
3.62000	546
3.62167	547
3.62333	547
3.62500	547
3.62667	547
3.62833	548
3.63000	548
3.63167	548
3.63333	548
3.63500	548
3.63667	549
3.63833	549
3.64000	549
3.64167	549
3.64333	550
3.64500	549
3.64667	550
3.64833	550
3.65000	550
3.65167	550
3.65333	551
3.65500	550
3.65667	551
3.65833	551
3.66000	551
3.66167	552
3.66333	551
3.66500	552
3.66667	552
3.66833	552
3.67000	553
3.67167	552
3.67333	554
3.67500	553
3.67667	553
3.67833	555
3.68000	554
3.68167	554
3.68333	555
3.68500	555
3.68667	555
3.68833	555
3.69000	556
3.69167	556
3.69333	556
3.69500	556
3.69667	557
3.69833	556
3.70000	557
3.70167	557
3.70333	557
3.70500	558
3.70667	558
3.70833	558
3.71000	558
3.71167	559
3.71333	559
3.71500	560
3.71667	560
3.71833	560
3.72000	561
3.72167	561
3.72333	561
3.72500	562
3.72667	562
3.72833	563
3.73000	563
3.73167	564
3.73333	564
3.73500	565
3.73667	566
3.73833	566
3.74000	567
3.74167	567
3.74333	568
3.74500	569
3.74667	570
3.74833	570
3.75000	571
3.75167	571
3.75333	573
3.75500	573
3.75667	574
3.75833	575
3.76000	575
3.76167	576
3.76333	577
3.76500	578
3.76667	579
3.76833	580
3.77000	581
3.77167	581
3.77333	582
3.77500	583
3.77667	583
3.77833	585
3.78000	585
3.78167	586
3.78333	586
3.78500	587
3.78667	588
3.78833	588
3.79000	590
3.79167	590
3.79333	591
3.79500	592
3.79667	592
3.79833	594
3.80000	595
3.80167	595
3.80333	597
3.80500	597
3.80667	599
3.80833	599
3.81000	600
3.81167	602
3.81333	602
3.81500	604
3.81667	604
3.81833	605
3.82000	606
3.82167	608
3.82333	608
3.82500	609
3.82667	611
3.82833	611
3.83000	612
3.83167	614
3.83333	614
3.83500	616
3.83667	617
3.83833	618
3.84000	619
3.84167	621
3.84333	622
3.84500	622
3.84667	625
3.84833	625
3.85000	627
3.85167	628
3.85333	630
3.85500	631
3.85667	632
3.85833	633
3.86000	635
3.86167	636
3.86333	638
3.86500	639
3.86667	640
3.86833	641
3.87000	643
3.87167	644
3.87333	645
3.87500	647
3.87667	648
3.87833	649
3.88000	651
3.88167	651
3.88333	654
3.88500	654
3.88667	656
3.88833	657
3.89000	659
3.89167	660
3.89333	661
3.89500	662
3.89667	664
3.89833	665
3.90000	666
3.90167	668
3.90333	670
3.90500	670
3.90667	672
3.90833	673
3.91000	675
3.91167	675
3.91333	677
3.91500	679
3.91667	679
3.91833	681
3.92000	682
3.92167	683
3.92333	685
3.92500	685
3.92667	687
3.92833	688
3.93000	690
3.93167	690
3.93333	691
3.93500	693
3.93667	694
3.93833	694
3.94000	696
3.94167	697
3.94333	698
3.94500	700
3.94667	700
3.94833	701
3.95000	703
3.95167	703
3.95333	704
3.95500	706
3.95667	706
3.95833	707
3.96000	708
3.96167	709
3.96333	711
3.96500	711
3.96667	712
3.96833	712
3.97000	714
3.97167	714
3.97333	716
3.97500	715
3.97667	717
3.97833	717
3.98000	718
3.98167	718
3.98333	719
3.98500	720
3.98667	720
3.98833	721
3.99000	721
3.99167	722
3.99333	723
3.99500	723
3.99667	723
3.99833	724
4.00000	724
4.00167	725
4.00333	725
4.00500	725
4.00667	726
4.00833	726
4.01000	727
4.01167	727
4.01333	727
4.01500	728
4.01667	727
4.01833	728
4.02000	729
4.02167	728
4.02333	729
4.02500	730
4.02667	729
4.02833	730
4.03000	731
4.03167	730
4.03333	732
4.03500	731
4.03667	732
4.03833	732
4.04000	733
4.04167	732
4.04333	734
4.04500	733
4.04667	734
4.04833	734
4.05000	735
4.05167	734
4.05333	736
4.05500	735
4.05667	736
4.05833	736
4.06000	736
4.06167	736
4.06333	737
4.06500	737
4.06667	737
4.06833	737
4.07000	737
4.07167	738
4.07333	737
4.07500	738
4.07667	738
4.07833	738
4.08000	738
4.08167	738
4.08333	739
4.08500	738
4.08667	739
4.08833	738
4.09000	739
4.09167	738
4.09333	739
4.09500	739
4.09667	739
4.09833	739
4.10000	739
4.10167	739
4.10333	739
4.10500	740
4.10667	739
4.10833	739
4.11000	740
4.11167	739
4.11333	739
4.11500	740
4.11667	739
4.11833	739
4.12000	739
4.12167	739
4.12333	739
4.12500	739
4.12667	739
4.12833	739
4.13000	738
4.13167	738
4.13333	739
4.13500	738
4.13667	737
4.13833	738
4.14000	738
4.14167	737
4.14333	737
4.14500	737
4.14667	737
4.14833	737
4.15000	737
4.15167	736
4.15333	737
4.15500	736
4.15667	737
4.15833	736
4.16000	736
4.16167	736
4.16333	737
4.16500	736
4.16667	736
4.16833	737
4.17000	736
4.17167	737
4.17333	737
4.17500	737
4.17667	737
4.17833	737
4.18000	738
4.18167	737
4.18333	737
4.18500	738
4.18667	738
4.18833	738
4.19000	738
4.19167	738
4.19333	739
4.19500	738
4.19667	738
4.19833	739
4.20000	739
4.20167	738
4.20333	739
4.20500	738
4.20667	739
4.20833	739
4.21000	739
4.21167	740
4.21333	739
4.21500	740
4.21667	739
4.21833	740
4.22000	739
4.22167	740
4.22333	740
4.22500	739
4.22667	740
4.22833	740
4.23000	740
4.23167	740
4.23333	740
4.23500	739
4.23667	740
4.23833	739
4.24000	740
4.24167	739
4.24333	740
4.24500	740
4.24667	739
4.24833	740
4.25000	739
4.25167	740
4.25333	740
4.25500	739
4.25667	739
4.25833	740
4.26000	739
4.26167	740
4.26333	740
4.26500	740
4.26667	739
4.26833	740
4.27000	740
4.27167	741
4.27333	740
4.27500	740
4.27667	740
4.27833	741
4.28000	740
4.28167	740
4.28333	741
4.28500	741
4.28667	741
4.28833	740
4.29000	741
4.29167	740
4.29333	741
4.29500	740
4.29667	741
4.29833	740
4.30000	740
4.30167	740
4.30333	740
4.30500	740
4.30667	740
4.30833	740
4.31000	739
4.31167	739
4.31333	740
4.31500	739
4.31667	739
4.31833	739
4.32000	738
4.32167	739
4.32333	738
4.32500	739
4.32667	739
4.32833	738
4.33000	738
4.33167	738
4.33333	738
4.33500	737
4.33667	738
4.33833	737
4.34000	737
4.34167	737
4.34333	737
4.34500	736
4.34667	737
4.34833	736
4.35000	736
4.35167	737
4.35333	736
4.35500	737
4.35667	736
4.35833	736
4.36000	736
4.36167	737
4.36333	736
4.36500	736
4.36667	736
4.36833	737
4.37000	736
4.37167	737
4.37333	737
4.37500	736
4.37667	737
4.37833	736
4.38000	737
4.38167	736
4.38333	737
4.38500	737
4.38667	737
4.38833	737
4.39000	738
4.39167	737
4.39333	737
4.39500	737
4.39667	738
4.39833	737
4.40000	738
4.40167	737
4.40333	738
4.40500	737
4.40667	738
4.40833	738
4.41000	737
4.41167	738
4.41333	738
4.41500	737
4.41667	738
4.41833	737
4.42000	737
4.42167	737
4.42333	737
4.42500	736
4.42667	737
4.42833	737
4.43000	736
4.43167	737
4.43333	736
4.43500	736
4.43667	735
4.43833	736
4.44000	735
4.44167	735
4.44333	735
4.44500	735
4.44667	735
4.44833	735
4.45000	734
4.45167	735
4.45333	734
4.45500	735
4.45667	734
4.45833	735
4.46000	734
4.46167	735
4.46333	734
4.46500	735
4.46667	735
4.46833	734
4.47000	735
4.47167	735
4.47333	736
4.47500	735
4.47667	735
4.47833	735
4.48000	735
4.48167	735
4.48333	735
4.48500	736
4.48667	735
4.48833	736
4.49000	735
4.49167	736
4.49333	735
4.49500	736
4.49667	735
4.49833	736
4.50000	735
4.50167	736
4.50333	736
4.50500	735
4.50667	736
4.50833	735
4.51000	736
4.51167	735
4.51333	735
4.51500	736
4.51667	735
4.51833	735
4.52000	735
4.52167	734
4.52333	735
4.52500	735
4.52667	734
4.52833	735
4.53000	734
4.53167	734
4.53333	735
4.53500	734
4.53667	734
4.53833	734
4.54000	734
4.54167	734
4.54333	734
4.54500	734
4.54667	734
4.54833	734
4.55000	733
4.55167	734
4.55333	734
4.55500	734
4.55667	733
4.55833	734
4.56000	733
4.56167	734
4.56333	733
4.56500	733
4.56667	733
4.56833	733
4.57000	732
4.57167	732
4.57333	733
4.57500	732
4.57667	732
4.57833	731
4.58000	731
4.58167	731
4.58333	731
4.58500	731
4.58667	731
4.58833	731
4.59000	731
4.59167	730
4.59333	731
4.59500	730
4.59667	730
4.59833	731
4.60000	730
4.60167	731
4.60333	730
4.60500	731
4.60667	730
4.60833	731
4.61000	730
4.61167	730
4.61333	730
4.61500	731
4.61667	730
4.61833	730
4.62000	731
4.62167	730
4.62333	731
4.62500	731
4.62667	731
4.62833	731
4.63000	731
4.63167	731
4.63333	731
4.63500	732
4.63667	731
4.63833	732
4.64000	731
4.64167	731
4.64333	731
4.64500	732
4.64667	731
4.64833	731
4.65000	732
4.65167	731
4.65333	731
4.65500	731
4.65667	731
4.65833	731
4.66000	730
4.66167	731
4.66333	730
4.66500	730
4.66667	729
4.66833	730
4.67000	729
4.67167	728
4.67333	728
4.67500	728
4.67667	727
4.67833	727
4.68000	727
4.68167	726
4.68333	726
4.68500	725
4.68667	725
4.68833	725
4.69000	724
4.69167	724
4.69333	724
4.69500	724
4.69667	724
4.69833	723
4.70000	722
4.70167	723
4.70333	722
4.70500	723
4.70667	722
4.70833	722
4.71000	722
4.71167	722
4.71333	721
4.71500	722
4.71667	721
4.71833	722
4.72000	721
4.72167	721
4.72333	721
4.72500	721
4.72667	721
4.72833	721
4.73000	720
4.73167	721
4.73333	720
4.73500	721
4.73667	720
4.73833	720
4.74000	720
4.74167	719
4.74333	720
4.74500	719
4.74667	719
4.74833	719
4.75000	719
4.75167	719
4.75333	718
4.75500	718
4.75667	719
4.75833	718
4.76000	718
4.76167	718
4.76333	718
4.76500	718
4.76667	717
4.76833	717
4.77000	717
4.77167	717
4.77333	717
4.77500	716
4.77667	717
4.77833	716
4.78000	716
4.78167	716
4.78333	716
4.78500	716
4.78667	716
4.78833	715
4.79000	716
4.79167	715
4.79333	716
4.79500	715
4.79667	715
4.79833	715
4.80000	716
4.80167	715
4.80333	715
4.80500	714
4.80667	715
4.80833	715
4.81000	714
4.81167	714
4.81333	714
4.81500	714
4.81667	714
4.81833	714
4.82000	714
4.82167	713
4.82333	714
4.82500	713
4.82667	713
4.82833	713
4.83000	713
4.83167	712
4.83333	713
4.83500	713
4.83667	712
4.83833	713
4.84000	712
4.84167	711
4.84333	712
4.84500	711
4.84667	712
4.84833	711
4.85000	711
4.85167	710
4.85333	711
4.85500	711
4.85667	710
4.85833	710
4.86000	710
4.86167	709
4.86333	709
4.86500	709
4.86667	709
4.86833	708
4.87000	708
4.87167	708
4.87333	709
4.87500	707
4.87667	708
4.87833	707
4.88000	707
4.88167	707
4.88333	707
4.88500	706
4.88667	706
4.88833	706
4.89000	706
4.89167	706
4.89333	706
4.89500	705
4.89667	705
4.89833	706
4.90000	705
4.90167	705
4.90333	705
4.90500	705
4.90667	705
4.90833	705
4.91000	704
4.91167	705
4.91333	704
4.91500	705
4.91667	704
4.91833	704
4.92000	704
4.92167	704
4.92333	704
4.92500	704
4.92667	703
4.92833	704
4.93000	703
4.93167	703
4.93333	703
4.93500	703
4.93667	703
4.93833	702
4.94000	702
4.94167	702
4.94333	702
4.94500	702
4.94667	701
4.94833	702
4.95000	701
4.95167	700
4.95333	701
4.95500	700
4.95667	700
4.95833	700
4.96000	700
4.96167	700
4.96333	699
4.96500	700
4.96667	699
4.96833	700
4.97000	699
4.97167	699
4.97333	699
4.97500	698
4.97667	699
4.97833	698
4.98000	698
4.98167	698
4.98333	699
4.98500	698
4.98667	697
4.98833	698
4.99000	697
4.99167	697
4.99333	697
4.99500	696
4.99667	697
4.99833	696
5.00000	697
5.00167	696
5.00333	696
5.00500	696
5.00667	695
5.00833	696
5.01000	694
5.01167	695
5.01333	694
5.01500	694
5.01667	694
5.01833	693
5.02000	693
5.02167	693
5.02333	693
5.02500	693
5.02667	692
5.02833	692
5.03000	691
5.03167	691
5.03333	691
5.03500	690
5.03667	689
5.03833	690
5.04000	689
5.04167	688
5.04333	689
5.04500	688
5.04667	688
5.04833	687
5.05000	687
5.05167	686
5.05333	687
5.05500	685
5.05667	686
5.05833	685
5.06000	685
5.06167	684
5.06333	685
5.06500	684
5.06667	683
5.06833	684
5.07000	682
5.07167	683
5.07333	682
5.07500	683
5.07667	682
5.07833	682
5.08000	682
5.08167	681
5.08333	682
5.08500	681
5.08667	682
5.08833	681
5.09000	681
5.09167	681
5.09333	681
5.09500	681
5.09667	680
5.09833	681
5.10000	680
5.10167	680
5.10333	680
5.10500	680
5.10667	680
5.10833	679
5.11000	680
5.11167	678
5.11333	679
5.11500	679
5.11667	678
5.11833	678
5.12000	678
5.12167	677
5.12333	677
5.12500	677
5.12667	677
5.12833	676
5.13000	677
5.13167	676
5.13333	676
5.13500	676
5.13667	676
5.13833	676
5.14000	675
5.14167	676
5.14333	675
5.14500	676
5.14667	675
5.14833	676
5.15000	675
5.15167	676
5.15333	675
5.15500	675
5.15667	676
5.15833	675
5.16000	675
5.16167	675
5.16333	675
5.16500	675
5.16667	675
5.16833	675
5.17000	675
5.17167	675
5.17333	676
5.17500	675
5.17667	675
5.17833	676
5.18000	675
5.18167	676
5.18333	676
5.18500	676
5.18667	676
5.18833	676
5.19000	676
5.19167	676
5.19333	676
5.19500	676
5.19667	676
5.19833	676
5.20000	676
5.20167	676
5.20333	676
5.20500	676
5.20667	676
5.20833	675
5.21000	675
5.21167	675
5.21333	675
5.21500	675
5.21667	675
5.21833	674
5.22000	674
5.22167	674
5.22333	673
5.22500	674
5.22667	673
5.22833	673
5.23000	672
5.23167	673
5.23333	672
5.23500	672
5.23667	672
5.23833	671
5.24000	672
5.24167	671
5.24333	671
5.24500	671
5.24667	671
5.24833	670
5.25000	671
5.25167	670
5.25333	671
5.25500	670
5.25667	670
5.25833	670
5.26000	670
5.26167	670
5.26333	670
5.26500	669
5.26667	670
5.26833	670
5.27000	669
5.27167	670
5.27333	669
5.27500	670
5.27667	670
5.27833	669
5.28000	669
5.28167	669
5.28333	669
5.28500	669
5.28667	669
5.28833	668
5.29000	669
5.29167	669
5.29333	668
5.29500	668
5.29667	669
5.29833	668
5.30000	668
5.30167	667
5.30333	668
5.30500	667
5.30667	668
5.30833	667
5.31000	667
5.31167	667
5.31333	666
5.31500	667
5.31667	666
5.31833	666
5.32000	666
5.32167	666
5.32333	666
5.32500	665
5.32667	666
5.32833	665
5.33000	666
5.33167	665
5.33333	665
5.33500	665
5.33667	664
5.33833	665
5.34000	665
5.34167	665
5.34333	664
5.34500	665
5.34667	664
5.34833	664
5.35000	665
5.35167	664
5.35333	664
5.35500	663
5.35667	664
5.35833	663
5.36000	664
5.36167	662
5.36333	663
5.36500	662
5.36667	663
5.36833	661
5.37000	661
5.37167	661
5.37333	661
5.37500	660
5.37667	661
5.37833	659
5.38000	660
5.38167	659
5.38333	659
5.38500	659
5.38667	658
5.38833	659
5.39000	658
5.39167	658
5.39333	658
5.39500	657
5.39667	658
5.39833	658
5.40000	658
5.40167	658
5.40333	658
5.40500	658
5.40667	658
5.40833	658
5.41000	659
5.41167	658
5.41333	659
5.41500	659
5.41667	659
5.41833	660
5.42000	659
5.42167	660
5.42333	660
5.42500	660
5.42667	661
5.42833	660
5.43000	661
5.43167	661
5.43333	661
5.43500	661
5.43667	661
5.43833	661
5.44000	661
5.44167	662
5.44333	661
5.44500	661
5.44667	661
5.44833	661
5.45000	660
5.45167	661
5.45333	661
5.45500	660
5.45667	660
5.45833	660
5.46000	660
5.46167	659
5.46333	660
5.46500	659
5.46667	659
5.46833	658
5.47000	658
5.47167	658
5.47333	658
5.47500	658
5.47667	658
5.47833	657
5.48000	657
5.48167	657
5.48333	657
5.48500	657
5.48667	656
5.48833	656
5.49000	656
5.49167	656
5.49333	656
5.49500	656
5.49667	656
5.49833	656
5.50000	655
5.50167	656
5.50333	655
5.50500	655
5.50667	656
5.50833	656
5.51000	655
5.51167	656
5.51333	656
5.51500	655
5.51667	656
5.51833	655
5.52000	656
5.52167	656
5.52333	656
5.52500	656
5.52667	656
5.52833	656
5.53000	656
5.53167	656
5.53333	656
5.53500	656
5.53667	657
5.53833	657
5.54000	656
5.54167	657
5.54333	657
5.54500	658
5.54667	657
5.54833	657
5.55000	657
5.55167	657
5.55333	657
5.55500	657
5.55667	658
5.55833	657
5.56000	656
5.56167	657
5.56333	657
5.56500	657
5.56667	656
5.56833	657
5.57000	656
5.57167	657
5.57333	656
5.57500	656
5.57667	656
5.57833	656
5.58000	656
5.58167	656
5.58333	655
5.58500	656
5.58667	655
5.58833	656
5.59000	655
5.59167	655
5.59333	655
5.59500	655
5.59667	654
5.59833	655
5.60000	655
5.60167	655
5.60333	654
5.60500	655
5.60667	654
5.60833	655
5.61000	655
5.61167	655
5.61333	654
5.61500	655
5.61667	655
5.61833	655
5.62000	655
5.62167	655
5.62333	655
5.62500	655
5.62667	656
5.62833	655
5.63000	655
5.63167	655
5.63333	656
5.63500	655
5.63667	656
5.63833	655
5.64000	656
5.64167	656
5.64333	656
5.64500	656
5.64667	655
5.64833	656
5.65000	656
5.65167	656
5.65333	656
5.65500	656
5.65667	656
5.65833	656
5.66000	657
5.66167	656
5.66333	656
5.66500	656
5.66667	656
5.66833	656
5.67000	656
5.67167	656
5.67333	657
5.67500	656
5.67667	656
5.67833	656
5.68000	656
5.68167	656
5.68333	656
5.68500	656
5.68667	656
5.68833	656
5.69000	657
5.69167	656
5.69333	657
5.69500	657
5.69667	657
5.69833	657
5.70000	658
5.70167	658
5.70333	658
5.70500	658
5.70667	658
5.70833	659
5.71000	659
5.71167	659
5.71333	659
5.71500	660
5.71667	659
5.71833	659
5.72000	660
5.72167	660
5.72333	659
5.72500	660
5.72667	661
5.72833	660
5.73000	660
5.73167	660
5.73333	661
5.73500	660
5.73667	661
5.73833	660
5.74000	661
5.74167	660
5.74333	660
5.74500	661
5.74667	660
5.74833	660
5.75000	661
5.75167	660
5.75333	660
5.75500	660
5.75667	660
5.75833	660
5.76000	660
5.76167	660
5.76333	660
5.76500	660
5.76667	660
5.76833	660
5.77000	660
5.77167	660
5.77333	660
5.77500	660
5.77667	661
5.77833	660
5.78000	660
5.78167	661
5.78333	660
5.78500	660
5.78667	661
5.78833	660
5.79000	661
5.79167	660
5.79333	661
5.79500	660
5.79667	661
5.79833	660
5.80000	661
5.80167	661
5.80333	660
5.80500	661
5.80667	661
5.80833	660
5.81000	661
5.81167	661
5.81333	661
5.81500	661
5.81667	661
5.81833	662
5.82000	661
5.82167	661
5.82333	661
5.82500	662
5.82667	661
5.82833	662
5.83000	662
5.83167	662
5.83333	662
5.83500	663
5.83667	663
5.83833	663
5.84000	664
5.84167	664
5.84333	664
5.84500	664
5.84667	665
5.84833	664
5.85000	665
5.85167	666
5.85333	666
5.85500	666
5.85667	667
5.85833	666
5.86000	667
5.86167	667
5.86333	667
5.86500	667
5.86667	667
5.86833	668
5.87000	668
5.87167	668
5.87333	668
5.87500	667
5.87667	668
5.87833	668
5.88000	668
5.88167	668
5.88333	667
5.88500	668
5.88667	667
5.88833	667
5.89000	667
5.89167	667
5.89333	667
5.89500	667
5.89667	666
5.89833	666
5.90000	666
5.90167	666
5.90333	666
5.90500	665
5.90667	665
5.90833	666
5.91000	665
5.91167	665
5.91333	665
5.91500	665
5.91667	665
5.91833	664
5.92000	665
5.92167	664
5.92333	664
5.92500	664
5.92667	664
5.92833	664
5.93000	664
5.93167	663
5.93333	664
5.93500	663
5.93667	664
5.93833	664
5.94000	664
5.94167	663
5.94333	664
5.94500	664
5.94667	664
5.94833	664
5.95000	664
5.95167	664
5.95333	664
5.95500	664
5.95667	663
5.95833	664
5.96000	664
5.96167	664
5.96333	664
5.96500	664
5.96667	664
5.96833	664
5.97000	665
5.97167	664
5.97333	665
5.97500	664
5.97667	665
5.97833	665
5.98000	664
5.98167	665
5.98333	665
5.98500	665
5.98667	665
5.98833	665
5.99000	665
5.99167	665
5.99333	666
5.99500	666
5.99667	665
5.99833	666
6.00000	665
6.00167	665
6.00333	666
6.00500	665
6.00667	666
6.00833	666
6.01000	665
6.01167	666
6.01333	665
6.01500	666
6.01667	665
6.01833	666
6.02000	666
6.02167	665
6.02333	666
6.02500	666
6.02667	666
6.02833	666
6.03000	666
6.03167	666
6.03333	666
6.03500	666
6.03667	666
6.03833	666
6.04000	667
6.04167	666
6.04333	666
6.04500	666
6.04667	666
6.04833	667
6.05000	666
6.05167	666
6.05333	666
6.05500	667
6.05667	666
6.05833	667
6.06000	666
6.06167	666
6.06333	667
6.06500	666
6.06667	667
6.06833	666
6.07000	666
6.07167	667
6.07333	666
6.07500	666
6.07667	666
6.07833	666
6.08000	665
6.08167	666
6.08333	665
6.08500	666
6.08667	665
6.08833	665
6.09000	664
6.09167	665
6.09333	664
6.09500	664
6.09667	665
6.09833	664
6.10000	665
6.10167	664
6.10333	665
6.10500	664
6.10667	664
6.10833	665
6.11000	664
6.11167	664
6.11333	664
6.11500	664
6.11667	664
6.11833	664
6.12000	664
6.12167	664
6.12333	663
6.12500	664
6.12667	664
6.12833	664
6.13000	663
6.13167	664
6.13333	664
6.13500	664
6.13667	663
6.13833	664
6.14000	664
6.14167	664
6.14333	664
6.14500	664
6.14667	665
6.14833	664
6.15000	664
6.15167	665
6.15333	664
6.15500	665
6.15667	666
6.15833	665
6.16000	665
6.16167	666
6.16333	666
6.16500	666
6.16667	667
6.16833	666
6.17000	667
6.17167	667
6.17333	667
6.17500	667
6.17667	668
6.17833	667
6.18000	668
6.18167	668
6.18333	668
6.18500	669
6.18667	669
6.18833	669
6.19000	668
6.19167	669
6.19333	670
6.19500	669
6.19667	670
6.19833	669
6.20000	670
6.20167	670
6.20333	670
6.20500	669
6.20667	670
6.20833	670
6.21000	670
6.21167	669
6.21333	670
6.21500	670
6.21667	669
6.21833	670
6.22000	669
6.22167	669
6.22333	670
6.22500	669
6.22667	669
6.22833	668
6.23000	669
6.23167	669
6.23333	669
6.23500	669
6.23667	668
6.23833	669
6.24000	668
6.24167	669
6.24333	668
6.24500	668
6.24667	668
6.24833	668
6.25000	667
6.25167	668
6.25333	667
6.25500	668
6.25667	667
6.25833	667
6.26000	667
6.26167	667
6.26333	667
6.26500	666
6.26667	667
6.26833	666
6.27000	666
6.27167	667
6.27333	666
6.27500	666
6.27667	666
6.27833	666
6.28000	667
6.28167	667
6.28333	666
6.28500	667
6.28667	666
6.28833	667
6.29000	667
6.29167	667
6.29333	667
6.29500	667
6.29667	668
6.29833	667
6.30000	668
6.30167	668
6.30333	668
6.30500	668
6.30667	669
6.30833	669
6.31000	669
6.31167	669
6.31333	670
6.31500	670
6.31667	670
6.31833	670
6.32000	670
6.32167	670
6.32333	671
6.32500	670
6.32667	671
6.32833	671
6.33000	671
6.33167	671
6.33333	671
6.33500	671
6.33667	671
6.33833	671
6.34000	672
6.34167	671
6.34333	671
6.34500	671
6.34667	671
6.34833	671
6.35000	671
6.35167	671
6.35333	671
6.35500	670
6.35667	671
6.35833	670
6.36000	670
6.36167	670
6.36333	670
6.36500	670
6.36667	670
6.36833	670
6.37000	670
6.37167	670
6.37333	671
6.37500	670
6.37667	670
6.37833	671
6.38000	670
6.38167	670
6.38333	671
6.38500	670
6.38667	671
6.38833	671
6.39000	670
6.39167	671
6.39333	671
6.39500	671
6.39667	671
6.39833	671
6.40000	671
6.40167	671
6.40333	671
6.40500	671
6.40667	671
6.40833	671
6.41000	671
6.41167	670
6.41333	671
6.41500	671
6.41667	672
6.41833	671
6.42000	671
6.42167	671
6.42333	671
6.42500	671
6.42667	671
6.42833	671
6.43000	670
6.43167	671
6.43333	671
6.43500	671
6.43667	670
6.43833	671
6.44000	671
6.44167	671
6.44333	670
6.44500	671
6.44667	671
6.44833	670
6.45000	671
6.45167	671
6.45333	671
6.45500	670
6.45667	671
6.45833	670
6.46000	670
6.46167	671
6.46333	670
6.46500	670
6.46667	670
6.46833	669
6.47000	670
6.47167	670
6.47333	669
6.47500	670
6.47667	669
6.47833	670
6.48000	669
6.48167	668
6.48333	669
6.48500	669
6.48667	669
6.48833	669
6.49000	669
6.49167	669
6.49333	669
6.49500	669
6.49667	669
6.49833	669
6.50000	670
6.50167	669
6.50333	670
6.50500	670
6.50667	669
6.50833	670
6.51000	670
6.51167	670
6.51333	670
6.51500	671
6.51667	670
6.51833	671
6.52000	671
6.52167	670
6.52333	671
6.52500	671
6.52667	670
6.52833	671
6.53000	671
6.53167	670
6.53333	671
6.53500	671
6.53667	671
6.53833	671
6.54000	671
6.54167	670
6.54333	671
6.54500	671
6.54667	670
6.54833	671
6.55000	671
6.55167	670
6.55333	670
6.55500	671
6.55667	670
6.55833	671
6.56000	671
6.56167	671
6.56333	670
6.56500	671
6.56667	671
6.56833	671
6.57000	672
6.57167	671
6.57333	671
6.57500	672
6.57667	671
6.57833	672
6.58000	672
6.58167	672
6.58333	672
6.58500	672
6.58667	673
6.58833	672
6.59000	672
6.59167	673
6.59333	673
6.59500	672
6.59667	673
6.59833	673
6.60000	673
6.60167	674
6.60333	673
6.60500	673
6.60667	673
6.60833	673
6.61000	673
6.61167	673
6.61333	673
6.61500	673
6.61667	673
6.61833	672
6.62000	673
6.62167	672
6.62333	673
6.62500	672
6.62667	672
6.62833	672
6.63000	671
6.63167	672
6.63333	672
6.63500	672
6.63667	671
6.63833	672
6.64000	671
6.64167	671
6.64333	671
6.64500	671
6.64667	671
6.64833	671
6.65000	671
6.65167	670
6.65333	671
6.65500	671
6.65667	670
6.65833	671
6.66000	671
6.66167	671
6.66333	671
6.66500	671
6.66667	671
6.66833	671
6.67000	672
6.67167	671
6.67333	671
6.67500	672
6.67667	671
6.67833	672
6.68000	672
6.68167	672
6.68333	672
6.68500	672
6.68667	672
6.68833	672
6.69000	672
6.69167	672
6.69333	673
6.69500	672
6.69667	672
6.69833	673
6.70000	672
6.70167	672
6.70333	673
6.70500	673
6.70667	672
6.70833	673
6.71000	673
6.71167	673
6.71333	673
6.71500	673
6.71667	674
6.71833	673
6.72000	674
6.72167	673
6.72333	674
6.72500	674
6.72667	674
6.72833	674
6.73000	674
6.73167	675
6.73333	675
6.73500	675
6.73667	675
6.73833	675
6.74000	675
6.74167	676
6.74333	675
6.74500	676
6.74667	676
6.74833	675
6.75000	676
6.75167	676
6.75333	676
6.75500	676
6.75667	676
6.75833	675
6.76000	675
6.76167	676
6.76333	675
6.76500	675
6.76667	675
6.76833	675
6.77000	675
6.77167	675
6.77333	674
6.77500	675
6.77667	675
6.77833	674
6.78000	674
6.78167	674
6.78333	674
6.78500	674
6.78667	673
6.78833	674
6.79000	674
6.79167	673
6.79333	673
6.79500	673
6.79667	673
6.79833	673
6.80000	672
6.80167	673
6.80333	673
6.80500	672
6.80667	672
6.80833	672
6.81000	672
6.81167	672
6.81333	672
6.81500	672
6.81667	672
6.81833	673
6.82000	672
6.82167	672
6.82333	671
6.82500	672
6.82667	672
6.82833	672
6.83000	672
6.83167	672
6.83333	672
6.83500	673
6.83667	672
6.83833	673
6.84000	673
6.84167	673
6.84333	674
6.84500	673
6.84667	674
6.84833	674
6.85000	675
6.85167	674
6.85333	674
6.85500	675
6.85667	675
6.85833	676
6.86000	675
6.86167	676
6.86333	676
6.86500	676
6.86667	677
6.86833	676
6.87000	677
6.87167	677
6.87333	677
6.87500	677
6.87667	677
6.87833	678
6.88000	678
6.88167	677
6.88333	678
6.88500	678
6.88667	678
6.88833	678
6.89000	678
6.89167	678
6.89333	678
6.89500	678
6.89667	678
6.89833	678
6.90000	678
6.90167	678
6.90333	678
6.90500	678
6.90667	678
6.90833	678
6.91000	678
6.91167	677
6.91333	678
6.91500	678
6.91667	677
6.91833	678
6.92000	678
6.92167	677
6.92333	677
6.92500	678
6.92667	677
6.92833	677
6.93000	678
6.93167	677
6.93333	677
6.93500	678
6.93667	677
6.93833	677
6.94000	677
6.94167	678
6.94333	677
6.94500	677
6.94667	677
6.94833	677
6.95000	677
6.95167	677
6.95333	676
6.95500	677
6.95667	677
6.95833	677
6.96000	677
6.96167	676
6.96333	677
6.96500	676
6.96667	677
6.96833	677
6.97000	677
6.97167	677
6.97333	677
6.97500	677
6.97667	677
6.97833	678
6.98000	677
6.98167	678
6.98333	677
6.98500	678
6.98667	677
6.98833	678
6.99000	678
6.99167	677
6.99333	678
6.99500	678
6.99667	678
6.99833	677
7.00000	678
7.00167	677
7.00333	678
7.00500	677
7.00667	678
7.00833	677
7.01000	677
7.01167	678
7.01333	677
7.01500	677
7.01667	677
7.01833	677
7.02000	677
7.02167	677
7.02333	677
7.02500	677
7.02667	676
7.02833	676
7.03000	677
7.03167	676
7.03333	676
7.03500	677
7.03667	676
7.03833	676
7.04000	676
7.04167	676
7.04333	675
7.04500	676
7.04667	675
7.04833	676
7.05000	675
7.05167	676
7.05333	675
7.05500	675
7.05667	675
7.05833	675
7.06000	675
7.06167	675
7.06333	675
7.06500	675
7.06667	675
7.06833	675
7.07000	675
7.07167	675
7.07333	675
7.07500	676
7.07667	675
7.07833	675
7.08000	676
7.08167	675
7.08333	676
7.08500	675
7.08667	676
7.08833	676
7.09000	675
7.09167	676
7.09333	676
7.09500	676
7.09667	676
7.09833	676
7.10000	677
7.10167	676
7.10333	676
7.10500	677
7.10667	676
7.10833	677
7.11000	677
7.11167	678
7.11333	677
7.11500	678
7.11667	678
7.11833	678
7.12000	678
7.12167	679
7.12333	679
7.12500	679
7.12667	679
7.12833	680
7.13000	679
7.13167	680
7.13333	679
7.13500	680
7.13667	679
7.13833	680
7.14000	680
7.14167	680
7.14333	680
7.14500	680
7.14667	680
7.14833	681
7.15000	680
7.15167	680
7.15333	680
7.15500	680
7.15667	680
7.15833	680
7.16000	679
7.16167	680
7.16333	680
7.16500	680
7.16667	679
7.16833	680
7.17000	680
7.17167	680
7.17333	679
7.17500	679
7.17667	680
7.17833	679
7.18000	679
7.18167	679
7.18333	680
7.18500	679
7.18667	679
7.18833	679
7.19000	679
7.19167	679
7.19333	679
7.19500	679
7.19667	678
7.19833	679
7.20000	679
7.20167	679
7.20333	678
7.20500	679
7.20667	679
7.20833	678
7.21000	679
7.21167	679
7.21333	678
7.21500	679
7.21667	679
7.21833	678
7.22000	679
7.22167	679
7.22333	679
7.22500	678
7.22667	679
7.22833	679
7.23000	679
7.23167	679
7.23333	679
7.23500	680
7.23667	679
7.23833	680
7.24000	679
7.24167	680
7.24333	680
7.24500	680
7.24667	680
7.24833	680
7.25000	681
7.25167	681
7.25333	680
7.25500	681
7.25667	681
7.25833	681
7.26000	681
7.26167	681
7.26333	680
7.26500	681
7.26667	681
7.26833	681
7.27000	680
7.27167	681
7.27333	681
7.27500	680
7.27667	681
7.27833	680
7.28000	681
7.28167	681
7.28333	680
7.28500	680
7.28667	681
7.28833	680
7.29000	680
7.29167	681
7.29333	680
7.29500	680
7.29667	681
7.29833	680
7.30000	681
7.30167	680
7.30333	681
7.30500	681
7.30667	680
7.30833	682
7.31000	681
7.31167	681
7.31333	681
7.31500	681
7.31667	682
7.31833	681
7.32000	681
7.32167	682
7.32333	681
7.32500	681
7.32667	682
7.32833	681
7.33000	682
7.33167	681
7.33333	681
7.33500	682
7.33667	682
7.33833	682
7.34000	682
7.34167	682
7.34333	682
7.34500	682
7.34667	682
7.34833	682
7.35000	683
7.35167	682
7.35333	683
7.35500	683
7.35667	683
7.35833	683
7.36000	683
7.36167	684
7.36333	683
7.36500	684
7.36667	684
7.36833	683
7.37000	685
7.37167	684
7.37333	684
7.37500	685
7.37667	685
7.37833	684
7.38000	685
7.38167	685
7.38333	686
7.38500	685
7.38667	685
7.38833	685
7.39000	685
7.39167	685
7.39333	686
7.39500	685
7.39667	685
7.39833	686
7.40000	685
7.40167	686
7.40333	685
7.40500	685
7.40667	685
7.40833	686
7.41000	685
7.41167	685
7.41333	686
7.41500	685
7.41667	686
7.41833	686
7.42000	686
7.42167	686
7.42333	686
7.42500	686
7.42667	687
7.42833	686
7.43000	687
7.43167	687
7.43333	686
7.43500	687
7.43667	687
7.43833	687
7.44000	687
7.44167	688
7.44333	687
7.44500	688
7.44667	688
7.44833	687
7.45000	688
7.45167	688
7.45333	688
7.45500	688
7.45667	688
7.45833	688
7.46000	688
7.46167	688
7.46333	688
7.46500	688
7.46667	688
7.46833	688
7.47000	688
7.47167	688
7.47333	688
7.47500	688
7.47667	688
7.47833	689
7.48000	688
7.48167	689
7.48333	688
7.48500	689
7.48667	688
7.48833	689
7.49000	689
7.49167	689
7.49333	689
7.49500	689
7.49667	689
7.49833	690
7.50000	689
7.50167	690
7.50333	689
7.50500	690
7.50667	689
7.50833	690
7.51000	690
7.51167	690
7.51333	690
7.51500	690
7.51667	689
7.51833	690
7.52000	690
7.52167	690
7.52333	690
7.52500	689
7.52667	690
7.52833	690
7.53000	689
7.53167	689
7.53333	690
7.53500	689
7.53667	690
7.53833	689
7.54000	689
7.54167	688
7.54333	689
7.54500	689
7.54667	689
7.54833	689
7.55000	689
7.55167	689
7.55333	689
7.55500	689
7.55667	689
7.55833	689
7.56000	689
7.56167	689
7.56333	689
7.56500	689
7.56667	689
7.56833	690
7.57000	690
7.57167	690
7.57333	690
7.57500	690
7.57667	690
7.57833	691
7.58000	691
7.58167	691
7.58333	692
7.58500	691
7.58667	692
7.58833	692
7.59000	693
7.59167	693
7.59333	693
7.59500	693
7.59667	694
7.59833	694
7.60000	694
7.60167	694
7.60333	694
7.60500	695
7.60667	696
7.60833	695
7.61000	695
7.61167	696
7.61333	696
7.61500	696
7.61667	696
7.61833	696
7.62000	696
7.62167	696
7.62333	696
7.62500	696
7.62667	696
7.62833	697
7.63000	696
7.63167	697
7.63333	696
7.63500	697
7.63667	698
7.63833	697
7.64000	697
7.64167	697
7.64333	698
7.64500	698
7.64667	698
7.64833	698
7.65000	698
7.65167	699
7.65333	698
7.65500	700
7.65667	699
7.65833	700
7.66000	700
7.66167	700
7.66333	700
7.66500	701
7.66667	701
7.66833	702
7.67000	702
7.67167	702
7.67333	703
7.67500	703
7.67667	703
7.67833	704
7.68000	704
7.68167	704
7.68333	705
7.68500	704
7.68667	705
7.68833	706
7.69000	705
7.69167	706
7.69333	706
7.69500	707
7.69667	706
7.69833	707
7.70000	707
7.70167	707
7.70333	708
7.70500	708
7.70667	708
7.70833	709
7.71000	709
7.71167	709
7.71333	710
7.71500	710
7.71667	711
7.71833	711
7.72000	712
7.72167	712
7.72333	713
7.72500	713
7.72667	714
7.72833	715
7.73000	715
7.73167	716
7.73333	717
7.73500	717
7.73667	718
7.73833	719
7.74000	719
7.74167	720
7.74333	721
7.74500	722
7.74667	722
7.74833	723
7.75000	724
7.75167	724
7.75333	725
7.75500	725
7.75667	726
7.75833	727
7.76000	728
7.76167	728
7.76333	729
7.76500	730
7.76667	731
7.76833	731
7.77000	733
7.77167	733
7.77333	734
7.77500	735
7.77667	735
7.77833	737
7.78000	738
7.78167	738
7.78333	740
7.78500	741
7.78667	741
7.78833	742
7.79000	744
7.79167	745
7.79333	746
7.79500	746
7.79667	748
7.79833	749
7.80000	751
7.80167	751
7.80333	752
7.80500	753
7.80667	754
7.80833	756
7.81000	756
7.81167	757
7.81333	759
7.81500	760
7.81667	761
7.81833	761
7.82000	764
7.82167	764
7.82333	765
7.82500	767
7.82667	767
7.82833	769
7.83000	770
7.83167	771
7.83333	773
7.83500	774
7.83667	774
7.83833	777
7.84000	777
7.84167	779
7.84333	780
7.84500	782
7.84667	783
7.84833	784
7.85000	786
7.85167	788
7.85333	789
7.85500	790
7.85667	792
7.85833	794
7.86000	795
7.86167	797
7.86333	798
7.86500	800
7.86667	802
7.86833	803
7.87000	805
7.87167	806
7.87333	808
7.87500	810
7.87667	811
7.87833	813
7.88000	815
7.88167	817
7.88333	818
7.88500	820
7.88667	822
7.88833	824
7.89000	825
7.89167	827
7.89333	829
7.89500	831
7.89667	833
7.89833	834
7.90000	837
7.90167	838
7.90333	840
7.90500	843
7.90667	844
7.90833	846
7.91000	847
7.91167	850
7.91333	851
7.91500	853
7.91667	855
7.91833	856
7.92000	858
7.92167	861
7.92333	861
7.92500	864
7.92667	865
7.92833	866
7.93000	868
7.93167	870
7.93333	871
7.93500	873
7.93667	874
7.93833	875
7.94000	877
7.94167	878
7.94333	880
7.94500	881
7.94667	882
7.94833	883
7.95000	884
7.95167	885
7.95333	887
7.95500	888
7.95667	889
7.95833	891
7.96000	891
7.96167	893
7.96333	894
7.96500	895
7.96667	897
7.96833	897
7.97000	899
7.97167	901
7.97333	901
7.97500	902
7.97667	904
7.97833	905
7.98000	906
7.98167	907
7.98333	908
7.98500	909
7.98667	910
7.98833	912
7.99000	912
7.99167	914
7.99333	914
7.99500	916
7.99667	916
7.99833	917
8.00000	918
8.00167	919
8.00333	920
8.00500	920
8.00667	922
8.00833	922
8.01000	922
8.01167	924
8.01333	924
8.01500	924
8.01667	926
8.01833	925
8.02000	927
8.02167	926
8.02333	927
8.02500	927
8.02667	928
8.02833	928
8.03000	927
8.03167	929
8.03333	928
8.03500	929
8.03667	928
8.03833	929
8.04000	929
8.04167	928
8.04333	929
8.04500	928
8.04667	928
8.04833	928
8.05000	928
8.05167	927
8.05333	928
8.05500	927
8.05667	927
8.05833	926
8.06000	925
8.06167	925
8.06333	925
8.06500	924
8.06667	923
8.06833	922
8.07000	922
8.07167	921
8.07333	921
8.07500	920
8.07667	920
8.07833	918
8.08000	918
8.08167	917
8.08333	917
8.08500	915
8.08667	915
8.08833	914
8.09000	913
8.09167	913
8.09333	911
8.09500	910
8.09667	910
8.09833	908
8.10000	908
8.10167	906
8.10333	906
8.10500	904
8.10667	903
8.10833	902
8.11000	902
8.11167	900
8.11333	898
8.11500	898
8.11667	896
8.11833	895
8.12000	894
8.12167	892
8.12333	891
8.12500	889
8.12667	888
8.12833	887
8.13000	886
8.13167	884
8.13333	882
8.13500	882
8.13667	879
8.13833	879
8.14000	876
8.14167	875
8.14333	874
8.14500	872
8.14667	871
8.14833	869
8.15000	868
8.15167	867
8.15333	865
8.15500	864
8.15667	862
8.15833	861
8.16000	859
8.16167	858
8.16333	857
8.16500	855
8.16667	853
8.16833	852
8.17000	850
8.17167	850
8.17333	848
8.17500	846
8.17667	845
8.17833	844
8.18000	842
8.18167	841
8.18333	839
8.18500	838
8.18667	837
8.18833	834
8.19000	834
8.19167	831
8.19333	831
8.19500	828
8.19667	827
8.19833	826
8.20000	825
8.20167	822
8.20333	821
8.20500	820
8.20667	818
8.20833	817
8.21000	815
8.21167	814
8.21333	813
8.21500	811
8.21667	809
8.21833	808
8.22000	807
8.22167	805
8.22333	804
8.22500	802
8.22667	801
8.22833	800
8.23000	798
8.23167	797
8.23333	796
8.23500	795
8.23667	793
8.23833	792
8.24000	791
8.24167	789
8.24333	788
8.24500	787
8.24667	786
8.24833	785
8.25000	783
8.25167	782
8.25333	781
8.25500	780
8.25667	779
8.25833	777
8.26000	777
8.26167	775
8.26333	774
8.26500	774
8.26667	772
8.26833	771
8.27000	769
8.27167	769
8.27333	768
8.27500	767
8.27667	766
8.27833	764
8.28000	764
8.28167	762
8.28333	762
8.28500	760
8.28667	759
8.28833	759
8.29000	757
8.29167	756
8.29333	755
8.29500	755
8.29667	753
8.29833	752
8.30000	752
8.30167	750
8.30333	750
8.30500	749
8.30667	748
8.30833	747
8.31000	747
8.31167	746
8.31333	745
8.31500	744
8.31667	744
8.31833	743
8.32000	742
8.32167	741
8.32333	741
8.32500	740
8.32667	739
8.32833	738
8.33000	737
8.33167	737
8.33333	736
8.33500	735
8.33667	734
8.33833	733
8.34000	732
8.34167	732
8.34333	731
8.34500	731
8.34667	729
8.34833	728
8.35000	728
8.35167	727
8.35333	726
8.35500	725
8.35667	725
8.35833	724
8.36000	724
8.36167	722
8.36333	722
8.36500	722
8.36667	721
8.36833	720
8.37000	720
8.37167	720
8.37333	719
8.37500	719
8.37667	718
8.37833	719
8.38000	717
8.38167	718
8.38333	717
8.38500	717
8.38667	717
8.38833	717
8.39000	716
8.39167	716
8.39333	715
8.39500	715
8.39667	715
8.39833	715
8.40000	714
8.40167	713
8.40333	714
8.40500	713
8.40667	713
8.40833	712
8.41000	712
8.41167	711
8.41333	712
8.41500	710
8.41667	711
8.41833	710
8.42000	709
8.42167	709
8.42333	709
8.42500	708
8.42667	707
8.42833	708
8.43000	707
8.43167	706
8.43333	706
8.43500	706
8.43667	706
8.43833	705
8.44000	705
8.44167	705
8.44333	704
8.44500	705
8.44667	704
8.44833	704
8.45000	704
8.45167	703
8.45333	704
8.45500	703
8.45667	704
8.45833	703
8.46000	704
8.46167	703
8.46333	704
8.46500	703
8.46667	703
8.46833	703
8.47000	703
8.47167	703
8.47333	704
8.47500	703
8.47667	703
8.47833	703
8.48000	703
8.48167	703
8.48333	703
8.48500	703
8.48667	703
8.48833	702
8.49000	702
8.49167	703
8.49333	701
8.49500	702
8.49667	702
8.49833	701
8.50000	701
8.50167	701
8.50333	701
8.50500	700
8.50667	700
8.50833	700
8.51000	700
8.51167	699
8.51333	700
8.51500	699
8.51667	699
8.51833	699
8.52000	700
8.52167	699
8.52333	699
8.52500	698
8.52667	699
8.52833	699
8.53000	699
8.53167	698
8.53333	699
8.53500	699
8.53667	699
8.53833	699
8.54000	698
8.54167	699
8.54333	698
8.54500	699
8.54667	698
8.54833	698
8.55000	699
8.55167	698
8.55333	698
8.55500	698
8.55667	698
8.55833	698
8.56000	697
8.56167	698
8.56333	697
8.56500	697
8.56667	697
8.56833	697
8.57000	696
8.57167	697
8.57333	696
8.57500	696
8.57667	696
8.57833	696
8.58000	696
8.58167	696
8.58333	695
8.58500	696
8.58667	695
8.58833	696
8.59000	696
8.59167	696
8.59333	696
8.59500	696
8.59667	696
8.59833	696
8.60000	696
8.60167	696
8.60333	696
8.60500	697
8.60667	696
8.60833	696
8.61000	696
8.61167	697
8.61333	696
8.61500	697
8.61667	697
8.61833	696
8.62000	697
8.62167	697
8.62333	696
8.62500	697
8.62667	696
8.62833	696
8.63000	696
8.63167	696
8.63333	696
8.63500	696
8.63667	696
8.63833	695
8.64000	696
8.64167	695
8.64333	696
8.64500	695
8.64667	695
8.64833	695
8.65000	696
8.65167	695
8.65333	695
8.65500	696
8.65667	695
8.65833	695
8.66000	695
8.66167	695
8.66333	695
8.66500	695
8.66667	696
8.66833	695
8.67000	695
8.67167	696
8.67333	695
8.67500	695
8.67667	696
8.67833	695
8.68000	695
8.68167	695
8.68333	696
8.68500	695
8.68667	695
8.68833	695
8.69000	696
8.69167	695
8.69333	696
8.69500	695
8.69667	696
8.69833	695
8.70000	696
8.70167	696
8.70333	696
8.70500	696
8.70667	696
8.70833	696
8.71000	696
8.71167	696
8.71333	696
8.71500	696
8.71667	697
8.71833	696
8.72000	696
8.72167	697
8.72333	696
8.72500	697
8.72667	696
8.72833	697
8.73000	697
8.73167	697
8.73333	697
8.73500	697
8.73667	697
8.73833	697
8.74000	697
8.74167	697
8.74333	698
8.74500	697
8.74667	697
8.74833	697
8.75000	696
8.75167	697
8.75333	697
8.75500	696
8.75667	696
8.75833	697
8.76000	695
8.76167	696
8.76333	696
8.76500	695
8.76667	695
8.76833	695
8.77000	695
8.77167	694
8.77333	694
8.77500	694
8.77667	693
8.77833	694
8.78000	693
8.78167	692
8.78333	693
8.78500	692
8.78667	692
8.78833	692
8.79000	691
8.79167	691
8.79333	692
8.79500	691
8.79667	691
8.79833	690
8.80000	691
8.80167	690
8.80333	691
8.80500	690
8.80667	690
8.80833	690
8.81000	690
8.81167	690
8.81333	689
8.81500	690
8.81667	690
8.81833	690
8.82000	690
8.82167	690
8.82333	689
8.82500	690
8.82667	689
8.82833	690
8.83000	690
8.83167	689
8.83333	690
8.83500	689
8.83667	690
8.83833	689
8.84000	690
8.84167	689
8.84333	690
8.84500	690
8.84667	690
8.84833	690
8.85000	690
8.85167	690
8.85333	691
8.85500	690
8.85667	690
8.85833	690
8.86000	690
8.86167	691
8.86333	690
8.86500	691
8.86667	690
8.86833	691
8.87000	691
8.87167	691
8.87333	691
8.87500	691
8.87667	691
8.87833	691
8.88000	691
8.88167	691
8.88333	691
8.88500	690
8.88667	691
8.88833	691
8.89000	690
8.89167	691
8.89333	691
8.89500	691
8.89667	690
8.89833	691
8.90000	691
8.90167	691
8.90333	692
8.90500	690
8.90667	691
8.90833	691
8.91000	691
8.91167	691
8.91333	691
8.91500	691
8.91667	692
8.91833	692
8.92000	692
8.92167	692
8.92333	693
8.92500	693
8.92667	693
8.92833	693
8.93000	693
8.93167	693
8.93333	693
8.93500	694
8.93667	693
8.93833	694
8.94000	694
8.94167	694
8.94333	694
8.94500	695
8.94667	694
8.94833	695
8.95000	695
8.95167	695
8.95333	695
8.95500	695
8.95667	696
8.95833	695
8.96000	695
8.96167	695
8.96333	696
8.96500	695
8.96667	695
8.96833	695
8.97000	695
8.97167	696
8.97333	695
8.97500	694
8.97667	695
8.97833	695
8.98000	695
8.98167	694
8.98333	695
8.98500	694
8.98667	694
8.98833	695
8.99000	694
8.99167	695
8.99333	694
8.99500	694
8.99667	694
8.99833	694
9.00000	694
9.00167	694
9.00333	694
9.00500	694
9.00667	694
9.00833	693
9.01000	694
9.01167	694
9.01333	694
9.01500	693
9.01667	694
9.01833	693
9.02000	693
9.02167	694
9.02333	693
9.02500	692
9.02667	693
9.02833	692
9.03000	693
9.03167	692
9.03333	692
9.03500	693
9.03667	692
9.03833	692
9.04000	691
9.04167	692
9.04333	692
9.04500	692
9.04667	692
9.04833	691
9.05000	692
9.05167	692
9.05333	692
9.05500	693
9.05667	692
9.05833	693
9.06000	692
9.06167	694
9.06333	693
9.06500	693
9.06667	694
9.06833	694
9.07000	694
9.07167	694
9.07333	694
9.07500	695
9.07667	694
9.07833	695
9.08000	695
9.08167	695
9.08333	696
9.08500	695
9.08667	696
9.08833	696
9.09000	696
9.09167	696
9.09333	697
9.09500	696
9.09667	697
9.09833	697
9.10000	697
9.10167	697
9.10333	697
9.10500	697
9.10667	697
9.10833	698
9.11000	697
9.11167	697
9.11333	697
9.11500	697
9.11667	697
9.11833	697
9.12000	697
9.12167	696
9.12333	697
9.12500	696
9.12667	696
9.12833	696
9.13000	696
9.13167	696
9.13333	695
9.13500	695
9.13667	696
9.13833	695
9.14000	695
9.14167	694
9.14333	695
9.14500	695
9.14667	695
9.14833	694
9.15000	694
9.15167	695
9.15333	695
9.15500	695
9.15667	695
9.15833	695
9.16000	695
9.16167	695
9.16333	696
9.16500	695
9.16667	695
9.16833	696
9.17000	696
9.17167	695
9.17333	696
9.17500	697
9.17667	696
9.17833	696
9.18000	696
9.18167	697
9.18333	696
9.18500	697
9.18667	696
9.18833	697
9.19000	696
9.19167	697
9.19333	696
9.19500	697
9.19667	696
9.19833	696
9.20000	697
9.20167	696
9.20333	696
9.20500	696
9.20667	696
9.20833	697
9.21000	696
9.21167	696
9.21333	697
9.21500	696
9.21667	696
9.21833	696
9.22000	695
9.22167	696
9.22333	695
9.22500	695
9.22667	695
9.22833	695
9.23000	696
9.23167	695
9.23333	694
9.23500	695
9.23667	695
9.23833	694
9.24000	694
9.24167	695
9.24333	694
9.24500	694
9.24667	694
9.24833	694
9.25000	695
9.25167	694
9.25333	695
9.25500	694
9.25667	695
9.25833	695
9.26000	695
9.26167	696
9.26333	695
9.26500	696
9.26667	696
9.26833	696
9.27000	697
9.27167	696
9.27333	697
9.27500	696
9.27667	697
9.27833	697
9.28000	697
9.28167	697
9.28333	697
9.28500	697
9.28667	698
9.28833	697
9.29000	698
9.29167	697
9.29333	697
9.29500	697
9.29667	697
9.29833	697
9.30000	697
9.30167	697
9.30333	696
9.30500	697
9.30667	696
9.30833	696
9.31000	697
9.31167	696
9.31333	696
9.31500	696
9.31667	696
9.31833	695
9.32000	696
9.32167	696
9.32333	696
9.32500	695
9.32667	696
9.32833	696
9.33000	696
9.33167	695
9.33333	696
9.33500	696
9.33667	696
9.33833	697
9.34000	696
9.34167	696
9.34333	696
9.34500	696
9.34667	696
9.34833	697
9.35000	696
9.35167	696
9.35333	696
9.35500	696
9.35667	696
9.35833	696
9.36000	696
9.36167	696
9.36333	695
9.36500	696
9.36667	695
9.36833	695
9.37000	696
9.37167	694
9.37333	695
9.37500	695
9.37667	695
9.37833	694
9.38000	694
9.38167	695
9.38333	694
9.38500	693
9.38667	694
9.38833	694
9.39000	693
9.39167	693
9.39333	694
9.39500	693
9.39667	693
9.39833	693
9.40000	693
9.40167	693
9.40333	693
9.40500	693
9.40667	693
9.40833	694
9.41000	693
9.41167	693
9.41333	693
9.41500	693
9.41667	693
9.41833	693
9.42000	693
9.42167	694
9.42333	693
9.42500	694
9.42667	694
9.42833	694
9.43000	694
9.43167	694
9.43333	694
9.43500	693
9.43667	695
9.43833	694
9.44000	694
9.44167	695
9.44333	695
9.44500	695
9.44667	695
9.44833	695
9.45000	695
9.45167	695
9.45333	695
9.45500	695
9.45667	696
9.45833	695
9.46000	696
9.46167	696
9.46333	695
9.46500	696
9.46667	695
9.46833	696
9.47000	695
9.47167	696
9.47333	695
9.47500	696
9.47667	695
9.47833	696
9.48000	695
9.48167	696
9.48333	695
9.48500	695
9.48667	695
9.48833	696
9.49000	695
9.49167	695
9.49333	695
9.49500	695
9.49667	695
9.49833	695
9.50000	696
9.50167	695
9.50333	695
9.50500	695
9.50667	695
9.50833	695
9.51000	695
9.51167	695
9.51333	695
9.51500	695
9.51667	696
9.51833	695
9.52000	695
9.52167	695
9.52333	696
9.52500	696
9.52667	695
9.52833	696
9.53000	695
9.53167	696
9.53333	695
9.53500	696
9.53667	695
9.53833	696
9.54000	696
9.54167	696
9.54333	695
9.54500	696
9.54667	695
9.54833	695
9.55000	696
9.55167	695
9.55333	695
9.55500	696
9.55667	695
9.55833	695
9.56000	695
9.56167	695
9.56333	695
9.56500	695
9.56667	695
9.56833	694
9.57000	694
9.57167	695
9.57333	694
9.57500	694
9.57667	695
9.57833	694
9.58000	693
9.58167	694
9.58333	693
9.58500	694
9.58667	693
9.58833	693
9.59000	694
9.59167	693
9.59333	693
9.59500	693
9.59667	693
9.59833	693
9.60000	693
9.60167	693
9.60333	693
9.60500	693
9.60667	693
9.60833	693
9.61000	694
9.61167	693
9.61333	694
9.61500	693
9.61667	694
9.61833	694
9.62000	694
9.62167	694
9.62333	695
9.62500	694
9.62667	694
9.62833	695
9.63000	694
9.63167	695
9.63333	694
9.63500	695
9.63667	694
9.63833	695
9.64000	695
9.64167	694
9.64333	695
9.64500	695
9.64667	694
9.64833	695
9.65000	695
9.65167	695
9.65333	694
9.65500	695
9.65667	695
9.65833	695
9.66000	695
9.66167	695
9.66333	695
9.66500	694
9.66667	695
9.66833	694
9.67000	695
9.67167	695
9.67333	694
9.67500	695
9.67667	694
9.67833	694
9.68000	694
9.68167	695
9.68333	694
9.68500	694
9.68667	694
9.68833	694
9.69000	694
9.69167	694
9.69333	694
9.69500	693
9.69667	693
9.69833	694
9.70000	693
9.70167	694
9.70333	693
9.70500	694
9.70667	693
9.70833	694
9.71000	694
9.71167	694
9.71333	694
9.71500	694
9.71667	695
9.71833	694
9.72000	695
9.72167	694
9.72333	695
9.72500	695
9.72667	695
9.72833	695
9.73000	695
9.73167	696
9.73333	695
9.73500	696
9.73667	696
9.73833	695
9.74000	696
9.74167	696
9.74333	696
9.74500	696
9.74667	696
9.74833	696
9.75000	696
9.75167	696
9.75333	696
9.75500	696
9.75667	696
9.75833	696
9.76000	696
9.76167	696
9.76333	696
9.76500	697
9.76667	696
9.76833	696
9.77000	696
9.77167	696
9.77333	696
9.77500	696
9.77667	696
9.77833	696
9.78000	695
9.78167	696
9.78333	695
9.78500	695
9.78667	696
9.78833	695
9.79000	695
9.79167	695
9.79333	695
9.79500	694
9.79667	695
9.79833	695
9.80000	694
9.80167	695
9.80333	694
9.80500	694
9.80667	694
9.80833	694
9.81000	695
9.81167	694
9.81333	694
9.81500	694
9.81667	694
9.81833	695
9.82000	694
9.82167	694
9.82333	695
9.82500	694
9.82667	695
9.82833	694
9.83000	695
9.83167	695
9.83333	694
9.83500	695
9.83667	695
9.83833	695
9.84000	695
9.84167	695
9.84333	695
9.84500	695
9.84667	695
9.84833	695
9.85000	695
9.85167	694
9.85333	695
9.85500	695
9.85667	695
9.85833	695
9.86000	695
9.86167	694
9.86333	695
9.86500	695
9.86667	694
9.86833	695
9.87000	694
9.87167	694
9.87333	695
9.87500	694
9.87667	694
9.87833	695
9.88000	694
9.88167	694
9.88333	693
9.88500	694
9.88667	694
9.88833	693
9.89000	694
9.89167	693
9.89333	694
9.89500	693
9.89667	693
9.89833	693
9.90000	693
9.90167	692
9.90333	693
9.90500	692
9.90667	693
9.90833	692
9.91000	693
9.91167	692
9.91333	693
9.91500	692
9.91667	693
9.91833	692
9.92000	693
9.92167	692
9.92333	692
9.92500	693
9.92667	692
9.92833	692
9.93000	693
9.93167	692
9.93333	692
9.93500	692
9.93667	692
9.93833	693
9.94000	693
9.94167	693
9.94333	693
9.94500	693
9.94667	693
9.94833	693
9.95000	694
9.95167	693
9.95333	694
9.95500	693
9.95667	694
9.95833	693
9.96000	693
9.96167	694
9.96333	693
9.96500	694
9.96667	693
9.96833	694
9.97000	693
9.97167	694
9.97333	694
9.97500	694
9.97667	694
9.97833	694
9.98000	694
9.98167	694
9.98333	694
9.98500	695
9.98667	694
9.98833	694
9.99000	695
9.99167	694
9.99333	695
9.99500	694
9.99667	695
9.99833	694
10.00000	695
10.00167	694
10.00333	695
10.00500	694
10.00667	695
10.00833	694
10.01000	694
10.01167	694
10.01333	693
10.01500	694
10.01667	693
10.01833	694
10.02000	693
10.02167	693
10.02333	693
10.02500	692
10.02667	693
10.02833	692
10.03000	692
10.03167	692
10.03333	692
10.03500	692
10.03667	692
10.03833	692
10.04000	692
10.04167	692
10.04333	692
10.04500	692
10.04667	692
10.04833	693
10.05000	692
10.05167	693
10.05333	693
10.05500	693
10.05667	693
10.05833	694
10.06000	694
10.06167	694
10.06333	694
10.06500	694
10.06667	695
10.06833	695
10.07000	695
10.07167	695
10.07333	695
10.07500	696
10.07667	696
10.07833	696
10.08000	696
10.08167	696
10.08333	697
10.08500	697
10.08667	697
10.08833	697
10.09000	697
10.09167	697
10.09333	697
10.09500	697
10.09667	697
10.09833	697
10.10000	697
10.10167	696
10.10333	697
10.10500	696
10.10667	696
10.10833	696
10.11000	696
10.11167	696
10.11333	695
10.11500	696
10.11667	695
10.11833	695
10.12000	695
10.12167	695
10.12333	695
10.12500	695
10.12667	694
10.12833	695
10.13000	694
10.13167	694
10.13333	695
10.13500	694
10.13667	694
10.13833	695
10.14000	694
10.14167	694
10.14333	694
10.14500	694
10.14667	694
10.14833	695
10.15000	694
10.15167	695
10.15333	694
10.15500	695
10.15667	694
10.15833	695
10.16000	694
10.16167	695
10.16333	695
10.16500	694
10.16667	695
10.16833	695
10.17000	695
10.17167	695
10.17333	695
10.17500	694
10.17667	695
10.17833	694
10.18000	694
10.18167	695
10.18333	694
10.18500	693
10.18667	694
10.18833	693
10.19000	693
10.19167	693
10.19333	693
10.19500	693
10.19667	692
10.19833	692
10.20000	692
10.20167	692
10.20333	692
10.20500	692
10.20667	691
10.20833	692
10.21000	691
10.21167	691
10.21333	691
10.21500	691
10.21667	691
10.21833	692
10.22000	691
10.22167	691
10.22333	691
10.22500	692
10.22667	692
10.22833	691
10.23000	692
10.23167	692
10.23333	692
10.23500	692
10.23667	692
10.23833	693
10.24000	692
10.24167	692
10.24333	693
10.24500	693
10.24667	692
10.24833	693
10.25000	692
10.25167	693
10.25333	693
10.25500	692
10.25667	693
10.25833	692
10.26000	692
10.26167	693
10.26333	692
10.26500	692
10.26667	692
10.26833	692
10.27000	692
10.27167	691
10.27333	692
10.27500	692
10.27667	692
10.27833	691
10.28000	692
10.28167	692
10.28333	692
10.28500	692
10.28667	691
10.28833	692
10.29000	693
10.29167	692
10.29333	692
10.29500	693
10.29667	693
10.29833	692
10.30000	693
10.30167	693
10.30333	693
10.30500	693
10.30667	694
10.30833	693
10.31000	694
10.31167	693
10.31333	694
10.31500	693
10.31667	694
10.31833	694
10.32000	694
10.32167	693
10.32333	694
10.32500	694
10.32667	694
10.32833	694
10.33000	694
10.33167	693
10.33333	694
10.33500	694
10.33667	694
10.33833	694
10.34000	694
10.34167	694
10.34333	694
10.34500	694
10.34667	693
10.34833	694
10.35000	694
10.35167	694
10.35333	694
10.35500	694
10.35667	694
10.35833	694
10.36000	694
10.36167	694
10.36333	694
10.36500	694
10.36667	693
10.36833	694
10.37000	695
10.37167	694
10.37333	694
10.37500	694
10.37667	694
10.37833	695
10.38000	694
10.38167	694
10.38333	695
10.38500	695
10.38667	694
10.38833	695
10.39000	695
10.39167	695
10.39333	696
10.39500	695
10.39667	695
10.39833	695
10.40000	696
10.40167	695
10.40333	695
10.40500	696
10.40667	695
10.40833	695
10.41000	696
10.41167	696
10.41333	695
10.41500	696
10.41667	696
10.41833	696
10.42000	696
10.42167	696
10.42333	696
10.42500	696
10.42667	697
10.42833	696
10.43000	696
10.43167	696
10.43333	697
10.43500	696
10.43667	696
10.43833	696
10.44000	695
10.44167	696
10.44333	696
10.44500	696
10.44667	696
10.44833	695
10.45000	695
10.45167	696
10.45333	695
10.45500	695
10.45667	695
10.45833	694
10.46000	694
10.46167	695
10.46333	694
10.46500	694
10.46667	695
10.46833	694
10.47000	694
10.47167	694
10.47333	694
10.47500	694
10.47667	694
10.47833	694
10.48000	694
10.48167	694
10.48333	694
10.48500	694
10.48667	694
10.48833	694
10.49000	694
10.49167	694
10.49333	694
10.49500	694
10.49667	693
10.49833	694
10.50000	693
10.50167	694
10.50333	693
10.50500	693
10.50667	693
10.50833	693
10.51000	693
10.51167	692
10.51333	693
10.51500	692
10.51667	692
10.51833	693
10.52000	692
10.52167	691
10.52333	692
10.52500	692
10.52667	691
10.52833	691
10.53000	691
10.53167	691
10.53333	691
10.53500	692
10.53667	691
10.53833	691
10.54000	691
10.54167	691
10.54333	692
10.54500	691
10.54667	691
10.54833	692
10.55000	691
10.55167	692
10.55333	692
10.55500	691
10.55667	692
10.55833	692
10.56000	692
10.56167	692
10.56333	692
10.56500	692
10.56667	692
10.56833	692
10.57000	693
10.57167	692
10.57333	693
10.57500	692
10.57667	693
10.57833	692
10.58000	693
10.58167	693
10.58333	693
10.58500	693
10.58667	692
10.58833	693
10.59000	693
10.59167	692
10.59333	692
10.59500	693
10.59667	692
10.59833	692
10.60000	692
10.60167	691
10.60333	692
10.60500	691
10.60667	691
10.60833	691
10.61000	691
10.61167	691
10.61333	691
10.61500	691
10.61667	691
10.61833	690
10.62000	691
10.62167	691
10.62333	691
10.62500	691
10.62667	691
10.62833	691
10.63000	692
10.63167	691
10.63333	692
10.63500	692
10.63667	692
10.63833	693
10.64000	692
10.64167	693
10.64333	694
10.64500	693
10.64667	694
10.64833	694
10.65000	694
10.65167	695
10.65333	694
10.65500	695
10.65667	695
10.65833	695
10.66000	696
10.66167	695
10.66333	696
10.66500	696
10.66667	696
10.66833	696
10.67000	697
10.67167	696
10.67333	697
10.67500	697
10.67667	696
10.67833	697
10.68000	697
10.68167	697
10.68333	697
10.68500	697
10.68667	697
10.68833	697
10.69000	698
10.69167	697
10.69333	697
10.69500	698
10.69667	697
10.69833	697
10.70000	698
10.70167	696
10.70333	697
10.70500	697
10.70667	697
10.70833	696
10.71000	697
10.71167	696
10.71333	696
10.71500	696
10.71667	696
10.71833	696
10.72000	696
10.72167	696
10.72333	695
10.72500	696
10.72667	695
10.72833	696
10.73000	695
10.73167	695
10.73333	695
10.73500	695
10.73667	695
10.73833	695
10.74000	695
10.74167	695
10.74333	695
10.74500	694
10.74667	695
10.74833	695
10.75000	694
10.75167	695
10.75333	695
10.75500	695
10.75667	694
10.75833	695
10.76000	695
10.76167	695
10.76333	695
10.76500	695
10.76667	695
10.76833	696
10.77000	695
10.77167	695
10.77333	696
10.77500	695
10.77667	696
10.77833	696
10.78000	695
10.78167	696
10.78333	696
10.78500	696
10.78667	696
10.78833	696
10.79000	697
10.79167	696
10.79333	697
10.79500	696
10.79667	696
10.79833	696
10.80000	696
10.80167	696
10.80333	697
10.80500	696
10.80667	696
10.80833	696
10.81000	696
10.81167	695
10.81333	696
10.81500	695
10.81667	694
10.81833	696
10.82000	695
10.82167	695
10.82333	695
10.82500	696
10.82667	695
10.82833	695
10.83000	696
10.83167	695
10.83333	696
10.83500	695
10.83667	696
10.83833	696
10.84000	695
10.84167	696
10.84333	696
10.84500	697
10.84667	696
10.84833	697
10.85000	696
10.85167	697
10.85333	697
10.85500	697
10.85667	697
10.85833	696
10.86000	697
10.86167	696
10.86333	696
10.86500	696
10.86667	696
10.86833	696
10.87000	696
10.87167	695
10.87333	696
10.87500	695
10.87667	695
10.87833	696
10.88000	695
10.88167	695
10.88333	695
10.88500	695
10.88667	695
10.88833	695
10.89000	695
10.89167	696
10.89333	695
10.89500	695
10.89667	695
10.89833	696
10.90000	696
10.90167	696
10.90333	696
10.90500	697
10.90667	696
10.90833	697
10.91000	697
10.91167	697
10.91333	697
10.91500	697
10.91667	698
10.91833	698
10.92000	698
10.92167	698
10.92333	698
10.92500	698
10.92667	699
10.92833	698
10.93000	699
10.93167	698
10.93333	699
10.93500	699
10.93667	699
10.93833	698
10.94000	699
10.94167	699
10.94333	699
10.94500	699
10.94667	699
10.94833	699
10.95000	699
10.95167	699
10.95333	699
10.95500	699
10.95667	698
10.95833	699
10.96000	699
10.96167	699
10.96333	698
10.96500	699
10.96667	698
10.96833	699
10.97000	699
10.97167	698
10.97333	699
10.97500	699
10.97667	698
10.97833	699
10.98000	699
10.98167	699
10.98333	698
10.98500	699
10.98667	699
10.98833	700
10.99000	699
10.99167	699
10.99333	700
10.99500	699
10.99667	700
10.99833	701
11.00000	700
11.00167	700
11.00333	700
11.00500	700
11.00667	701
11.00833	700
11.01000	701
11.01167	701
11.01333	700
11.01500	701
11.01667	700
11.01833	701
11.02000	701
11.02167	700
11.02333	700
11.02500	701
11.02667	700
11.02833	699
11.03000	700
11.03167	700
11.03333	700
11.03500	699
11.03667	699
11.03833	699
11.04000	699
11.04167	699
11.04333	699
11.04500	699
11.04667	698
11.04833	699
11.05000	698
11.05167	699
11.05333	699
11.05500	699
11.05667	699
11.05833	699
11.06000	699
11.06167	699
11.06333	700
11.06500	699
11.06667	699
11.06833	700
11.07000	699
11.07167	700
11.07333	700
11.07500	700
11.07667	700
11.07833	700
11.08000	700
11.08167	700
11.08333	700
11.08500	701
11.08667	700
11.08833	700
11.09000	701
11.09167	700
11.09333	701
11.09500	700
11.09667	701
11.09833	701
11.10000	700
11.10167	701
11.10333	701
11.10500	701
11.10667	701
11.10833	701
11.11000	702
11.11167	701
11.11333	701
11.11500	701
11.11667	701
11.11833	701
11.12000	701
11.12167	701
11.12333	701
11.12500	702
11.12667	701
11.12833	701
11.13000	701
11.13167	701
11.13333	700
11.13500	701
11.13667	700
11.13833	701
11.14000	700
11.14167	700
11.14333	700
11.14500	700
11.14667	700
11.14833	699
11.15000	699
11.15167	699
11.15333	699
11.15500	699
11.15667	698
11.15833	699
11.16000	698
11.16167	698
11.16333	698
11.16500	698
11.16667	697
11.16833	698
11.17000	697
11.17167	698
11.17333	697
11.17500	697
11.17667	697
11.17833	697
11.18000	697
11.18167	696
11.18333	697
11.18500	697
11.18667	696
11.18833	697
11.19000	697
11.19167	696
11.19333	697
11.19500	697
11.19667	697
11.19833	697
11.20000	697
11.20167	697
11.20333	697
11.20500	697
11.20667	697
11.20833	698
11.21000	697
11.21167	697
11.21333	698
11.21500	697
11.21667	698
11.21833	698
11.22000	698
11.22167	698
11.22333	698
11.22500	698
11.22667	698
11.22833	699
11.23000	698
11.23167	699
11.23333	698
11.23500	699
11.23667	699
11.23833	698
11.24000	699
11.24167	699
11.24333	698
11.24500	699
11.24667	699
11.24833	698
11.25000	699
11.25167	699
11.25333	699
11.25500	698
11.25667	699
11.25833	699
11.26000	699
11.26167	699
11.26333	699
11.26500	699
11.26667	699
11.26833	700
11.27000	699
11.27167	700
11.27333	700
11.27500	699
11.27667	700
11.27833	700
11.28000	700
11.28167	700
11.28333	700
11.28500	700
11.28667	700
11.28833	701
11.29000	700
11.29167	701
11.29333	701
11.29500	701
11.29667	702
11.29833	701
11.30000	702
11.30167	702
11.30333	702
11.30500	702
11.30667	702
11.30833	702
11.31000	703
11.31167	702
11.31333	703
11.31500	703
11.31667	702
11.31833	703
11.32000	703
11.32167	702
11.32333	703
11.32500	703
11.32667	702
11.32833	703
11.33000	702
11.33167	703
11.33333	702
11.33500	702
11.33667	702
11.33833	702
11.34000	702
11.34167	701
11.34333	702
11.34500	701
11.34667	701
11.34833	701
11.35000	702
11.35167	701
11.35333	701
11.35500	701
11.35667	702
11.35833	701
11.36000	701
11.36167	702
11.36333	701
11.36500	701
11.36667	702
11.36833	701
11.37000	702
11.37167	702
11.37333	702
11.37500	702
11.37667	702
11.37833	702
11.38000	702
11.38167	703
11.38333	703
11.38500	702
11.38667	703
11.38833	703
11.39000	703
11.39167	703
11.39333	703
11.39500	703
11.39667	702
11.39833	703
11.40000	703
11.40167	703
11.40333	702
11.40500	703
11.40667	702
11.40833	703
11.41000	702
11.41167	702
11.41333	702
11.41500	702
11.41667	702
11.41833	701
11.42000	702
11.42167	701
11.42333	701
11.42500	701
11.42667	701
11.42833	701
11.43000	701
11.43167	700
11.43333	701
11.43500	701
11.43667	700
11.43833	701
11.44000	701
11.44167	701
11.44333	701
11.44500	701
11.44667	701
11.44833	701
11.45000	701
11.45167	702
11.45333	701
11.45500	702
11.45667	701
11.45833	702
11.46000	701
11.46167	702
11.46333	702
11.46500	701
11.46667	702
11.46833	702
11.47000	702
11.47167	702
11.47333	702
11.47500	702
11.47667	702
11.47833	703
11.48000	702
11.48167	702
11.48333	702
11.48500	702
11.48667	703
11.48833	702
11.49000	703
11.49167	702
11.49333	703
11.49500	702
11.49667	703
11.49833	703
11.50000	703
11.50167	703
11.50333	703
11.50500	704
11.50667	703
11.50833	703
11.51000	704
11.51167	703
11.51333	704
11.51500	704
11.51667	704
11.51833	704
11.52000	704
11.52167	704
11.52333	704
11.52500	703
11.52667	704
11.52833	704
11.53000	704
11.53167	703
11.53333	704
11.53500	703
11.53667	704
11.53833	703
11.54000	704
11.54167	703
11.54333	703
11.54500	703
11.54667	703
11.54833	704
11.55000	703
11.55167	703
11.55333	703
11.55500	703
11.55667	702
11.55833	703
11.56000	703
11.56167	703
11.56333	703
11.56500	703
11.56667	703
11.56833	703
11.57000	703
11.57167	703
11.57333	703
11.57500	703
11.57667	703
11.57833	704
11.58000	703
11.58167	703
11.58333	704
11.58500	704
11.58667	704
11.58833	704
11.59000	705
11.59167	704
11.59333	705
11.59500	704
11.59667	705
11.59833	705
11.60000	706
11.60167	705
11.60333	706
11.60500	705
11.60667	706
11.60833	706
11.61000	706
11.61167	706
11.61333	706
11.61500	706
11.61667	706
11.61833	706
11.62000	706
11.62167	706
11.62333	705
11.62500	706
11.62667	705
11.62833	705
11.63000	706
11.63167	705
11.63333	705
11.63500	705
11.63667	704
11.63833	705
11.64000	704
11.64167	705
11.64333	705
11.64500	704
11.64667	705
11.64833	705
11.65000	705
11.65167	705
11.65333	704
11.65500	705
11.65667	706
11.65833	705
11.66000	706
11.66167	705
11.66333	706
11.66500	706
11.66667	706
11.66833	706
11.67000	706
11.67167	707
11.67333	707
11.67500	707
11.67667	707
11.67833	707
11.68000	708
11.68167	708
11.68333	708
11.68500	709
11.68667	709
11.68833	709
11.69000	709
11.69167	710
11.69333	711
11.69500	710
11.69667	711
11.69833	711
11.70000	712
11.70167	712
11.70333	712
11.70500	712
11.70667	713
11.70833	714
11.71000	713
11.71167	714
11.71333	714
11.71500	715
11.71667	714
11.71833	715
11.72000	715
11.72167	716
11.72333	715
11.72500	717
11.72667	716
11.72833	717
11.73000	717
11.73167	716
11.73333	717
11.73500	718
11.73667	717
11.73833	718
11.74000	718
11.74167	718
11.74333	718
11.74500	718
11.74667	718
11.74833	719
11.75000	718
11.75167	719
11.75333	719
11.75500	720
11.75667	720
11.75833	720
11.76000	720
11.76167	721
11.76333	721
11.76500	721
11.76667	722
11.76833	723
11.77000	723
11.77167	723
11.77333	724
11.77500	724
11.77667	724
11.77833	726
11.78000	725
11.78167	727
11.78333	726
11.78500	728
11.78667	728
11.78833	728
11.79000	729
11.79167	730
11.79333	730
11.79500	730
11.79667	731
11.79833	732
11.80000	732
11.80167	732
11.80333	733
11.80500	734
11.80667	733
11.80833	734
11.81000	735
11.81167	735
11.81333	735
11.81500	735
11.81667	736
11.81833	736
11.82000	737
11.82167	736
11.82333	737
11.82500	738
11.82667	738
11.82833	738
11.83000	738
11.83167	739
11.83333	739
11.83500	740
11.83667	740
11.83833	740
11.84000	741
11.84167	741
11.84333	741
11.84500	741
11.84667	742
11.84833	743
11.85000	742
11.85167	743
11.85333	744
11.85500	744
11.85667	745
11.85833	744
11.86000	746
11.86167	745
11.86333	747
11.86500	746
11.86667	747
11.86833	748
11.87000	748
11.87167	748
11.87333	749
11.87500	750
11.87667	749
11.87833	751
11.88000	750
11.88167	751
11.88333	752
11.88500	751
11.88667	752
11.88833	753
11.89000	752
11.89167	753
11.89333	754
11.89500	754
11.89667	754
11.89833	754
11.90000	755
11.90167	756
11.90333	755
11.90500	757
11.90667	756
11.90833	757
11.91000	757
11.91167	758
11.91333	758
11.91500	759
11.91667	759
11.91833	760
11.92000	760
11.92167	760
11.92333	761
11.92500	761
11.92667	762
11.92833	762
11.93000	763
11.93167	763
11.93333	763
11.93500	764
11.93667	764
11.93833	764
11.94000	764
11.94167	765
11.94333	765
11.94500	766
11.94667	765
11.94833	766
11.95000	766
11.95167	766
11.95333	766
11.95500	767
11.95667	766
11.95833	766
11.96000	767
11.96167	766
11.96333	767
11.96500	766
11.96667	766
11.96833	767
11.97000	766
11.97167	767
11.97333	767
11.97500	767
11.97667	767
11.97833	768
11.98000	767
11.98167	768
11.98333	768
11.98500	769
11.98667	769
11.98833	769
11.99000	769
11.99167	770
11.99333	770
11.99500	770
11.99667	770
11.99833	771
12.00000	770
12.00167	771
12.00333	771
12.00500	771
12.00667	771
12.00833	772
12.01000	771
12.01167	772
12.01333	771
12.01500	772
12.01667	771
12.01833	772
12.02000	771
12.02167	772
12.02333	771
12.02500	771
12.02667	771
12.02833	771
12.03000	771
12.03167	771
12.03333	771
12.03500	771
12.03667	771
12.03833	772
12.04000	771
12.04167	772
12.04333	772
12.04500	772
12.04667	772
12.04833	772
12.05000	773
12.05167	772
12.05333	773
12.05500	773
12.05667	773
12.05833	773
12.06000	774
12.06167	773
12.06333	774
12.06500	774
12.06667	774
12.06833	774
12.07000	774
12.07167	774
12.07333	774
12.07500	774
12.07667	774
12.07833	774
12.08000	774
12.08167	774
12.08333	774
12.08500	773
12.08667	774
12.08833	773
12.09000	774
12.09167	773
12.09333	773
12.09500	773
12.09667	772
12.09833	773
12.10000	772
12.10167	773
12.10333	772
12.10500	772
12.10667	772
12.10833	772
12.11000	772
12.11167	772
12.11333	771
12.11500	772
12.11667	772
12.11833	772
12.12000	772
12.12167	773
12.12333	772
12.12500	773
12.12667	773
12.12833	773
12.13000	773
12.13167	774
12.13333	773
12.13500	774
12.13667	775
12.13833	775
12.14000	775
12.14167	775
12.14333	775
12.14500	777
12.14667	776
12.14833	777
12.15000	777
12.15167	777
12.15333	778
12.15500	777
12.15667	778
12.15833	778
12.16000	778
12.16167	778
12.16333	778
12.16500	778
12.16667	778
12.16833	779
12.17000	778
12.17167	779
12.17333	778
12.17500	779
12.17667	779
12.17833	779
12.18000	778
12.18167	779
12.18333	778
12.18500	779
12.18667	779
12.18833	778
12.19000	778
12.19167	779
12.19333	778
12.19500	778
12.19667	778
12.19833	777
12.20000	778
12.20167	777
12.20333	777
12.20500	777
12.20667	776
12.20833	776
12.21000	776
12.21167	776
12.21333	776
12.21500	775
12.21667	775
12.21833	775
12.22000	776
12.22167	775
12.22333	774
12.22500	775
12.22667	775
12.22833	775
12.23000	775
12.23167	775
12.23333	775
12.23500	775
12.23667	775
12.23833	775
12.24000	775
12.24167	775
12.24333	776
12.24500	775
12.24667	775
12.24833	775
12.25000	775
12.25167	775
12.25333	775
12.25500	775
12.25667	774
12.25833	775
12.26000	774
12.26167	775
12.26333	774
12.26500	774
12.26667	774
12.26833	774
12.27000	773
12.27167	774
12.27333	773
12.27500	774
12.27667	773
12.27833	773
12.28000	773
12.28167	773
12.28333	772
12.28500	773
12.28667	772
12.28833	773
12.29000	772
12.29167	773
12.29333	773
12.29500	773
12.29667	773
12.29833	774
12.30000	773
12.30167	774
12.30333	773
12.30500	774
12.30667	773
12.30833	774
12.31000	774
12.31167	774
12.31333	774
12.31500	774
12.31667	774
12.31833	774
12.32000	774
12.32167	774
12.32333	773
12.32500	774
12.32667	774
12.32833	774
12.33000	773
12.33167	773
12.33333	774
12.33500	773
12.33667	773
12.33833	773
12.34000	773
12.34167	773
12.34333	772
12.34500	773
12.34667	772
12.34833	772
12.35000	771
12.35167	772
12.35333	771
12.35500	772
12.35667	771
12.35833	771
12.36000	771
12.36167	770
12.36333	771
12.36500	771
12.36667	770
12.36833	770
12.37000	770
12.37167	770
12.37333	770
12.37500	769
12.37667	769
12.37833	769
12.38000	769
12.38167	768
12.38333	768
12.38500	768
12.38667	767
12.38833	767
12.39000	767
12.39167	767
12.39333	766
12.39500	766
12.39667	765
12.39833	765
12.40000	765
12.40167	765
12.40333	764
12.40500	763
12.40667	764
12.40833	763
12.41000	763
12.41167	763
12.41333	762
12.41500	762
12.41667	762
12.41833	762
12.42000	762
12.42167	761
12.42333	761
12.42500	762
12.42667	761
12.42833	761
12.43000	761
12.43167	762
12.43333	761
12.43500	761
12.43667	761
12.43833	761
12.44000	761
12.44167	761
12.44333	762
12.44500	761
12.44667	761
12.44833	762
12.45000	761
12.45167	762
12.45333	761
12.45500	762
12.45667	761
12.45833	762
12.46000	761
12.46167	761
12.46333	761
12.46500	761
12.46667	761
12.46833	760
12.47000	761
12.47167	761
12.47333	760
12.47500	761
12.47667	760
12.47833	760
12.48000	760
12.48167	760
12.48333	760
12.48500	759
12.48667	760
12.48833	759
12.49000	759
12.49167	758
12.49333	759
12.49500	758
12.49667	758
12.49833	758
12.50000	758
12.50167	758
12.50333	758
12.50500	757
12.50667	758
12.50833	757
12.51000	757
12.51167	757
12.51333	757
12.51500	756
12.51667	757
12.51833	756
12.52000	756
12.52167	757
12.52333	756
12.52500	755
12.52667	756
12.52833	756
12.53000	755
12.53167	756
12.53333	755
12.53500	755
12.53667	755
12.53833	755
12.54000	755
12.54167	755
12.54333	755
12.54500	755
12.54667	755
12.54833	754
12.55000	755
12.55167	754
12.55333	754
12.55500	755
12.55667	754
12.55833	754
12.56000	755
12.56167	754
12.56333	753
12.56500	754
12.56667	753
12.56833	754
12.57000	753
12.57167	753
12.57333	753
12.57500	752
12.57667	753
12.57833	752
12.58000	752
12.58167	751
12.58333	751
12.58500	751
12.58667	751
12.58833	750
12.59000	751
12.59167	750
12.59333	751
12.59500	750
12.59667	750
12.59833	750
12.60000	749
12.60167	749
12.60333	749
12.60500	749
12.60667	749
12.60833	749
12.61000	749
12.61167	749
12.61333	749
12.61500	749
12.61667	749
12.61833	749
12.62000	749
12.62167	750
12.62333	749
12.62500	749
12.62667	750
12.62833	749
12.63000	749
12.63167	750
12.63333	749
12.63500	749
12.63667	749
12.63833	750
12.64000	749
12.64167	749
12.64333	749
12.64500	749
12.64667	748
12.64833	748
12.65000	748
12.65167	748
12.65333	747
12.65500	748
12.65667	747
12.65833	746
12.66000	746
12.66167	746
12.66333	746
12.66500	745
12.66667	746
12.66833	744
12.67000	745
12.67167	745
12.67333	744
12.67500	744
12.67667	744
12.67833	743
12.68000	744
12.68167	743
12.68333	744
12.68500	743
12.68667	743
12.68833	743
12.69000	743
12.69167	743
12.69333	742
12.69500	743
12.69667	743
12.69833	743
12.70000	742
12.70167	743
12.70333	742
12.70500	743
12.70667	742
12.70833	742
12.71000	742
12.71167	742
12.71333	742
12.71500	743
12.71667	742
12.71833	742
12.72000	742
12.72167	742
12.72333	741
12.72500	742
12.72667	741
12.72833	742
12.73000	741
12.73167	742
12.73333	741
12.73500	741
12.73667	741
12.73833	741
12.74000	740
12.74167	741
12.74333	740
12.74500	740
12.74667	740
12.74833	739
12.75000	740
12.75167	739
12.75333	739
12.75500	739
12.75667	739
12.75833	738
12.76000	739
12.76167	738
12.76333	738
12.76500	738
12.76667	737
12.76833	738
12.77000	737
12.77167	737
12.77333	736
12.77500	737
12.77667	736
12.77833	736
12.78000	736
12.78167	735
12.78333	736
12.78500	735
12.78667	735
12.78833	735
12.79000	735
12.79167	734
12.79333	734
12.79500	734
12.79667	734
12.79833	734
12.80000	734
12.80167	733
12.80333	733
12.80500	733
12.80667	733
12.80833	733
12.81000	733
12.81167	732
12.81333	732
12.81500	732
12.81667	732
12.81833	732
12.82000	732
12.82167	731
12.82333	732
12.82500	731
12.82667	732
12.82833	731
12.83000	732
12.83167	731
12.83333	731
12.83500	732
12.83667	731
12.83833	731
12.84000	731
12.84167	732
12.84333	731
12.84500	731
12.84667	732
12.84833	731
12.85000	731
12.85167	732
12.85333	731
12.85500	732
12.85667	731
12.85833	732
12.86000	732
12.86167	732
12.86333	731
12.86500	732
12.86667	732
12.86833	732
12.87000	732
12.87167	731
12.87333	732
12.87500	731
12.87667	732
12.87833	731
12.88000	731
12.88167	732
12.88333	731
12.88500	730
12.88667	731
12.88833	730
12.89000	730
12.89167	730
12.89333	730
12.89500	729
12.89667	729
12.89833	728
12.90000	727
12.90167	728
12.90333	727
12.90500	726
12.90667	727
12.90833	726
12.91000	725
12.91167	725
12.91333	725
12.91500	725
12.91667	724
12.91833	724
12.92000	724
12.92167	723
12.92333	724
12.92500	723
12.92667	723
12.92833	723
12.93000	723
12.93167	723
12.93333	723
12.93500	723
12.93667	723
12.93833	723
12.94000	724
12.94167	723
12.94333	723
12.94500	723
12.94667	724
12.94833	723
12.95000	724
12.95167	723
12.95333	724
12.95500	724
12.95667	724
12.95833	724
12.96000	724
12.96167	724
12.96333	724
12.96500	724
12.96667	724
12.96833	723
12.97000	724
12.97167	724
12.97333	723
12.97500	724
12.97667	723
12.97833	724
12.98000	723
12.98167	723
12.98333	723
12.98500	723
12.98667	722
12.98833	723
12.99000	722
12.99167	722
12.99333	722
12.99500	722
12.99667	722
12.99833	721
13.00000	722
13.00167	722
13.00333	721
13.00500	722
13.00667	722
13.00833	722
13.01000	722
13.01167	722
13.01333	722
13.01500	722
13.01667	721
13.01833	722
13.02000	722
13.02167	723
13.02333	722
13.02500	723
13.02667	722
13.02833	723
13.03000	723
13.03167	723
13.03333	723
13.03500	723
13.03667	723
13.03833	723
13.04000	723
13.04167	723
13.04333	722
13.04500	723
13.04667	722
13.04833	722
13.05000	722
13.05167	722
13.05333	722
13.05500	722
13.05667	721
13.05833	722
13.06000	721
13.06167	721
13.06333	721
13.06500	721
13.06667	721
13.06833	721
13.07000	721
13.07167	721
13.07333	721
13.07500	721
13.07667	721
13.07833	721
13.08000	722
13.08167	721
13.08333	722
13.08500	722
13.08667	722
13.08833	722
13.09000	722
13.09167	723
13.09333	722
13.09500	723
13.09667	723
13.09833	722
13.10000	723
13.10167	723
13.10333	722
13.10500	722
13.10667	722
13.10833	722
13.11000	722
13.11167	722
13.11333	722
13.11500	722
13.11667	721
13.11833	722
13.12000	721
13.12167	722
13.12333	721
13.12500	721
13.12667	720
13.12833	721
13.13000	721
13.13167	720
13.13333	721
13.13500	720
13.13667	720
13.13833	720
13.14000	720
13.14167	719
13.14333	720
13.14500	719
13.14667	720
13.14833	719
13.15000	719
13.15167	719
13.15333	718
13.15500	719
13.15667	718
13.15833	719
13.16000	718
13.16167	718
13.16333	718
13.16500	718
13.16667	717
13.16833	718
13.17000	717
13.17167	716
13.17333	717
13.17500	717
13.17667	716
13.17833	716
13.18000	717
13.18167	715
13.18333	716
13.18500	715
13.18667	716
13.18833	715
13.19000	715
13.19167	715
13.19333	715
13.19500	715
13.19667	715
13.19833	715
13.20000	714
13.20167	715
13.20333	714
13.20500	715
13.20667	714
13.20833	715
13.21000	714
13.21167	715
13.21333	715
13.21500	714
13.21667	716
13.21833	715
13.22000	715
13.22167	716
13.22333	715
13.22500	716
13.22667	716
13.22833	717
13.23000	717
13.23167	717
13.23333	717
13.23500	718
13.23667	718
13.23833	719
13.24000	719
13.24167	719
13.24333	719
13.24500	719
13.24667	720
13.24833	720
13.25000	719
13.25167	720
13.25333	720
13.25500	721
13.25667	720
13.25833	720
13.26000	721
13.26167	720
13.26333	720
13.26500	720
13.26667	720
13.26833	720
13.27000	719
13.27167	720
13.27333	719
13.27500	720
13.27667	719
13.27833	719
13.28000	719
13.28167	718
13.28333	719
13.28500	719
13.28667	718
13.28833	719
13.29000	718
13.29167	718
13.29333	718
13.29500	719
13.29667	718
13.29833	718
13.30000	718
13.30167	718
13.30333	719
13.30500	718
13.30667	718
13.30833	719
13.31000	718
13.31167	719
13.31333	719
13.31500	719
13.31667	719
13.31833	719
13.32000	719
13.32167	719
13.32333	719
13.32500	720
13.32667	719
13.32833	719
13.33000	720
13.33167	719
13.33333	719
13.33500	720
13.33667	719
13.33833	719
13.34000	720
13.34167	719
13.34333	719
13.34500	720
13.34667	719
13.34833	719
13.35000	720
13.35167	719
13.35333	719
13.35500	719
13.35667	719
13.35833	718
13.36000	719
13.36167	719
13.36333	718
13.36500	719
13.36667	719
13.36833	718
13.37000	719
13.37167	719
13.37333	719
13.37500	719
13.37667	719
13.37833	720
13.38000	719
13.38167	720
13.38333	720
13.38500	720
13.38667	720
13.38833	720
13.39000	720
13.39167	721
13.39333	720
13.39500	721
13.39667	721
13.39833	721
13.40000	722
13.40167	722
13.40333	721
13.40500	722
13.40667	722
13.40833	723
13.41000	722
13.41167	723
13.41333	722
13.41500	723
13.41667	723
13.41833	722
13.42000	723
13.42167	723
13.42333	723
13.42500	722
13.42667	723
13.42833	723
13.43000	722
13.43167	722
13.43333	723
13.43500	722
13.43667	722
13.43833	722
13.44000	722
13.44167	721
13.44333	722
13.44500	721
13.44667	721
13.44833	721
13.45000	721
13.45167	721
13.45333	720
13.45500	721
13.45667	720
13.45833	721
13.46000	720
13.46167	720
13.46333	720
13.46500	720
13.46667	720
13.46833	720
13.47000	720
13.47167	720
13.47333	720
13.47500	720
13.47667	720
13.47833	720
13.48000	720
13.48167	720
13.48333	721
13.48500	720
13.48667	720
13.48833	721
13.49000	720
13.49167	721
13.49333	720
13.49500	721
13.49667	721
13.49833	720
13.50000	721
13.50167	721
13.50333	721
13.50500	721
13.50667	722
13.50833	721
13.51000	721
13.51167	721
13.51333	721
13.51500	722
13.51667	721
13.51833	721
13.52000	721
13.52167	722
13.52333	721
13.52500	721
13.52667	721
13.52833	721
13.53000	721
13.53167	721
13.53333	721
13.53500	721
13.53667	720
13.53833	721
13.54000	720
13.54167	721
13.54333	721
13.54500	720
13.54667	720
13.54833	721
13.55000	720
13.55167	720
13.55333	721
13.55500	720
13.55667	720
13.55833	721
13.56000	720
13.56167	720
13.56333	721
13.56500	720
13.56667	720
13.56833	720
13.57000	720
13.57167	720
13.57333	721
13.57500	720
13.57667	719
13.57833	720
13.58000	720
13.58167	719
13.58333	720
13.58500	720
13.58667	719
13.58833	720
13.59000	720
13.59167	719
13.59333	719
13.59500	720
13.59667	719
13.59833	719
13.60000	720
13.60167	719
13.60333	719
13.60500	720
13.60667	719
13.60833	719
13.61000	719
13.61167	719
13.61333	719
13.61500	719
13.61667	720
13.61833	719
13.62000	719
13.62167	719
13.62333	719
13.62500	720
13.62667	719
13.62833	720
13.63000	719
13.63167	720
13.63333	719
13.63500	720
13.63667	719
13.63833	720
13.64000	720
13.64167	720
13.64333	719
13.64500	720
13.64667	720
13.64833	720
13.65000	719
13.65167	720
13.65333	720
13.65500	719
13.65667	720
13.65833	719
13.66000	720
13.66167	719
13.66333	719
13.66500	720
13.66667	719
13.66833	720
13.67000	719
13.67167	719
13.67333	719
13.67500	719
13.67667	720
13.67833	719
13.68000	719
13.68167	719
13.68333	719
13.68500	720
13.68667	719
13.68833	720
13.69000	719
13.69167	720
13.69333	719
13.69500	720
13.69667	720
13.69833	719
13.70000	720
13.70167	720
13.70333	719
13.70500	720
13.70667	720
13.70833	720
13.71000	720
13.71167	720
13.71333	720
13.71500	720
13.71667	719
13.71833	720
13.72000	719
13.72167	720
13.72333	719
13.72500	719
13.72667	719
13.72833	720
13.73000	719
13.73167	719
13.73333	720
13.73500	719
13.73667	720
13.73833	719
13.74000	719
13.74167	720
13.74333	719
13.74500	719
13.74667	719
13.74833	719
13.75000	719
13.75167	720
13.75333	719
13.75500	719
13.75667	720
13.75833	719
13.76000	719
13.76167	720
13.76333	719
13.76500	720
13.76667	719
13.76833	720
13.77000	719
13.77167	720
13.77333	719
13.77500	720
13.77667	720
13.77833	719
13.78000	720
13.78167	719
13.78333	720
13.78500	720
13.78667	719
13.78833	719
13.79000	720
13.79167	719
13.79333	720
13.79500	719
13.79667	720
13.79833	720
13.80000	719
13.80167	720
13.80333	720
13.80500	720
13.80667	720
13.80833	720
13.81000	720
13.81167	720
13.81333	721
13.81500	720
13.81667	721
13.81833	720
13.82000	721
13.82167	721
13.82333	721
13.82500	721
13.82667	722
13.82833	721
13.83000	722
13.83167	721
13.83333	722
13.83500	721
13.83667	722
13.83833	722
13.84000	722
13.84167	721
13.84333	722
13.84500	722
13.84667	722
13.84833	722
13.85000	721
13.85167	722
13.85333	722
13.85500	723
13.85667	722
13.85833	722
13.86000	723
13.86167	722
13.86333	723
13.86500	722
13.86667	723
13.86833	723
13.87000	722
13.87167	723
13.87333	723
13.87500	723
13.87667	724
13.87833	723
13.88000	723
13.88167	724
13.88333	723
13.88500	724
13.88667	724
13.88833	723
13.89000	724
13.89167	724
13.89333	724
13.89500	724
13.89667	724
13.89833	724
13.90000	723
13.90167	724
13.90333	724
13.90500	724
13.90667	725
13.90833	724
13.91000	724
13.91167	724
13.91333	724
13.91500	725
13.91667	725
13.91833	724
13.92000	725
13.92167	725
13.92333	724
13.92500	725
13.92667	725
13.92833	725
13.93000	725
13.93167	725
13.93333	725
13.93500	725
13.93667	725
13.93833	725
13.94000	726
13.94167	725
13.94333	726
13.94500	725
13.94667	726
13.94833	726
13.95000	726
13.95167	726
13.95333	726
13.95500	726
13.95667	726
13.95833	726
13.96000	727
13.96167	726
13.96333	726
13.96500	726
13.96667	726
13.96833	725
13.97000	726
13.97167	726
13.97333	726
13.97500	726
13.97667	726
13.97833	726
13.98000	725
13.98167	726
13.98333	725
13.98500	726
13.98667	725
13.98833	725
13.99000	726
13.99167	725
13.99333	725
13.99500	726
13.99667	725
13.99833	725
14.00000	726
14.00167	725
14.00333	726
14.00500	725
14.00667	726
14.00833	726
14.01000	726
14.01167	726
14.01333	726
14.01500	726
14.01667	726
14.01833	726
14.02000	726
14.02167	726
14.02333	726
14.02500	727
14.02667	726
14.02833	726
14.03000	726
14.03167	726
14.03333	726
14.03500	726
14.03667	726
14.03833	725
14.04000	726
14.04167	725
14.04333	725
14.04500	725
14.04667	725
14.04833	725
14.05000	725
14.05167	725
14.05333	725
14.05500	725
14.05667	725
14.05833	725
14.06000	725
14.06167	725
14.06333	726
14.06500	725
14.06667	726
14.06833	725
14.07000	726
14.07167	726
14.07333	726
14.07500	726
14.07667	727
14.07833	726
14.08000	727
14.08167	728
14.08333	727
14.08500	728
14.08667	727
14.08833	728
14.09000	728
14.09167	728
14.09333	729
14.09500	728
14.09667	729
14.09833	729
14.10000	728
14.10167	729
14.10333	729
14.10500	729
14.10667	728
14.10833	729
14.11000	728
14.11167	728
14.11333	729
14.11500	728
14.11667	728
14.11833	727
14.12000	728
14.12167	727
14.12333	727
14.12500	727
14.12667	727
14.12833	726
14.13000	727
14.13167	726
14.13333	726
14.13500	726
14.13667	726
14.13833	725
14.14000	726
14.14167	725
14.14333	725
14.14500	726
14.14667	724
14.14833	725
14.15000	725
14.15167	725
14.15333	724
14.15500	725
14.15667	725
14.15833	725
14.16000	724
14.16167	724
14.16333	725
14.16500	724
14.16667	725
14.16833	724
14.17000	725
14.17167	725
14.17333	724
14.17500	725
14.17667	724
14.17833	725
14.18000	724
14.18167	725
14.18333	724
14.18500	725
14.18667	724
14.18833	725
14.19000	725
14.19167	724
14.19333	725
14.19500	725
14.19667	725
14.19833	725
14.20000	724
14.20167	725
14.20333	725
14.20500	725
14.20667	725
14.20833	724
14.21000	724
14.21167	725
14.21333	724
14.21500	724
14.21667	724
14.21833	724
14.22000	724
14.22167	723
14.22333	724
14.22500	723
14.22667	723
14.22833	723
14.23000	723
14.23167	723
14.23333	723
14.23500	723
14.23667	723
14.23833	724
14.24000	723
14.24167	723
14.24333	724
14.24500	723
14.24667	724
14.24833	724
14.25000	724
14.25167	725
14.25333	724
14.25500	725
14.25667	726
14.25833	725
14.26000	726
14.26167	726
14.26333	726
14.26500	726
14.26667	727
14.26833	726
14.27000	727
14.27167	727
14.27333	727
14.27500	727
14.27667	726
14.27833	727
14.28000	727
14.28167	727
14.28333	727
14.28500	727
14.28667	726
14.28833	726
14.29000	727
14.29167	726
14.29333	726
14.29500	726
14.29667	727
14.29833	726
14.30000	726
14.30167	725
14.30333	726
14.30500	726
14.30667	725
14.30833	725
14.31000	725
14.31167	725
14.31333	725
14.31500	724
14.31667	725
14.31833	725
14.32000	724
14.32167	725
14.32333	724
14.32500	725
14.32667	725
14.32833	724
14.33000	725
14.33167	724
14.33333	725
14.33500	725
14.33667	724
14.33833	725
14.34000	726
14.34167	725
14.34333	725
14.34500	726
14.34667	726
14.34833	726
14.35000	726
14.35167	726
14.35333	727
14.35500	726
14.35667	727
14.35833	728
14.36000	727
14.36167	728
14.36333	728
14.36500	728
14.36667	728
14.36833	727
14.37000	729
14.37167	728
14.37333	728
14.37500	728
14.37667	728
14.37833	729
14.38000	728
14.38167	728
14.38333	728
14.38500	729
14.38667	728
14.38833	728
14.39000	728
14.39167	728
14.39333	727
14.39500	728
14.39667	728
14.39833	727
14.40000	728
14.40167	727
14.40333	728
14.40500	727
14.40667	728
14.40833	727
14.41000	727
14.41167	728
14.41333	727
14.41500	728
14.41667	727
14.41833	727
14.42000	727
14.42167	728
14.42333	727
14.42500	727
14.42667	728
14.42833	727
14.43000	728
14.43167	728
14.43333	727
14.43500	729
14.43667	728
14.43833	728
14.44000	729
14.44167	729
14.44333	729
14.44500	729
14.44667	730
14.44833	729
14.45000	730
14.45167	729
14.45333	730
14.45500	730
14.45667	730
14.45833	730
14.46000	730
14.46167	730
14.46333	730
14.46500	730
14.46667	730
14.46833	730
14.47000	731
14.47167	730
14.47333	730
14.47500	731
14.47667	730
14.47833	730
14.48000	731
14.48167	730
14.48333	731
14.48500	730
14.48667	731
14.48833	731
14.49000	730
14.49167	731
14.49333	730
14.49500	731
14.49667	730
14.49833	730
14.50000	731
14.50167	730
14.50333	731
14.50500	730
14.50667	730
14.50833	730
14.51000	730
14.51167	731
14.51333	729
14.51500	730
14.51667	730
14.51833	730
14.52000	730
14.52167	730
14.52333	730
14.52500	729
14.52667	730
14.52833	730
14.53000	729
14.53167	730
14.53333	729
14.53500	730
14.53667	729
14.53833	730
14.54000	729
14.54167	730
14.54333	730
14.54500	730
14.54667	729
14.54833	730
14.55000	730
14.55167	730
14.55333	730
14.55500	729
14.55667	730
14.55833	730
14.56000	730
14.56167	730
14.56333	729
14.56500	730
14.56667	729
14.56833	729
14.57000	729
14.57167	729
14.57333	729
14.57500	729
14.57667	729
14.57833	729
14.58000	729
14.58167	729
14.58333	728
14.58500	729
14.58667	729
14.58833	729
14.59000	730
14.59167	729
14.59333	729
14.59500	729
14.59667	729
14.59833	730
14.60000	730
14.60167	729
14.60333	730
14.60500	730
14.60667	731
14.60833	730
14.61000	730
14.61167	731
14.61333	731
14.61500	731
14.61667	731
14.61833	731
14.62000	731
14.62167	732
14.62333	731
14.62500	732
14.62667	733
14.62833	732
14.63000	732
14.63167	733
14.63333	732
14.63500	733
14.63667	733
14.63833	733
14.64000	733
14.64167	733
14.64333	733
14.64500	734
14.64667	733
14.64833	734
14.65000	734
14.65167	734
14.65333	734
14.65500	734
14.65667	734
14.65833	735
14.66000	734
14.66167	734
14.66333	735
14.66500	734
14.66667	735
14.66833	734
14.67000	735
14.67167	734
14.67333	734
14.67500	735
14.67667	734
14.67833	734
14.68000	734
14.68167	734
14.68333	734
14.68500	734
14.68667	733
14.68833	734
14.69000	733
14.69167	733
14.69333	733
14.69500	733
14.69667	732
14.69833	733
14.70000	732
14.70167	732
14.70333	731
14.70500	732
14.70667	731
14.70833	732
14.71000	731
14.71167	731
14.71333	732
14.71500	731
14.71667	732
14.71833	731
14.72000	732
14.72167	732
14.72333	732
14.72500	732
14.72667	732
14.72833	733
14.73000	733
14.73167	733
14.73333	733
14.73500	734
14.73667	733
14.73833	734
14.74000	734
14.74167	734
14.74333	734
14.74500	734
14.74667	735
14.74833	734
14.75000	734
14.75167	734
14.75333	734
14.75500	734
14.75667	734
14.75833	734
14.76000	734
14.76167	734
14.76333	734
14.76500	733
14.76667	734
14.76833	734
14.77000	734
14.77167	733
14.77333	734
14.77500	734
14.77667	733
14.77833	734
14.78000	733
14.78167	734
14.78333	733
14.78500	734
14.78667	733
14.78833	733
14.79000	733
14.79167	734
14.79333	733
14.79500	733
14.79667	733
14.79833	733
14.80000	733
14.80167	733
14.80333	733
14.80500	733
14.80667	733
14.80833	733
14.81000	733
14.81167	734
14.81333	733
14.81500	734
14.81667	733
14.81833	734
14.82000	734
14.82167	734
14.82333	734
14.82500	734
14.82667	734
14.82833	734
14.83000	734
14.83167	734
14.83333	735
14.83500	734
14.83667	734
14.83833	734
14.84000	734
14.84167	734
14.84333	734
14.84500	734
14.84667	734
14.84833	734
14.85000	734
14.85167	734
14.85333	734
14.85500	734
14.85667	733
14.85833	734
14.86000	734
14.86167	734
14.86333	733
14.86500	734
14.86667	733
14.86833	733
14.87000	734
14.87167	733
14.87333	733
14.87500	733
14.87667	733
14.87833	733
14.88000	733
14.88167	733
14.88333	732
14.88500	732
14.88667	732
14.88833	732
14.89000	732
14.89167	732
14.89333	732
14.89500	731
14.89667	732
14.89833	731
14.90000	731
14.90167	731
14.90333	731
14.90500	731
14.90667	730
14.90833	731
14.91000	730
14.91167	731
14.91333	730
14.91500	731
14.91667	730
14.91833	730
14.92000	730
14.92167	730
14.92333	730
14.92500	731
14.92667	730
14.92833	731
14.93000	730
14.93167	731
14.93333	730
14.93500	731
14.93667	731
14.93833	731
14.94000	731
14.94167	731
14.94333	731
14.94500	732
14.94667	731
14.94833	732
14.95000	732
14.95167	731
14.95333	732
14.95500	732
14.95667	732
14.95833	732
14.96000	732
14.96167	732
14.96333	732
14.96500	733
14.96667	732
14.96833	732
14.97000	732
14.97167	733
14.97333	732
14.97500	732
14.97667	733
14.97833	732
14.98000	733
14.98167	732
14.98333	732
14.98500	732
14.98667	732
14.98833	732
14.99000	732
14.99167	732
14.99333	732
14.99500	732
14.99667	732
14.99833	732
15.00000	732
15.00167	733
15.00333	732
15.00500	733
15.00667	732
15.00833	733
15.01000	732
15.01167	732
15.01333	732
15.01500	733
15.01667	733
15.01833	732
15.02000	733
15.02167	733
15.02333	733
15.02500	733
15.02667	733
15.02833	733
15.03000	733
15.03167	733
15.03333	733
15.03500	733
15.03667	733
15.03833	733
15.04000	734
15.04167	733
15.04333	733
15.04500	733
15.04667	734
15.04833	733
15.05000	734
15.05167	733
15.05333	734
15.05500	734
15.05667	734
15.05833	734
15.06000	734
15.06167	735
15.06333	735
15.06500	735
15.06667	735
15.06833	735
15.07000	735
15.07167	736
15.07333	736
15.07500	736
15.07667	735
15.07833	737
15.08000	736
15.08167	736
15.08333	737
15.08500	736
15.08667	737
15.08833	737
15.09000	737
15.09167	737
15.09333	737
15.09500	737
15.09667	737
15.09833	737
15.10000	736
15.10167	738
15.10333	736
15.10500	738
15.10667	736
15.10833	737
15.11000	737
15.11167	736
15.11333	737
15.11500	736
15.11667	736
15.11833	736
15.12000	736
15.12167	736
15.12333	736
15.12500	735
15.12667	736
15.12833	735
15.13000	735
15.13167	735
15.13333	735
15.13500	735
15.13667	735
15.13833	735
15.14000	734
15.14167	735
15.14333	734
15.14500	734
15.14667	734
15.14833	734
15.15000	734
15.15167	734
15.15333	734
15.15500	733
15.15667	734
15.15833	733
15.16000	734
15.16167	733
15.16333	733
15.16500	734
15.16667	733
15.16833	734
15.17000	733
15.17167	734
15.17333	733
15.17500	733
15.17667	734
15.17833	733
15.18000	734
15.18167	733
15.18333	734
15.18500	734
15.18667	734
15.18833	734
15.19000	735
15.19167	734
15.19333	735
15.19500	735
15.19667	735
15.19833	735
15.20000	736
15.20167	736
15.20333	736
15.20500	737
15.20667	737
15.20833	736
15.21000	738
15.21167	737
15.21333	738
15.21500	738
15.21667	738
15.21833	738
15.22000	738
15.22167	739
15.22333	738
15.22500	739
15.22667	739
15.22833	739
15.23000	740
15.23167	739
15.23333	740
15.23500	739
15.23667	739
15.23833	739
15.24000	739
15.24167	739
15.24333	739
15.24500	738
15.24667	739
15.24833	738
15.25000	738
15.25167	737
15.25333	738
15.25500	737
15.25667	738
15.25833	737
15.26000	736
15.26167	737
15.26333	736
15.26500	737
15.26667	736
15.26833	737
15.27000	736
15.27167	735
15.27333	736
15.27500	736
15.27667	735
15.27833	735
15.28000	736
15.28167	735
15.28333	735
15.28500	736
15.28667	735
15.28833	736
15.29000	735
15.29167	735
15.29333	736
15.29500	735
15.29667	735
15.29833	736
15.30000	735
15.30167	735
15.30333	735
15.30500	735
15.30667	736
15.30833	735
15.31000	735
15.31167	735
15.31333	734
15.31500	735
15.31667	735
15.31833	734
15.32000	735
15.32167	734
15.32333	735
15.32500	735
15.32667	735
15.32833	734
15.33000	735
15.33167	735
15.33333	735
15.33500	735
15.33667	735
15.33833	735
15.34000	735
15.34167	735
15.34333	736
15.34500	735
15.34667	735
15.34833	736
15.35000	735
15.35167	735
15.35333	736
15.35500	735
15.35667	735
15.35833	736
15.36000	735
15.36167	735
15.36333	736
15.36500	735
15.36667	735
15.36833	736
15.37000	735
15.37167	735
15.37333	736
15.37500	735
15.37667	736
15.37833	736
15.38000	735
15.38167	736
15.38333	736
15.38500	736
15.38667	736
15.38833	737
15.39000	736
15.39167	737
15.39333	737
15.39500	737
15.39667	737
15.39833	737
15.40000	737
15.40167	738
15.40333	738
15.40500	739
15.40667	738
15.40833	738
15.41000	739
15.41167	739
15.41333	739
15.41500	738
15.41667	740
15.41833	739
15.42000	739
15.42167	739
15.42333	740
15.42500	739
15.42667	739
15.42833	739
15.43000	739
15.43167	739
15.43333	739
15.43500	739
15.43667	739
15.43833	739
15.44000	739
15.44167	738
15.44333	739
15.44500	738
15.44667	738
15.44833	738
15.45000	738
15.45167	738
15.45333	737
15.45500	738
15.45667	737
15.45833	738
15.46000	736
15.46167	737
15.46333	737
15.46500	737
15.46667	736
15.46833	736
15.47000	737
15.47167	736
15.47333	736
15.47500	737
15.47667	736
15.47833	737
15.48000	736
15.48167	737
15.48333	737
15.48500	737
15.48667	737
15.48833	738
15.49000	737
15.49167	738
15.49333	738
15.49500	737
15.49667	738
15.49833	738
15.50000	738
15.50167	738
15.50333	739
15.50500	738
15.50667	738
15.50833	739
15.51000	738
15.51167	738
15.51333	739
15.51500	738
15.51667	738
15.51833	738
15.52000	738
15.52167	738
15.52333	737
15.52500	738
15.52667	736
15.52833	737
15.53000	737
15.53167	736
15.53333	736
15.53500	737
15.53667	736
15.53833	737
15.54000	736
15.54167	736
15.54333	736
15.54500	737
15.54667	736
15.54833	737
15.55000	736
15.55167	736
15.55333	737
15.55500	736
15.55667	737
15.55833	737
15.56000	736
15.56167	737
15.56333	737
15.56500	738
15.56667	737
15.56833	738
15.57000	737
15.57167	738
15.57333	738
15.57500	738
15.57667	738
15.57833	738
15.58000	739
15.58167	738
15.58333	739
15.58500	738
15.58667	739
15.58833	739
15.59000	739
15.59167	739
15.59333	739
15.59500	738
15.59667	739
15.59833	739
15.60000	740
15.60167	739
15.60333	739
15.60500	740
15.60667	739
15.60833	740
15.61000	740
15.61167	741
15.61333	740
15.61500	740
15.61667	741
15.61833	740
15.62000	741
15.62167	741
15.62333	741
15.62500	741
15.62667	741
15.62833	742
15.63000	741
15.63167	741
15.63333	742
15.63500	741
15.63667	742
15.63833	742
15.64000	741
15.64167	742
15.64333	741
15.64500	741
15.64667	741
15.64833	741
15.65000	742
15.65167	741
15.65333	741
15.65500	741
15.65667	741
15.65833	741
15.66000	741
15.66167	740
15.66333	740
15.66500	741
15.66667	740
15.66833	740
15.67000	740
15.67167	740
15.67333	740
15.67500	740
15.67667	739
15.67833	740
15.68000	739
15.68167	739
15.68333	739
15.68500	739
15.68667	739
15.68833	738
15.69000	739
15.69167	739
15.69333	738
15.69500	738
15.69667	739
15.69833	738
15.70000	738
15.70167	739
15.70333	738
15.70500	738
15.70667	738
15.70833	738
15.71000	738
15.71167	738
15.71333	738
15.71500	738
15.71667	738
15.71833	738
15.72000	738
15.72167	738
15.72333	738
15.72500	737
15.72667	738
15.72833	738
15.73000	738
15.73167	738
15.73333	737
15.73500	738
15.73667	738
15.73833	737
15.74000	737
15.74167	737
15.74333	737
15.74500	737
15.74667	737
15.74833	736
15.75000	737
15.75167	736
15.75333	736
15.75500	736
15.75667	736
15.75833	736
15.76000	736
15.76167	735
15.76333	736
15.76500	736
15.76667	736
15.76833	735
15.77000	736
15.77167	736
15.77333	736
15.77500	736
15.77667	736
15.77833	736
15.78000	736
15.78167	737
15.78333	737
15.78500	736
15.78667	737
15.78833	737
15.79000	738
15.79167	737
15.79333	738
15.79500	738
15.79667	738
15.79833	738
15.80000	738
15.80167	739
15.80333	738
15.80500	739
15.80667	739
15.80833	739
15.81000	739
15.81167	739
15.81333	739
15.81500	739
15.81667	740
15.81833	740
15.82000	739
15.82167	740
15.82333	740
15.82500	740
15.82667	740
15.82833	741
15.83000	740
15.83167	740
15.83333	740
15.83500	741
15.83667	740
15.83833	740
15.84000	741
15.84167	740
15.84333	741
15.84500	740
15.84667	741
15.84833	740
15.85000	741
15.85167	740
15.85333	741
15.85500	740
15.85667	741
15.85833	741
15.86000	740
15.86167	741
15.86333	740
15.86500	740
15.86667	740
15.86833	741
15.87000	739
15.87167	740
15.87333	740
15.87500	740
15.87667	739
15.87833	740
15.88000	739
15.88167	739
15.88333	739
15.88500	738
15.88667	739
15.88833	738
15.89000	739
15.89167	738
15.89333	738
15.89500	738
15.89667	737
15.89833	738
15.90000	738
15.90167	738
15.90333	738
15.90500	738
15.90667	738
15.90833	738
15.91000	738
15.91167	738
15.91333	738
15.91500	738
15.91667	739
15.91833	738
15.92000	739
15.92167	738
15.92333	739
15.92500	739
15.92667	739
15.92833	739
15.93000	739
15.93167	739
15.93333	739
15.93500	740
15.93667	739
15.93833	739
15.94000	740
15.94167	740
15.94333	739
15.94500	740
15.94667	740
15.94833	741
15.95000	740
15.95167	740
15.95333	741
15.95500	741
15.95667	740
15.95833	741
15.96000	741
15.96167	741
15.96333	741
15.96500	741
15.96667	741
15.96833	741
15.97000	741
15.97167	741
15.97333	740
15.97500	741
15.97667	741
15.97833	741
15.98000	740
15.98167	741
15.98333	740
15.98500	740
15.98667	741
15.98833	740
15.99000	740
15.99167	740
15.99333	741
15.99500	740
15.99667	740
15.99833	741
16.00000	740
16.00167	740
16.00333	741
16.00500	740
16.00667	740
16.00833	740
16.01000	741
16.01167	740
16.01333	741
16.01500	740
16.01667	741
16.01833	740
16.02000	740
16.02167	741
16.02333	740
16.02500	741
16.02667	740
16.02833	741
16.03000	741
16.03167	741
16.03333	741
16.03500	741
16.03667	741
16.03833	741
16.04000	741
16.04167	741
16.04333	741
16.04500	741
16.04667	741
16.04833	741
16.05000	740
16.05167	741
16.05333	741
16.05500	741
16.05667	741
16.05833	741
16.06000	741
16.06167	741
16.06333	742
16.06500	741
16.06667	742
16.06833	741
16.07000	742
16.07167	741
16.07333	742
16.07500	742
16.07667	741
16.07833	742
16.08000	742
16.08167	742
16.08333	742
16.08500	742
16.08667	742
16.08833	742
16.09000	742
16.09167	743
16.09333	743
16.09500	743
16.09667	743
16.09833	743
16.10000	743
16.10167	743
16.10333	744
16.10500	743
16.10667	744
16.10833	743
16.11000	744
16.11167	744
16.11333	744
16.11500	744
16.11667	745
16.11833	744
16.12000	745
16.12167	744
16.12333	745
16.12500	744
16.12667	745
16.12833	745
16.13000	744
16.13167	745
16.13333	745
16.13500	744
16.13667	745
16.13833	745
16.14000	744
16.14167	744
16.14333	745
16.14500	744
16.14667	744
16.14833	744
16.15000	744
16.15167	743
16.15333	744
16.15500	743
16.15667	744
16.15833	743
16.16000	743
16.16167	743
16.16333	743
16.16500	743
16.16667	743
16.16833	742
16.17000	743
16.17167	742
16.17333	743
16.17500	742
16.17667	743
16.17833	742
16.18000	743
16.18167	743
16.18333	742
16.18500	743
16.18667	742
16.18833	743
16.19000	743
16.19167	742
16.19333	743
16.19500	742
16.19667	742
16.19833	743
16.20000	742
16.20167	743
16.20333	742
16.20500	742
16.20667	742
16.20833	742
16.21000	742
16.21167	742
16.21333	741
16.21500	742
16.21667	741
16.21833	742
16.22000	741
16.22167	741
16.22333	741
16.22500	741
16.22667	741
16.22833	741
16.23000	741
16.23167	741
16.23333	741
16.23500	742
16.23667	741
16.23833	742
16.24000	742
16.24167	742
16.24333	742
16.24500	743
16.24667	742
16.24833	743
16.25000	743
16.25167	743
16.25333	743
16.25500	743
16.25667	743
16.25833	744
16.26000	743
16.26167	744
16.26333	743
16.26500	744
16.26667	743
16.26833	744
16.27000	744
16.27167	743
16.27333	744
16.27500	744
16.27667	743
16.27833	744
16.28000	744
16.28167	744
16.28333	744
16.28500	743
16.28667	744
16.28833	744
16.29000	744
16.29167	744
16.29333	744
16.29500	744
16.29667	744
16.29833	744
16.30000	745
16.30167	744
16.30333	744
16.30500	745
16.30667	744
16.30833	744
16.31000	745
16.31167	744
16.31333	745
16.31500	744
16.31667	745
16.31833	744
16.32000	744
16.32167	744
16.32333	745
16.32500	744
16.32667	743
16.32833	744
16.33000	744
16.33167	744
16.33333	744
16.33500	743
16.33667	744
16.33833	743
16.34000	744
16.34167	743
16.34333	743
16.34500	744
16.34667	743
16.34833	744
16.35000	743
16.35167	744
16.35333	743
16.35500	743
16.35667	744
16.35833	743
16.36000	743
16.36167	743
16.36333	743
16.36500	743
16.36667	743
16.36833	743
16.37000	744
16.37167	743
16.37333	743
16.37500	742
16.37667	743
16.37833	743
16.38000	742
16.38167	742
16.38333	742
16.38500	742
16.38667	741
16.38833	742
16.39000	741
16.39167	742
16.39333	741
16.39500	740
16.39667	741
16.39833	740
16.40000	741
16.40167	740
16.40333	740
16.40500	740
16.40667	740
16.40833	740
16.41000	740
16.41167	740
16.41333	739
16.41500	740
16.41667	740
16.41833	739
16.42000	740
16.42167	740
16.42333	740
16.42500	739
16.42667	740
16.42833	740
16.43000	740
16.43167	741
16.43333	740
16.43500	740
16.43667	741
16.43833	740
16.44000	741
16.44167	741
16.44333	740
16.44500	741
16.44667	740
16.44833	741
16.45000	741
16.45167	741
16.45333	740
16.45500	741
16.45667	741
16.45833	742
16.46000	741
16.46167	742
16.46333	741
16.46500	742
16.46667	742
16.46833	742
16.47000	742
16.47167	743
16.47333	742
16.47500	742
16.47667	743
16.47833	742
16.48000	743
16.48167	743
16.48333	743
16.48500	743
16.48667	743
16.48833	744
16.49000	744
16.49167	743
16.49333	744
16.49500	744
16.49667	745
16.49833	744
16.50000	745
16.50167	744
16.50333	745
16.50500	745
16.50667	745
16.50833	745
16.51000	745
16.51167	745
16.51333	745
16.51500	746
16.51667	745
16.51833	746
16.52000	745
16.52167	746
16.52333	745
16.52500	746
16.52667	745
16.52833	746
16.53000	746
16.53167	745
16.53333	746
16.53500	745
16.53667	746
16.53833	746
16.54000	745
16.54167	745
16.54333	746
16.54500	745
16.54667	745
16.54833	746
16.55000	745
16.55167	746
16.55333	746
16.55500	746
16.55667	746
16.55833	745
16.56000	746
16.56167	746
16.56333	745
16.56500	746
16.56667	746
16.56833	745
16.57000	745
16.57167	746
16.57333	745
16.57500	745
16.57667	745
16.57833	745
16.58000	745
16.58167	745
16.58333	745
16.58500	745
16.58667	745
16.58833	744
16.59000	745
16.59167	745
16.59333	744
16.59500	745
16.59667	745
16.59833	744
16.60000	745
16.60167	745
16.60333	745
16.60500	745
16.60667	745
16.60833	745
16.61000	746
16.61167	745
16.61333	745
16.61500	746
16.61667	745
16.61833	746
16.62000	745
16.62167	746
16.62333	746
16.62500	745
16.62667	746
16.62833	746
16.63000	746
16.63167	747
16.63333	746
16.63500	746
16.63667	746
16.63833	747
16.64000	746
16.64167	747
16.64333	747
16.64500	747
16.64667	747
16.64833	747
16.65000	747
16.65167	747
16.65333	748
16.65500	747
16.65667	747
16.65833	748
16.66000	748
16.66167	747
16.66333	747
16.66500	748
16.66667	747
16.66833	748
16.67000	747
16.67167	748
16.67333	748
16.67500	748
16.67667	747
16.67833	748
16.68000	748
16.68167	747
16.68333	748
16.68500	747
16.68667	748
16.68833	747
16.69000	748
16.69167	747
16.69333	747
16.69500	747
16.69667	747
16.69833	746
16.70000	747
16.70167	747
16.70333	746
16.70500	747
16.70667	747
16.70833	746
16.71000	747
16.71167	746
16.71333	747
16.71500	746
16.71667	747
16.71833	747
16.72000	747
16.72167	747
16.72333	747
16.72500	747
16.72667	747
16.72833	746
16.73000	748
16.73167	746
16.73333	747
16.73500	747
16.73667	747
16.73833	747
16.74000	748
16.74167	747
16.74333	747
16.74500	747
16.74667	748
16.74833	747
16.75000	748
16.75167	747
16.75333	748
16.75500	747
16.75667	747
16.75833	748
16.76000	747
16.76167	747
16.76333	748
16.76500	747
16.76667	748
16.76833	748
16.77000	748
16.77167	748
16.77333	748
16.77500	747
16.77667	748
16.77833	748
16.78000	747
16.78167	748
16.78333	747
16.78500	748
16.78667	747
16.78833	747
16.79000	748
16.79167	747
16.79333	746
16.79500	747
16.79667	747
16.79833	746
16.80000	747
16.80167	746
16.80333	747
16.80500	746
16.80667	746
16.80833	745
16.81000	746
16.81167	746
16.81333	745
16.81500	745
16.81667	745
16.81833	746
16.82000	744
16.82167	746
16.82333	745
16.82500	745
16.82667	744
16.82833	745
16.83000	745
16.83167	745
16.83333	744
16.83500	745
16.83667	745
16.83833	745
16.84000	745
16.84167	744
16.84333	745
16.84500	745
16.84667	745
16.84833	745
16.85000	745
16.85167	746
16.85333	745
16.85500	745
16.85667	745
16.85833	746
16.86000	745
16.86167	746
16.86333	745
16.86500	746
16.86667	746
16.86833	745
16.87000	746
16.87167	746
16.87333	746
16.87500	746
16.87667	747
16.87833	746
16.88000	746
16.88167	747
16.88333	747
16.88500	746
16.88667	747
16.88833	747
16.89000	747
16.89167	747
16.89333	748
16.89500	747
16.89667	748
16.89833	747
16.90000	747
16.90167	748
16.90333	748
16.90500	747
16.90667	748
16.90833	747
16.91000	748
16.91167	748
16.91333	747
16.91500	748
16.91667	747
16.91833	748
16.92000	747
16.92167	747
16.92333	748
16.92500	747
16.92667	747
16.92833	747
16.93000	748
16.93167	747
16.93333	747
16.93500	748
16.93667	747
16.93833	747
16.94000	747
16.94167	748
16.94333	747
16.94500	747
16.94667	748
16.94833	747
16.95000	748
16.95167	747
16.95333	748
16.95500	748
16.95667	747
16.95833	748
16.96000	748
16.96167	747
16.96333	748
16.96500	748
16.96667	748
16.96833	749
16.97000	748
16.97167	748
16.97333	748
16.97500	748
16.97667	748
16.97833	748
16.98000	748
16.98167	748
16.98333	747
16.98500	748
16.98667	747
16.98833	747
16.99000	747
16.99167	747
16.99333	747
16.99500	747
16.99667	746
16.99833	747
17.00000	747
17.00167	746
17.00333	746
17.00500	747
17.00667	746
17.00833	746
17.01000	746
17.01167	746
17.01333	746
17.01500	746
17.01667	746
17.01833	746
17.02000	746
17.02167	746
17.02333	746
17.02500	746
17.02667	746
17.02833	746
17.03000	747
17.03167	746
17.03333	747
17.03500	747
17.03667	746
17.03833	747
17.04000	747
17.04167	747
17.04333	746
17.04500	747
17.04667	747
17.04833	747
17.05000	747
17.05167	747
17.05333	748
17.05500	747
17.05667	747
17.05833	747
17.06000	747
17.06167	747
17.06333	748
17.06500	747
17.06667	748
17.06833	747
17.07000	748
17.07167	749
17.07333	748
17.07500	748
17.07667	749
17.07833	749
17.08000	749
17.08167	749
17.08333	749
17.08500	749
17.08667	749
17.08833	749
17.09000	750
17.09167	749
17.09333	749
17.09500	750
17.09667	749
17.09833	750
17.10000	749
17.10167	749
17.10333	749
17.10500	749
17.10667	749
17.10833	749
17.11000	748
17.11167	749
17.11333	748
17.11500	748
17.11667	748
17.11833	748
17.12000	748
17.12167	748
17.12333	747
17.12500	748
17.12667	747
17.12833	747
17.13000	747
17.13167	747
17.13333	747
17.13500	746
17.13667	747
17.13833	746
17.14000	747
17.14167	747
17.14333	746
17.14500	747
17.14667	747
17.14833	747
17.15000	747
17.15167	747
17.15333	747
17.15500	748
17.15667	747
17.15833	747
17.16000	747
17.16167	748
17.16333	747
17.16500	748
17.16667	748
17.16833	748
17.17000	748
17.17167	749
17.17333	748
17.17500	749
17.17667	748
17.17833	749
17.18000	749
17.18167	750
17.18333	749
17.18500	750
17.18667	749
17.18833	750
17.19000	750
17.19167	750
17.19333	751
17.19500	750
17.19667	750
17.19833	751
17.20000	751
17.20167	751
17.20333	751
17.20500	751
17.20667	752
17.20833	752
17.21000	752
17.21167	752
17.21333	752
17.21500	753
17.21667	752
17.21833	753
17.22000	753
17.22167	753
17.22333	754
17.22500	753
17.22667	754
17.22833	753
17.23000	754
17.23167	754
17.23333	754
17.23500	753
17.23667	754
17.23833	754
17.24000	754
17.24167	753
17.24333	754
17.24500	754
17.24667	753
17.24833	754
17.25000	753
17.25167	754
17.25333	753
17.25500	753
17.25667	754
17.25833	753
17.26000	753
17.26167	753
17.26333	753
17.26500	753
17.26667	753
17.26833	753
17.27000	753
17.27167	752
17.27333	753
17.27500	753
17.27667	753
17.27833	753
17.28000	752
17.28167	753
17.28333	753
17.28500	753
17.28667	752
17.28833	753
17.29000	753
17.29167	753
17.29333	753
17.29500	753
17.29667	753
17.29833	752
17.30000	753
17.30167	753
17.30333	752
17.30500	753
17.30667	753
17.30833	752
17.31000	753
17.31167	752
17.31333	752
17.31500	753
17.31667	752
17.31833	753
17.32000	752
17.32167	752
17.32333	753
17.32500	753
17.32667	752
17.32833	753
17.33000	752
17.33167	753
17.33333	753
17.33500	753
17.33667	752
17.33833	753
17.34000	753
17.34167	752
17.34333	753
17.34500	753
17.34667	753
17.34833	753
17.35000	753
17.35167	754
17.35333	753
17.35500	753
17.35667	753
17.35833	753
17.36000	753
17.36167	752
17.36333	753
17.36500	752
17.36667	753
17.36833	753
17.37000	753
17.37167	752
17.37333	753
17.37500	753
17.37667	753
17.37833	753
17.38000	752
17.38167	753
17.38333	753
17.38500	752
17.38667	753
17.38833	752
17.39000	753
17.39167	753
17.39333	752
17.39500	753
17.39667	753
17.39833	752
17.40000	752
17.40167	753
17.40333	752
17.40500	752
17.40667	753
17.40833	752
17.41000	753
17.41167	752
17.41333	752
17.41500	752
17.41667	753
17.41833	752
17.42000	752
17.42167	752
17.42333	752
17.42500	752
17.42667	752
17.42833	752
17.43000	752
17.43167	752
17.43333	752
17.43500	752
17.43667	751
17.43833	752
17.44000	751
17.44167	752
17.44333	751
17.44500	752
17.44667	751
17.44833	752
17.45000	751
17.45167	751
17.45333	752
17.45500	751
17.45667	751
17.45833	751
17.46000	750
17.46167	751
17.46333	751
17.46500	751
17.46667	751
17.46833	751
17.47000	750
17.47167	751
17.47333	751
17.47500	751
17.47667	750
17.47833	751
17.48000	751
17.48167	751
17.48333	750
17.48500	751
17.48667	751
17.48833	752
17.49000	751
17.49167	751
17.49333	751
17.49500	751
17.49667	751
17.49833	751
17.50000	751
17.50167	751
17.50333	751
17.50500	751
17.50667	750
17.50833	751
17.51000	751
17.51167	750
17.51333	751
17.51500	751
17.51667	751
17.51833	751
17.52000	750
17.52167	751
17.52333	750
17.52500	751
17.52667	750
17.52833	751
17.53000	750
17.53167	751
17.53333	750
17.53500	751
17.53667	750
17.53833	751
17.54000	750
17.54167	751
17.54333	750
17.54500	751
17.54667	750
17.54833	751
17.55000	750
17.55167	751
17.55333	750
17.55500	750
17.55667	751
17.55833	750
17.56000	750
17.56167	750
17.56333	750
17.56500	750
17.56667	750
17.56833	750
17.57000	750
17.57167	750
17.57333	750
17.57500	750
17.57667	749
17.57833	750
17.58000	749
17.58167	750
17.58333	749
17.58500	749
17.58667	749
17.58833	749
17.59000	748
17.59167	749
17.59333	749
17.59500	749
17.59667	749
17.59833	749
17.60000	750
17.60167	749
17.60333	750
17.60500	749
17.60667	750
17.60833	749
17.61000	750
17.61167	750
17.61333	750
17.61500	750
17.61667	750
17.61833	751
17.62000	750
17.62167	751
17.62333	750
17.62500	751
17.62667	751
17.62833	751
17.63000	751
17.63167	751
17.63333	751
17.63500	751
17.63667	752
17.63833	751
17.64000	751
17.64167	752
17.64333	751
17.64500	751
17.64667	751
17.64833	751
17.65000	751
17.65167	751
17.65333	751
17.65500	750
17.65667	751
17.65833	750
17.66000	750
17.66167	751
17.66333	750
17.66500	750
17.66667	750
17.66833	750
17.67000	750
17.67167	749
17.67333	750
17.67500	749
17.67667	750
17.67833	749
17.68000	749
17.68167	749
17.68333	750
17.68500	749
17.68667	749
17.68833	749
17.69000	750
17.69167	749
17.69333	749
17.69500	749
17.69667	750
17.69833	749
17.70000	750
17.70167	749
17.70333	750
17.70500	750
17.70667	751
17.70833	750
17.71000	751
17.71167	751
17.71333	751
17.71500	751
17.71667	752
17.71833	752
17.72000	753
17.72167	752
17.72333	753
17.72500	754
17.72667	754
17.72833	754
17.73000	754
17.73167	755
17.73333	755
17.73500	756
17.73667	755
17.73833	756
17.74000	756
17.74167	757
17.74333	757
17.74500	757
17.74667	757
17.74833	757
17.75000	757
17.75167	758
17.75333	757
17.75500	758
17.75667	758
17.75833	758
17.76000	758
17.76167	758
17.76333	758
17.76500	758
17.76667	757
17.76833	758
17.77000	757
17.77167	758
17.77333	757
17.77500	757
17.77667	757
17.77833	756
17.78000	757
17.78167	756
17.78333	757
17.78500	756
17.78667	756
17.78833	756
17.79000	755
17.79167	755
17.79333	755
17.79500	755
17.79667	755
17.79833	754
17.80000	755
17.80167	754
17.80333	754
17.80500	755
17.80667	754
17.80833	753
17.81000	754
17.81167	754
17.81333	754
17.81500	755
17.81667	754
17.81833	755
17.82000	755
17.82167	755
17.82333	755
17.82500	756
17.82667	756
17.82833	755
17.83000	756
17.83167	756
17.83333	757
17.83500	756
17.83667	757
17.83833	757
17.84000	757
17.84167	758
17.84333	757
17.84500	757
17.84667	758
17.84833	757
17.85000	758
17.85167	758
17.85333	757
17.85500	758
17.85667	757
17.85833	758
17.86000	757
17.86167	758
17.86333	757
17.86500	758
17.86667	757
17.86833	758
17.87000	757
17.87167	758
17.87333	758
17.87500	758
17.87667	757
17.87833	758
17.88000	757
17.88167	758
17.88333	758
17.88500	758
17.88667	757
17.88833	758
17.89000	758
17.89167	758
17.89333	758
17.89500	758
17.89667	758
17.89833	758
17.90000	758
17.90167	758
17.90333	758
17.90500	758
17.90667	758
17.90833	758
17.91000	757
17.91167	758
17.91333	758
17.91500	757
17.91667	758
17.91833	757
17.92000	757
17.92167	758
17.92333	757
17.92500	757
17.92667	757
17.92833	757
17.93000	757
17.93167	757
17.93333	757
17.93500	756
17.93667	757
17.93833	757
17.94000	756
17.94167	757
17.94333	757
17.94500	756
17.94667	757
17.94833	757
17.95000	756
17.95167	757
17.95333	757
17.95500	757
17.95667	756
17.95833	757
17.96000	756
17.96167	757
17.96333	757
17.96500	756
17.96667	757
17.96833	757
17.97000	757
17.97167	756
17.97333	757
17.97500	757
17.97667	757
17.97833	757
17.98000	757
17.98167	756
17.98333	757
17.98500	757
17.98667	756
17.98833	757
17.99000	757
17.99167	757
17.99333	756
17.99500	757
17.99667	757
17.99833	757
18.00000	757
18.00167	757
18.00333	757
18.00500	757
18.00667	757
18.00833	757
18.01000	757
18.01167	758
18.01333	757
18.01500	757
18.01667	757
18.01833	757
18.02000	757
18.02167	757
18.02333	757
18.02500	756
18.02667	757
18.02833	757
18.03000	756
18.03167	757
18.03333	756
18.03500	757
18.03667	756
18.03833	757
18.04000	757
18.04167	756
18.04333	756
18.04500	756
18.04667	756
18.04833	756
18.05000	756
18.05167	756
18.05333	755
18.05500	756
18.05667	755
18.05833	756
18.06000	755
18.06167	756
18.06333	756
18.06500	755
18.06667	756
18.06833	756
18.07000	756
18.07167	756
18.07333	756
18.07500	756
18.07667	755
18.07833	756
18.08000	757
18.08167	756
18.08333	756
18.08500	757
18.08667	756
18.08833	757
18.09000	757
18.09167	757
18.09333	757
18.09500	756
18.09667	757
18.09833	757
18.10000	757
18.10167	756
18.10333	757
18.10500	756
18.10667	756
18.10833	757
18.11000	756
18.11167	757
18.11333	756
18.11500	756
18.11667	757
18.11833	756
18.12000	757
18.12167	756
18.12333	757
18.12500	757
18.12667	757
18.12833	757
18.13000	757
18.13167	757
18.13333	758
18.13500	758
18.13667	757
18.13833	758
18.14000	758
18.14167	759
18.14333	758
18.14500	759
18.14667	759
18.14833	759
18.15000	760
18.15167	759
18.15333	760
18.15500	760
18.15667	760
18.15833	760
18.16000	760
18.16167	760
18.16333	760
18.16500	759
18.16667	760
18.16833	760
18.17000	760
18.17167	760
18.17333	760
18.17500	759
18.17667	760
18.17833	759
18.18000	759
18.18167	759
18.18333	759
18.18500	758
18.18667	758
18.18833	759
18.19000	758
18.19167	758
18.19333	758
18.19500	757
18.19667	758
18.19833	758
18.20000	758
18.20167	758
18.20333	757
18.20500	758
18.20667	758
18.20833	758
18.21000	758
18.21167	758
18.21333	758
18.21500	758
18.21667	758
18.21833	759
18.22000	758
18.22167	758
18.22333	757
18.22500	758
18.22667	758
18.22833	757
18.23000	758
18.23167	758
18.23333	757
18.23500	758
18.23667	757
18.23833	758
18.24000	757
18.24167	758
18.24333	758
18.24500	758
18.24667	758
18.24833	758
18.25000	758
18.25167	757
18.25333	758
18.25500	758
18.25667	758
18.25833	758
18.26000	758
18.26167	758
18.26333	758
18.26500	758
18.26667	758
18.26833	758
18.27000	758
18.27167	759
18.27333	758
18.27500	759
18.27667	758
18.27833	759
18.28000	758
18.28167	758
18.28333	758
18.28500	759
18.28667	758
18.28833	759
18.29000	758
18.29167	759
18.29333	759
18.29500	758
18.29667	759
18.29833	758
18.30000	759
18.30167	758
18.30333	759
18.30500	759
18.30667	759
18.30833	759
18.31000	759
18.31167	759
18.31333	759
18.31500	759
18.31667	759
18.31833	760
18.32000	759
18.32167	759
18.32333	759
18.32500	759
18.32667	759
18.32833	759
18.33000	759
18.33167	759
18.33333	760
18.33500	759
18.33667	759
18.33833	760
18.34000	759
18.34167	759
18.34333	760
18.34500	759
18.34667	760
18.34833	759
18.35000	760
18.35167	759
18.35333	760
18.35500	760
18.35667	760
18.35833	759
18.36000	760
18.36167	760
18.36333	760
18.36500	760
18.36667	760
18.36833	760
18.37000	761
18.37167	760
18.37333	760
18.37500	761
18.37667	760
18.37833	760
18.38000	761
18.38167	760
18.38333	761
18.38500	760
18.38667	761
18.38833	761
18.39000	761
18.39167	761
18.39333	761
18.39500	761
18.39667	761
18.39833	761
18.40000	761
18.40167	761
18.40333	761
18.40500	761
18.40667	761
18.40833	761
18.41000	762
18.41167	761
18.41333	761
18.41500	761
18.41667	761
18.41833	761
18.42000	761
18.42167	761
18.42333	761
18.42500	760
18.42667	761
18.42833	760
18.43000	760
18.43167	760
18.43333	761
18.43500	760
18.43667	760
18.43833	760
18.44000	759
18.44167	760
18.44333	759
18.44500	759
18.44667	760
18.44833	759
18.45000	759
18.45167	759
18.45333	759
18.45500	758
18.45667	759
18.45833	759
18.46000	758
18.46167	759
18.46333	759
18.46500	758
18.46667	758
18.46833	759
18.47000	758
18.47167	758
18.47333	758
18.47500	758
18.47667	759
18.47833	758
18.48000	758
18.48167	759
18.48333	758
18.48500	758
18.48667	759
18.48833	758
18.49000	759
18.49167	758
18.49333	759
18.49500	758
18.49667	759
18.49833	758
18.50000	759
18.50167	758
18.50333	759
18.50500	758
18.50667	758
18.50833	758
18.51000	758
18.51167	758
18.51333	758
18.51500	758
18.51667	758
18.51833	759
18.52000	758
18.52167	759
18.52333	758
18.52500	759
18.52667	759
18.52833	759
18.53000	760
18.53167	759
18.53333	760
18.53500	760
18.53667	760
18.53833	761
18.54000	761
18.54167	761
18.54333	761
18.54500	761
18.54667	762
18.54833	761
18.55000	762
18.55167	761
18.55333	761
18.55500	761
18.55667	762
18.55833	761
18.56000	762
18.56167	761
18.56333	761
18.56500	761
18.56667	761
18.56833	761
18.57000	761
18.57167	761
18.57333	760
18.57500	760
18.57667	760
18.57833	760
18.58000	759
18.58167	759
18.58333	760
18.58500	759
18.58667	759
18.58833	759
18.59000	759
18.59167	759
18.59333	759
18.59500	758
18.59667	759
18.59833	758
18.60000	759
18.60167	758
18.60333	758
18.60500	758
18.60667	758
18.60833	758
18.61000	758
18.61167	758
18.61333	757
18.61500	757
18.61667	757
18.61833	757
18.62000	757
18.62167	756
18.62333	757
18.62500	757
18.62667	757
18.62833	757
18.63000	757
18.63167	757
18.63333	757
18.63500	757
18.63667	757
18.63833	757
18.64000	757
18.64167	757
18.64333	757
18.64500	758
18.64667	757
18.64833	758
18.65000	758
18.65167	757
18.65333	758
18.65500	758
18.65667	758
18.65833	758
18.66000	758
18.66167	759
18.66333	758
18.66500	758
18.66667	759
18.66833	758
18.67000	758
18.67167	759
18.67333	758
18.67500	759
18.67667	759
18.67833	758
18.68000	759
18.68167	759
18.68333	759
18.68500	758
18.68667	758
18.68833	759
18.69000	758
18.69167	758
18.69333	758
18.69500	758
18.69667	758
18.69833	758
18.70000	758
18.70167	758
18.70333	758
18.70500	758
18.70667	758
18.70833	758
18.71000	757
18.71167	758
18.71333	758
18.71500	758
18.71667	758
18.71833	759
18.72000	758
18.72167	759
18.72333	759
18.72500	760
18.72667	759
18.72833	760
18.73000	760
18.73167	760
18.73333	761
18.73500	761
18.73667	761
18.73833	761
18.74000	761
18.74167	762
18.74333	762
18.74500	762
18.74667	762
18.74833	763
18.75000	762
18.75167	763
18.75333	763
18.75500	763
18.75667	763
18.75833	763
18.76000	763
18.76167	763
18.76333	763
18.76500	762
18.76667	763
18.76833	763
18.77000	762
18.77167	763
18.77333	762
18.77500	762
18.77667	762
18.77833	761
18.78000	762
18.78167	761
18.78333	761
18.78500	761
18.78667	761
18.78833	761
18.79000	760
18.79167	761
18.79333	760
18.79500	760
18.79667	760
18.79833	759
18.80000	760
18.80167	760
18.80333	759
18.80500	759
18.80667	759
18.80833	759
18.81000	759
18.81167	759
18.81333	758
18.81500	759
18.81667	758
18.81833	759
18.82000	758
18.82167	758
18.82333	758
18.82500	758
18.82667	758
18.82833	758
18.83000	757
18.83167	758
18.83333	758
18.83500	757
18.83667	758
18.83833	758
18.84000	758
18.84167	758
18.84333	757
18.84500	758
18.84667	758
18.84833	758
18.85000	758
18.85167	758
18.85333	758
18.85500	758
18.85667	758
18.85833	758
18.86000	757
18.86167	758
18.86333	758
18.86500	757
18.86667	758
18.86833	758
18.87000	757
18.87167	758
18.87333	757
18.87500	757
18.87667	758
18.87833	757
18.88000	758
18.88167	757
18.88333	758
18.88500	758
18.88667	757
18.88833	758
18.89000	758
18.89167	758
18.89333	758
18.89500	758
18.89667	759
18.89833	758
18.90000	759
18.90167	758
18.90333	759
18.90500	759
18.90667	759
18.90833	759
18.91000	759
18.91167	759
18.91333	759
18.91500	759
18.91667	760
18.91833	759
18.92000	759
18.92167	760
18.92333	759
18.92500	759
18.92667	759
18.92833	759
18.93000	759
18.93167	759
18.93333	759
18.93500	759
18.93667	759
18.93833	759
18.94000	758
18.94167	759
18.94333	759
18.94500	758
18.94667	759
18.94833	759
18.95000	758
18.95167	759
18.95333	759
18.95500	759
18.95667	759
18.95833	759
18.96000	759
18.96167	759
18.96333	758
18.96500	759
18.96667	759
18.96833	759
18.97000	759
18.97167	759
18.97333	759
18.97500	758
18.97667	759
18.97833	759
18.98000	758
18.98167	759
18.98333	759
18.98500	758
18.98667	759
18.98833	758
18.99000	759
18.99167	758
18.99333	759
18.99500	759
18.99667	759
18.99833	758
19.00000	759
19.00167	759
19.00333	758
19.00500	759
19.00667	759
19.00833	758
19.01000	759
19.01167	759
19.01333	758
19.01500	759
19.01667	758
19.01833	758
19.02000	758
19.02167	758
19.02333	758
19.02500	757
19.02667	757
19.02833	757
19.03000	757
19.03167	757
19.03333	756
19.03500	756
19.03667	756
19.03833	756
19.04000	756
19.04167	755
19.04333	755
19.04500	755
19.04667	755
19.04833	754
19.05000	754
19.05167	754
19.05333	753
19.05500	754
19.05667	753
19.05833	753
19.06000	753
19.06167	752
19.06333	753
19.06500	753
19.06667	752
19.06833	752
19.07000	753
19.07167	752
19.07333	753
19.07500	752
19.07667	752
19.07833	753
19.08000	752
19.08167	752
19.08333	753
19.08500	752
19.08667	752
19.08833	752
19.09000	753
19.09167	752
19.09333	752
19.09500	753
19.09667	752
19.09833	752
19.10000	752
19.10167	751
19.10333	751
19.10500	752
19.10667	751
19.10833	751
19.11000	750
19.11167	750
19.11333	750
19.11500	750
19.11667	749
19.11833	749
19.12000	749
19.12167	748
19.12333	748
19.12500	747
19.12667	747
19.12833	746
19.13000	746
19.13167	746
19.13333	745
19.13500	746
19.13667	745
19.13833	745
19.14000	744
19.14167	745
19.14333	744
19.14500	744
19.14667	744
19.14833	744
19.15000	743
19.15167	744
19.15333	743
19.15500	743
19.15667	743
19.15833	743
19.16000	743
19.16167	742
19.16333	743
19.16500	742
19.16667	743
19.16833	742
19.17000	742
19.17167	742
19.17333	742
19.17500	742
19.17667	742
19.17833	741
19.18000	741
19.18167	741
19.18333	741
19.18500	741
19.18667	741
19.18833	740
19.19000	741
19.19167	740
19.19333	741
19.19500	740
19.19667	740
19.19833	739
19.20000	740
19.20167	739
19.20333	739
19.20500	739
19.20667	738
19.20833	738
19.21000	738
19.21167	738
19.21333	737
19.21500	737
19.21667	736
19.21833	736
19.22000	736
19.22167	736
19.22333	735
19.22500	735
19.22667	734
19.22833	735
19.23000	734
19.23167	734
19.23333	733
19.23500	733
19.23667	732
19.23833	733
19.24000	732
19.24167	732
19.24333	731
19.24500	731
19.24667	731
19.24833	730
19.25000	730
19.25167	730
19.25333	729
19.25500	730
19.25667	728
19.25833	729
19.26000	728
19.26167	727
19.26333	727
19.26500	727
19.26667	726
19.26833	726
19.27000	726
19.27167	725
19.27333	725
19.27500	725
19.27667	724
19.27833	724
19.28000	723
19.28167	723
19.28333	723
19.28500	723
19.28667	722
19.28833	722
19.29000	722
19.29167	721
19.29333	721
19.29500	720
19.29667	721
19.29833	720
19.30000	720
19.30167	719
19.30333	720
19.30500	718
19.30667	719
19.30833	719
19.31000	718
19.31167	717
19.31333	718
19.31500	717
19.31667	717
19.31833	717
19.32000	717
19.32167	716
19.32333	716
19.32500	715
19.32667	715
19.32833	715
19.33000	715
19.33167	714
19.33333	714
19.33500	714
19.33667	713
19.33833	713
19.34000	713
19.34167	713
19.34333	712
19.34500	712
19.34667	711
19.34833	711
19.35000	711
19.35167	710
19.35333	710
19.35500	710
19.35667	709
19.35833	708
19.36000	708
19.36167	708
19.36333	707
19.36500	707
19.36667	706
19.36833	706
19.37000	705
19.37167	704
19.37333	705
19.37500	703
19.37667	704
19.37833	703
19.38000	702
19.38167	702
19.38333	702
19.38500	701
19.38667	700
19.38833	700
19.39000	700
19.39167	700
19.39333	699
19.39500	699
19.39667	698
19.39833	698
19.40000	697
19.40167	697
19.40333	697
19.40500	697
19.40667	697
19.40833	696
19.41000	695
19.41167	696
19.41333	695
19.41500	695
19.41667	694
19.41833	694
19.42000	694
19.42167	694
19.42333	693
19.42500	693
19.42667	692
19.42833	691
19.43000	692
19.43167	690
19.43333	691
19.43500	690
19.43667	689
19.43833	688
19.44000	689
19.44167	687
19.44333	687
19.44500	686
19.44667	686
19.44833	685
19.45000	685
19.45167	684
19.45333	683
19.45500	683
19.45667	683
19.45833	682
19.46000	682
19.46167	681
19.46333	681
19.46500	681
19.46667	679
19.46833	679
19.47000	679
19.47167	677
19.47333	678
19.47500	677
19.47667	676
19.47833	676
19.48000	676
19.48167	675
19.48333	674
19.48500	674
19.48667	674
19.48833	673
19.49000	672
19.49167	672
19.49333	671
19.49500	670
19.49667	670
19.49833	670
19.50000	669
19.50167	668
19.50333	668
19.50500	666
19.50667	667
19.50833	666
19.51000	665
19.51167	665
19.51333	665
19.51500	664
19.51667	663
19.51833	663
19.52000	663
19.52167	662
19.52333	661
19.52500	661
19.52667	660
19.52833	661
19.53000	659
19.53167	659
19.53333	659
19.53500	659
19.53667	658
19.53833	658
19.54000	657
19.54167	657
19.54333	656
19.54500	656
19.54667	656
19.54833	655
19.55000	655
19.55167	654
19.55333	654
19.55500	654
19.55667	653
19.55833	652
19.56000	652
19.56167	652
19.56333	652
19.56500	650
19.56667	651
19.56833	650
19.57000	649
19.57167	649
19.57333	649
19.57500	647
19.57667	648
19.57833	646
19.58000	646
19.58167	646
19.58333	644
19.58500	644
19.58667	643
19.58833	643
19.59000	641
19.59167	641
19.59333	641
19.59500	639
19.59667	639
19.59833	638
19.60000	637
19.60167	636
19.60333	636
19.60500	634
19.60667	634
19.60833	634
19.61000	632
19.61167	632
19.61333	631
19.61500	630
19.61667	630
19.61833	629
19.62000	629
19.62167	628
19.62333	628
19.62500	627
19.62667	627
19.62833	626
19.63000	626
19.63167	626
19.63333	626
19.63500	625
19.63667	625
19.63833	625
19.64000	625
19.64167	624
19.64333	623
19.64500	624
19.64667	622
19.64833	623
19.65000	622
19.65167	622
19.65333	621
19.65500	620
19.65667	620
19.65833	620
19.66000	619
19.66167	618
19.66333	618
19.66500	618
19.66667	617
19.66833	616
19.67000	616
19.67167	616
19.67333	615
19.67500	614
19.67667	614
19.67833	613
19.68000	613
19.68167	611
19.68333	611
19.68500	611
19.68667	610
19.68833	609
19.69000	609
19.69167	608
19.69333	608
19.69500	607
19.69667	606
19.69833	606
19.70000	605
19.70167	604
19.70333	603
19.70500	603
19.70667	602
19.70833	602
19.71000	601
19.71167	600
19.71333	600
19.71500	599
19.71667	599
19.71833	598
19.72000	597
19.72167	597
19.72333	597
19.72500	596
19.72667	595
19.72833	595
19.73000	595
19.73167	594
19.73333	593
19.73500	594
19.73667	592
19.73833	592
19.74000	591
19.74167	591
19.74333	590
19.74500	590
19.74667	590
19.74833	589
19.75000	588
19.75167	588
19.75333	588
19.75500	587
19.75667	586
19.75833	586
19.76000	586
19.76167	585
19.76333	585
19.76500	585
19.76667	584
19.76833	584
19.77000	583
19.77167	584
19.77333	582
19.77500	583
19.77667	582
19.77833	582
19.78000	581
19.78167	582
19.78333	580
19.78500	580
19.78667	580
19.78833	580
19.79000	578
19.79167	579
19.79333	578
19.79500	577
19.79667	577
19.79833	576
19.80000	576
19.80167	575
19.80333	575
19.80500	574
19.80667	574
19.80833	573
19.81000	572
19.81167	572
19.81333	571
19.81500	571
19.81667	570
19.81833	569
19.82000	569
19.82167	569
19.82333	568
19.82500	567
19.82667	567
19.82833	567
19.83000	566
19.83167	565
19.83333	565
19.83500	565
19.83667	564
19.83833	563
19.84000	563
19.84167	562
19.84333	562
19.84500	561
19.84667	560
19.84833	560
19.85000	560
19.85167	559
19.85333	558
19.85500	558
19.85667	558
19.85833	557
19.86000	557
19.86167	556
19.86333	556
19.86500	555
19.86667	555
19.86833	555
19.87000	554
19.87167	553
19.87333	553
19.87500	553
19.87667	552
19.87833	551
19.88000	551
19.88167	551
19.88333	550
19.88500	550
19.88667	549
19.88833	548
19.89000	548
19.89167	548
19.89333	547
19.89500	546
19.89667	546
19.89833	545
19.90000	545
19.90167	545
19.90333	544
19.90500	544
19.90667	543
19.90833	542
19.91000	543
19.91167	542
19.91333	541
19.91500	542
19.91667	540
19.91833	541
19.92000	540
19.92167	539
19.92333	539
19.92500	539
19.92667	538
19.92833	538
19.93000	538
19.93167	538
19.93333	536
19.93500	537
19.93667	536
19.93833	536
19.94000	536
19.94167	535
19.94333	534
19.94500	535
19.94667	533
19.94833	533
19.95000	533
19.95167	532
19.95333	531
19.95500	531
19.95667	531
19.95833	530
19.96000	530
19.96167	529
19.96333	528
19.96500	529
19.96667	528
19.96833	527
19.97000	527
19.97167	526
19.97333	526
19.97500	526
19.97667	525
19.97833	525
19.98000	524
19.98167	524
19.98333	523
19.98500	522
19.98667	523
19.98833	521
19.99000	521
19.99167	521
19.99333	521
19.99500	519
19.99667	520
19.99833	519
20.00000	519
20.00167	518
20.00333	518
20.00500	518
20.00667	517
20.00833	517
20.01000	517
20.01167	517
20.01333	516
20.01500	516
20.01667	516
20.01833	516
20.02000	515
20.02167	515
20.02333	515
20.02500	514
20.02667	514
20.02833	514
20.03000	513
20.03167	513
20.03333	513
20.03500	512
20.03667	513
20.03833	511
20.04000	512
20.04167	510
20.04333	511
20.04500	509
20.04667	510
20.04833	509
20.05000	508
20.05167	508
20.05333	507
20.05500	507
20.05667	507
20.05833	506
20.06000	505
20.06167	504
20.06333	504
20.06500	504
20.06667	502
20.06833	503
20.07000	501
20.07167	501
20.07333	500
20.07500	500
20.07667	500
20.07833	498
20.08000	499
20.08167	497
20.08333	497
20.08500	496
20.08667	496
20.08833	496
20.09000	494
20.09167	495
20.09333	493
20.09500	493
20.09667	492
20.09833	492
20.10000	492
20.10167	490
20.10333	491
20.10500	490
20.10667	489
20.10833	489
20.11000	488
20.11167	487
20.11333	487
20.11500	487
20.11667	485
20.11833	486
20.12000	484
20.12167	484
20.12333	484
20.12500	483
20.12667	483
20.12833	482
20.13000	481
20.13167	482
20.13333	480
20.13500	480
20.13667	480
20.13833	479
20.14000	478
20.14167	478
20.14333	478
20.14500	478
20.14667	476
20.14833	477
20.15000	476
20.15167	475
20.15333	475
20.15500	475
20.15667	474
20.15833	474
20.16000	474
20.16167	473
20.16333	472
20.16500	472
20.16667	471
20.16833	471
20.17000	470
20.17167	470
20.17333	469
20.17500	468
20.17667	468
20.17833	466
20.18000	467
20.18167	465
20.18333	465
20.18500	464
20.18667	464
20.18833	464
20.19000	462
20.19167	462
20.19333	462
20.19500	461
20.19667	460
20.19833	460
20.20000	459
20.20167	459
20.20333	458
20.20500	458
20.20667	457
20.20833	457
20.21000	456
20.21167	456
20.21333	455
20.21500	454
20.21667	454
20.21833	453
20.22000	453
20.22167	451
20.22333	452
20.22500	451
20.22667	450
20.22833	449
20.23000	449
20.23167	448
20.23333	447
20.23500	447
20.23667	446
20.23833	446
20.24000	444
20.24167	444
20.24333	444
20.24500	442
20.24667	442
20.24833	442
20.25000	441
20.25167	440
20.25333	440
20.25500	439
20.25667	439
20.25833	439
20.26000	438
20.26167	438
20.26333	437
20.26500	437
20.26667	437
20.26833	436
20.27000	436
20.27167	436
20.27333	436
20.27500	435
20.27667	435
20.27833	435
20.28000	434
20.28167	434
20.28333	433
20.28500	433
20.28667	433
20.28833	433
20.29000	432
20.29167	431
20.29333	431
20.29500	431
20.29667	431
20.29833	430
20.30000	429
20.30167	429
20.30333	429
20.30500	428
20.30667	427
20.30833	427
20.31000	427
20.31167	426
20.31333	426
20.31500	425
20.31667	425
20.31833	424
20.32000	423
20.32167	424
20.32333	423
20.32500	422
20.32667	422
20.32833	421
20.33000	421
20.33167	420
20.33333	419
20.33500	419
20.33667	419
20.33833	418
20.34000	417
20.34167	417
20.34333	417
20.34500	415
20.34667	415
20.34833	415
20.35000	413
20.35167	414
20.35333	412
20.35500	413
20.35667	411
20.35833	412
20.36000	410
20.36167	410
20.36333	410
20.36500	409
20.36667	409
20.36833	408
20.37000	408
20.37167	408
20.37333	407
20.37500	407
20.37667	407
20.37833	406
20.38000	405
20.38167	406
20.38333	405
20.38500	405
20.38667	405
20.38833	404
20.39000	405
20.39167	404
20.39333	403
20.39500	404
20.39667	403
20.39833	403
20.40000	402
20.40167	402
20.40333	402
20.40500	401
20.40667	401
20.40833	400
20.41000	400
20.41167	400
20.41333	399
20.41500	399
20.41667	398
20.41833	398
20.42000	397
20.42167	397
20.42333	397
20.42500	396
20.42667	395
20.42833	395
20.43000	395
20.43167	394
20.43333	394
20.43500	393
20.43667	392
20.43833	392
20.44000	392
20.44167	391
20.44333	390
20.44500	390
20.44667	389
20.44833	389
20.45000	388
20.45167	388
20.45333	387
20.45500	386
20.45667	386
20.45833	385
20.46000	384
20.46167	384
20.46333	384
20.46500	382
20.46667	383
20.46833	382
20.47000	381
20.47167	381
20.47333	380
20.47500	379
20.47667	379
20.47833	378
20.48000	378
20.48167	377
20.48333	376
20.48500	376
20.48667	375
20.48833	374
20.49000	374
20.49167	374
20.49333	372
20.49500	373
20.49667	372
20.49833	371
20.50000	371
20.50167	370
20.50333	369
20.50500	370
20.50667	368
20.50833	369
20.51000	368
20.51167	367
20.51333	367
20.51500	367
20.51667	366
20.51833	366
20.52000	366
20.52167	365
20.52333	365
20.52500	365
20.52667	364
20.52833	365
20.53000	363
20.53167	363
20.53333	363
20.53500	362
20.53667	362
20.53833	361
20.54000	361
20.54167	360
20.54333	360
20.54500	359
20.54667	359
20.54833	358
20.55000	358
20.55167	357
20.55333	357
20.55500	355
20.55667	356
20.55833	354
20.56000	354
20.56167	353
20.56333	353
20.56500	352
20.56667	351
20.56833	351
20.57000	350
20.57167	350
20.57333	349
20.57500	348
20.57667	348
20.57833	348
20.58000	347
20.58167	346
20.58333	346
20.58500	346
20.58667	345
20.58833	344
20.59000	345
20.59167	344
20.59333	344
20.59500	343
20.59667	342
20.59833	343
20.60000	342
20.60167	341
20.60333	341
20.60500	340
20.60667	340
20.60833	340
20.61000	339
20.61167	339
20.61333	338
20.61500	338
20.61667	337
20.61833	337
20.62000	337
20.62167	336
20.62333	335
20.62500	336
20.62667	334
20.62833	335
20.63000	333
20.63167	333
20.63333	333
20.63500	332
20.63667	332
20.63833	331
20.64000	331
20.64167	330
20.64333	329
20.64500	329
20.64667	329
20.64833	328
20.65000	328
20.65167	327
20.65333	327
20.65500	326
20.65667	325
20.65833	326
20.66000	325
20.66167	324
20.66333	324
20.66500	323
20.66667	323
20.66833	323
20.67000	322
20.67167	322
20.67333	322
20.67500	322
20.67667	321
20.67833	321
20.68000	321
20.68167	320
20.68333	321
20.68500	320
20.68667	320
20.68833	319
20.69000	320
20.69167	319
20.69333	319
20.69500	319
20.69667	319
20.69833	318
20.70000	317
20.70167	317
20.70333	317
20.70500	317
20.70667	316
20.70833	316
20.71000	315
20.71167	314
20.71333	314
20.71500	314
20.71667	313
20.71833	312
20.72000	312
20.72167	310
20.72333	311
20.72500	309
20.72667	309
20.72833	309
20.73000	307
20.73167	308
20.73333	306
20.73500	307
20.73667	305
20.73833	305
20.74000	305
20.74167	303
20.74333	304
20.74500	303
20.74667	302
20.74833	301
20.75000	301
20.75167	301
20.75333	300
20.75500	300
20.75667	299
20.75833	299
20.76000	298
20.76167	298
20.76333	298
20.76500	297
20.76667	297
20.76833	296
20.77000	296
20.77167	295
20.77333	295
20.77500	294
20.77667	294
20.77833	294
20.78000	293
20.78167	293
20.78333	293
20.78500	292
20.78667	292
20.78833	291
20.79000	291
20.79167	290
20.79333	290
20.79500	290
20.79667	289
20.79833	289
20.80000	289
20.80167	288
20.80333	287
20.80500	287
20.80667	286
20.80833	287
20.81000	285
20.81167	285
20.81333	285
20.81500	285
20.81667	284
20.81833	283
20.82000	283
20.82167	282
20.82333	282
20.82500	282
20.82667	281
20.82833	281
20.83000	280
20.83167	280
20.83333	279
20.83500	279
20.83667	278
20.83833	278
20.84000	278
20.84167	277
20.84333	277
20.84500	276
20.84667	276
20.84833	276
20.85000	275
20.85167	276
20.85333	274
20.85500	274
20.85667	275
20.85833	274
20.86000	273
20.86167	274
20.86333	273
20.86500	273
20.86667	273
20.86833	273
20.87000	272
20.87167	273
20.87333	272
20.87500	272
20.87667	272
20.87833	271
20.88000	272
20.88167	270
20.88333	271
20.88500	270
20.88667	271
20.88833	270
20.89000	270
20.89167	270
20.89333	269
20.89500	270
20.89667	269
20.89833	269
20.90000	269
20.90167	268
20.90333	269
20.90500	268
20.90667	268
20.90833	268
20.91000	267
20.91167	268
20.91333	267
20.91500	267
20.91667	267
20.91833	267
20.92000	267
20.92167	267
20.92333	266
20.92500	267
20.92667	266
20.92833	266
20.93000	266
20.93167	266
20.93333	265
20.93500	266
20.93667	266
20.93833	265
20.94000	265
20.94167	265
20.94333	265
20.94500	264
20.94667	265
20.94833	264
20.95000	264
20.95167	264
20.95333	264
20.95500	263
20.95667	263
20.95833	263
20.96000	262
20.96167	262
20.96333	262
20.96500	261
20.96667	262
20.96833	261
20.97000	260
20.97167	261
20.97333	261
20.97500	260
20.97667	260
20.97833	260
20.98000	260
20.98167	259
20.98333	260
20.98500	259
20.98667	258
20.98833	259
20.99000	259
20.99167	259
20.99333	258
20.99500	258
20.99667	259
20.99833	258
21.00000	258
21.00167	258
21.00333	257
21.00500	258
21.00667	257
21.00833	257
21.01000	257
21.01167	256
21.01333	257
21.01500	256
21.01667	256
21.01833	255
21.02000	256
21.02167	255
21.02333	255
21.02500	254
21.02667	255
21.02833	254
21.03000	254
21.03167	253
21.03333	253
21.03500	253
21.03667	253
21.03833	252
21.04000	252
21.04167	252
21.04333	251
21.04500	251
21.04667	250
21.04833	250
21.05000	250
21.05167	249
21.05333	249
21.05500	249
21.05667	248
21.05833	247
21.06000	247
21.06167	246
21.06333	246
21.06500	245
21.06667	244
21.06833	244
21.07000	243
21.07167	242
21.07333	242
21.07500	241
21.07667	241
21.07833	241
21.08000	240
21.08167	239
21.08333	238
21.08500	238
21.08667	237
21.08833	237
21.09000	236
21.09167	236
21.09333	235
21.09500	234
21.09667	234
21.09833	233
21.10000	233
21.10167	232
21.10333	231
21.10500	231
21.10667	230
21.10833	230
21.11000	229
21.11167	228
21.11333	228
21.11500	227
21.11667	227
21.11833	226
21.12000	226
21.12167	225
21.12333	224
21.12500	224
21.12667	223
21.12833	223
21.13000	223
21.13167	222
21.13333	221
21.13500	221
21.13667	221
21.13833	220
21.14000	219
21.14167	220
21.14333	219
21.14500	219
21.14667	218
21.14833	219
21.15000	217
21.15167	218
21.15333	217
21.15500	218
21.15667	217
21.15833	216
21.16000	217
21.16167	216
21.16333	216
21.16500	216
21.16667	215
21.16833	215
21.17000	215
21.17167	215
21.17333	214
21.17500	213
21.17667	213
21.17833	213
21.18000	212
21.18167	212
21.18333	211
21.18500	210
21.18667	210
21.18833	209
21.19000	209
21.19167	209
21.19333	208
21.19500	207
21.19667	208
21.19833	207
21.20000	206
21.20167	206
21.20333	205
21.20500	206
21.20667	205
21.20833	205
21.21000	205
21.21167	204
21.21333	204
21.21500	204
21.21667	204
21.21833	203
21.22000	203
21.22167	204
21.22333	203
21.22500	203
21.22667	203
21.22833	204
21.23000	203
21.23167	203
21.23333	204
21.23500	203
21.23667	203
21.23833	203
21.24000	203
21.24167	202
21.24333	203
21.24500	202
21.24667	203
21.24833	202
21.25000	202
21.25167	202
21.25333	202
21.25500	201
21.25667	202
21.25833	201
21.26000	202
21.26167	201
21.26333	201
21.26500	201
21.26667	201
21.26833	201
21.27000	201
21.27167	200
21.27333	200
21.27500	200
21.27667	200
21.27833	200
21.28000	200
21.28167	199
21.28333	199
21.28500	200
21.28667	199
21.28833	198
21.29000	199
21.29167	199
21.29333	198
21.29500	198
21.29667	199
21.29833	198
21.30000	198
21.30167	199
21.30333	198
21.30500	199
21.30667	198
21.30833	199
21.31000	199
21.31167	199
21.31333	199
21.31500	199
21.31667	200
21.31833	199
21.32000	200
21.32167	201
21.32333	200
21.32500	201
21.32667	201
21.32833	201
21.33000	202
21.33167	201
21.33333	202
21.33500	202
21.33667	202
21.33833	203
21.34000	202
21.34167	203
21.34333	203
21.34500	203
21.34667	204
21.34833	203
21.35000	203
21.35167	204
21.35333	203
21.35500	204
21.35667	204
21.35833	204
21.36000	204
21.36167	204
21.36333	205
21.36500	204
21.36667	205
21.36833	204
21.37000	205
21.37167	205
21.37333	206
21.37500	205
21.37667	206
21.37833	206
21.38000	206
21.38167	206
21.38333	206
21.38500	207
21.38667	206
21.38833	207
21.39000	207
21.39167	207
21.39333	207
21.39500	207
21.39667	207
21.39833	208
21.40000	207
21.40167	207
21.40333	207
21.40500	207
21.40667	207
21.40833	208
21.41000	207
21.41167	207
21.41333	207
21.41500	207
21.41667	207
21.41833	207
21.42000	206
21.42167	207
21.42333	206
21.42500	207
21.42667	206
21.42833	206
21.43000	206
21.43167	206
21.43333	206
21.43500	205
21.43667	205
21.43833	204
21.44000	204
21.44167	204
21.44333	204
21.44500	203
21.44667	202
21.44833	202
21.45000	201
21.45167	201
21.45333	201
21.45500	199
21.45667	199
21.45833	199
21.46000	197
21.46167	197
21.46333	197
21.46500	195
21.46667	195
21.46833	194
21.47000	194
21.47167	192
21.47333	192
21.47500	191
21.47667	191
21.47833	189
21.48000	189
21.48167	187
21.48333	187
21.48500	186
21.48667	185
21.48833	185
21.49000	184
21.49167	182
21.49333	182
21.49500	182
21.49667	180
21.49833	180
21.50000	179
21.50167	178
21.50333	177
21.50500	177
21.50667	176
21.50833	175
21.51000	174
21.51167	174
21.51333	173
21.51500	172
21.51667	172
21.51833	171
21.52000	171
21.52167	169
21.52333	169
21.52500	169
21.52667	167
21.52833	167
21.53000	167
21.53167	166
21.53333	165
21.53500	165
21.53667	164
21.53833	164
21.54000	163
21.54167	163
21.54333	162
21.54500	161
21.54667	161
21.54833	161
21.55000	160
21.55167	160
21.55333	159
21.55500	159
21.55667	159
21.55833	158
21.56000	158
21.56167	158
21.56333	157
21.56500	158
21.56667	157
21.56833	156
21.57000	156
21.57167	156
21.57333	156
21.57500	156
21.57667	155
21.57833	155
21.58000	156
21.58167	154
21.58333	155
21.58500	154
21.58667	155
21.58833	154
21.59000	154
21.59167	154
21.59333	153
21.59500	154
21.59667	153
21.59833	153
21.60000	153
21.60167	153
21.60333	153
21.60500	152
21.60667	153
21.60833	153
21.61000	152
21.61167	153
21.61333	152
21.61500	152
21.61667	152
21.61833	152
21.62000	151
21.62167	152
21.62333	151
21.62500	152
21.62667	151
21.62833	151
21.63000	151
21.63167	151
21.63333	151
21.63500	151
21.63667	150
21.63833	151
21.64000	150
21.64167	150
21.64333	150
21.64500	150
21.64667	150
21.64833	150
21.65000	150
21.65167	149
21.65333	150
21.65500	149
21.65667	150
21.65833	149
21.66000	150
21.66167	149
21.66333	150
21.66500	149
21.66667	150
21.66833	149
21.67000	150
21.67167	150
21.67333	150
21.67500	150
21.67667	150
21.67833	150
21.68000	149
21.68167	150
21.68333	150
21.68500	150
21.68667	150
21.68833	150
21.69000	150
21.69167	150
21.69333	149
21.69500	150
21.69667	150
21.69833	150
21.70000	150
21.70167	150
21.70333	150
21.70500	150
21.70667	149
21.70833	150
21.71000	150
21.71167	149
21.71333	149
21.71500	150
21.71667	149
21.71833	149
21.72000	150
21.72167	149
21.72333	149
21.72500	149
21.72667	149
21.72833	149
21.73000	149
21.73167	149
21.73333	148
21.73500	149
21.73667	149
21.73833	148
21.74000	148
21.74167	148
21.74333	149
21.74500	148
21.74667	149
21.74833	148
21.75000	149
21.75167	149
21.75333	149
21.75500	148
21.75667	149
21.75833	149
21.76000	149
21.76167	149
21.76333	150
21.76500	150
21.76667	150
21.76833	150
21.77000	150
21.77167	150
21.77333	151
21.77500	150
21.77667	151
21.77833	151
21.78000	151
21.78167	150
21.78333	151
21.78500	151
21.78667	151
21.78833	150
21.79000	151
21.79167	151
21.79333	151
21.79500	150
21.79667	151
21.79833	150
21.80000	150
21.80167	151
21.80333	149
21.80500	150
21.80667	149
21.80833	150
21.81000	149
21.81167	148
21.81333	149
21.81500	148
21.81667	149
21.81833	148
21.82000	148
21.82167	148
21.82333	148
21.82500	147
21.82667	147
21.82833	147
21.83000	147
21.83167	147
21.83333	146
21.83500	146
21.83667	146
21.83833	146
21.84000	146
21.84167	145
21.84333	145
21.84500	145
21.84667	145
21.84833	146
21.85000	145
21.85167	144
21.85333	145
21.85500	144
21.85667	145
21.85833	144
21.86000	144
21.86167	144
21.86333	144
21.86500	143
21.86667	143
21.86833	143
21.87000	143
21.87167	143
21.87333	143
21.87500	142
21.87667	143
21.87833	142
21.88000	142
21.88167	143
21.88333	142
21.88500	142
21.88667	141
21.88833	142
21.89000	141
21.89167	142
21.89333	141
21.89500	141
21.89667	141
21.89833	141
21.90000	141
21.90167	140
21.90333	141
21.90500	141
21.90667	140
21.90833	141
21.91000	140
21.91167	141
21.91333	140
21.91500	141
21.91667	140
21.91833	141
21.92000	140
21.92167	140
21.92333	141
21.92500	140
21.92667	140
21.92833	140
21.93000	141
21.93167	140
21.93333	140
21.93500	141
21.93667	140
21.93833	140
21.94000	140
21.94167	140
21.94333	140
21.94500	140
21.94667	140
21.94833	140
21.95000	139
21.95167	140
21.95333	140
21.95500	139
21.95667	139
21.95833	140
21.96000	139
21.96167	139
21.96333	139
21.96500	139
21.96667	139
21.96833	139
21.97000	140
21.97167	139
21.97333	140
21.97500	139
21.97667	140
21.97833	140
21.98000	140
21.98167	140
21.98333	140
21.98500	141
21.98667	141
21.98833	141
21.99000	141
21.99167	142
21.99333	142
21.99500	143
21.99667	142
21.99833	143
22.00000	144
22.00167	143
22.00333	144
22.00500	144
22.00667	145
22.00833	144
22.01000	145
22.01167	145
22.01333	145
22.01500	145
22.01667	145
22.01833	146
22.02000	145
22.02167	145
22.02333	145
22.02500	146
22.02667	145
22.02833	145
22.03000	146
22.03167	144
22.03333	145
22.03500	144
22.03667	145
22.03833	144
22.04000	143
22.04167	144
22.04333	143
22.04500	142
22.04667	142
22.04833	142
22.05000	142
22.05167	141
22.05333	140
22.05500	141
22.05667	140
22.05833	139
22.06000	139
22.06167	139
22.06333	139
22.06500	138
22.06667	138
22.06833	137
22.07000	138
22.07167	136
22.07333	137
22.07500	136
22.07667	136
22.07833	136
22.08000	135
22.08167	136
22.08333	135
22.08500	135
22.08667	135
22.08833	135
22.09000	135
22.09167	134
22.09333	135
22.09500	135
22.09667	134
22.09833	135
22.10000	134
22.10167	134
22.10333	135
22.10500	134
22.10667	134
22.10833	135
22.11000	134
22.11167	135
22.11333	134
22.11500	135
22.11667	134
22.11833	135
22.12000	134
22.12167	134
22.12333	134
22.12500	134
22.12667	135
22.12833	134
22.13000	134
22.13167	133
22.13333	134
22.13500	133
22.13667	134
22.13833	133
22.14000	132
22.14167	132
22.14333	132
22.14500	132
22.14667	131
22.14833	131
22.15000	131
22.15167	131
22.15333	130
22.15500	130
22.15667	130
22.15833	129
22.16000	129
22.16167	129
22.16333	128
22.16500	128
22.16667	127
22.16833	127
22.17000	127
22.17167	126
22.17333	126
22.17500	126
22.17667	125
22.17833	125
22.18000	125
22.18167	125
22.18333	124
22.18500	123
22.18667	124
22.18833	123
22.19000	123
22.19167	123
22.19333	122
22.19500	122
22.19667	122
22.19833	122
22.20000	122
22.20167	121
22.20333	122
22.20500	122
22.20667	121
22.20833	122
22.21000	121
22.21167	121
22.21333	121
22.21500	121
22.21667	121
22.21833	121
22.22000	121
22.22167	121
22.22333	120
22.22500	120
22.22667	120
22.22833	121
22.23000	120
22.23167	119
22.23333	120
22.23500	120
22.23667	119
22.23833	118
22.24000	119
22.24167	118
22.24333	118
22.24500	117
22.24667	117
22.24833	117
22.25000	117
22.25167	116
22.25333	116
22.25500	116
22.25667	115
22.25833	115
22.26000	115
22.26167	115
22.26333	114
22.26500	114
22.26667	114
22.26833	114
22.27000	114
22.27167	113
22.27333	113
22.27500	113
22.27667	114
22.27833	112
22.28000	113
22.28167	113
22.28333	112
22.28500	113
22.28667	112
22.28833	112
22.29000	113
22.29167	112
22.29333	112
22.29500	111
22.29667	112
22.29833	111
22.30000	111
22.30167	111
22.30333	111
22.30500	110
22.30667	110
22.30833	110
22.31000	110
22.31167	109
22.31333	109
22.31500	109
22.31667	109
22.31833	108
22.32000	107
22.32167	108
22.32333	107
22.32500	106
22.32667	106
22.32833	106
22.33000	105
22.33167	105
22.33333	104
22.33500	105
22.33667	104
22.33833	104
22.34000	103
22.34167	104
22.34333	103
22.34500	103
22.34667	103
22.34833	103
22.35000	103
22.35167	103
22.35333	103
22.35500	102
22.35667	103
22.35833	103
22.36000	102
22.36167	103
22.36333	102
22.36500	102
22.36667	102
22.36833	101
22.37000	102
22.37167	101
22.37333	101
22.37500	101
22.37667	101
22.37833	100
22.38000	100
22.38167	100
22.38333	99
22.38500	99
22.38667	98
22.38833	98
22.39000	98
22.39167	98
22.39333	97
22.39500	96
22.39667	96
22.39833	96
22.40000	95
22.40167	94
22.40333	94
22.40500	94
22.40667	93
22.40833	92
22.41000	92
22.41167	92
22.41333	91
22.41500	91
22.41667	90
22.41833	90
22.42000	89
22.42167	89
22.42333	89
22.42500	88
22.42667	88
22.42833	88
22.43000	87
22.43167	87
22.43333	86
22.43500	87
22.43667	86
22.43833	86
22.44000	86
22.44167	85
22.44333	86
22.44500	85
22.44667	86
22.44833	85
22.45000	86
22.45167	85
22.45333	84
22.45500	85
22.45667	85
22.45833	85
22.46000	85
22.46167	85
22.46333	84
22.46500	85
22.46667	85
22.46833	84
22.47000	84
22.47167	84
22.47333	84
22.47500	83
22.47667	83
22.47833	82
22.48000	83
22.48167	81
22.48333	82
22.48500	80
22.48667	81
22.48833	79
22.49000	80
22.49167	79
22.49333	78
22.49500	78
22.49667	77
22.49833	77
22.50000	77
22.50167	77
22.50333	76
22.50500	76
22.50667	76
22.50833	75
22.51000	75
22.51167	75
22.51333	75
22.51500	74
22.51667	74
22.51833	74
22.52000	74
22.52167	74
22.52333	73
22.52500	74
22.52667	73
22.52833	73
22.53000	73
22.53167	73
22.53333	73
22.53500	72
22.53667	73
22.53833	72
22.54000	73
22.54167	72
22.54333	72
22.54500	72
22.54667	72
22.54833	72
22.55000	71
22.55167	72
22.55333	71
22.55500	71
22.55667	71
22.55833	71
22.56000	71
22.56167	71
22.56333	70
22.56500	71
22.56667	70
22.56833	70
22.57000	70
22.57167	70
22.57333	70
22.57500	70
22.57667	70
22.57833	69
22.58000	70
22.58167	69
22.58333	69
22.58500	69
22.58667	68
22.58833	69
22.59000	68
22.59167	69
22.59333	68
22.59500	67
22.59667	68
22.59833	68
22.60000	67
22.60167	67
22.60333	66
22.60500	67
22.60667	66
22.60833	67
22.61000	66
22.61167	66
22.61333	66
22.61500	66
22.61667	65
22.61833	66
22.62000	65
22.62167	65
22.62333	65
22.62500	64
22.62667	64
22.62833	64
22.63000	64
22.63167	63
22.63333	64
22.63500	63
22.63667	63
22.63833	63
22.64000	63
22.64167	63
22.64333	63
22.64500	62
22.64667	62
22.64833	62
22.65000	62
22.65167	62
22.65333	62
22.65500	61
22.65667	62
22.65833	61
22.66000	61
22.66167	61
22.66333	60
22.66500	61
22.66667	60
22.66833	60
22.67000	60
22.67167	60
22.67333	60
22.67500	59
22.67667	60
22.67833	59
22.68000	60
22.68167	59
22.68333	58
22.68500	59
22.68667	58
22.68833	58
22.69000	58
22.69167	58
22.69333	57
22.69500	57
22.69667	57
22.69833	56
22.70000	56
22.70167	56
22.70333	55
22.70500	56
22.70667	55
22.70833	55
22.71000	54
22.71167	54
22.71333	54
22.71500	53
22.71667	54
22.71833	53
22.72000	52
22.72167	53
22.72333	52
22.72500	52
22.72667	52
22.72833	52
22.73000	51
22.73167	52
22.73333	51
22.73500	50
22.73667	51
22.73833	50
22.74000	50
22.74167	50
22.74333	50
22.74500	49
22.74667	50
22.74833	49
22.75000	49
22.75167	48
22.75333	49
22.75500	47
22.75667	48
22.75833	47
22.76000	47
22.76167	46
22.76333	47
22.76500	46
22.76667	45
22.76833	46
22.77000	45
22.77167	45
22.77333	44
22.77500	44
22.77667	44
22.77833	44
22.78000	44
22.78167	43
22.78333	43
22.78500	42
22.78667	42
22.78833	42
22.79000	42
22.79167	42
22.79333	42
22.79500	41
22.79667	42
22.79833	41
22.80000	41
22.80167	41
22.80333	40
22.80500	41
22.80667	40
22.80833	40
22.81000	40
22.81167	39
22.81333	40
22.81500	39
22.81667	39
22.81833	39
22.82000	39
22.82167	39
22.82333	38
22.82500	39
22.82667	38
22.82833	38
22.83000	38
22.83167	38
22.83333	38
22.83500	37
22.83667	38
22.83833	37
22.84000	37
22.84167	38
22.84333	37
22.84500	37
22.84667	37
22.84833	37
22.85000	37
22.85167	37
22.85333	36
22.85500	37
22.85667	36
22.85833	36
22.86000	36
22.86167	36
22.86333	36
22.86500	35
22.86667	36
22.86833	35
22.87000	36
22.87167	35
22.87333	36
22.87500	35
22.87667	35
22.87833	35
22.88000	35
22.88167	35
22.88333	35
22.88500	35
22.88667	35
22.88833	35
22.89000	34
22.89167	35
22.89333	35
22.89500	34
22.89667	36
22.89833	35
22.90000	35
22.90167	35
22.90333	35
22.90500	35
22.90667	35
22.90833	36
22.91000	35
22.91167	36
22.91333	36
22.91500	37
22.91667	36
22.91833	36
22.92000	37
22.92167	37
22.92333	37
22.92500	37
22.92667	38
22.92833	37
22.93000	38
22.93167	39
22.93333	38
22.93500	39
22.93667	39
22.93833	40
22.94000	39
22.94167	41
22.94333	40
22.94500	41
22.94667	40
22.94833	42
22.95000	41
22.95167	42
22.95333	41
22.95500	42
22.95667	43
22.95833	42
22.96000	43
22.96167	43
22.96333	43
22.96500	43
22.96667	43
22.96833	44
22.97000	43
22.97167	44
22.97333	43
22.97500	44
22.97667	43
22.97833	44
22.98000	43
22.98167	44
22.98333	44
22.98500	44
22.98667	44
22.98833	44
22.99000	44
22.99167	45
22.99333	44
22.99500	45
22.99667	46
22.99833	45
23.00000	46
23.00167	46
23.00333	46
23.00500	47
23.00667	47
23.00833	47
23.01000	48
23.01167	47
23.01333	48
23.01500	49
23.01667	48
23.01833	49
23.02000	50
23.02167	50
23.02333	51
23.02500	51
23.02667	51
23.02833	52
23.03000	52
23.03167	53
23.03333	53
23.03500	53
23.03667	54
23.03833	54
23.04000	55
23.04167	55
23.04333	55
23.04500	56
23.04667	55
23.04833	57
23.05000	56
23.05167	57
23.05333	56
23.05500	57
23.05667	57
23.05833	57
23.06000	57
23.06167	57
23.06333	57
23.06500	56
23.06667	57
23.06833	57
23.07000	56
23.07167	56
23.07333	56
23.07500	56
23.07667	55
23.07833	55
23.08000	55
23.08167	55
23.08333	54
23.08500	54
23.08667	54
23.08833	53
23.09000	54
23.09167	53
23.09333	52
23.09500	53
23.09667	52
23.09833	52
23.10000	52
23.10167	51
23.10333	52
23.10500	51
23.10667	52
23.10833	51
23.11000	51
23.11167	51
23.11333	51
23.11500	51
23.11667	51
23.11833	52
23.12000	51
23.12167	51
23.12333	51
23.12500	51
23.12667	52
23.12833	52
23.13000	51
23.13167	52
23.13333	52
23.13500	52
23.13667	52
23.13833	53
23.14000	52
23.14167	53
23.14333	53
23.14500	53
23.14667	54
23.14833	54
23.15000	54
23.15167	55
23.15333	54
23.15500	54
23.15667	55
23.15833	54
23.16000	54
23.16167	53
23.16333	54
23.16500	53
23.16667	53
23.16833	53
23.17000	53
23.17167	52
23.17333	52
23.17500	51
23.17667	50
23.17833	50
23.18000	49
23.18167	49
23.18333	48
23.18500	47
23.18667	46
23.18833	46
23.19000	46
23.19167	44
23.19333	43
23.19500	43
23.19667	42
23.19833	41
23.20000	40
23.20167	40
23.20333	38
23.20500	38
23.20667	37
23.20833	35
23.21000	35
23.21167	34
23.21333	34
23.21500	32
23.21667	31
23.21833	31
23.22000	30
23.22167	29
23.22333	29
23.22500	28
23.22667	28
23.22833	27
23.23000	27
23.23167	26
23.23333	25
23.23500	25
23.23667	24
23.23833	25
23.24000	23
23.24167	24
23.24333	22
23.24500	23
23.24667	22
23.24833	23
23.25000	22
23.25167	23
23.25333	23
23.25500	22
23.25667	23
23.25833	22
23.26000	23
23.26167	23
23.26333	23
23.26500	23
23.26667	23
23.26833	24
23.27000	23
23.27167	24
23.27333	25
23.27500	25
23.27667	26
23.27833	26
23.28000	27
23.28167	27
23.28333	29
23.28500	29
23.28667	30
23.28833	30
23.29000	32
23.29167	32
23.29333	33
23.29500	34
23.29667	35
23.29833	35
23.30000	37
23.30167	37
23.30333	38
23.30500	38
23.30667	40
23.30833	40
23.31000	41
23.31167	41
23.31333	42
23.31500	42
23.31667	43
23.31833	43
23.32000	44
23.32167	44
23.32333	44
23.32500	45
23.32667	45
23.32833	44
23.33000	45
23.33167	45
23.33333	45
23.33500	44
23.33667	45
23.33833	44
23.34000	44
23.34167	43
23.34333	44
23.34500	42
23.34667	43
23.34833	42
23.35000	42
23.35167	41
23.35333	40
23.35500	40
23.35667	39
23.35833	39
23.36000	38
23.36167	37
23.36333	36
23.36500	35
23.36667	35
23.36833	34
23.37000	34
23.37167	32
23.37333	31
23.37500	31
23.37667	30
23.37833	29
23.38000	27
23.38167	27
23.38333	26
23.38500	25
23.38667	23
23.38833	23
23.39000	22
23.39167	21
23.39333	19
23.39500	19
23.39667	18
23.39833	17
23.40000	17
23.40167	15
23.40333	15
23.40500	14
23.40667	13
23.40833	13
23.41000	12
23.41167	12
23.41333	10
23.41500	10
23.41667	10
23.41833	9
23.42000	8
23.42167	8
23.42333	7
23.42500	7
23.42667	7
23.42833	6
23.43000	5
23.43167	5
23.43333	5
23.43500	4
23.43667	3
23.43833	3
23.44000	3
23.44167	2
23.44333	1
23.44500	2
23.44667	0
23.44833	1
23.45000	0
23.45167	-1
23.45333	0
23.45500	-2
23.45667	-2
23.45833	-2
23.46000	-3
23.46167	-3
23.46333	-4
23.46500	-4
23.46667	-4
23.46833	-4
23.47000	-5
23.47167	-6
23.47333	-6
23.47500	-6
23.47667	-6
23.47833	-7
23.48000	-6
23.48167	-8
23.48333	-7
23.48500	-7
23.48667	-8
23.48833	-8
23.49000	-9
23.49167	-9
23.49333	-9
23.49500	-9
23.49667	-10
23.49833	-11
23.50000	-10
23.50167	-11
23.50333	-10
23.50500	-11
23.50667	-11
23.50833	-11
23.51000	-12
23.51167	-12
23.51333	-12
23.51500	-12
23.51667	-13
23.51833	-13
23.52000	-13
23.52167	-14
23.52333	-13
23.52500	-14
23.52667	-14
23.52833	-14
23.53000	-15
23.53167	-14
23.53333	-15
23.53500	-15
23.53667	-15
23.53833	-16
23.54000	-15
23.54167	-16
23.54333	-15
23.54500	-16
23.54667	-15
23.54833	-16
23.55000	-16
23.55167	-16
23.55333	-16
23.55500	-16
23.55667	-15
23.55833	-16
23.56000	-16
23.56167	-16
23.56333	-16
23.56500	-16
23.56667	-16
23.56833	-16
23.57000	-15
23.57167	-16
23.57333	-16
23.57500	-16
23.57667	-16
23.57833	-15
23.58000	-17
23.58167	-16
23.58333	-16
23.58500	-16
23.58667	-16
23.58833	-16
23.59000	-16
23.59167	-16
23.59333	-16
23.59500	-16
23.59667	-16
23.59833	-16
23.60000	-16
23.60167	-15
23.60333	-16
23.60500	-16
23.60667	-16
23.60833	-16
23.61000	-15
23.61167	-16
23.61333	-16
23.61500	-16
23.61667	-15
23.61833	-16
23.62000	-16
23.62167	-16
23.62333	-16
23.62500	-16
23.62667	-16
23.62833	-16
23.63000	-16
23.63167	-16
23.63333	-16
23.63500	-16
23.63667	-17
23.63833	-16
23.64000	-17
23.64167	-17
23.64333	-17
23.64500	-17
23.64667	-17
23.64833	-17
23.65000	-17
23.65167	-17
23.65333	-18
23.65500	-18
23.65667	-17
23.65833	-18
23.66000	-18
23.66167	-18
23.66333	-18
23.66500	-19
23.66667	-18
23.66833	-19
23.67000	-19
23.67167	-19
23.67333	-19
23.67500	-20
23.67667	-20
23.67833	-20
23.68000	-20
23.68167	-21
23.68333	-20
23.68500	-22
23.68667	-21
23.68833	-22
23.69000	-22
23.69167	-22
23.69333	-22
23.69500	-23
23.69667	-23
23.69833	-22
23.70000	-24
23.70167	-23
23.70333	-23
23.70500	-23
23.70667	-24
23.70833	-24
23.71000	-24
23.71167	-24
23.71333	-24
23.71500	-25
23.71667	-25
23.71833	-24
23.72000	-26
23.72167	-26
23.72333	-25
23.72500	-27
23.72667	-26
23.72833	-26
23.73000	-27
23.73167	-27
23.73333	-28
23.73500	-27
23.73667	-27
23.73833	-28
23.74000	-28
23.74167	-28
23.74333	-28
23.74500	-28
23.74667	-28
23.74833	-29
23.75000	-29
23.75167	-28
23.75333	-29
23.75500	-28
23.75667	-29
23.75833	-29
23.76000	-28
23.76167	-29
23.76333	-29
23.76500	-29
23.76667	-28
23.76833	-28
23.77000	-29
23.77167	-28
23.77333	-28
23.77500	-28
23.77667	-28
23.77833	-28
23.78000	-28
23.78167	-28
23.78333	-28
23.78500	-28
23.78667	-27
23.78833	-28
23.79000	-28
23.79167	-28
23.79333	-28
23.79500	-28
23.79667	-28
23.79833	-29
23.80000	-28
23.80167	-28
23.80333	-29
23.80500	-28
23.80667	-29
23.80833	-29
23.81000	-29
23.81167	-29
23.81333	-29
23.81500	-29
23.81667	-29
23.81833	-30
23.82000	-29
23.82167	-29
23.82333	-30
23.82500	-30
23.82667	-29
23.82833	-30
23.83000	-30
23.83167	-30
23.83333	-30
23.83500	-31
23.83667	-30
23.83833	-31
23.84000	-30
23.84167	-31
23.84333	-31
23.84500	-30
23.84667	-31
23.84833	-32
23.85000	-31
23.85167	-31
23.85333	-31
23.85500	-32
23.85667	-31
23.85833	-32
23.86000	-31
23.86167	-32
23.86333	-31
23.86500	-32
23.86667	-32
23.86833	-32
23.87000	-31
23.87167	-32
23.87333	-32
23.87500	-32
23.87667	-31
23.87833	-31
23.88000	-32
23.88167	-32
23.88333	-31
23.88500	-32
23.88667	-32
23.88833	-32
23.89000	-32
23.89167	-32
23.89333	-32
23.89500	-32
23.89667	-32
23.89833	-33
23.90000	-33
23.90167	-33
23.90333	-33
23.90500	-34
23.90667	-34
23.90833	-34
23.91000	-34
23.91167	-35
23.91333	-34
23.91500	-35
23.91667	-35
23.91833	-36
23.92000	-35
23.92167	-36
23.92333	-36
23.92500	-37
23.92667	-36
23.92833	-37
23.93000	-37
23.93167	-37
23.93333	-38
23.93500	-37
23.93667	-38
23.93833	-38
23.94000	-39
23.94167	-38
23.94333	-38
23.94500	-39
23.94667	-38
23.94833	-39
23.95000	-38
23.95167	-39
23.95333	-39
23.95500	-39
23.95667	-39
23.95833	-39
23.96000	-38
23.96167	-39
23.96333	-38
23.96500	-38
23.96667	-38
23.96833	-38
23.97000	-37
23.97167	-37
23.97333	-36
23.97500	-36
23.97667	-35
23.97833	-34
23.98000	-34
23.98167	-33
23.98333	-32
23.98500	-32
23.98667	-30
23.98833	-30
23.99000	-29
23.99167	-28
23.99333	-27
23.99500	-26
23.99667	-24
23.99833	-24
24.00000	-22
24.00167	-21
24.00333	-21
24.00500	-18
24.00667	-18
24.00833	-17
24.01000	-15
24.01167	-14
24.01333	-14
24.01500	-12
24.01667	-11
24.01833	-10
24.02000	-10
24.02167	-8
24.02333	-7
24.02500	-7
24.02667	-5
24.02833	-4
24.03000	-4
24.03167	-3
24.03333	-2
24.03500	-1
24.03667	-1
24.03833	-1
24.04000	0
24.04167	1
24.04333	0
24.04500	1
24.04667	1
24.04833	1
24.05000	1
24.05167	2
24.05333	1
24.05500	1
24.05667	1
24.05833	0
24.06000	0
24.06167	-1
24.06333	-1
24.06500	-2
24.06667	-2
24.06833	-3
24.07000	-4
24.07167	-4
24.07333	-5
24.07500	-5
24.07667	-6
24.07833	-7
24.08000	-7
24.08167	-8
24.08333	-8
24.08500	-9
24.08667	-9
24.08833	-10
24.09000	-9
24.09167	-11
24.09333	-10
24.09500	-11
24.09667	-10
24.09833	-11
24.10000	-10
24.10167	-11
24.10333	-10
24.10500	-10
24.10667	-10
24.10833	-10
24.11000	-9
24.11167	-9
24.11333	-8
24.11500	-8
24.11667	-7
24.11833	-7
24.12000	-6
24.12167	-6
24.12333	-5
24.12500	-4
24.12667	-3
24.12833	-3
24.13000	-2
24.13167	-1
24.13333	0
24.13500	0
24.13667	1
24.13833	1
24.14000	3
24.14167	3
24.14333	4
24.14500	4
24.14667	5
24.14833	5
24.15000	5
24.15167	6
24.15333	6
24.15500	7
24.15667	6
24.15833	7
24.16000	7
24.16167	6
24.16333	6
24.16500	6
24.16667	6
24.16833	5
24.17000	4
24.17167	4
24.17333	3
24.17500	3
24.17667	1
24.17833	1
24.18000	-1
24.18167	-1
24.18333	-3
24.18500	-4
24.18667	-5
24.18833	-6
24.19000	-8
24.19167	-9
24.19333	-11
24.19500	-12
24.19667	-13
24.19833	-15
24.20000	-16
24.20167	-18
24.20333	-20
24.20500	-21
24.20667	-23
24.20833	-24
24.21000	-26
24.21167	-27
24.21333	-29
24.21500	-29
24.21667	-32
24.21833	-32
24.22000	-34
24.22167	-35
24.22333	-36
24.22500	-38
24.22667	-39
24.22833	-40
24.23000	-41
24.23167	-42
24.23333	-43
24.23500	-44
24.23667	-45
24.23833	-46
24.24000	-47
24.24167	-47
24.24333	-49
24.24500	-49
24.24667	-49
24.24833	-50
24.25000	-51
24.25167	-51
24.25333	-52
24.25500	-53
24.25667	-52
24.25833	-54
24.26000	-54
24.26167	-54
24.26333	-54
24.26500	-55
24.26667	-56
24.26833	-55
24.27000	-56
24.27167	-57
24.27333	-57
24.27500	-57
24.27667	-58
24.27833	-58
24.28000	-58
24.28167	-59
24.28333	-59
24.28500	-60
24.28667	-59
24.28833	-60
24.29000	-61
24.29167	-60
24.29333	-61
24.29500	-61
24.29667	-61
24.29833	-62
24.30000	-62
24.30167	-62
24.30333	-62
24.30500	-63
24.30667	-63
24.30833	-63
24.31000	-63
24.31167	-64
24.31333	-64
24.31500	-64
24.31667	-64
24.31833	-65
24.32000	-64
24.32167	-65
24.32333	-65
24.32500	-64
24.32667	-65
24.32833	-65
24.33000	-65
24.33167	-64
24.33333	-65
24.33500	-65
24.33667	-65
24.33833	-65
24.34000	-65
24.34167	-64
24.34333	-65
24.34500	-64
24.34667	-64
24.34833	-64
24.35000	-64
24.35167	-63
24.35333	-63
24.35500	-62
24.35667	-61
24.35833	-62
24.36000	-60
24.36167	-61
24.36333	-59
24.36500	-59
24.36667	-58
24.36833	-57
24.37000	-56
24.37167	-55
24.37333	-53
24.37500	-52
24.37667	-51
24.37833	-49
24.38000	-47
24.38167	-46
24.38333	-45
24.38500	-42
24.38667	-40
24.38833	-37
24.39000	-35
24.39167	-33
24.39333	-30
24.39500	-27
24.39667	-24
24.39833	-20
24.40000	-17
24.40167	-14
24.40333	-10
24.40500	-5
24.40667	-2
24.40833	3
24.41000	8
24.41167	12
24.41333	16
24.41500	22
24.41667	26
24.41833	32
24.42000	38
24.42167	43
24.42333	48
24.42500	55
24.42667	60
24.42833	67
24.43000	72
24.43167	78
24.43333	83
24.43500	90
24.43667	96
24.43833	102
24.44000	108
24.44167	113
24.44333	120
24.44500	125
24.44667	131
24.44833	136
24.45000	141
24.45167	146
24.45333	150
24.45500	155
24.45667	158
24.45833	163
24.46000	166
24.46167	169
24.46333	173
24.46500	175
24.46667	177
24.46833	179
24.47000	181
24.47167	182
24.47333	183
24.47500	183
24.47667	182
24.47833	183
24.48000	181
24.48167	180
24.48333	179
24.48500	176
24.48667	174
24.48833	171
24.49000	169
24.49167	165
24.49333	162
24.49500	158
24.49667	154
24.49833	150
24.50000	145
24.50167	140
24.50333	136
24.50500	130
24.50667	125
24.50833	120
24.51000	115
24.51167	109
24.51333	104
24.51500	98
24.51667	93
24.51833	86
24.52000	81
24.52167	76
24.52333	70
24.52500	64
24.52667	59
24.52833	54
24.53000	48
24.53167	44
24.53333	38
24.53500	33
24.53667	28
24.53833	24
24.54000	19
24.54167	14
24.54333	10
24.54500	6
24.54667	1
24.54833	-2
24.55000	-7
24.55167	-10
24.55333	-13
24.55500	-18
24.55667	-20
24.55833	-24
24.56000	-27
24.56167	-30
24.56333	-33
24.56500	-36
24.56667	-38
24.56833	-41
24.57000	-43
24.57167	-46
24.57333	-47
24.57500	-50
24.57667	-52
24.57833	-54
24.58000	-56
24.58167	-57
24.58333	-60
24.58500	-61
24.58667	-62
24.58833	-63
24.59000	-66
24.59167	-66
24.59333	-67
24.59500	-69
24.59667	-70
24.59833	-70
24.60000	-72
24.60167	-72
24.60333	-74
24.60500	-74
24.60667	-75
24.60833	-75
24.61000	-76
24.61167	-77
24.61333	-77
24.61500	-79
24.61667	-78
24.61833	-79
24.62000	-80
24.62167	-81
24.62333	-81
24.62500	-81
24.62667	-82
24.62833	-83
24.63000	-83
24.63167	-84
24.63333	-84
24.63500	-84
24.63667	-85
24.63833	-85
24.64000	-87
24.64167	-86
24.64333	-87
24.64500	-87
24.64667	-88
24.64833	-88
24.65000	-89
24.65167	-89
24.65333	-89
24.65500	-90
24.65667	-90
24.65833	-90
24.66000	-90
24.66167	-91
24.66333	-91
24.66500	-91
24.66667	-92
24.66833	-91
24.67000	-91
24.67167	-92
24.67333	-91
24.67500	-92
24.67667	-92
24.67833	-92
24.68000	-92
24.68167	-92
24.68333	-92
24.68500	-91
24.68667	-92
24.68833	-92
24.69000	-91
24.69167	-91
24.69333	-91
24.69500	-92
24.69667	-90
24.69833	-91
24.70000	-91
24.70167	-90
24.70333	-90
24.70500	-90
24.70667	-89
24.70833	-90
24.71000	-89
24.71167	-90
24.71333	-89
24.71500	-89
24.71667	-89
24.71833	-89
24.72000	-89
24.72167	-89
24.72333	-89
24.72500	-89
24.72667	-88
24.72833	-89
24.73000	-88
24.73167	-89
24.73333	-88
24.73500	-89
24.73667	-89
24.73833	-89
24.74000	-88
24.74167	-89
24.74333	-89
24.74500	-89
24.74667	-90
24.74833	-89
24.75000	-89
24.75167	-89
24.75333	-90
24.75500	-89
24.75667	-89
24.75833	-90
24.76000	-89
24.76167	-89
24.76333	-89
24.76500	-90
24.76667	-89
24.76833	-89
24.77000	-88
24.77167	-89
24.77333	-89
24.77500	-88
24.77667	-89
24.77833	-88
24.78000	-88
24.78167	-88
24.78333	-88
24.78500	-88
24.78667	-87
24.78833	-87
24.79000	-87
24.79167	-87
24.79333	-87
24.79500	-87
24.79667	-87
24.79833	-86
24.80000	-87
24.80167	-86
24.80333	-87
24.80500	-86
24.80667	-86
24.80833	-86
24.81000	-86
24.81167	-85
24.81333	-86
24.81500	-86
24.81667	-86
24.81833	-86
24.82000	-86
24.82167	-86
24.82333	-86
24.82500	-86
24.82667	-85
24.82833	-86
24.83000	-86
24.83167	-87
24.83333	-86
24.83500	-87
24.83667	-87
24.83833	-87
24.84000	-86
24.84167	-87
24.84333	-86
24.84500	-87
24.84667	-87
24.84833	-87
24.85000	-87
24.85167	-87
24.85333	-87
24.85500	-87
24.85667	-87
24.85833	-88
24.86000	-87
24.86167	-88
24.86333	-87
24.86500	-88
24.86667	-88
24.86833	-87
24.87000	-88
24.87167	-88
24.87333	-88
24.87500	-88
24.87667	-88
24.87833	-88
24.88000	-89
24.88167	-88
24.88333	-89
24.88500	-89
24.88667	-90
24.88833	-90
24.89000	-89
24.89167	-90
24.89333	-90
24.89500	-90
24.89667	-90
24.89833	-90
24.90000	-91
24.90167	-90
24.90333	-91
24.90500	-91
24.90667	-90
24.90833	-91
24.91000	-91
24.91167	-92
24.91333	-91
24.91500	-91
24.91667	-92
24.91833	-91
24.92000	-92
24.92167	-92
24.92333	-92
24.92500	-93
24.92667	-92
24.92833	-93
24.93000	-92
24.93167	-93
24.93333	-93
24.93500	-94
24.93667	-93
24.93833	-94
24.94000	-95
24.94167	-94
24.94333	-95
24.94500	-95
24.94667	-95
24.94833	-96
24.95000	-96
24.95167	-96
24.95333	-96
24.95500	-96
24.95667	-97
24.95833	-96
24.96000	-97
24.96167	-98
24.96333	-97
24.96500	-97
24.96667	-97
24.96833	-98
24.97000	-98
24.97167	-97
24.97333	-98
24.97500	-98
24.97667	-98
24.97833	-97
24.98000	-98
24.98167	-98
24.98333	-97
24.98500	-97
24.98667	-97
24.98833	-98
24.99000	-96
24.99167	-97
24.99333	-97
24.99500	-96
24.99667	-97
24.99833	-96
25.00000	-95
25.00167	-96
25.00333	-96
25.00500	-95
25.00667	-95
25.00833	-95
25.01000	-95
25.01167	-95
25.01333	-94
25.01500	-95
25.01667	-94
25.01833	-94
25.02000	-94
25.02167	-94
25.02333	-93
25.02500	-94
25.02667	-93
25.02833	-93
25.03000	-93
25.03167	-93
25.03333	-92
25.03500	-92
25.03667	-93
25.03833	-92
25.04000	-92
25.04167	-92
25.04333	-91
25.04500	-92
25.04667	-91
25.04833	-91
25.05000	-91
25.05167	-91
25.05333	-90
25.05500	-91
25.05667	-90
25.05833	-91
25.06000	-90
25.06167	-90
25.06333	-89
25.06500	-89
25.06667	-90
25.06833	-89
25.07000	-89
25.07167	-89
25.07333	-88
25.07500	-88
25.07667	-88
25.07833	-88
25.08000	-87
25.08167	-87
25.08333	-87
25.08500	-87
25.08667	-87
25.08833	-86
25.09000	-87
25.09167	-86
25.09333	-86
25.09500	-86
25.09667	-86
25.09833	-86
25.10000	-86
25.10167	-86
25.10333	-85
25.10500	-86
25.10667	-86
25.10833	-86
25.11000	-86
25.11167	-87
25.11333	-86
25.11500	-87
25.11667	-87
25.11833	-87
25.12000	-87
25.12167	-88
25.12333	-88
25.12500	-88
25.12667	-89
25.12833	-89
25.13000	-90
25.13167	-90
25.13333	-90
25.13500	-90
25.13667	-91
25.13833	-91
25.14000	-92
25.14167	-92
25.14333	-93
25.14500	-92
25.14667	-93
25.14833	-93
25.15000	-94
25.15167	-94
25.15333	-94
25.15500	-94
25.15667	-94
25.15833	-95
25.16000	-94
25.16167	-95
25.16333	-95
25.16500	-95
25.16667	-95
25.16833	-96
25.17000	-95
25.17167	-96
25.17333	-95
25.17500	-96
25.17667	-95
25.17833	-96
25.18000	-96
25.18167	-96
25.18333	-96
25.18500	-96
25.18667	-96
25.18833	-97
25.19000	-96
25.19167	-96
25.19333	-96
25.19500	-97
25.19667	-97
25.19833	-96
25.20000	-97
25.20167	-96
25.20333	-97
25.20500	-97
25.20667	-97
25.20833	-97
25.21000	-97
25.21167	-97
25.21333	-97
25.21500	-97
25.21667	-98
25.21833	-97
25.22000	-97
25.22167	-97
25.22333	-98
25.22500	-97
25.22667	-98
25.22833	-98
25.23000	-97
25.23167	-98
25.23333	-98
25.23500	-98
25.23667	-98
25.23833	-98
25.24000	-98
25.24167	-98
25.24333	-98
25.24500	-98
25.24667	-99
25.24833	-98
25.25000	-98
25.25167	-98
25.25333	-99
25.25500	-98
25.25667	-99
25.25833	-99
25.26000	-98
25.26167	-99
25.26333	-98
25.26500	-99
25.26667	-98
25.26833	-99
25.27000	-99
25.27167	-98
25.27333	-99
25.27500	-99
25.27667	-100
25.27833	-99
25.28000	-99
25.28167	-99
25.28333	-100
25.28500	-100
25.28667	-99
25.28833	-100
25.29000	-100
25.29167	-101
25.29333	-100
25.29500	-100
25.29667	-101
25.29833	-100
25.30000	-101
25.30167	-101
25.30333	-101
25.30500	-101
25.30667	-101
25.30833	-101
25.31000	-101
25.31167	-101
25.31333	-101
25.31500	-101
25.31667	-102
25.31833	-101
25.32000	-102
25.32167	-102
25.32333	-103
25.32500	-102
25.32667	-103
25.32833	-102
25.33000	-103
25.33167	-103
25.33333	-103
25.33500	-104
25.33667	-103
25.33833	-104
25.34000	-104
25.34167	-104
25.34333	-104
25.34500	-105
25.34667	-105
25.34833	-105
25.35000	-105
25.35167	-106
25.35333	-106
25.35500	-106
25.35667	-106
25.35833	-106
25.36000	-106
25.36167	-107
25.36333	-107
25.36500	-106
25.36667	-107
25.36833	-107
25.37000	-107
25.37167	-107
25.37333	-107
25.37500	-107
25.37667	-108
25.37833	-107
25.38000	-108
25.38167	-107
25.38333	-108
25.38500	-108
25.38667	-108
25.38833	-108
25.39000	-108
25.39167	-107
25.39333	-108
25.39500	-109
25.39667	-108
25.39833	-109
25.40000	-108
25.40167	-109
25.40333	-109
25.40500	-108
25.40667	-109
25.40833	-109
25.41000	-109
25.41167	-108
25.41333	-109
25.41500	-108
25.41667	-109
25.41833	-108
25.42000	-108
25.42167	-109
25.42333	-108
25.42500	-108
25.42667	-108
25.42833	-107
25.43000	-108
25.43167	-107
25.43333	-107
25.43500	-107
25.43667	-107
25.43833	-106
25.44000	-106
25.44167	-106
25.44333	-106
25.44500	-105
25.44667	-105
25.44833	-105
25.45000	-104
25.45167	-105
25.45333	-103
25.45500	-104
25.45667	-103
25.45833	-103
25.46000	-103
25.46167	-103
25.46333	-102
25.46500	-102
25.46667	-102
25.46833	-102
25.47000	-101
25.47167	-101
25.47333	-101
25.47500	-100
25.47667	-100
25.47833	-100
25.48000	-99
25.48167	-99
25.48333	-99
25.48500	-99
25.48667	-98
25.48833	-98
25.49000	-97
25.49167	-97
25.49333	-97
25.49500	-97
25.49667	-96
25.49833	-96
25.50000	-95
25.50167	-95
25.50333	-95
25.50500	-94
25.50667	-95
25.50833	-93
25.51000	-94
25.51167	-93
25.51333	-93
25.51500	-92
25.51667	-93
25.51833	-92
25.52000	-91
25.52167	-91
25.52333	-92
25.52500	-90
25.52667	-91
25.52833	-90
25.53000	-90
25.53167	-89
25.53333	-89
25.53500	-89
25.53667	-88
25.53833	-88
25.54000	-88
25.54167	-88
25.54333	-87
25.54500	-87
25.54667	-87
25.54833	-87
25.55000	-86
25.55167	-86
25.55333	-86
25.55500	-86
25.55667	-86
25.55833	-86
25.56000	-85
25.56167	-86
25.56333	-85
25.56500	-85
25.56667	-85
25.56833	-85
25.57000	-85
25.57167	-85
25.57333	-84
25.57500	-85
25.57667	-85
25.57833	-84
25.58000	-84
25.58167	-84
25.58333	-84
25.58500	-84
25.58667	-84
25.58833	-83
25.59000	-84
25.59167	-83
25.59333	-84
25.59500	-83
25.59667	-83
25.59833	-83
25.60000	-82
25.60167	-83
25.60333	-82
25.60500	-81
25.60667	-81
25.60833	-81
25.61000	-81
25.61167	-80
25.61333	-80
25.61500	-80
25.61667	-79
25.61833	-78
25.62000	-78
25.62167	-78
25.62333	-77
25.62500	-77
25.62667	-76
25.62833	-76
25.63000	-76
25.63167	-75
25.63333	-74
25.63500	-75
25.63667	-74
25.63833	-74
25.64000	-74
25.64167	-73
25.64333	-74
25.64500	-73
25.64667	-74
25.64833	-73
25.65000	-74
25.65167	-73
25.65333	-73
25.65500	-73
25.65667	-73
25.65833	-73
25.66000	-73
25.66167	-73
25.66333	-74
25.66500	-73
25.66667	-73
25.66833	-74
25.67000	-74
25.67167	-74
25.67333	-74
25.67500	-74
25.67667	-75
25.67833	-74
25.68000	-75
25.68167	-75
25.68333	-74
25.68500	-75
25.68667	-75
25.68833	-76
25.69000	-75
25.69167	-75
25.69333	-75
25.69500	-76
25.69667	-75
25.69833	-76
25.70000	-75
25.70167	-75
25.70333	-75
25.70500	-75
25.70667	-74
25.70833	-75
25.71000	-75
25.71167	-74
25.71333	-74
25.71500	-74
25.71667	-74
25.71833	-74
25.72000	-73
25.72167	-74
25.72333	-73
25.72500	-73
25.72667	-72
25.72833	-73
25.73000	-73
25.73167	-72
25.73333	-72
25.73500	-71
25.73667	-72
25.73833	-72
25.74000	-72
25.74167	-71
25.74333	-72
25.74500	-72
25.74667	-71
25.74833	-71
25.75000	-72
25.75167	-71
25.75333	-71
25.75500	-71
25.75667	-71
25.75833	-71
25.76000	-71
25.76167	-70
25.76333	-71
25.76500	-71
25.76667	-70
25.76833	-71
25.77000	-70
25.77167	-71
25.77333	-70
25.77500	-70
25.77667	-71
25.77833	-70
25.78000	-70
25.78167	-69
25.78333	-70
25.78500	-69
25.78667	-70
25.78833	-69
25.79000	-68
25.79167	-69
25.79333	-69
25.79500	-68
25.79667	-68
25.79833	-68
25.80000	-67
25.80167	-68
25.80333	-68
25.80500	-67
25.80667	-67
25.80833	-67
25.81000	-68
25.81167	-67
25.81333	-67
25.81500	-67
25.81667	-67
25.81833	-67
25.82000	-67
25.82167	-68
25.82333	-67
25.82500	-68
25.82667	-67
25.82833	-68
25.83000	-68
25.83167	-68
25.83333	-69
25.83500	-68
25.83667	-69
25.83833	-69
25.84000	-69
25.84167	-69
25.84333	-70
25.84500	-70
25.84667	-70
25.84833	-70
25.85000	-71
25.85167	-70
25.85333	-71
25.85500	-71
25.85667	-72
25.85833	-72
25.86000	-71
25.86167	-73
25.86333	-72
25.86500	-73
25.86667	-73
25.86833	-73
25.87000	-74
25.87167	-73
25.87333	-74
25.87500	-74
25.87667	-75
25.87833	-75
25.88000	-75
25.88167	-76
25.88333	-76
25.88500	-76
25.88667	-77
25.88833	-77
25.89000	-78
25.89167	-78
25.89333	-78
25.89500	-79
25.89667	-79
25.89833	-79
25.90000	-80
25.90167	-79
25.90333	-81
25.90500	-80
25.90667	-81
25.90833	-81
25.91000	-82
25.91167	-82
25.91333	-82
25.91500	-83
25.91667	-82
25.91833	-83
25.92000	-83
25.92167	-83
25.92333	-83
25.92500	-84
25.92667	-83
25.92833	-84
25.93000	-83
25.93167	-84
25.93333	-83
25.93500	-83
25.93667	-83
25.93833	-83
25.94000	-83
25.94167	-83
25.94333	-84
25.94500	-83
25.94667	-83
25.94833	-83
25.95000	-82
25.95167	-83
25.95333	-83
25.95500	-83
25.95667	-82
25.95833	-83
25.96000	-83
25.96167	-82
25.96333	-82
25.96500	-83
25.96667	-82
25.96833	-83
25.97000	-82
25.97167	-83
25.97333	-82
25.97500	-82
25.97667	-82
25.97833	-82
25.98000	-82
25.98167	-82
25.98333	-82
25.98500	-82
25.98667	-82
25.98833	-82
25.99000	-82
25.99167	-81
25.99333	-82
25.99500	-82
25.99667	-81
25.99833	-82
26.00000	-81
26.00167	-81
26.00333	-81
26.00500	-81
26.00667	-81
26.00833	-81
26.01000	-81
26.01167	-81
26.01333	-80
26.01500	-81
26.01667	-80
26.01833	-80
26.02000	-81
26.02167	-80
26.02333	-79
26.02500	-80
26.02667	-80
26.02833	-80
26.03000	-79
26.03167	-80
26.03333	-79
26.03500	-79
26.03667	-80
26.03833	-79
26.04000	-79
26.04167	-79
26.04333	-79
26.04500	-79
26.04667	-79
26.04833	-80
26.05000	-78
26.05167	-79
26.05333	-79
26.05500	-78
26.05667	-79
26.05833	-78
26.06000	-79
26.06167	-78
26.06333	-78
26.06500	-78
26.06667	-78
26.06833	-78
26.07000	-78
26.07167	-78
26.07333	-77
26.07500	-78
26.07667	-77
26.07833	-78
26.08000	-77
26.08167	-77
26.08333	-77
26.08500	-78
26.08667	-76
26.08833	-77
26.09000	-77
26.09167	-76
26.09333	-77
26.09500	-77
26.09667	-76
26.09833	-77
26.10000	-76
26.10167	-76
26.10333	-77
26.10500	-76
26.10667	-75
26.10833	-76
26.11000	-76
26.11167	-76
26.11333	-76
26.11500	-76
26.11667	-76
26.11833	-76
26.12000	-76
26.12167	-76
26.12333	-76
26.12500	-76
26.12667	-76
26.12833	-77
26.13000	-76
26.13167	-77
26.13333	-77
26.13500	-76
26.13667	-78
26.13833	-77
26.14000	-78
26.14167	-78
26.14333	-78
26.14500	-79
26.14667	-78
26.14833	-79
26.15000	-79
26.15167	-79
26.15333	-80
26.15500	-79
26.15667	-80
26.15833	-80
26.16000	-81
26.16167	-81
26.16333	-81
26.16500	-81
26.16667	-82
26.16833	-82
26.17000	-82
26.17167	-83
26.17333	-83
26.17500	-84
26.17667	-84
26.17833	-84
26.18000	-85
26.18167	-85
26.18333	-86
26.18500	-86
26.18667	-87
26.18833	-87
26.19000	-88
26.19167	-88
26.19333	-89
26.19500	-90
26.19667	-90
26.19833	-90
26.20000	-91
26.20167	-92
26.20333	-92
26.20500	-92
26.20667	-94
26.20833	-94
26.21000	-94
26.21167	-95
26.21333	-96
26.21500	-96
26.21667	-97
26.21833	-98
26.22000	-98
26.22167	-99
26.22333	-99
26.22500	-100
26.22667	-100
26.22833	-100
26.23000	-102
26.23167	-101
26.23333	-102
26.23500	-102
26.23667	-103
26.23833	-103
26.24000	-103
26.24167	-104
26.24333	-104
26.24500	-105
26.24667	-104
26.24833	-106
26.25000	-105
26.25167	-107
26.25333	-106
26.25500	-107
26.25667	-108
26.25833	-108
26.26000	-108
26.26167	-109
26.26333	-109
26.26500	-109
26.26667	-110
26.26833	-111
26.27000	-111
26.27167	-111
26.27333	-112
26.27500	-112
26.27667	-112
26.27833	-113
26.28000	-114
26.28167	-113
26.28333	-115
26.28500	-115
26.28667	-115
26.28833	-116
26.29000	-116
26.29167	-117
26.29333	-117
26.29500	-117
26.29667	-117
26.29833	-118
26.30000	-119
26.30167	-118
26.30333	-119
26.30500	-119
26.30667	-119
26.30833	-120
26.31000	-120
26.31167	-120
26.31333	-120
26.31500	-120
26.31667	-121
26.31833	-121
26.32000	-122
26.32167	-121
26.32333	-122
26.32500	-123
26.32667	-122
26.32833	-123
26.33000	-123
26.33167	-124
26.33333	-123
26.33500	-124
26.33667	-124
26.33833	-124
26.34000	-124
26.34167	-125
26.34333	-124
26.34500	-125
26.34667	-124
26.34833	-124
26.35000	-124
26.35167	-124
26.35333	-124
26.35500	-123
26.35667	-124
26.35833	-123
26.36000	-122
26.36167	-123
26.36333	-122
26.36500	-122
26.36667	-121
26.36833	-122
26.37000	-121
26.37167	-121
26.37333	-121
26.37500	-121
26.37667	-120
26.37833	-120
26.38000	-120
26.38167	-119
26.38333	-119
26.38500	-119
26.38667	-118
26.38833	-119
26.39000	-118
26.39167	-118
26.39333	-117
26.39500	-118
26.39667	-117
26.39833	-116
26.40000	-117
26.40167	-117
26.40333	-116
26.40500	-115
26.40667	-116
26.40833	-115
26.41000	-114
26.41167	-114
26.41333	-114
26.41500	-114
26.41667	-114
26.41833	-113
26.42000	-114
26.42167	-113
26.42333	-113
26.42500	-113
26.42667	-112
26.42833	-112
26.43000	-112
26.43167	-112
26.43333	-111
26.43500	-112
26.43667	-111
26.43833	-111
26.44000	-111
26.44167	-111
26.44333	-111
26.44500	-111
26.44667	-111
26.44833	-110
26.45000	-111
26.45167	-111
26.45333	-110
26.45500	-111
26.45667	-111
26.45833	-111
26.46000	-110
26.46167	-111
26.46333	-110
26.46500	-111
26.46667	-111
26.46833	-110
26.47000	-110
26.47167	-111
26.47333	-110
26.47500	-111
26.47667	-111
26.47833	-110
26.48000	-111
26.48167	-111
26.48333	-112
26.48500	-111
26.48667	-111
26.48833	-112
26.49000	-112
26.49167	-112
26.49333	-112
26.49500	-112
26.49667	-113
26.49833	-113
26.50000	-114
26.50167	-114
26.50333	-114
26.50500	-115
26.50667	-115
26.50833	-116
26.51000	-117
26.51167	-117
26.51333	-117
26.51500	-118
26.51667	-119
26.51833	-119
26.52000	-120
26.52167	-121
26.52333	-121
26.52500	-122
26.52667	-122
26.52833	-123
26.53000	-123
26.53167	-124
26.53333	-125
26.53500	-125
26.53667	-125
26.53833	-126
26.54000	-127
26.54167	-127
26.54333	-127
26.54500	-128
26.54667	-129
26.54833	-129
26.55000	-129
26.55167	-129
26.55333	-130
26.55500	-131
26.55667	-130
26.55833	-131
26.56000	-131
26.56167	-132
26.56333	-131
26.56500	-132
26.56667	-133
26.56833	-132
26.57000	-133
26.57167	-132
26.57333	-134
26.57500	-133
26.57667	-133
26.57833	-134
26.58000	-134
26.58167	-134
26.58333	-135
26.58500	-134
26.58667	-135
26.58833	-135
26.59000	-135
26.59167	-136
26.59333	-135
26.59500	-136
26.59667	-136
26.59833	-136
26.60000	-137
26.60167	-136
26.60333	-137
26.60500	-136
26.60667	-137
26.60833	-137
26.61000	-137
26.61167	-137
26.61333	-137
26.61500	-137
26.61667	-138
26.61833	-137
26.62000	-137
26.62167	-138
26.62333	-137
26.62500	-138
26.62667	-138
26.62833	-138
26.63000	-137
26.63167	-138
26.63333	-138
26.63500	-139
26.63667	-138
26.63833	-139
26.64000	-139
26.64167	-139
26.64333	-139
26.64500	-140
26.64667	-140
26.64833	-140
26.65000	-140
26.65167	-141
26.65333	-141
26.65500	-141
26.65667	-141
26.65833	-142
26.66000	-141
26.66167	-142
26.66333	-141
26.66500	-142
26.66667	-142
26.66833	-142
26.67000	-142
26.67167	-142
26.67333	-142
26.67500	-141
26.67667	-142
26.67833	-141
26.68000	-142
26.68167	-141
26.68333	-142
26.68500	-141
26.68667	-140
26.68833	-141
26.69000	-140
26.69167	-140
26.69333	-140
26.69500	-139
26.69667	-140
26.69833	-139
26.70000	-140
26.70167	-139
26.70333	-139
26.70500	-140
26.70667	-139
26.70833	-139
26.71000	-139
26.71167	-139
26.71333	-139
26.71500	-139
26.71667	-140
26.71833	-139
26.72000	-139
26.72167	-139
26.72333	-139
26.72500	-140
26.72667	-140
26.72833	-139
26.73000	-140
26.73167	-140
26.73333	-139
26.73500	-140
26.73667	-140
26.73833	-140
26.74000	-140
26.74167	-141
26.74333	-140
26.74500	-141
26.74667	-141
26.74833	-140
26.75000	-141
26.75167	-141
26.75333	-141
26.75500	-142
26.75667	-141
26.75833	-142
26.76000	-142
26.76167	-142
26.76333	-143
26.76500	-143
26.76667	-143
26.76833	-144
26.77000	-144
26.77167	-144
26.77333	-145
26.77500	-144
26.77667	-146
26.77833	-145
26.78000	-146
26.78167	-146
26.78333	-146
26.78500	-146
26.78667	-147
26.78833	-146
26.79000	-147
26.79167	-147
26.79333	-148
26.79500	-147
26.79667	-147
26.79833	-147
26.80000	-148
26.80167	-147
26.80333	-147
26.80500	-147
26.80667	-148
26.80833	-147
26.81000	-147
26.81167	-147
26.81333	-147
26.81500	-147
26.81667	-148
26.81833	-146
26.82000	-147
26.82167	-147
26.82333	-147
26.82500	-146
26.82667	-147
26.82833	-146
26.83000	-146
26.83167	-146
26.83333	-146
26.83500	-146
26.83667	-146
26.83833	-145
26.84000	-146
26.84167	-145
26.84333	-145
26.84500	-145
26.84667	-145
26.84833	-145
26.85000	-144
26.85167	-145
26.85333	-144
26.85500	-144
26.85667	-143
26.85833	-143
26.86000	-144
26.86167	-143
26.86333	-142
26.86500	-143
26.86667	-142
26.86833	-143
26.87000	-141
26.87167	-142
26.87333	-141
26.87500	-141
26.87667	-141
26.87833	-140
26.88000	-140
26.88167	-140
26.88333	-139
26.88500	-139
26.88667	-138
26.88833	-138
26.89000	-138
26.89167	-137
26.89333	-137
26.89500	-137
26.89667	-136
26.89833	-136
26.90000	-136
26.90167	-135
26.90333	-135
26.90500	-134
26.90667	-134
26.90833	-134
26.91000	-134
26.91167	-133
26.91333	-134
26.91500	-133
26.91667	-132
26.91833	-133
26.92000	-132
26.92167	-132
26.92333	-133
26.92500	-131
26.92667	-132
26.92833	-132
26.93000	-132
26.93167	-131
26.93333	-131
26.93500	-131
26.93667	-131
26.93833	-131
26.94000	-131
26.94167	-130
26.94333	-131
26.94500	-130
26.94667	-130
26.94833	-131
26.95000	-131
26.95167	-130
26.95333	-131
26.95500	-131
26.95667	-131
26.95833	-132
26.96000	-131
26.96167	-132
26.96333	-132
26.96500	-132
26.96667	-132
26.96833	-133
26.97000	-133
26.97167	-133
26.97333	-133
26.97500	-134
26.97667	-134
26.97833	-134
26.98000	-135
26.98167	-135
26.98333	-135
26.98500	-135
26.98667	-136
26.98833	-135
26.99000	-136
26.99167	-137
26.99333	-137
26.99500	-137
26.99667	-137
26.99833	-137
27.00000	-138
27.00167	-138
27.00333	-139
27.00500	-139
27.00667	-139
27.00833	-139
27.01000	-140
27.01167	-140
27.01333	-141
27.01500	-141
27.01667	-141
27.01833	-142
27.02000	-143
27.02167	-143
27.02333	-143
27.02500	-144
27.02667	-144
27.02833	-145
27.03000	-146
27.03167	-146
27.03333	-146
27.03500	-147
27.03667	-147
27.03833	-147
27.04000	-149
27.04167	-148
27.04333	-149
27.04500	-149
27.04667	-149
27.04833	-150
27.05000	-150
27.05167	-151
27.05333	-150
27.05500	-151
27.05667	-151
27.05833	-151
27.06000	-152
27.06167	-151
27.06333	-152
27.06500	-151
27.06667	-152
27.06833	-151
27.07000	-152
27.07167	-152
27.07333	-152
27.07500	-152
27.07667	-152
27.07833	-152
27.08000	-152
27.08167	-152
27.08333	-152
27.08500	-153
27.08667	-152
27.08833	-152
27.09000	-153
27.09167	-152
27.09333	-153
27.09500	-152
27.09667	-153
27.09833	-152
27.10000	-153
27.10167	-153
27.10333	-152
27.10500	-152
27.10667	-152
27.10833	-152
27.11000	-152
27.11167	-151
27.11333	-152
27.11500	-151
27.11667	-151
27.11833	-150
27.12000	-150
27.12167	-150
27.12333	-150
27.12500	-150
27.12667	-149
27.12833	-149
27.13000	-149
27.13167	-149
27.13333	-148
27.13500	-148
27.13667	-148
27.13833	-148
27.14000	-148
27.14167	-147
27.14333	-147
27.14500	-148
27.14667	-147
27.14833	-147
27.15000	-147
27.15167	-147
27.15333	-147
27.15500	-147
27.15667	-147
27.15833	-147
27.16000	-147
27.16167	-147
27.16333	-148
27.16500	-147
27.16667	-147
27.16833	-148
27.17000	-147
27.17167	-147
27.17333	-148
27.17500	-148
27.17667	-147
27.17833	-148
27.18000	-148
27.18167	-149
27.18333	-148
27.18500	-148
27.18667	-149
27.18833	-148
27.19000	-149
27.19167	-149
27.19333	-148
27.19500	-149
27.19667	-149
27.19833	-149
27.20000	-149
27.20167	-150
27.20333	-149
27.20500	-150
27.20667	-149
27.20833	-150
27.21000	-150
27.21167	-150
27.21333	-150
27.21500	-151
27.21667	-150
27.21833	-151
27.22000	-150
27.22167	-151
27.22333	-151
27.22500	-151
27.22667	-152
27.22833	-151
27.23000	-151
27.23167	-152
27.23333	-152
27.23500	-152
27.23667	-152
27.23833	-152
27.24000	-152
27.24167	-152
27.24333	-152
27.24500	-153
27.24667	-153
27.24833	-153
27.25000	-153
27.25167	-153
27.25333	-154
27.25500	-153
27.25667	-154
27.25833	-153
27.26000	-154
27.26167	-154
27.26333	-155
27.26500	-154
27.26667	-155
27.26833	-155
27.27000	-155
27.27167	-155
27.27333	-155
27.27500	-155
27.27667	-155
27.27833	-155
27.28000	-156
27.28167	-155
27.28333	-156
27.28500	-155
27.28667	-156
27.28833	-155
27.29000	-156
27.29167	-156
27.29333	-155
27.29500	-156
27.29667	-156
27.29833	-155
27.30000	-156
27.30167	-155
27.30333	-155
27.30500	-155
27.30667	-155
27.30833	-155
27.31000	-154
27.31167	-154
27.31333	-154
27.31500	-154
27.31667	-153
27.31833	-154
27.32000	-153
27.32167	-152
27.32333	-152
27.32500	-152
27.32667	-152
27.32833	-151
27.33000	-151
27.33167	-151
27.33333	-151
27.33500	-150
27.33667	-150
27.33833	-149
27.34000	-149
27.34167	-149
27.34333	-148
27.34500	-149
27.34667	-148
27.34833	-148
27.35000	-147
27.35167	-148
27.35333	-147
27.35500	-147
27.35667	-148
27.35833	-146
27.36000	-147
27.36167	-147
27.36333	-146
27.36500	-146
27.36667	-146
27.36833	-146
27.37000	-146
27.37167	-146
27.37333	-146
27.37500	-146
27.37667	-145
27.37833	-146
27.38000	-145
27.38167	-146
27.38333	-145
27.38500	-146
27.38667	-145
27.38833	-145
27.39000	-146
27.39167	-145
27.39333	-145
27.39500	-145
27.39667	-145
27.39833	-145
27.40000	-145
27.40167	-145
27.40333	-146
27.40500	-145
27.40667	-146
27.40833	-145
27.41000	-145
27.41167	-146
27.41333	-145
27.41500	-146
27.41667	-146
27.41833	-146
27.42000	-146
27.42167	-146
27.42333	-146
27.42500	-146
27.42667	-146
27.42833	-147
27.43000	-146
27.43167	-146
27.43333	-147
27.43500	-146
27.43667	-147
27.43833	-146
27.44000	-147
27.44167	-146
27.44333	-147
27.44500	-147
27.44667	-146
27.44833	-146
27.45000	-147
27.45167	-146
27.45333	-146
27.45500	-147
27.45667	-146
27.45833	-146
27.46000	-146
27.46167	-146
27.46333	-146
27.46500	-146
27.46667	-146
27.46833	-146
27.47000	-146
27.47167	-146
27.47333	-146
27.47500	-146
27.47667	-146
27.47833	-146
27.48000	-146
27.48167	-146
27.48333	-146
27.48500	-145
27.48667	-146
27.48833	-146
27.49000	-145
27.49167	-146
27.49333	-145
27.49500	-145
27.49667	-145
27.49833	-144
27.50000	-144
27.50167	-144
27.50333	-144
27.50500	-143
27.50667	-143
27.50833	-142
27.51000	-142
27.51167	-142
27.51333	-141
27.51500	-140
27.51667	-140
27.51833	-139
27.52000	-139
27.52167	-138
27.52333	-138
27.52500	-136
27.52667	-136
27.52833	-136
27.53000	-134
27.53167	-133
27.53333	-133
27.53500	-131
27.53667	-131
27.53833	-130
27.54000	-129
27.54167	-128
27.54333	-126
27.54500	-126
27.54667	-124
27.54833	-123
27.55000	-121
27.55167	-120
27.55333	-118
27.55500	-117
27.55667	-115
27.55833	-113
27.56000	-112
27.56167	-110
27.56333	-107
27.56500	-105
27.56667	-104
27.56833	-101
27.57000	-99
27.57167	-96
27.57333	-94
27.57500	-91
27.57667	-88
27.57833	-85
27.58000	-82
27.58167	-79
27.58333	-74
27.58500	-72
27.58667	-67
27.58833	-64
27.59000	-60
27.59167	-56
27.59333	-51
27.59500	-47
27.59667	-42
27.59833	-38
27.60000	-32
27.60167	-27
27.60333	-21
27.60500	-16
27.60667	-11
27.60833	-4
27.61000	1
27.61167	8
27.61333	15
27.61500	20
27.61667	28
27.61833	35
27.62000	41
27.62167	49
27.62333	57
27.62500	64
27.62667	72
27.62833	79
27.63000	88
27.63167	96
27.63333	104
27.63500	113
27.63667	121
27.63833	131
27.64000	139
27.64167	148
27.64333	158
27.64500	168
27.64667	176
27.64833	187
27.65000	196
27.65167	205
27.65333	215
27.65500	225
27.65667	234
27.65833	244
27.66000	255
27.66167	264
27.66333	274
27.66500	285
27.66667	294
27.66833	304
27.67000	314
27.67167	323
27.67333	334
27.67500	343
27.67667	352
27.67833	362
27.68000	371
27.68167	381
27.68333	390
27.68500	399
27.68667	407
27.68833	416
27.69000	424
27.69167	433
27.69333	440
27.69500	449
27.69667	455
27.69833	464
27.70000	470
27.70167	477
27.70333	484
27.70500	490
27.70667	497
27.70833	502
27.71000	508
27.71167	513
27.71333	517
27.71500	522
27.71667	526
27.71833	529
27.72000	533
27.72167	536
27.72333	538
27.72500	541
27.72667	542
27.72833	544
27.73000	545
27.73167	545
27.73333	546
27.73500	545
27.73667	545
27.73833	544
27.74000	542
27.74167	541
27.74333	538
27.74500	536
27.74667	533
27.74833	529
27.75000	527
27.75167	522
27.75333	519
27.75500	513
27.75667	509
27.75833	504
27.76000	498
27.76167	492
27.76333	486
27.76500	479
27.76667	473
27.76833	466
27.77000	459
27.77167	452
27.77333	445
27.77500	436
27.77667	429
27.77833	421
27.78000	412
27.78167	404
27.78333	395
27.78500	386
27.78667	378
27.78833	368
27.79000	360
27.79167	351
27.79333	342
27.79500	333
27.79667	324
27.79833	314
27.80000	306
27.80167	295
27.80333	286
27.80500	277
27.80667	268
27.80833	259
27.81000	249
27.81167	241
27.81333	231
27.81500	223
27.81667	214
27.81833	204
27.82000	197
27.82167	187
27.82333	179
27.82500	171
27.82667	162
27.82833	154
27.83000	147
27.83167	138
27.83333	132
27.83500	124
27.83667	116
27.83833	110
27.84000	102
27.84167	96
27.84333	89
27.84500	83
27.84667	76
27.84833	71
27.85000	64
27.85167	59
27.85333	52
27.85500	48
27.85667	41
27.85833	37
27.86000	31
27.86167	26
27.86333	22
27.86500	16
27.86667	12
27.86833	8
27.87000	3
27.87167	-1
27.87333	-4
27.87500	-8
27.87667	-12
27.87833	-16
27.88000	-19
27.88167	-23
27.88333	-25
27.88500	-29
27.88667	-32
27.88833	-35
27.89000	-38
27.89167	-41
27.89333	-43
27.89500	-45
27.89667	-47
27.89833	-50
27.90000	-52
27.90167	-54
27.90333	-56
27.90500	-58
27.90667	-60
27.90833	-61
27.91000	-63
27.91167	-65
27.91333	-66
27.91500	-68
27.91667	-69
27.91833	-70
27.92000	-72
27.92167	-73
27.92333	-74
27.92500	-75
27.92667	-77
27.92833	-78
27.93000	-79
27.93167	-80
27.93333	-81
27.93500	-82
27.93667	-82
27.93833	-84
27.94000	-84
27.94167	-86
27.94333	-86
27.94500	-88
27.94667	-88
27.94833	-89
27.95000	-90
27.95167	-91
27.95333	-91
27.95500	-92
27.95667	-93
27.95833	-93
27.96000	-94
27.96167	-95
27.96333	-96
27.96500	-96
27.96667	-97
27.96833	-97
27.97000	-99
27.97167	-99
27.97333	-99
27.97500	-100
27.97667	-101
27.97833	-101
27.98000	-101
27.98167	-102
27.98333	-103
27.98500	-102
27.98667	-104
27.98833	-103
27.99000	-104
27.99167	-104
27.99333	-105
27.99500	-105
27.99667	-105
27.99833	-106
28.00000	-106
28.00167	-107
28.00333	-107
28.00500	-108
28.00667	-108
28.00833	-108
28.01000	-109
28.01167	-109
28.01333	-110
28.01500	-109
28.01667	-110
28.01833	-111
28.02000	-111
28.02167	-112
28.02333	-112
28.02500	-113
28.02667	-113
28.02833	-114
28.03000	-114
28.03167	-115
28.03333	-115
28.03500	-116
28.03667	-116
28.03833	-116
28.04000	-118
28.04167	-117
28.04333	-118
28.04500	-119
28.04667	-119
28.04833	-119
28.05000	-120
28.05167	-120
28.05333	-121
28.05500	-121
28.05667	-122
28.05833	-123
28.06000	-123
28.06167	-123
28.06333	-124
28.06500	-124
28.06667	-125
28.06833	-125
28.07000	-126
28.07167	-125
28.07333	-127
28.07500	-127
28.07667	-127
28.07833	-128
28.08000	-128
28.08167	-128
28.08333	-129
28.08500	-130
28.08667	-129
28.08833	-131
28.09000	-130
28.09167	-132
28.09333	-131
28.09500	-132
28.09667	-133
28.09833	-133
28.10000	-133
28.10167	-134
28.10333	-134
28.10500	-134
28.10667	-135
28.10833	-135
28.11000	-136
28.11167	-136
28.11333	-136
28.11500	-137
28.11667	-137
28.11833	-137
28.12000	-138
28.12167	-138
28.12333	-138
28.12500	-138
28.12667	-139
28.12833	-139
28.13000	-139
28.13167	-139
28.13333	-140
28.13500	-139
28.13667	-140
28.13833	-141
28.14000	-140
28.14167	-141
28.14333	-140
28.14500	-141
28.14667	-141
28.14833	-141
28.15000	-142
28.15167	-141
28.15333	-142
28.15500	-142
28.15667	-143
28.15833	-142
28.16000	-143
28.16167	-143
28.16333	-143
28.16500	-143
28.16667	-143
28.16833	-144
28.17000	-143
28.17167	-144
28.17333	-145
28.17500	-144
28.17667	-145
28.17833	-144
28.18000	-145
28.18167	-145
28.18333	-146
28.18500	-145
28.18667	-146
28.18833	-146
28.19000	-147
28.19167	-146
28.19333	-147
28.19500	-147
28.19667	-147
28.19833	-147
28.20000	-148
28.20167	-148
28.20333	-148
28.20500	-149
28.20667	-149
28.20833	-149
28.21000	-150
28.21167	-149
28.21333	-150
28.21500	-151
28.21667	-151
28.21833	-151
28.22000	-152
28.22167	-151
28.22333	-152
28.22500	-152
28.22667	-153
28.22833	-153
28.23000	-153
28.23167	-154
28.23333	-154
28.23500	-154
28.23667	-154
28.23833	-154
28.24000	-155
28.24167	-154
28.24333	-155
28.24500	-155
28.24667	-155
28.24833	-155
28.25000	-155
28.25167	-155
28.25333	-155
28.25500	-155
28.25667	-155
28.25833	-155
28.26000	-155
28.26167	-155
28.26333	-155
28.26500	-155
28.26667	-154
28.26833	-155
28.27000	-155
28.27167	-154
28.27333	-155
28.27500	-154
28.27667	-155
28.27833	-154
28.28000	-155
28.28167	-155
28.28333	-154
28.28500	-155
28.28667	-155
28.28833	-154
28.29000	-154
28.29167	-155
28.29333	-155
28.29500	-155
28.29667	-155
28.29833	-155
28.30000	-155
28.30167	-154
28.30333	-156
28.30500	-155
28.30667	-155
28.30833	-155
28.31000	-156
28.31167	-155
28.31333	-155
28.31500	-155
28.31667	-156
28.31833	-155
28.32000	-155
28.32167	-156
28.32333	-155
28.32500	-156
28.32667	-155
28.32833	-156
28.33000	-156
28.33167	-155
28.33333	-156
28.33500	-156
28.33667	-156
28.33833	-156
28.34000	-156
28.34167	-157
28.34333	-156
28.34500	-157
28.34667	-157
28.34833	-156
28.35000	-157
28.35167	-157
28.35333	-157
28.35500	-157
28.35667	-157
28.35833	-157
28.36000	-157
28.36167	-158
28.36333	-157
28.36500	-158
28.36667	-157
28.36833	-157
28.37000	-158
28.37167	-157
28.37333	-157
28.37500	-157
28.37667	-157
28.37833	-157
28.38000	-157
28.38167	-157
28.38333	-156
28.38500	-157
28.38667	-156
28.38833	-155
28.39000	-156
28.39167	-156
28.39333	-155
28.39500	-155
28.39667	-154
28.39833	-155
28.40000	-155
28.40167	-154
28.40333	-154
28.40500	-154
28.40667	-154
28.40833	-154
28.41000	-154
28.41167	-154
28.41333	-154
28.41500	-154
28.41667	-155
28.41833	-154
28.42000	-155
28.42167	-155
28.42333	-155
28.42500	-155
28.42667	-156
28.42833	-156
28.43000	-156
28.43167	-157
28.43333	-156
28.43500	-157
28.43667	-158
28.43833	-157
28.44000	-158
28.44167	-158
28.44333	-159
28.44500	-158
28.44667	-159
28.44833	-159
28.45000	-159
28.45167	-160
28.45333	-159
28.45500	-160
28.45667	-159
28.45833	-160
28.46000	-160
28.46167	-160
28.46333	-160
28.46500	-160
28.46667	-160
28.46833	-160
28.47000	-160
28.47167	-160
28.47333	-160
28.47500	-161
28.47667	-160
28.47833	-160
28.48000	-159
28.48167	-161
28.48333	-160
28.48500	-160
28.48667	-160
28.48833	-161
28.49000	-160
28.49167	-160
28.49333	-161
28.49500	-160
28.49667	-161
28.49833	-161
28.50000	-160
28.50167	-161
28.50333	-161
28.50500	-162
28.50667	-161
28.50833	-162
28.51000	-161
28.51167	-162
28.51333	-162
28.51500	-162
28.51667	-162
28.51833	-162
28.52000	-162
28.52167	-162
28.52333	-162
28.52500	-163
28.52667	-163
28.52833	-162
28.53000	-163
28.53167	-163
28.53333	-163
28.53500	-163
28.53667	-163
28.53833	-163
28.54000	-163
28.54167	-163
28.54333	-164
28.54500	-163
28.54667	-163
28.54833	-163
28.55000	-163
28.55167	-163
28.55333	-163
28.55500	-163
28.55667	-162
28.55833	-163
28.56000	-163
28.56167	-163
28.56333	-162
28.56500	-162
28.56667	-162
28.56833	-162
28.57000	-161
28.57167	-162
28.57333	-161
28.57500	-161
28.57667	-161
28.57833	-161
28.58000	-160
28.58167	-161
28.58333	-160
28.58500	-160
28.58667	-160
28.58833	-160
28.59000	-160
28.59167	-160
28.59333	-160
28.59500	-160
28.59667	-159
28.59833	-160
28.60000	-159
28.60167	-160
28.60333	-159
28.60500	-160
28.60667	-159
28.60833	-159
28.61000	-159
28.61167	-159
28.61333	-159
28.61500	-159
28.61667	-158
28.61833	-159
28.62000	-159
28.62167	-158
28.62333	-159
28.62500	-158
28.62667	-159
28.62833	-159
28.63000	-158
28.63167	-158
28.63333	-159
28.63500	-158
28.63667	-158
28.63833	-158
28.64000	-158
28.64167	-158
28.64333	-158
28.64500	-157
28.64667	-158
28.64833	-157
28.65000	-157
28.65167	-157
28.65333	-157
28.65500	-156
28.65667	-157
28.65833	-156
28.66000	-157
28.66167	-156
28.66333	-155
28.66500	-156
28.66667	-156
28.66833	-155
28.67000	-155
28.67167	-155
28.67333	-155
28.67500	-154
28.67667	-155
28.67833	-154
28.68000	-154
28.68167	-154
28.68333	-153
28.68500	-154
28.68667	-153
28.68833	-153
28.69000	-152
28.69167	-153
28.69333	-152
28.69500	-152
28.69667	-152
28.69833	-152
28.70000	-151
28.70167	-152
28.70333	-150
28.70500	-151
28.70667	-150
28.70833	-150
28.71000	-150
28.71167	-149
28.71333	-149
28.71500	-149
28.71667	-149
28.71833	-148
28.72000	-148
28.72167	-148
28.72333	-148
28.72500	-147
28.72667	-147
28.72833	-147
28.73000	-147
28.73167	-146
28.73333	-147
28.73500	-146
28.73667	-146
28.73833	-146
28.74000	-146
28.74167	-145
28.74333	-146
28.74500	-145
28.74667	-145
28.74833	-145
28.75000	-145
28.75167	-145
28.75333	-144
28.75500	-145
28.75667	-144
28.75833	-145
28.76000	-144
28.76167	-144
28.76333	-144
28.76500	-145
28.76667	-144
28.76833	-144
28.77000	-144
28.77167	-144
28.77333	-145
28.77500	-144
28.77667	-145
28.77833	-145
28.78000	-146
28.78167	-145
28.78333	-146
28.78500	-146
28.78667	-147
28.78833	-146
28.79000	-148
28.79167	-148
28.79333	-148
28.79500	-148
28.79667	-149
28.79833	-149
28.80000	-150
28.80167	-150
28.80333	-150
28.80500	-151
28.80667	-151
28.80833	-151
28.81000	-152
28.81167	-153
28.81333	-152
28.81500	-153
28.81667	-153
28.81833	-154
28.82000	-154
28.82167	-154
28.82333	-154
28.82500	-155
28.82667	-155
28.82833	-155
28.83000	-156
28.83167	-156
28.83333	-157
28.83500	-156
28.83667	-157
28.83833	-158
28.84000	-157
28.84167	-158
28.84333	-158
28.84500	-159
28.84667	-159
28.84833	-159
28.85000	-160
28.85167	-160
28.85333	-161
28.85500	-161
28.85667	-162
28.85833	-162
28.86000	-162
28.86167	-162
28.86333	-163
28.86500	-164
28.86667	-164
28.86833	-164
28.87000	-165
28.87167	-165
28.87333	-165
28.87500	-166
28.87667	-166
28.87833	-167
28.88000	-167
28.88167	-167
28.88333	-167
28.88500	-168
28.88667	-168
28.88833	-168
28.89000	-168
28.89167	-169
28.89333	-169
28.89500	-169
28.89667	-169
28.89833	-170
28.90000	-170
28.90167	-170
28.90333	-170
28.90500	-170
28.90667	-171
28.90833	-170
28.91000	-171
28.91167	-170
28.91333	-171
28.91500	-171
28.91667	-171
28.91833	-171
28.92000	-171
28.92167	-171
28.92333	-171
28.92500	-171
28.92667	-172
28.92833	-171
28.93000	-171
28.93167	-172
28.93333	-172
28.93500	-171
28.93667	-172
28.93833	-172
28.94000	-171
28.94167	-172
28.94333	-172
28.94500	-172
28.94667	-172
28.94833	-172
28.95000	-171
28.95167	-172
28.95333	-171
28.95500	-172
28.95667	-171
28.95833	-171
28.96000	-171
28.96167	-172
28.96333	-170
28.96500	-171
28.96667	-171
28.96833	-171
28.97000	-170
28.97167	-171
28.97333	-170
28.97500	-169
28.97667	-170
28.97833	-170
28.98000	-169
28.98167	-169
28.98333	-170
28.98500	-169
28.98667	-169
28.98833	-169
28.99000	-169
28.99167	-169
28.99333	-169
28.99500	-168
28.99667	-169
28.99833	-169
29.00000	-169
29.00167	-169
29.00333	-169
29.00500	-168
29.00667	-169
29.00833	-169
29.01000	-169
29.01167	-169
29.01333	-169
29.01500	-169
29.01667	-169
29.01833	-169
29.02000	-169
29.02167	-169
29.02333	-168
29.02500	-169
29.02667	-169
29.02833	-169
29.03000	-168
29.03167	-169
29.03333	-168
29.03500	-169
29.03667	-168
29.03833	-169
29.04000	-168
29.04167	-169
29.04333	-169
29.04500	-168
29.04667	-169
29.04833	-169
29.05000	-169
29.05167	-169
29.05333	-170
29.05500	-169
29.05667	-169
29.05833	-170
29.06000	-169
29.06167	-169
29.06333	-170
29.06500	-169
29.06667	-170
29.06833	-169
29.07000	-170
29.07167	-170
29.07333	-170
29.07500	-170
29.07667	-170
29.07833	-170
29.08000	-170
29.08167	-170
29.08333	-170
29.08500	-170
29.08667	-170
29.08833	-170
29.09000	-169
29.09167	-170
29.09333	-169
29.09500	-170
29.09667	-169
29.09833	-169
29.10000	-169
29.10167	-169
29.10333	-170
29.10500	-169
29.10667	-169
29.10833	-169
29.11000	-169
29.11167	-169
29.11333	-169
29.11500	-169
29.11667	-170
29.11833	-169
29.12000	-169
29.12167	-169
29.12333	-170
29.12500	-169
29.12667	-170
29.12833	-169
29.13000	-170
29.13167	-169
29.13333	-169
29.13500	-169
29.13667	-170
29.13833	-169
29.14000	-169
29.14167	-169
29.14333	-169
29.14500	-169
29.14667	-169
29.14833	-169
29.15000	-169
29.15167	-170
29.15333	-169
29.15500	-170
29.15667	-169
29.15833	-170
29.16000	-169
29.16167	-170
29.16333	-170
29.16500	-170
29.16667	-171
29.16833	-170
29.17000	-171
29.17167	-171
29.17333	-171
29.17500	-172
29.17667	-171
29.17833	-172
29.18000	-172
29.18167	-172
29.18333	-172
29.18500	-173
29.18667	-172
29.18833	-173
29.19000	-173
29.19167	-173
29.19333	-173
29.19500	-173
29.19667	-173
29.19833	-173
29.20000	-174
29.20167	-173
29.20333	-174
29.20500	-174
29.20667	-174
29.20833	-174
29.21000	-174
29.21167	-174
29.21333	-175
29.21500	-174
29.21667	-174
29.21833	-175
29.22000	-174
29.22167	-175
29.22333	-174
29.22500	-175
29.22667	-174
29.22833	-175
29.23000	-174
29.23167	-175
29.23333	-175
29.23500	-175
29.23667	-175
29.23833	-175
29.24000	-174
29.24167	-175
29.24333	-175
29.24500	-175
29.24667	-175
29.24833	-175
29.25000	-175
29.25167	-175
29.25333	-175
29.25500	-175
29.25667	-175
29.25833	-176
29.26000	-175
29.26167	-175
29.26333	-176
29.26500	-176
29.26667	-176
29.26833	-176
29.27000	-176
29.27167	-177
29.27333	-177
29.27500	-176
29.27667	-178
29.27833	-177
29.28000	-177
29.28167	-178
29.28333	-177
29.28500	-178
29.28667	-178
29.28833	-177
29.29000	-178
29.29167	-177
29.29333	-178
29.29500	-178
29.29667	-178
29.29833	-177
29.30000	-178
29.30167	-177
29.30333	-177
29.30500	-177
29.30667	-177
29.30833	-176
29.31000	-177
29.31167	-176
29.31333	-176
29.31500	-176
29.31667	-176
29.31833	-176
29.32000	-176
29.32167	-175
29.32333	-176
29.32500	-176
29.32667	-175
29.32833	-176
29.33000	-175
29.33167	-176
29.33333	-175
29.33500	-176
29.33667	-175
29.33833	-176
29.34000	-175
29.34167	-175
29.34333	-175
29.34500	-176
29.34667	-175
29.34833	-176
29.35000	-176
29.35167	-175
29.35333	-176
29.35500	-176
29.35667	-176
29.35833	-176
29.36000	-176
29.36167	-176
29.36333	-176
29.36500	-176
29.36667	-176
29.36833	-176
29.37000	-176
29.37167	-176
29.37333	-176
29.37500	-176
29.37667	-176
29.37833	-176
29.38000	-175
29.38167	-176
29.38333	-176
29.38500	-176
29.38667	-176
29.38833	-176
29.39000	-176
29.39167	-176
29.39333	-176
29.39500	-176
29.39667	-176
29.39833	-176
29.40000	-176
29.40167	-175
29.40333	-176
29.40500	-176
29.40667	-176
29.40833	-176
29.41000	-176
29.41167	-176
29.41333	-176
29.41500	-176
29.41667	-176
29.41833	-176
29.42000	-176
29.42167	-176
29.42333	-176
29.42500	-176
29.42667	-177
29.42833	-176
29.43000	-177
29.43167	-176
29.43333	-177
29.43500	-177
29.43667	-177
29.43833	-177
29.44000	-177
29.44167	-178
29.44333	-177
29.44500	-178
29.44667	-177
29.44833	-178
29.45000	-178
29.45167	-177
29.45333	-178
29.45500	-178
29.45667	-178
29.45833	-178
29.46000	-178
29.46167	-178
29.46333	-178
29.46500	-178
29.46667	-178
29.46833	-178
29.47000	-178
29.47167	-178
29.47333	-179
29.47500	-178
29.47667	-179
29.47833	-178
29.48000	-178
29.48167	-179
29.48333	-178
29.48500	-178
29.48667	-179
29.48833	-178
29.49000	-179
29.49167	-178
29.49333	-178
29.49500	-178
29.49667	-178
29.49833	-178
29.50000	-178
29.50167	-178
29.50333	-178
29.50500	-178
29.50667	-179
29.50833	-177
29.51000	-179
29.51167	-178
29.51333	-178
29.51500	-178
29.51667	-179
29.51833	-178
29.52000	-178
29.52167	-178
29.52333	-178
29.52500	-177
29.52667	-178
29.52833	-177
29.53000	-178
29.53167	-177
29.53333	-177
29.53500	-177
29.53667	-177
29.53833	-177
29.54000	-177
29.54167	-176
29.54333	-177
29.54500	-176
29.54667	-176
29.54833	-176
29.55000	-175
29.55167	-176
29.55333	-175
29.55500	-175
29.55667	-175
29.55833	-175
29.56000	-175
29.56167	-175
29.56333	-175
29.56500	-175
29.56667	-175
29.56833	-175
29.57000	-175
29.57167	-175
29.57333	-175
29.57500	-175
29.57667	-175
29.57833	-175
29.58000	-175
29.58167	-176
29.58333	-175
29.58500	-176
29.58667	-175
29.58833	-176
29.59000	-176
29.59167	-176
29.59333	-176
29.59500	-176
29.59667	-176
29.59833	-176
29.60000	-176
29.60167	-175
29.60333	-176
29.60500	-176
29.60667	-176
29.60833	-176
29.61000	-175
29.61167	-175
29.61333	-175
29.61500	-175
29.61667	-175
29.61833	-175
29.62000	-175
29.62167	-174
29.62333	-175
29.62500	-174
29.62667	-174
29.62833	-174
29.63000	-174
29.63167	-174
29.63333	-173
29.63500	-174
29.63667	-173
29.63833	-173
29.64000	-174
29.64167	-173
29.64333	-173
29.64500	-173
29.64667	-173
29.64833	-174
29.65000	-173
29.65167	-173
29.65333	-173
29.65500	-174
29.65667	-173
29.65833	-174
29.66000	-174
29.66167	-174
29.66333	-173
29.66500	-175
29.66667	-174
29.66833	-174
29.67000	-175
29.67167	-174
29.67333	-175
29.67500	-175
29.67667	-176
29.67833	-175
29.68000	-175
29.68167	-175
29.68333	-176
29.68500	-175
29.68667	-175
29.68833	-175
29.69000	-175
29.69167	-175
29.69333	-175
29.69500	-175
29.69667	-175
29.69833	-174
29.70000	-175
29.70167	-173
29.70333	-174
29.70500	-174
29.70667	-174
29.70833	-173
29.71000	-174
29.71167	-173
29.71333	-173
29.71500	-173
29.71667	-173
29.71833	-172
29.72000	-173
29.72167	-172
29.72333	-172
29.72500	-172
29.72667	-172
29.72833	-172
29.73000	-172
29.73167	-172
29.73333	-171
29.73500	-172
29.73667	-171
29.73833	-171
29.74000	-171
29.74167	-170
29.74333	-171
29.74500	-171
29.74667	-171
29.74833	-171
29.75000	-171
29.75167	-171
29.75333	-171
29.75500	-171
29.75667	-171
29.75833	-171
29.76000	-171
29.76167	-171
29.76333	-171
29.76500	-170
29.76667	-171
29.76833	-170
29.77000	-170
29.77167	-170
29.77333	-170
29.77500	-170
29.77667	-169
29.77833	-170
29.78000	-169
29.78167	-169
29.78333	-168
29.78500	-169
29.78667	-168
29.78833	-169
29.79000	-168
29.79167	-167
29.79333	-168
29.79500	-167
29.79667	-167
29.79833	-167
29.80000	-167
29.80167	-167
29.80333	-166
29.80500	-166
29.80667	-166
29.80833	-166
29.81000	-166
29.81167	-166
29.81333	-165
29.81500	-166
29.81667	-165
29.81833	-166
29.82000	-166
29.82167	-165
29.82333	-166
29.82500	-165
29.82667	-166
29.82833	-165
29.83000	-166
29.83167	-166
29.83333	-166
29.83500	-165
29.83667	-166
29.83833	-166
29.84000	-166
29.84167	-165
29.84333	-166
29.84500	-166
29.84667	-167
29.84833	-166
29.85000	-167
29.85167	-167
29.85333	-167
29.85500	-167
29.85667	-167
29.85833	-168
29.86000	-167
29.86167	-168
29.86333	-167
29.86500	-168
29.86667	-167
29.86833	-167
29.87000	-168
29.87167	-167
29.87333	-167
29.87500	-167
29.87667	-168
29.87833	-167
29.88000	-168
29.88167	-167
29.88333	-167
29.88500	-167
29.88667	-167
29.88833	-167
29.89000	-166
29.89167	-167
29.89333	-166
29.89500	-167
29.89667	-166
29.89833	-167
29.90000	-166
29.90167	-167
29.90333	-167
29.90500	-167
29.90667	-167
29.90833	-168
29.91000	-167
29.91167	-168
29.91333	-167
29.91500	-168
29.91667	-168
29.91833	-169
29.92000	-168
29.92167	-169
29.92333	-169
29.92500	-169
29.92667	-170
29.92833	-169
29.93000	-170
29.93167	-170
29.93333	-171
29.93500	-171
29.93667	-170
29.93833	-171
29.94000	-171
29.94167	-172
29.94333	-171
29.94500	-172
29.94667	-172
29.94833	-172
29.95000	-172
29.95167	-173
29.95333	-173
29.95500	-172
29.95667	-173
29.95833	-174
29.96000	-173
29.96167	-174
29.96333	-174
29.96500	-174
29.96667	-175
29.96833	-174
29.97000	-175
29.97167	-175
29.97333	-176
29.97500	-175
29.97667	-176
29.97833	-177
29.98000	-176
29.98167	-177
29.98333	-177
29.98500	-177
29.98667	-178
29.98833	-178
29.99000	-178
29.99167	-178
29.99333	-178
29.99500	-178
29.99667	-179
29.99833	-179
30.00000	-179
30.00167	-179
30.00333	-180
30.00500	-180
30.00667	-179
30.00833	-180
30.01000	-181
30.01167	-180
30.01333	-180
30.01500	-181
30.01667	-181
30.01833	-180
30.02000	-181
30.02167	-181
30.02333	-180
30.02500	-181
30.02667	-180
30.02833	-181
30.03000	-180
30.03167	-180
30.03333	-179
30.03500	-179
30.03667	-179
30.03833	-179
30.04000	-178
30.04167	-178
30.04333	-178
30.04500	-178
30.04667	-177
30.04833	-177
30.05000	-177
30.05167	-177
30.05333	-176
30.05500	-176
30.05667	-176
30.05833	-176
30.06000	-175
30.06167	-176
30.06333	-175
30.06500	-175
30.06667	-176
30.06833	-175
30.07000	-175
30.07167	-176
30.07333	-175
30.07500	-176
30.07667	-176
30.07833	-176
30.08000	-177
30.08167	-176
30.08333	-177
30.08500	-177
30.08667	-177
30.08833	-178
30.09000	-178
30.09167	-179
30.09333	-179
30.09500	-179
30.09667	-179
30.09833	-179
30.10000	-180
30.10167	-179
30.10333	-181
30.10500	-180
30.10667	-181
30.10833	-182
30.11000	-181
30.11167	-183
30.11333	-182
30.11500	-183
30.11667	-183
30.11833	-183
30.12000	-183
30.12167	-183
30.12333	-184
30.12500	-183
30.12667	-183
30.12833	-184
30.13000	-183
30.13167	-184
30.13333	-183
30.13500	-184
30.13667	-183
30.13833	-184
30.14000	-183
30.14167	-183
30.14333	-183
30.14500	-182
30.14667	-183
30.14833	-182
30.15000	-182
30.15167	-182
30.15333	-181
30.15500	-181
30.15667	-182
30.15833	-181
30.16000	-181
30.16167	-180
30.16333	-181
30.16500	-181
30.16667	-180
30.16833	-180
30.17000	-180
30.17167	-179
30.17333	-180
30.17500	-179
30.17667	-180
30.17833	-178
30.18000	-179
30.18167	-179
30.18333	-179
30.18500	-179
30.18667	-178
30.18833	-179
30.19000	-178
30.19167	-179
30.19333	-178
30.19500	-179
30.19667	-179
30.19833	-179
30.20000	-179
30.20167	-179
30.20333	-179
30.20500	-179
30.20667	-179
30.20833	-180
30.21000	-179
30.21167	-180
30.21333	-179
30.21500	-180
30.21667	-180
30.21833	-179
30.22000	-180
30.22167	-181
30.22333	-180
30.22500	-180
30.22667	-181
30.22833	-180
30.23000	-181
30.23167	-181
30.23333	-181
30.23500	-181
30.23667	-182
30.23833	-181
30.24000	-182
30.24167	-181
30.24333	-182
30.24500	-181
30.24667	-182
30.24833	-181
30.25000	-182
30.25167	-182
30.25333	-181
30.25500	-181
30.25667	-181
30.25833	-181
30.26000	-181
30.26167	-181
30.26333	-181
30.26500	-180
30.26667	-181
30.26833	-180
30.27000	-180
30.27167	-180
30.27333	-180
30.27500	-180
30.27667	-180
30.27833	-179
30.28000	-180
30.28167	-179
30.28333	-180
30.28500	-180
30.28667	-179
30.28833	-180
30.29000	-179
30.29167	-179
30.29333	-179
30.29500	-179
30.29667	-179
30.29833	-179
30.30000	-178
30.30167	-178
30.30333	-179
30.30500	-178
30.30667	-178
30.30833	-178
30.31000	-178
30.31167	-178
30.31333	-177
30.31500	-178
30.31667	-177
30.31833	-177
30.32000	-177
30.32167	-177
30.32333	-176
30.32500	-176
30.32667	-177
30.32833	-176
30.33000	-176
30.33167	-176
30.33333	-176
30.33500	-176
30.33667	-176
30.33833	-177
30.34000	-176
30.34167	-176
30.34333	-177
30.34500	-176
30.34667	-178
30.34833	-177
30.35000	-177
30.35167	-178
30.35333	-178
30.35500	-178
30.35667	-179
30.35833	-178
30.36000	-179
30.36167	-180
30.36333	-180
30.36500	-180
30.36667	-180
30.36833	-180
30.37000	-181
30.37167	-182
30.37333	-181
30.37500	-182
30.37667	-181
30.37833	-183
30.38000	-182
30.38167	-182
30.38333	-183
30.38500	-183
30.38667	-183
30.38833	-182
30.39000	-183
30.39167	-183
30.39333	-183
30.39500	-183
30.39667	-184
30.39833	-183
30.40000	-183
30.40167	-182
30.40333	-183
30.40500	-183
30.40667	-183
30.40833	-182
30.41000	-183
30.41167	-182
30.41333	-182
30.41500	-182
30.41667	-182
30.41833	-182
30.42000	-181
30.42167	-182
30.42333	-181
30.42500	-181
30.42667	-182
30.42833	-181
30.43000	-181
30.43167	-181
30.43333	-182
30.43500	-181
30.43667	-182
30.43833	-181
30.44000	-182
30.44167	-182
30.44333	-182
30.44500	-182
30.44667	-182
30.44833	-182
30.45000	-182
30.45167	-183
30.45333	-182
30.45500	-183
30.45667	-182
30.45833	-183
30.46000	-183
30.46167	-182
30.46333	-183
30.46500	-182
30.46667	-182
30.46833	-183
30.47000	-182
30.47167	-182
30.47333	-182
30.47500	-182
30.47667	-181
30.47833	-181
30.48000	-182
30.48167	-181
30.48333	-180
30.48500	-181
30.48667	-181
30.48833	-180
30.49000	-180
30.49167	-180
30.49333	-179
30.49500	-180
30.49667	-179
30.49833	-179
30.50000	-179
30.50167	-179
30.50333	-179
30.50500	-178
30.50667	-179
30.50833	-178
30.51000	-179
30.51167	-179
30.51333	-178
30.51500	-179
30.51667	-178
30.51833	-178
30.52000	-179
30.52167	-178
30.52333	-178
30.52500	-179
30.52667	-178
30.52833	-179
30.53000	-178
30.53167	-179
30.53333	-178
30.53500	-179
30.53667	-178
30.53833	-179
30.54000	-178
30.54167	-179
30.54333	-179
30.54500	-178
30.54667	-179
30.54833	-179
30.55000	-178
30.55167	-179
30.55333	-179
30.55500	-178
30.55667	-179
30.55833	-179
30.56000	-179
30.56167	-178
30.56333	-179
30.56500	-179
30.56667	-179
30.56833	-178
30.57000	-179
30.57167	-179
30.57333	-179
30.57500	-179
30.57667	-178
30.57833	-179
30.58000	-178
30.58167	-179
30.58333	-178
30.58500	-178
30.58667	-178
30.58833	-178
30.59000	-178
30.59167	-177
30.59333	-177
30.59500	-177
30.59667	-177
30.59833	-177
30.60000	-176
30.60167	-176
30.60333	-176
30.60500	-176
30.60667	-176
30.60833	-175
30.61000	-175
30.61167	-175
30.61333	-176
30.61500	-175
30.61667	-175
30.61833	-175
30.62000	-174
30.62167	-175
30.62333	-175
30.62500	-174
30.62667	-175
30.62833	-174
30.63000	-175
30.63167	-175
30.63333	-175
30.63500	-174
30.63667	-175
30.63833	-175
30.64000	-174
30.64167	-175
30.64333	-174
30.64500	-174
30.64667	-174
30.64833	-174
30.65000	-174
30.65167	-174
30.65333	-174
30.65500	-173
30.65667	-174
30.65833	-173
30.66000	-173
30.66167	-173
30.66333	-172
30.66500	-173
30.66667	-172
30.66833	-173
30.67000	-172
30.67167	-172
30.67333	-172
30.67500	-172
30.67667	-172
30.67833	-172
30.68000	-172
30.68167	-172
30.68333	-172
30.68500	-171
30.68667	-172
30.68833	-171
30.69000	-171
30.69167	-171
30.69333	-170
30.69500	-171
30.69667	-170
30.69833	-170
30.70000	-170
30.70167	-169
30.70333	-170
30.70500	-169
30.70667	-168
30.70833	-169
30.71000	-167
30.71167	-168
30.71333	-167
30.71500	-166
30.71667	-167
30.71833	-166
30.72000	-165
30.72167	-164
30.72333	-164
30.72500	-164
30.72667	-163
30.72833	-163
30.73000	-162
30.73167	-161
30.73333	-161
30.73500	-160
30.73667	-160
30.73833	-158
30.74000	-158
30.74167	-157
30.74333	-157
30.74500	-155
30.74667	-155
30.74833	-153
30.75000	-153
30.75167	-151
30.75333	-151
30.75500	-149
30.75667	-148
30.75833	-147
30.76000	-146
30.76167	-145
30.76333	-144
30.76500	-141
30.76667	-141
30.76833	-138
30.77000	-138
30.77167	-135
30.77333	-134
30.77500	-132
30.77667	-131
30.77833	-129
30.78000	-126
30.78167	-125
30.78333	-123
30.78500	-120
30.78667	-119
30.78833	-116
30.79000	-114
30.79167	-111
30.79333	-108
30.79500	-106
30.79667	-104
30.79833	-100
30.80000	-98
30.80167	-94
30.80333	-92
30.80500	-88
30.80667	-85
30.80833	-81
30.81000	-78
30.81167	-74
30.81333	-71
30.81500	-68
30.81667	-64
30.81833	-59
30.82000	-55
30.82167	-52
30.82333	-47
30.82500	-42
30.82667	-39
30.82833	-34
30.83000	-29
30.83167	-25
30.83333	-20
30.83500	-15
30.83667	-11
30.83833	-5
30.84000	0
30.84167	6
30.84333	12
30.84500	17
30.84667	24
30.84833	30
30.85000	36
30.85167	42
30.85333	49
30.85500	55
30.85667	62
30.85833	69
30.86000	76
30.86167	82
30.86333	89
30.86500	96
30.86667	102
30.86833	109
30.87000	116
30.87167	122
30.87333	128
30.87500	135
30.87667	141
30.87833	149
30.88000	155
30.88167	161
30.88333	169
30.88500	176
30.88667	183
30.88833	190
30.89000	197
30.89167	204
30.89333	211
30.89500	218
30.89667	225
30.89833	232
30.90000	238
30.90167	245
30.90333	252
30.90500	258
30.90667	265
30.90833	271
30.91000	277
30.91167	283
30.91333	289
30.91500	295
30.91667	300
30.91833	306
30.92000	312
30.92167	317
30.92333	322
30.92500	328
30.92667	333
30.92833	337
30.93000	343
30.93167	348
30.93333	352
30.93500	356
30.93667	361
30.93833	365
30.94000	369
30.94167	373
30.94333	376
30.94500	380
30.94667	383
30.94833	386
30.95000	390
30.95167	392
30.95333	395
30.95500	397
30.95667	400
30.95833	401
30.96000	403
30.96167	404
30.96333	406
30.96500	407
30.96667	407
30.96833	408
30.97000	409
30.97167	408
30.97333	409
30.97500	408
30.97667	407
30.97833	406
30.98000	405
30.98167	404
30.98333	402
30.98500	400
30.98667	398
30.98833	396
30.99000	393
30.99167	391
30.99333	387
30.99500	384
30.99667	381
30.99833	377
31.00000	373
31.00167	369
31.00333	365
31.00500	360
31.00667	356
31.00833	351
31.01000	347
31.01167	341
31.01333	336
31.01500	332
31.01667	326
31.01833	320
31.02000	315
31.02167	309
31.02333	303
31.02500	297
31.02667	291
31.02833	284
31.03000	279
31.03167	273
31.03333	266
31.03500	259
31.03667	254
31.03833	246
31.04000	240
31.04167	233
31.04333	226
31.04500	220
31.04667	212
31.04833	206
31.05000	198
31.05167	192
31.05333	185
31.05500	178
31.05667	170
31.05833	164
31.06000	157
31.06167	150
31.06333	143
31.06500	136
31.06667	129
31.06833	123
31.07000	115
31.07167	110
31.07333	102
31.07500	96
31.07667	90
31.07833	84
31.08000	77
31.08167	71
31.08333	65
31.08500	58
31.08667	53
31.08833	47
31.09000	41
31.09167	35
31.09333	30
31.09500	24
31.09667	19
31.09833	13
31.10000	8
31.10167	3
31.10333	-2
31.10500	-7
31.10667	-12
31.10833	-17
31.11000	-21
31.11167	-26
31.11333	-30
31.11500	-35
31.11667	-39
31.11833	-43
31.12000	-47
31.12167	-51
31.12333	-55
31.12500	-58
31.12667	-62
31.12833	-66
31.13000	-69
31.13167	-73
31.13333	-75
31.13500	-79
31.13667	-81
31.13833	-85
31.14000	-87
31.14167	-90
31.14333	-93
31.14500	-95
31.14667	-98
31.14833	-101
31.15000	-102
31.15167	-105
31.15333	-108
31.15500	-109
31.15667	-111
31.15833	-113
31.16000	-116
31.16167	-117
31.16333	-120
31.16500	-121
31.16667	-122
31.16833	-125
31.17000	-126
31.17167	-128
31.17333	-129
31.17500	-130
31.17667	-133
31.17833	-133
31.18000	-135
31.18167	-137
31.18333	-137
31.18500	-139
31.18667	-141
31.18833	-141
31.19000	-142
31.19167	-143
31.19333	-144
31.19500	-145
31.19667	-145
31.19833	-147
31.20000	-147
31.20167	-148
31.20333	-148
31.20500	-150
31.20667	-150
31.20833	-150
31.21000	-152
31.21167	-152
31.21333	-152
31.21500	-153
31.21667	-154
31.21833	-154
31.22000	-155
31.22167	-155
31.22333	-156
31.22500	-156
31.22667	-157
31.22833	-157
31.23000	-157
31.23167	-158
31.23333	-159
31.23500	-159
31.23667	-159
31.23833	-160
31.24000	-160
31.24167	-160
31.24333	-161
31.24500	-161
31.24667	-162
31.24833	-162
31.25000	-162
31.25167	-163
31.25333	-163
31.25500	-164
31.25667	-163
31.25833	-164
31.26000	-165
31.26167	-165
31.26333	-165
31.26500	-166
31.26667	-165
31.26833	-166
31.27000	-167
31.27167	-166
31.27333	-167
31.27500	-167
31.27667	-167
31.27833	-167
31.28000	-168
31.28167	-167
31.28333	-168
31.28500	-168
31.28667	-167
31.28833	-168
31.29000	-168
31.29167	-168
31.29333	-167
31.29500	-168
31.29667	-168
31.29833	-168
31.30000	-167
31.30167	-168
31.30333	-167
31.30500	-168
31.30667	-168
31.30833	-168
31.31000	-167
31.31167	-168
31.31333	-168
31.31500	-168
31.31667	-169
31.31833	-168
31.32000	-168
31.32167	-168
31.32333	-169
31.32500	-169
31.32667	-169
31.32833	-169
31.33000	-169
31.33167	-169
31.33333	-170
31.33500	-169
31.33667	-170
31.33833	-169
31.34000	-170
31.34167	-170
31.34333	-170
31.34500	-170
31.34667	-170
31.34833	-170
31.35000	-170
31.35167	-169
31.35333	-170
31.35500	-170
31.35667	-169
31.35833	-170
31.36000	-169
31.36167	-170
31.36333	-169
31.36500	-169
31.36667	-168
31.36833	-169
31.37000	-168
31.37167	-169
31.37333	-168
31.37500	-168
31.37667	-168
31.37833	-167
31.38000	-168
31.38167	-168
31.38333	-167
31.38500	-168
31.38667	-168
31.38833	-167
31.39000	-168
31.39167	-167
31.39333	-168
31.39500	-167
31.39667	-168
31.39833	-168
31.40000	-168
31.40167	-169
31.40333	-168
31.40500	-169
31.40667	-168
31.40833	-168
31.41000	-169
31.41167	-168
31.41333	-169
31.41500	-168
31.41667	-169
31.41833	-169
31.42000	-169
31.42167	-169
31.42333	-168
31.42500	-169
31.42667	-168
31.42833	-169
31.43000	-168
31.43167	-169
31.43333	-168
31.43500	-169
31.43667	-169
31.43833	-168
31.44000	-169
31.44167	-169
31.44333	-168
31.44500	-169
31.44667	-169
31.44833	-168
31.45000	-169
31.45167	-169
31.45333	-169
31.45500	-169
31.45667	-169
31.45833	-169
31.46000	-169
31.46167	-170
31.46333	-169
31.46500	-169
31.46667	-170
31.46833	-170
31.47000	-170
31.47167	-170
31.47333	-170
31.47500	-171
31.47667	-170
31.47833	-171
31.48000	-171
31.48167	-171
31.48333	-171
31.48500	-172
31.48667	-171
31.48833	-172
31.49000	-172
31.49167	-172
31.49333	-172
31.49500	-173
31.49667	-172
31.49833	-173
31.50000	-173
31.50167	-173
31.50333	-173
31.50500	-173
31.50667	-173
31.50833	-173
31.51000	-173
31.51167	-174
31.51333	-173
31.51500	-173
31.51667	-173
31.51833	-173
31.52000	-173
31.52167	-174
31.52333	-173
31.52500	-173
31.52667	-173
31.52833	-174
31.53000	-173
31.53167	-173
31.53333	-173
31.53500	-173
31.53667	-173
31.53833	-174
31.54000	-172
31.54167	-173
31.54333	-173
31.54500	-173
31.54667	-173
31.54833	-173
31.55000	-173
31.55167	-173
31.55333	-173
31.55500	-173
31.55667	-174
31.55833	-173
31.56000	-174
31.56167	-173
31.56333	-174
31.56500	-174
31.56667	-174
31.56833	-174
31.57000	-174
31.57167	-175
31.57333	-175
31.57500	-175
31.57667	-175
31.57833	-175
31.58000	-176
31.58167	-176
31.58333	-176
31.58500	-176
31.58667	-177
31.58833	-177
31.59000	-177
31.59167	-178
31.59333	-178
31.59500	-178
31.59667	-178
31.59833	-179
31.60000	-178
31.60167	-179
31.60333	-180
31.60500	-179
31.60667	-180
31.60833	-180
31.61000	-180
31.61167	-180
31.61333	-180
31.61500	-181
31.61667	-181
31.61833	-180
31.62000	-181
31.62167	-181
31.62333	-182
31.62500	-181
31.62667	-182
31.62833	-182
31.63000	-182
31.63167	-182
31.63333	-182
31.63500	-183
31.63667	-182
31.63833	-183
31.64000	-183
31.64167	-183
31.64333	-183
31.64500	-183
31.64667	-183
31.64833	-184
31.65000	-183
31.65167	-184
31.65333	-183
31.65500	-184
31.65667	-183
31.65833	-183
31.66000	-184
31.66167	-183
31.66333	-184
31.66500	-183
31.66667	-183
31.66833	-183
31.67000	-183
31.67167	-183
31.67333	-182
31.67500	-183
31.67667	-183
31.67833	-182
31.68000	-183
31.68167	-182
31.68333	-182
31.68500	-182
31.68667	-182
31.68833	-182
31.69000	-182
31.69167	-181
31.69333	-181
31.69500	-182
31.69667	-181
31.69833	-181
31.70000	-181
31.70167	-182
31.70333	-181
31.70500	-182
31.70667	-181
31.70833	-182
31.71000	-181
31.71167	-181
31.71333	-182
31.71500	-181
31.71667	-182
31.71833	-181
31.72000	-182
31.72167	-181
31.72333	-182
31.72500	-182
31.72667	-182
31.72833	-181
31.73000	-182
31.73167	-182
31.73333	-182
31.73500	-182
31.73667	-183
31.73833	-182
31.74000	-182
31.74167	-183
31.74333	-182
31.74500	-183
31.74667	-182
31.74833	-183
31.75000	-183
31.75167	-183
31.75333	-183
31.75500	-183
31.75667	-183
31.75833	-183
31.76000	-183
31.76167	-183
31.76333	-184
31.76500	-183
31.76667	-184
31.76833	-183
31.77000	-184
31.77167	-183
31.77333	-184
31.77500	-184
31.77667	-184
31.77833	-184
31.78000	-184
31.78167	-185
31.78333	-184
31.78500	-184
31.78667	-184
31.78833	-185
31.79000	-184
31.79167	-184
31.79333	-185
31.79500	-184
31.79667	-184
31.79833	-184
31.80000	-184
31.80167	-184
31.80333	-184
31.80500	-184
31.80667	-184
31.80833	-183
31.81000	-184
31.81167	-184
31.81333	-183
31.81500	-184
31.81667	-184
31.81833	-183
31.82000	-184
31.82167	-183
31.82333	-184
31.82500	-183
31.82667	-184
31.82833	-183
31.83000	-184
31.83167	-183
31.83333	-184
31.83500	-184
31.83667	-184
31.83833	-184
31.84000	-184
31.84167	-184
31.84333	-185
31.84500	-184
31.84667	-184
31.84833	-185
31.85000	-184
31.85167	-185
31.85333	-185
31.85500	-184
31.85667	-185
31.85833	-184
31.86000	-184
31.86167	-184
31.86333	-185
31.86500	-184
31.86667	-184
31.86833	-184
31.87000	-184
31.87167	-184
31.87333	-183
31.87500	-184
31.87667	-183
31.87833	-183
31.88000	-183
31.88167	-183
31.88333	-183
31.88500	-183
31.88667	-182
31.88833	-182
31.89000	-182
31.89167	-182
31.89333	-182
31.89500	-182
31.89667	-181
31.89833	-182
31.90000	-181
31.90167	-182
31.90333	-181
31.90500	-181
31.90667	-181
31.90833	-181
31.91000	-181
31.91167	-181
31.91333	-180
31.91500	-181
31.91667	-181
31.91833	-181
31.92000	-180
31.92167	-181
31.92333	-181
31.92500	-181
31.92667	-180
31.92833	-181
31.93000	-181
31.93167	-181
31.93333	-180
31.93500	-181
31.93667	-181
31.93833	-180
31.94000	-180
31.94167	-181
31.94333	-180
31.94500	-179
31.94667	-180
31.94833	-179
31.95000	-179
31.95167	-180
31.95333	-178
31.95500	-179
31.95667	-179
31.95833	-179
31.96000	-178
31.96167	-178
31.96333	-178
31.96500	-179
31.96667	-178
31.96833	-179
31.97000	-178
31.97167	-179
31.97333	-178
31.97500	-178
31.97667	-179
31.97833	-178
31.98000	-179
31.98167	-179
31.98333	-179
31.98500	-179
31.98667	-180
31.98833	-180
31.99000	-180
31.99167	-179
31.99333	-180
31.99500	-181
31.99667	-180
31.99833	-181
32.00000	-181
32.00167	-181
32.00333	-181
32.00500	-182
32.00667	-182
32.00833	-182
32.01000	-182
32.01167	-182
32.01333	-182
32.01500	-183
32.01667	-183
32.01833	-183
32.02000	-183
32.02167	-183
32.02333	-183
32.02500	-184
32.02667	-183
32.02833	-183
32.03000	-184
32.03167	-183
32.03333	-183
32.03500	-184
32.03667	-183
32.03833	-184
32.04000	-184
32.04167	-184
32.04333	-184
32.04500	-185
32.04667	-184
32.04833	-184
32.05000	-184
32.05167	-184
32.05333	-184
32.05500	-185
32.05667	-184
32.05833	-184
32.06000	-184
32.06167	-185
32.06333	-184
32.06500	-185
32.06667	-184
32.06833	-185
32.07000	-184
32.07167	-185
32.07333	-185
32.07500	-185
32.07667	-184
32.07833	-185
32.08000	-185
32.08167	-185
32.08333	-184
32.08500	-185
32.08667	-184
32.08833	-184
32.09000	-185
32.09167	-184
32.09333	-185
32.09500	-184
32.09667	-184
32.09833	-185
32.10000	-184
32.10167	-184
32.10333	-185
32.10500	-184
32.10667	-185
32.10833	-184
32.11000	-185
32.11167	-184
32.11333	-184
32.11500	-185
32.11667	-184
32.11833	-185
32.12000	-185
32.12167	-184
32.12333	-184
32.12500	-185
32.12667	-184
32.12833	-184
32.13000	-185
32.13167	-184
32.13333	-184
32.13500	-185
32.13667	-185
32.13833	-184
32.14000	-185
32.14167	-185
32.14333	-184
32.14500	-185
32.14667	-185
32.14833	-185
32.15000	-186
32.15167	-185
32.15333	-186
32.15500	-185
32.15667	-186
32.15833	-186
32.16000	-186
32.16167	-186
32.16333	-186
32.16500	-186
32.16667	-186
32.16833	-187
32.17000	-187
32.17167	-187
32.17333	-187
32.17500	-186
32.17667	-188
32.17833	-187
32.18000	-187
32.18167	-188
32.18333	-187
32.18500	-188
32.18667	-188
32.18833	-188
32.19000	-188
32.19167	-188
32.19333	-187
32.19500	-188
32.19667	-188
32.19833	-188
32.20000	-188
32.20167	-188
32.20333	-188
32.20500	-188
32.20667	-188
32.20833	-188
32.21000	-188
32.21167	-188
32.21333	-188
32.21500	-188
32.21667	-189
32.21833	-188
32.22000	-188
32.22167	-187
32.22333	-188
32.22500	-188
32.22667	-187
32.22833	-188
32.23000	-187
32.23167	-187
32.23333	-188
32.23500	-187
32.23667	-187
32.23833	-187
32.24000	-187
32.24167	-187
32.24333	-186
32.24500	-187
32.24667	-186
32.24833	-186
32.25000	-187
32.25167	-186
32.25333	-186
32.25500	-186
32.25667	-186
32.25833	-186
32.26000	-186
32.26167	-186
32.26333	-186
32.26500	-186
32.26667	-186
32.26833	-186
32.27000	-186
32.27167	-186
32.27333	-186
32.27500	-186
32.27667	-187
32.27833	-186
32.28000	-187
32.28167	-187
32.28333	-186
32.28500	-187
32.28667	-186
32.28833	-186
32.29000	-187
32.29167	-186
32.29333	-186
32.29500	-187
32.29667	-186
32.29833	-187
32.30000	-186
32.30167	-187
32.30333	-186
32.30500	-187
32.30667	-186
32.30833	-186
32.31000	-185
32.31167	-186
32.31333	-186
32.31500	-186
32.31667	-186
32.31833	-186
32.32000	-186
32.32167	-186
32.32333	-186
32.32500	-186
32.32667	-187
32.32833	-186
32.33000	-186
32.33167	-186
32.33333	-186
32.33500	-187
32.33667	-186
32.33833	-187
32.34000	-186
32.34167	-187
32.34333	-187
32.34500	-187
32.34667	-187
32.34833	-187
32.35000	-187
32.35167	-188
32.35333	-187
32.35500	-188
32.35667	-187
32.35833	-188
32.36000	-188
32.36167	-187
32.36333	-188
32.36500	-188
32.36667	-188
32.36833	-187
32.37000	-187
32.37167	-187
32.37333	-187
32.37500	-187
32.37667	-187
32.37833	-187
32.38000	-187
32.38167	-186
32.38333	-187
32.38500	-186
32.38667	-186
32.38833	-186
32.39000	-186
32.39167	-186
32.39333	-186
32.39500	-185
32.39667	-186
32.39833	-185
32.40000	-186
32.40167	-185
32.40333	-185
32.40500	-185
32.40667	-186
32.40833	-185
32.41000	-184
32.41167	-185
32.41333	-186
32.41500	-185
32.41667	-185
32.41833	-185
32.42000	-185
32.42167	-185
32.42333	-186
32.42500	-185
32.42667	-186
32.42833	-186
32.43000	-185
32.43167	-186
32.43333	-185
32.43500	-186
32.43667	-185
32.43833	-186
32.44000	-185
32.44167	-185
32.44333	-186
32.44500	-185
32.44667	-185
32.44833	-185
32.45000	-185
32.45167	-185
32.45333	-185
32.45500	-185
32.45667	-185
32.45833	-184
32.46000	-185
32.46167	-185
32.46333	-185
32.46500	-184
32.46667	-185
32.46833	-185
32.47000	-184
32.47167	-185
32.47333	-185
32.47500	-184
32.47667	-185
32.47833	-184
32.48000	-185
32.48167	-184
32.48333	-185
32.48500	-184
32.48667	-185
32.48833	-184
32.49000	-184
32.49167	-185
32.49333	-184
32.49500	-184
32.49667	-185
32.49833	-184
32.50000	-184
32.50167	-185
32.50333	-184
32.50500	-184
32.50667	-185
32.50833	-184
32.51000	-184
32.51167	-184
32.51333	-185
32.51500	-184
32.51667	-184
32.51833	-184
32.52000	-184
32.52167	-185
32.52333	-183
32.52500	-184
32.52667	-184
32.52833	-184
32.53000	-184
32.53167	-183
32.53333	-184
32.53500	-184
32.53667	-184
32.53833	-183
32.54000	-184
32.54167	-184
32.54333	-183
32.54500	-184
32.54667	-183
32.54833	-183
32.55000	-183
32.55167	-183
32.55333	-184
32.55500	-183
32.55667	-183
32.55833	-183
32.56000	-183
32.56167	-183
32.56333	-183
32.56500	-183
32.56667	-183
32.56833	-183
32.57000	-183
32.57167	-184
32.57333	-183
32.57500	-183
32.57667	-183
32.57833	-183
32.58000	-184
32.58167	-183
32.58333	-183
32.58500	-184
32.58667	-184
32.58833	-183
32.59000	-184
32.59167	-184
32.59333	-184
32.59500	-184
32.59667	-184
32.59833	-184
32.60000	-184
32.60167	-184
32.60333	-184
32.60500	-184
32.60667	-184
32.60833	-184
32.61000	-184
32.61167	-184
32.61333	-184
32.61500	-185
32.61667	-184
32.61833	-184
32.62000	-184
32.62167	-184
32.62333	-184
32.62500	-184
32.62667	-184
32.62833	-184
32.63000	-184
32.63167	-184
32.63333	-183
32.63500	-184
32.63667	-184
32.63833	-183
32.64000	-184
32.64167	-184
32.64333	-183
32.64500	-184
32.64667	-183
32.64833	-184
32.65000	-183
32.65167	-183
32.65333	-183
32.65500	-183
32.65667	-183
32.65833	-183
32.66000	-183
32.66167	-182
32.66333	-182
32.66500	-182
32.66667	-183
32.66833	-181
32.67000	-182
32.67167	-182
32.67333	-182
32.67500	-181
32.67667	-182
32.67833	-181
32.68000	-182
32.68167	-181
32.68333	-181
32.68500	-182
32.68667	-181
32.68833	-181
32.69000	-182
32.69167	-181
32.69333	-182
32.69500	-181
32.69667	-182
32.69833	-181
32.70000	-182
32.70167	-182
32.70333	-181
32.70500	-182
32.70667	-182
32.70833	-182
32.71000	-182
32.71167	-182
32.71333	-182
32.71500	-183
32.71667	-182
32.71833	-182
32.72000	-182
32.72167	-183
32.72333	-182
32.72500	-182
32.72667	-182
32.72833	-183
32.73000	-182
32.73167	-182
32.73333	-183
32.73500	-182
32.73667	-183
32.73833	-182
32.74000	-182
32.74167	-183
32.74333	-182
32.74500	-182
32.74667	-183
32.74833	-182
32.75000	-182
32.75167	-183
32.75333	-182
32.75500	-183
32.75667	-182
32.75833	-182
32.76000	-183
32.76167	-182
32.76333	-182
32.76500	-182
32.76667	-182
32.76833	-182
32.77000	-182
32.77167	-182
32.77333	-182
32.77500	-182
32.77667	-182
32.77833	-182
32.78000	-182
32.78167	-183
32.78333	-182
32.78500	-182
32.78667	-182
32.78833	-182
32.79000	-181
32.79167	-182
32.79333	-183
32.79500	-182
32.79667	-182
32.79833	-182
32.80000	-183
32.80167	-182
32.80333	-182
32.80500	-182
32.80667	-183
32.80833	-182
32.81000	-183
32.81167	-182
32.81333	-183
32.81500	-183
32.81667	-183
32.81833	-182
32.82000	-183
32.82167	-183
32.82333	-183
32.82500	-183
32.82667	-183
32.82833	-184
32.83000	-183
32.83167	-183
32.83333	-183
32.83500	-183
32.83667	-183
32.83833	-182
32.84000	-183
32.84167	-183
32.84333	-182
32.84500	-183
32.84667	-182
32.84833	-182
32.85000	-182
32.85167	-182
32.85333	-182
32.85500	-181
32.85667	-182
32.85833	-182
32.86000	-182
32.86167	-182
32.86333	-181
32.86500	-182
32.86667	-182
32.86833	-182
32.87000	-182
32.87167	-182
32.87333	-181
32.87500	-182
32.87667	-182
32.87833	-183
32.88000	-182
32.88167	-182
32.88333	-182
32.88500	-182
32.88667	-183
32.88833	-181
32.89000	-182
32.89167	-182
32.89333	-182
32.89500	-182
32.89667	-181
32.89833	-182
32.90000	-182
32.90167	-182
32.90333	-182
32.90500	-182
32.90667	-181
32.90833	-182
32.91000	-182
32.91167	-182
32.91333	-182
32.91500	-181
32.91667	-183
32.91833	-182
32.92000	-182
32.92167	-183
32.92333	-183
32.92500	-182
32.92667	-183
32.92833	-183
32.93000	-182
32.93167	-183
32.93333	-183
32.93500	-184
32.93667	-183
32.93833	-184
32.94000	-184
32.94167	-183
32.94333	-184
32.94500	-184
32.94667	-184
32.94833	-184
32.95000	-184
32.95167	-184
32.95333	-184
32.95500	-184
32.95667	-184
32.95833	-185
32.96000	-184
32.96167	-184
32.96333	-184
32.96500	-184
32.96667	-184
32.96833	-184
32.97000	-184
32.97167	-184
32.97333	-185
32.97500	-184
32.97667	-184
32.97833	-184
32.98000	-184
32.98167	-185
32.98333	-184
32.98500	-184
32.98667	-184
32.98833	-185
32.99000	-184
32.99167	-184
32.99333	-185
32.99500	-184
32.99667	-185
32.99833	-185
33.00000	-184
33.00167	-185
33.00333	-184
33.00500	-185
33.00667	-185
33.00833	-184
33.01000	-185
33.01167	-184
33.01333	-185
33.01500	-184
33.01667	-184
33.01833	-184
33.02000	-185
33.02167	-184
33.02333	-184
33.02500	-184
33.02667	-184
33.02833	-184
33.03000	-184
33.03167	-185
33.03333	-184
33.03500	-184
33.03667	-184
33.03833	-184
33.04000	-184
33.04167	-184
33.04333	-184
33.04500	-184
33.04667	-184
33.04833	-183
33.05000	-184
33.05167	-184
33.05333	-183
33.05500	-183
33.05667	-184
33.05833	-183
33.06000	-183
33.06167	-183
33.06333	-184
33.06500	-183
33.06667	-183
33.06833	-183
33.07000	-184
33.07167	-183
33.07333	-183
33.07500	-183
33.07667	-183
33.07833	-183
33.08000	-183
33.08167	-183
33.08333	-184
33.08500	-183
33.08667	-183
33.08833	-184
33.09000	-183
33.09167	-184
33.09333	-183
33.09500	-184
33.09667	-184
33.09833	-184
33.10000	-184
33.10167	-183
33.10333	-184
33.10500	-184
33.10667	-184
33.10833	-184
33.11000	-183
33.11167	-184
33.11333	-184
33.11500	-183
33.11667	-184
33.11833	-183
33.12000	-183
33.12167	-183
33.12333	-183
33.12500	-183
33.12667	-183
33.12833	-183
33.13000	-182
33.13167	-183
33.13333	-182
33.13500	-182
33.13667	-182
33.13833	-182
33.14000	-181
33.14167	-182
33.14333	-181
33.14500	-182
33.14667	-181
33.14833	-180
33.15000	-181
33.15167	-180
33.15333	-180
33.15500	-180
33.15667	-179
33.15833	-179
33.16000	-179
33.16167	-179
33.16333	-178
33.16500	-178
33.16667	-177
33.16833	-178
33.17000	-176
33.17167	-177
33.17333	-176
33.17500	-175
33.17667	-175
33.17833	-174
33.18000	-174
33.18167	-174
33.18333	-173
33.18500	-172
33.18667	-172
33.18833	-171
33.19000	-171
33.19167	-170
33.19333	-170
33.19500	-169
33.19667	-168
33.19833	-168
33.20000	-168
33.20167	-167
33.20333	-166
33.20500	-165
33.20667	-166
33.20833	-164
33.21000	-164
33.21167	-164
33.21333	-163
33.21500	-162
33.21667	-162
33.21833	-161
33.22000	-160
33.22167	-160
33.22333	-159
33.22500	-159
33.22667	-157
33.22833	-157
33.23000	-157
33.23167	-155
33.23333	-155
33.23500	-154
33.23667	-152
33.23833	-152
33.24000	-151
33.24167	-150
33.24333	-150
33.24500	-148
33.24667	-148
33.24833	-146
33.25000	-146
33.25167	-145
33.25333	-144
33.25500	-143
33.25667	-142
33.25833	-141
33.26000	-140
33.26167	-140
33.26333	-138
33.26500	-138
33.26667	-137
33.26833	-136
33.27000	-135
33.27167	-135
33.27333	-133
33.27500	-133
33.27667	-132
33.27833	-131
33.28000	-131
33.28167	-130
33.28333	-129
33.28500	-128
33.28667	-127
33.28833	-127
33.29000	-126
33.29167	-125
33.29333	-125
33.29500	-124
33.29667	-123
33.29833	-123
33.30000	-122
33.30167	-121
33.30333	-121
33.30500	-121
33.30667	-120
33.30833	-119
33.31000	-118
33.31167	-118
33.31333	-118
33.31500	-117
33.31667	-117
33.31833	-116
33.32000	-116
33.32167	-116
33.32333	-115
33.32500	-115
33.32667	-115
33.32833	-114
33.33000	-114
33.33167	-113
33.33333	-114
33.33500	-113
33.33667	-112
33.33833	-113
33.34000	-112
33.34167	-113
33.34333	-112
33.34500	-112
33.34667	-112
33.34833	-112
33.35000	-112
33.35167	-112
33.35333	-112
33.35500	-112
33.35667	-112
33.35833	-112
33.36000	-112
33.36167	-112
33.36333	-113
33.36500	-112
33.36667	-112
33.36833	-112
33.37000	-113
33.37167	-112
33.37333	-112
33.37500	-113
33.37667	-113
33.37833	-113
33.38000	-112
33.38167	-113
33.38333	-113
33.38500	-113
33.38667	-114
33.38833	-113
33.39000	-114
33.39167	-113
33.39333	-114
33.39500	-115
33.39667	-115
33.39833	-115
33.40000	-115
33.40167	-116
33.40333	-117
33.40500	-117
33.40667	-117
33.40833	-118
33.41000	-118
33.41167	-119
33.41333	-120
33.41500	-120
33.41667	-120
33.41833	-121
33.42000	-121
33.42167	-122
33.42333	-123
33.42500	-122
33.42667	-124
33.42833	-123
33.43000	-125
33.43167	-124
33.43333	-125
33.43500	-126
33.43667	-126
33.43833	-126
33.44000	-127
33.44167	-127
33.44333	-127
33.44500	-128
33.44667	-128
33.44833	-128
33.45000	-129
33.45167	-129
33.45333	-129
33.45500	-129
33.45667	-130
33.45833	-131
33.46000	-130
33.46167	-132
33.46333	-131
33.46500	-132
33.46667	-133
33.46833	-133
33.47000	-133
33.47167	-134
33.47333	-135
33.47500	-135
33.47667	-135
33.47833	-137
33.48000	-136
33.48167	-138
33.48333	-137
33.48500	-139
33.48667	-139
33.48833	-139
33.49000	-140
33.49167	-141
33.49333	-141
33.49500	-141
33.49667	-143
33.49833	-143
33.50000	-143
33.50167	-145
33.50333	-144
33.50500	-145
33.50667	-146
33.50833	-146
33.51000	-147
33.51167	-147
33.51333	-148
33.51500	-148
33.51667	-149
33.51833	-149
33.52000	-150
33.52167	-150
33.52333	-151
33.52500	-150
33.52667	-152
33.52833	-151
33.53000	-151
33.53167	-152
33.53333	-153
33.53500	-152
33.53667	-153
33.53833	-153
33.54000	-154
33.54167	-153
33.54333	-154
33.54500	-153
33.54667	-155
33.54833	-154
33.55000	-155
33.55167	-154
33.55333	-155
33.55500	-155
33.55667	-156
33.55833	-155
33.56000	-155
33.56167	-156
33.56333	-156
33.56500	-156
33.56667	-156
33.56833	-156
33.57000	-157
33.57167	-156
33.57333	-157
33.57500	-157
33.57667	-157
33.57833	-158
33.58000	-157
33.58167	-158
33.58333	-158
33.58500	-158
33.58667	-158
33.58833	-158
33.59000	-159
33.59167	-159
33.59333	-160
33.59500	-159
33.59667	-160
33.59833	-160
33.60000	-160
33.60167	-160
33.60333	-160
33.60500	-161
33.60667	-160
33.60833	-161
33.61000	-161
33.61167	-161
33.61333	-161
33.61500	-162
33.61667	-161
33.61833	-162
33.62000	-162
33.62167	-162
33.62333	-162
33.62500	-162
33.62667	-163
33.62833	-162
33.63000	-163
33.63167	-164
33.63333	-163
33.63500	-163
33.63667	-164
33.63833	-163
33.64000	-164
33.64167	-164
33.64333	-164
33.64500	-164
33.64667	-164
33.64833	-164
33.65000	-165
33.65167	-164
33.65333	-165
33.65500	-165
33.65667	-165
33.65833	-165
33.66000	-165
33.66167	-165
33.66333	-165
33.66500	-165
33.66667	-166
33.66833	-166
33.67000	-166
33.67167	-166
33.67333	-166
33.67500	-166
33.67667	-166
33.67833	-167
33.68000	-166
33.68167	-167
33.68333	-167
33.68500	-168
33.68667	-167
33.68833	-168
33.69000	-168
33.69167	-168
33.69333	-168
33.69500	-168
33.69667	-169
33.69833	-169
33.70000	-169
33.70167	-169
33.70333	-170
33.70500	-170
33.70667	-170
33.70833	-170
33.71000	-171
33.71167	-171
33.71333	-171
33.71500	-171
33.71667	-172
33.71833	-171
33.72000	-173
33.72167	-172
33.72333	-173
33.72500	-173
33.72667	-173
33.72833	-173
33.73000	-174
33.73167	-173
33.73333	-174
33.73500	-175
33.73667	-174
33.73833	-175
33.74000	-174
33.74167	-175
33.74333	-175
33.74500	-175
33.74667	-175
33.74833	-176
33.75000	-175
33.75167	-175
33.75333	-176
33.75500	-175
33.75667	-175
33.75833	-175
33.76000	-175
33.76167	-176
33.76333	-175
33.76500	-175
33.76667	-175
33.76833	-175
33.77000	-175
33.77167	-175
33.77333	-175
33.77500	-175
33.77667	-175
33.77833	-174
33.78000	-175
33.78167	-175
33.78333	-175
33.78500	-175
33.78667	-175
33.78833	-175
33.79000	-176
33.79167	-175
33.79333	-175
33.79500	-176
33.79667	-175
33.79833	-175
33.80000	-176
33.80167	-175
33.80333	-175
33.80500	-175
33.80667	-175
33.80833	-175
33.81000	-175
33.81167	-175
33.81333	-175
33.81500	-175
33.81667	-175
33.81833	-176
33.82000	-175
33.82167	-175
33.82333	-176
33.82500	-175
33.82667	-175
33.82833	-176
33.83000	-175
33.83167	-175
33.83333	-176
33.83500	-175
33.83667	-175
33.83833	-175
33.84000	-176
33.84167	-176
33.84333	-175
33.84500	-176
33.84667	-177
33.84833	-176
33.85000	-176
33.85167	-177
33.85333	-176
33.85500	-177
33.85667	-177
33.85833	-177
33.86000	-177
33.86167	-177
33.86333	-178
33.86500	-178
33.86667	-177
33.86833	-178
33.87000	-178
33.87167	-179
33.87333	-178
33.87500	-178
33.87667	-179
33.87833	-179
33.88000	-179
33.88167	-179
33.88333	-179
33.88500	-179
33.88667	-179
33.88833	-179
33.89000	-179
33.89167	-180
33.89333	-180
33.89500	-179
33.89667	-180
33.89833	-180
33.90000	-180
33.90167	-180
33.90333	-180
33.90500	-180
33.90667	-180
33.90833	-181
33.91000	-180
33.91167	-181
33.91333	-181
33.91500	-181
33.91667	-181
33.91833	-182
33.92000	-181
33.92167	-182
33.92333	-183
33.92500	-182
33.92667	-182
33.92833	-183
33.93000	-183
33.93167	-183
33.93333	-183
33.93500	-183
33.93667	-183
33.93833	-184
33.94000	-183
33.94167	-184
33.94333	-183
33.94500	-184
33.94667	-183
33.94833	-184
33.95000	-184
33.95167	-183
33.95333	-184
33.95500	-184
33.95667	-183
33.95833	-184
33.96000	-184
33.96167	-184
33.96333	-184
33.96500	-184
33.96667	-184
33.96833	-185
33.97000	-184
33.97167	-185
33.97333	-184
33.97500	-185
33.97667	-184
33.97833	-185
33.98000	-185
33.98167	-184
33.98333	-185
33.98500	-185
33.98667	-185
33.98833	-185
33.99000	-184
33.99167	-185
33.99333	-185
33.99500	-185
33.99667	-185
33.99833	-185
34.00000	-184
34.00167	-185
34.00333	-184
34.00500	-184
34.00667	-184
34.00833	-184
34.01000	-183
34.01167	-184
34.01333	-183
34.01500	-184
34.01667	-183
34.01833	-183
34.02000	-183
34.02167	-182
34.02333	-182
34.02500	-182
34.02667	-182
34.02833	-182
34.03000	-181
34.03167	-181
34.03333	-181
34.03500	-181
34.03667	-180
34.03833	-180
34.04000	-180
34.04167	-180
34.04333	-179
34.04500	-179
34.04667	-180
34.04833	-179
34.05000	-179
34.05167	-179
34.05333	-179
34.05500	-179
34.05667	-179
34.05833	-178
34.06000	-179
34.06167	-179
34.06333	-178
34.06500	-179
34.06667	-178
34.06833	-179
34.07000	-179
34.07167	-178
34.07333	-179
34.07500	-179
34.07667	-179
34.07833	-179
34.08000	-179
34.08167	-180
34.08333	-179
34.08500	-179
34.08667	-180
34.08833	-179
34.09000	-180
34.09167	-180
34.09333	-180
34.09500	-180
34.09667	-181
34.09833	-180
34.10000	-181
34.10167	-181
34.10333	-181
34.10500	-181
34.10667	-182
34.10833	-182
34.11000	-182
34.11167	-182
34.11333	-183
34.11500	-183
34.11667	-183
34.11833	-183
34.12000	-183
34.12167	-183
34.12333	-184
34.12500	-183
34.12667	-183
34.12833	-184
34.13000	-183
34.13167	-184
34.13333	-183
34.13500	-183
34.13667	-183
34.13833	-183
34.14000	-183
34.14167	-183
34.14333	-182
34.14500	-183
34.14667	-182
34.14833	-182
34.15000	-182
34.15167	-181
34.15333	-182
34.15500	-181
34.15667	-181
34.15833	-181
34.16000	-181
34.16167	-181
34.16333	-181
34.16500	-181
34.16667	-181
34.16833	-181
34.17000	-181
34.17167	-181
34.17333	-180
34.17500	-181
34.17667	-181
34.17833	-181
34.18000	-182
34.18167	-181
34.18333	-181
34.18500	-181
34.18667	-181
34.18833	-181
34.19000	-181
34.19167	-182
34.19333	-181
34.19500	-181
34.19667	-182
34.19833	-181
34.20000	-181
34.20167	-182
34.20333	-181
34.20500	-181
34.20667	-182
34.20833	-181
34.21000	-181
34.21167	-181
34.21333	-182
34.21500	-181
34.21667	-181
34.21833	-182
34.22000	-181
34.22167	-181
34.22333	-181
34.22500	-181
34.22667	-181
34.22833	-182
34.23000	-181
34.23167	-181
34.23333	-181
34.23500	-182
34.23667	-181
34.23833	-181
34.24000	-181
34.24167	-181
34.24333	-181
34.24500	-181
34.24667	-181
34.24833	-180
34.25000	-181
34.25167	-180
34.25333	-181
34.25500	-180
34.25667	-180
34.25833	-180
34.26000	-180
34.26167	-179
34.26333	-180
34.26500	-180
34.26667	-179
34.26833	-180
34.27000	-180
34.27167	-180
34.27333	-179
34.27500	-180
34.27667	-179
34.27833	-180
34.28000	-179
34.28167	-180
34.28333	-179
34.28500	-180
34.28667	-180
34.28833	-180
34.29000	-180
34.29167	-180
34.29333	-180
34.29500	-180
34.29667	-181
34.29833	-181
34.30000	-181
34.30167	-181
34.30333	-181
34.30500	-182
34.30667	-181
34.30833	-182
34.31000	-181
34.31167	-182
34.31333	-182
34.31500	-182
34.31667	-183
34.31833	-182
34.32000	-183
34.32167	-182
34.32333	-183
34.32500	-183
34.32667	-183
34.32833	-183
34.33000	-184
34.33167	-184
34.33333	-184
34.33500	-184
34.33667	-185
34.33833	-185
34.34000	-184
34.34167	-185
34.34333	-186
34.34500	-185
34.34667	-186
34.34833	-186
34.35000	-187
34.35167	-186
34.35333	-187
34.35500	-187
34.35667	-187
34.35833	-188
34.36000	-187
34.36167	-188
34.36333	-188
34.36500	-188
34.36667	-189
34.36833	-189
34.37000	-188
34.37167	-189
34.37333	-189
34.37500	-190
34.37667	-189
34.37833	-189
34.38000	-189
34.38167	-189
34.38333	-190
34.38500	-188
34.38667	-189
34.38833	-189
34.39000	-188
34.39167	-189
34.39333	-188
34.39500	-188
34.39667	-188
34.39833	-187
34.40000	-188
34.40167	-187
34.40333	-187
34.40500	-187
34.40667	-186
34.40833	-186
34.41000	-187
34.41167	-186
34.41333	-186
34.41500	-185
34.41667	-186
34.41833	-185
34.42000	-185
34.42167	-185
34.42333	-185
34.42500	-184
34.42667	-184
34.42833	-184
34.43000	-184
34.43167	-184
34.43333	-184
34.43500	-184
34.43667	-184
34.43833	-183
34.44000	-184
34.44167	-183
34.44333	-184
34.44500	-183
34.44667	-183
34.44833	-184
34.45000	-183
34.45167	-184
34.45333	-183
34.45500	-183
34.45667	-184
34.45833	-183
34.46000	-183
34.46167	-183
34.46333	-184
34.46500	-183
34.46667	-183
34.46833	-183
34.47000	-184
34.47167	-183
34.47333	-184
34.47500	-184
34.47667	-184
34.47833	-183
34.48000	-185
34.48167	-184
34.48333	-184
34.48500	-184
34.48667	-185
34.48833	-184
34.49000	-185
34.49167	-184
34.49333	-185
34.49500	-185
34.49667	-185
34.49833	-185
34.50000	-184
34.50167	-185
34.50333	-185
34.50500	-185
34.50667	-185
34.50833	-186
34.51000	-185
34.51167	-185
34.51333	-186
34.51500	-185
34.51667	-186
34.51833	-185
34.52000	-185
34.52167	-185
34.52333	-185
34.52500	-185
34.52667	-185
34.52833	-185
34.53000	-184
34.53167	-184
34.53333	-185
34.53500	-184
34.53667	-184
34.53833	-184
34.54000	-183
34.54167	-183
34.54333	-184
34.54500	-182
34.54667	-183
34.54833	-182
34.55000	-183
34.55167	-182
34.55333	-181
34.55500	-182
34.55667	-181
34.55833	-182
34.56000	-181
34.56167	-181
34.56333	-180
34.56500	-181
34.56667	-180
34.56833	-180
34.57000	-181
34.57167	-180
34.57333	-180
34.57500	-181
34.57667	-180
34.57833	-181
34.58000	-181
34.58167	-181
34.58333	-181
34.58500	-182
34.58667	-182
34.58833	-182
34.59000	-182
34.59167	-183
34.59333	-183
34.59500	-183
34.59667	-184
34.59833	-184
34.60000	-184
34.60167	-184
34.60333	-185
34.60500	-185
34.60667	-185
34.60833	-186
34.61000	-185
34.61167	-186
34.61333	-186
34.61500	-187
34.61667	-186
34.61833	-187
34.62000	-187
34.62167	-186
34.62333	-187
34.62500	-187
34.62667	-187
34.62833	-187
34.63000	-187
34.63167	-187
34.63333	-186
34.63500	-187
34.63667	-186
34.63833	-187
34.64000	-186
34.64167	-186
34.64333	-186
34.64500	-186
34.64667	-186
34.64833	-185
34.65000	-186
34.65167	-185
34.65333	-185
34.65500	-185
34.65667	-185
34.65833	-185
34.66000	-184
34.66167	-185
34.66333	-184
34.66500	-184
34.66667	-183
34.66833	-184
34.67000	-183
34.67167	-183
34.67333	-183
34.67500	-183
34.67667	-183
34.67833	-182
34.68000	-183
34.68167	-182
34.68333	-182
34.68500	-182
34.68667	-182
34.68833	-181
34.69000	-182
34.69167	-182
34.69333	-181
34.69500	-182
34.69667	-181
34.69833	-181
34.70000	-182
34.70167	-181
34.70333	-181
34.70500	-182
34.70667	-181
34.70833	-182
34.71000	-182
34.71167	-182
34.71333	-183
34.71500	-182
34.71667	-182
34.71833	-183
34.72000	-183
34.72167	-183
34.72333	-183
34.72500	-184
34.72667	-183
34.72833	-184
34.73000	-184
34.73167	-184
34.73333	-184
34.73500	-184
34.73667	-183
34.73833	-184
34.74000	-184
34.74167	-184
34.74333	-183
34.74500	-184
34.74667	-184
34.74833	-183
34.75000	-183
34.75167	-184
34.75333	-183
34.75500	-183
34.75667	-183
34.75833	-183
34.76000	-183
34.76167	-184
34.76333	-182
34.76500	-183
34.76667	-183
34.76833	-183
34.77000	-183
34.77167	-183
34.77333	-182
34.77500	-183
34.77667	-183
34.77833	-183
34.78000	-183
34.78167	-184
34.78333	-183
34.78500	-183
34.78667	-184
34.78833	-183
34.79000	-184
34.79167	-184
34.79333	-184
34.79500	-184
34.79667	-184
34.79833	-184
34.80000	-185
34.80167	-185
34.80333	-184
34.80500	-185
34.80667	-185
34.80833	-185
34.81000	-185
34.81167	-186
34.81333	-185
34.81500	-185
34.81667	-185
34.81833	-186
34.82000	-185
34.82167	-185
34.82333	-186
34.82500	-185
34.82667	-185
34.82833	-186
34.83000	-186
34.83167	-185
34.83333	-186
34.83500	-186
34.83667	-186
34.83833	-185
34.84000	-186
34.84167	-185
34.84333	-186
34.84500	-186
34.84667	-186
34.84833	-186
34.85000	-186
34.85167	-185
34.85333	-186
34.85500	-186
34.85667	-186
34.85833	-186
34.86000	-186
34.86167	-186
34.86333	-186
34.86500	-186
34.86667	-186
34.86833	-186
34.87000	-186
34.87167	-186
34.87333	-186
34.87500	-186
34.87667	-185
34.87833	-186
34.88000	-186
34.88167	-185
34.88333	-186
34.88500	-185
34.88667	-186
34.88833	-186
34.89000	-186
34.89167	-186
34.89333	-185
34.89500	-186
34.89667	-186
34.89833	-186
34.90000	-186
34.90167	-186
34.90333	-185
34.90500	-186
34.90667	-186
34.90833	-186
34.91000	-186
34.91167	-186
34.91333	-186
34.91500	-185
34.91667	-186
34.91833	-185
34.92000	-186
34.92167	-185
34.92333	-185
34.92500	-185
34.92667	-185
34.92833	-185
34.93000	-185
34.93167	-185
34.93333	-185
34.93500	-185
34.93667	-185
34.93833	-184
34.94000	-185
34.94167	-184
34.94333	-185
34.94500	-184
34.94667	-184
34.94833	-184
34.95000	-183
34.95167	-184
34.95333	-184
34.95500	-184
34.95667	-184
34.95833	-184
34.96000	-184
34.96167	-183
34.96333	-184
34.96500	-184
34.96667	-184
34.96833	-184
34.97000	-184
34.97167	-183
34.97333	-184
34.97500	-184
34.97667	-183
34.97833	-184
34.98000	-184
34.98167	-183
34.98333	-184
34.98500	-184
34.98667	-183
34.98833	-184
34.99000	-184
34.99167	-183
34.99333	-184
34.99500	-183
34.99667	-184
34.99833	-183
35.00000	-183
35.00167	-184
35.00333	-183
35.00500	-184
35.00667	-183
35.00833	-183
35.01000	-183
35.01167	-184
35.01333	-183
35.01500	-183
35.01667	-182
35.01833	-183
35.02000	-183
35.02167	-182
35.02333	-183
35.02500	-182
35.02667	-182
35.02833	-182
35.03000	-182
35.03167	-182
35.03333	-182
35.03500	-182
35.03667	-182
35.03833	-182
35.04000	-182
35.04167	-182
35.04333	-182
35.04500	-182
35.04667	-182
35.04833	-182
35.05000	-182
35.05167	-182
35.05333	-182
35.05500	-182
35.05667	-182
35.05833	-183
35.06000	-182
35.06167	-183
35.06333	-182
35.06500	-183
35.06667	-183
35.06833	-182
35.07000	-183
35.07167	-182
35.07333	-183
35.07500	-182
35.07667	-182
35.07833	-182
35.08000	-183
35.08167	-182
35.08333	-182
35.08500	-181
35.08667	-182
35.08833	-181
35.09000	-181
35.09167	-181
35.09333	-181
35.09500	-180
35.09667	-180
35.09833	-180
35.10000	-180
35.10167	-180
35.10333	-180
35.10500	-179
35.10667	-179
35.10833	-180
35.11000	-179
35.11167	-179
35.11333	-179
35.11500	-179
35.11667	-178
35.11833	-179
35.12000	-179
35.12167	-178
35.12333	-179
35.12500	-179
35.12667	-178
35.12833	-179
35.13000	-179
35.13167	-178
35.13333	-179
35.13500	-179
35.13667	-179
35.13833	-179
35.14000	-179
35.14167	-179
35.14333	-179
35.14500	-180
35.14667	-179
35.14833	-179
35.15000	-180
35.15167	-179
35.15333	-179
35.15500	-179
35.15667	-180
35.15833	-179
35.16000	-180
35.16167	-179
35.16333	-179
35.16500	-179
35.16667	-180
35.16833	-179
35.17000	-180
35.17167	-179
35.17333	-179
35.17500	-180
35.17667	-179
35.17833	-180
35.18000	-179
35.18167	-180
35.18333	-180
35.18500	-179
35.18667	-180
35.18833	-180
35.19000	-179
35.19167	-180
35.19333	-179
35.19500	-179
35.19667	-180
35.19833	-179
35.20000	-180
35.20167	-179
35.20333	-180
35.20500	-179
35.20667	-179
35.20833	-180
35.21000	-179
35.21167	-179
35.21333	-179
35.21500	-178
35.21667	-179
35.21833	-179
35.22000	-178
35.22167	-179
35.22333	-178
35.22500	-178
35.22667	-178
35.22833	-179
35.23000	-178
35.23167	-178
35.23333	-179
35.23500	-178
35.23667	-178
35.23833	-178
35.24000	-179
35.24167	-178
35.24333	-178
35.24500	-178
35.24667	-178
35.24833	-178
35.25000	-178
35.25167	-177
35.25333	-178
35.25500	-178
35.25667	-177
35.25833	-177
35.26000	-177
35.26167	-177
35.26333	-176
35.26500	-176
35.26667	-176
35.26833	-176
35.27000	-176
35.27167	-175
35.27333	-175
35.27500	-174
35.27667	-175
35.27833	-174
35.28000	-174
35.28167	-174
35.28333	-174
35.28500	-173
35.28667	-174
35.28833	-173
35.29000	-173
35.29167	-173
35.29333	-173
35.29500	-173
35.29667	-172
35.29833	-172
35.30000	-172
35.30167	-172
35.30333	-172
35.30500	-172
35.30667	-172
35.30833	-172
35.31000	-172
35.31167	-171
35.31333	-172
35.31500	-172
35.31667	-172
35.31833	-172
35.32000	-172
35.32167	-173
35.32333	-172
35.32500	-172
35.32667	-173
35.32833	-172
35.33000	-173
35.33167	-172
35.33333	-173
35.33500	-173
35.33667	-173
35.33833	-172
35.34000	-173
35.34167	-173
35.34333	-173
35.34500	-172
35.34667	-173
35.34833	-173
35.35000	-173
35.35167	-172
35.35333	-173
35.35500	-173
35.35667	-172
35.35833	-173
35.36000	-172
35.36167	-173
35.36333	-172
35.36500	-172
35.36667	-173
35.36833	-172
35.37000	-173
35.37167	-172
35.37333	-173
35.37500	-173
35.37667	-172
35.37833	-173
35.38000	-173
35.38167	-173
35.38333	-174
35.38500	-173
35.38667	-173
35.38833	-174
35.39000	-173
35.39167	-174
35.39333	-174
35.39500	-174
35.39667	-174
35.39833	-173
35.40000	-174
35.40167	-174
35.40333	-174
35.40500	-174
35.40667	-173
35.40833	-174
35.41000	-174
35.41167	-174
35.41333	-174
35.41500	-173
35.41667	-173
35.41833	-174
35.42000	-173
35.42167	-173
35.42333	-173
35.42500	-173
35.42667	-173
35.42833	-173
35.43000	-173
35.43167	-173
35.43333	-172
35.43500	-173
35.43667	-172
35.43833	-172
35.44000	-172
35.44167	-171
35.44333	-172
35.44500	-171
35.44667	-172
35.44833	-171
35.45000	-172
35.45167	-171
35.45333	-172
35.45500	-171
35.45667	-172
35.45833	-171
35.46000	-172
35.46167	-172
35.46333	-172
35.46500	-172
35.46667	-172
35.46833	-173
35.47000	-172
35.47167	-174
35.47333	-173
35.47500	-173
35.47667	-174
35.47833	-174
35.48000	-174
35.48167	-174
35.48333	-174
35.48500	-175
35.48667	-175
35.48833	-175
35.49000	-175
35.49167	-175
35.49333	-176
35.49500	-175
35.49667	-176
35.49833	-177
35.50000	-176
35.50167	-176
35.50333	-177
35.50500	-177
35.50667	-176
35.50833	-177
35.51000	-178
35.51167	-177
35.51333	-177
35.51500	-178
35.51667	-178
35.51833	-178
35.52000	-178
35.52167	-179
35.52333	-178
35.52500	-179
35.52667	-178
35.52833	-180
35.53000	-179
35.53167	-180
35.53333	-180
35.53500	-180
35.53667	-180
35.53833	-180
35.54000	-181
35.54167	-181
35.54333	-181
35.54500	-182
35.54667	-181
35.54833	-182
35.55000	-182
35.55167	-182
35.55333	-183
35.55500	-182
35.55667	-183
35.55833	-182
35.56000	-183
35.56167	-183
35.56333	-182
35.56500	-183
35.56667	-183
35.56833	-183
35.57000	-183
35.57167	-183
35.57333	-183
35.57500	-183
35.57667	-183
35.57833	-183
35.58000	-183
35.58167	-183
35.58333	-183
35.58500	-183
35.58667	-183
35.58833	-182
35.59000	-183
35.59167	-182
35.59333	-182
35.59500	-183
35.59667	-182
35.59833	-181
35.60000	-182
35.60167	-182
35.60333	-182
35.60500	-181
35.60667	-181
35.60833	-182
35.61000	-181
35.61167	-181
35.61333	-181
35.61500	-181
35.61667	-180
35.61833	-181
35.62000	-180
35.62167	-180
35.62333	-180
35.62500	-180
35.62667	-180
35.62833	-180
35.63000	-179
35.63167	-179
35.63333	-180
35.63500	-179
35.63667	-179
35.63833	-178
35.64000	-178
35.64167	-179
35.64333	-177
35.64500	-178
35.64667	-178
35.64833	-177
35.65000	-177
35.65167	-177
35.65333	-177
35.65500	-176
35.65667	-176
35.65833	-176
35.66000	-176
35.66167	-176
35.66333	-175
35.66500	-176
35.66667	-176
35.66833	-175
35.67000	-175
35.67167	-175
35.67333	-176
35.67500	-175
35.67667	-175
35.67833	-176
35.68000	-175
35.68167	-176
35.68333	-175
35.68500	-176
35.68667	-175
35.68833	-176
35.69000	-175
35.69167	-175
35.69333	-176
35.69500	-175
35.69667	-176
35.69833	-176
35.70000	-176
35.70167	-176
35.70333	-176
35.70500	-176
35.70667	-176
35.70833	-177
35.71000	-176
35.71167	-177
35.71333	-176
35.71500	-177
35.71667	-177
35.71833	-177
35.72000	-177
35.72167	-178
35.72333	-177
35.72500	-177
35.72667	-178
35.72833	-177
35.73000	-178
35.73167	-178
35.73333	-177
35.73500	-178
35.73667	-178
35.73833	-178
35.74000	-178
35.74167	-177
35.74333	-178
35.74500	-178
35.74667	-177
35.74833	-178
35.75000	-178
35.75167	-177
35.75333	-177
35.75500	-177
35.75667	-177
35.75833	-176
35.76000	-177
35.76167	-177
35.76333	-176
35.76500	-176
35.76667	-177
35.76833	-176
35.77000	-176
35.77167	-176
35.77333	-176
35.77500	-176
35.77667	-177
35.77833	-176
35.78000	-177
35.78167	-177
35.78333	-176
35.78500	-177
35.78667	-177
35.78833	-177
35.79000	-177
35.79167	-178
35.79333	-177
35.79500	-177
35.79667	-178
35.79833	-177
35.80000	-178
35.80167	-177
35.80333	-178
35.80500	-177
35.80667	-178
35.80833	-178
35.81000	-178
35.81167	-178
35.81333	-178
35.81500	-178
35.81667	-179
35.81833	-179
35.82000	-178
35.82167	-179
35.82333	-179
35.82500	-179
35.82667	-180
35.82833	-180
35.83000	-179
35.83167	-180
35.83333	-181
35.83500	-180
35.83667	-181
35.83833	-181
35.84000	-181
35.84167	-181
35.84333	-182
35.84500	-181
35.84667	-182
35.84833	-182
35.85000	-183
35.85167	-182
35.85333	-183
35.85500	-183
35.85667	-183
35.85833	-183
35.86000	-184
35.86167	-183
35.86333	-184
35.86500	-184
35.86667	-184
35.86833	-184
35.87000	-184
35.87167	-184
35.87333	-184
35.87500	-185
35.87667	-184
35.87833	-185
35.88000	-185
35.88167	-185
35.88333	-184
35.88500	-185
35.88667	-186
35.88833	-185
35.89000	-185
35.89167	-185
35.89333	-186
35.89500	-186
35.89667	-185
35.89833	-186
35.90000	-186
35.90167	-186
35.90333	-186
35.90500	-186
35.90667	-186
35.90833	-187
35.91000	-186
35.91167	-186
35.91333	-187
35.91500	-186
35.91667	-186
35.91833	-187
35.92000	-186
35.92167	-186
35.92333	-187
35.92500	-186
35.92667	-187
35.92833	-186
35.93000	-187
35.93167	-186
35.93333	-187
35.93500	-186
35.93667	-187
35.93833	-186
35.94000	-186
35.94167	-186
35.94333	-185
35.94500	-186
35.94667	-185
35.94833	-186
35.95000	-185
35.95167	-185
35.95333	-185
35.95500	-185
35.95667	-185
35.95833	-184
35.96000	-185
35.96167	-184
35.96333	-185
35.96500	-184
35.96667	-184
35.96833	-184
35.97000	-184
35.97167	-184
35.97333	-184
35.97500	-183
35.97667	-184
35.97833	-183
35.98000	-183
35.98167	-184
35.98333	-183
35.98500	-182
35.98667	-183
35.98833	-183
35.99000	-182
35.99167	-182
35.99333	-183
35.99500	-182
35.99667	-182
35.99833	-181
36.00000	-182
36.00167	-181
36.00333	-181
36.00500	-180
36.00667	-181
36.00833	-180
36.01000	-180
36.01167	-180
36.01333	-180
36.01500	-179
36.01667	-180
36.01833	-179
36.02000	-180
36.02167	-179
36.02333	-179
36.02500	-180
36.02667	-179
36.02833	-180
36.03000	-179
36.03167	-180
36.03333	-179
36.03500	-180
36.03667	-179
36.03833	-180
36.04000	-180
36.04167	-180
36.04333	-179
36.04500	-180
36.04667	-180
36.04833	-180
36.05000	-181
36.05167	-180
36.05333	-180
36.05500	-181
36.05667	-180
36.05833	-181
36.06000	-180
36.06167	-181
36.06333	-180
36.06500	-181
36.06667	-181
36.06833	-181
36.07000	-181
36.07167	-181
36.07333	-181
36.07500	-181
36.07667	-181
36.07833	-181
36.08000	-181
36.08167	-181
36.08333	-181
36.08500	-181
36.08667	-181
36.08833	-182
36.09000	-181
36.09167	-181
36.09333	-181
36.09500	-181
36.09667	-181
36.09833	-181
36.10000	-181
36.10167	-181
36.10333	-181
36.10500	-180
36.10667	-181
36.10833	-180
36.11000	-181
36.11167	-180
36.11333	-180
36.11500	-180
36.11667	-180
36.11833	-180
36.12000	-180
36.12167	-180
36.12333	-179
36.12500	-180
36.12667	-179
36.12833	-180
36.13000	-179
36.13167	-180
36.13333	-179
36.13500	-179
36.13667	-179
36.13833	-179
36.14000	-179
36.14167	-178
36.14333	-179
36.14500	-179
36.14667	-178
36.14833	-178
36.15000	-179
36.15167	-178
36.15333	-178
36.15500	-178
36.15667	-178
36.15833	-177
36.16000	-178
36.16167	-178
36.16333	-177
36.16500	-177
36.16667	-177
36.16833	-178
36.17000	-177
36.17167	-178
36.17333	-177
36.17500	-177
36.17667	-178
36.17833	-177
36.18000	-177
36.18167	-177
36.18333	-178
36.18500	-177
36.18667	-177
36.18833	-178
36.19000	-178
36.19167	-178
36.19333	-178
36.19500	-178
36.19667	-179
36.19833	-179
36.20000	-179
36.20167	-179
36.20333	-179
36.20500	-180
36.20667	-180
36.20833	-179
36.21000	-181
36.21167	-180
36.21333	-181
36.21500	-181
36.21667	-181
36.21833	-182
36.22000	-181
36.22167	-182
36.22333	-181
36.22500	-182
36.22667	-182
36.22833	-182
36.23000	-181
36.23167	-182
36.23333	-182
36.23500	-182
36.23667	-182
36.23833	-182
36.24000	-182
36.24167	-181
36.24333	-182
36.24500	-182
36.24667	-181
36.24833	-182
36.25000	-182
36.25167	-181
36.25333	-182
36.25500	-182
36.25667	-182
36.25833	-182
36.26000	-182
36.26167	-182
36.26333	-183
36.26500	-182
36.26667	-183
36.26833	-183
36.27000	-182
36.27167	-183
36.27333	-183
36.27500	-183
36.27667	-184
36.27833	-183
36.28000	-183
36.28167	-184
36.28333	-183
36.28500	-183
36.28667	-184
36.28833	-183
36.29000	-183
36.29167	-183
36.29333	-183
36.29500	-183
36.29667	-183
36.29833	-183
36.30000	-183
36.30167	-183
36.30333	-183
36.30500	-183
36.30667	-182
36.30833	-182
36.31000	-182
36.31167	-182
36.31333	-182
36.31500	-181
36.31667	-182
36.31833	-182
36.32000	-181
36.32167	-181
36.32333	-181
36.32500	-181
36.32667	-181
36.32833	-181
36.33000	-181
36.33167	-180
36.33333	-181
36.33500	-181
36.33667	-181
36.33833	-181
36.34000	-180
36.34167	-181
36.34333	-181
36.34500	-181
36.34667	-181
36.34833	-180
36.35000	-181
36.35167	-181
36.35333	-180
36.35500	-181
36.35667	-181
36.35833	-181
36.36000	-181
36.36167	-181
36.36333	-181
36.36500	-181
36.36667	-181
36.36833	-181
36.37000	-181
36.37167	-181
36.37333	-182
36.37500	-181
36.37667	-182
36.37833	-182
36.38000	-182
36.38167	-183
36.38333	-182
36.38500	-183
36.38667	-183
36.38833	-183
36.39000	-183
36.39167	-184
36.39333	-184
36.39500	-183
36.39667	-185
36.39833	-184
36.40000	-184
36.40167	-185
36.40333	-185
36.40500	-185
36.40667	-186
36.40833	-185
36.41000	-185
36.41167	-185
36.41333	-185
36.41500	-185
36.41667	-186
36.41833	-185
36.42000	-185
36.42167	-185
36.42333	-185
36.42500	-185
36.42667	-184
36.42833	-185
36.43000	-184
36.43167	-185
36.43333	-184
36.43500	-184
36.43667	-183
36.43833	-184
36.44000	-184
36.44167	-183
36.44333	-183
36.44500	-183
36.44667	-183
36.44833	-183
36.45000	-182
36.45167	-183
36.45333	-183
36.45500	-182
36.45667	-182
36.45833	-183
36.46000	-182
36.46167	-183
36.46333	-182
36.46500	-183
36.46667	-182
36.46833	-182
36.47000	-183
36.47167	-183
36.47333	-182
36.47500	-183
36.47667	-183
36.47833	-182
36.48000	-183
36.48167	-182
36.48333	-183
36.48500	-183
36.48667	-182
36.48833	-182
36.49000	-182
36.49167	-182
36.49333	-182
36.49500	-183
36.49667	-182
36.49833	-182
36.50000	-181
36.50167	-182
36.50333	-182
36.50500	-182
36.50667	-181
36.50833	-181
36.51000	-182
36.51167	-181
36.51333	-181
36.51500	-180
36.51667	-181
36.51833	-181
36.52000	-180
36.52167	-181
36.52333	-180
36.52500	-180
36.52667	-180
36.52833	-179
36.53000	-180
36.53167	-179
36.53333	-179
36.53500	-180
36.53667	-179
36.53833	-179
36.54000	-178
36.54167	-179
36.54333	-179
36.54500	-178
36.54667	-179
36.54833	-178
36.55000	-178
36.55167	-178
36.55333	-178
36.55500	-178
36.55667	-178
36.55833	-178
36.56000	-178
36.56167	-178
36.56333	-178
36.56500	-178
36.56667	-177
36.56833	-178
36.57000	-177
36.57167	-177
36.57333	-178
36.57500	-177
36.57667	-177
36.57833	-177
36.58000	-177
36.58167	-177
36.58333	-177
36.58500	-177
36.58667	-177
36.58833	-176
36.59000	-177
36.59167	-177
36.59333	-176
36.59500	-177
36.59667	-177
36.59833	-177
36.60000	-177
36.60167	-177
36.60333	-178
36.60500	-177
36.60667	-178
36.60833	-177
36.61000	-178
36.61167	-178
36.61333	-178
36.61500	-178
36.61667	-179
36.61833	-178
36.62000	-178
36.62167	-179
36.62333	-178
36.62500	-179
36.62667	-179
36.62833	-178
36.63000	-179
36.63167	-179
36.63333	-178
36.63500	-179
36.63667	-178
36.63833	-179
36.64000	-178
36.64167	-179
36.64333	-178
36.64500	-179
36.64667	-178
36.64833	-178
36.65000	-179
36.65167	-179
36.65333	-178
36.65500	-179
36.65667	-179
36.65833	-179
36.66000	-179
36.66167	-180
36.66333	-179
36.66500	-180
36.66667	-179
36.66833	-180
36.67000	-180
36.67167	-180
36.67333	-180
36.67500	-181
36.67667	-181
36.67833	-180
36.68000	-181
36.68167	-182
36.68333	-181
36.68500	-181
36.68667	-182
36.68833	-182
36.69000	-181
36.69167	-182
36.69333	-182
36.69500	-181
36.69667	-182
36.69833	-181
36.70000	-181
36.70167	-182
36.70333	-182
36.70500	-181
36.70667	-182
36.70833	-181
36.71000	-182
36.71167	-181
36.71333	-182
36.71500	-181
36.71667	-181
36.71833	-181
36.72000	-180
36.72167	-180
36.72333	-181
36.72500	-180
36.72667	-179
36.72833	-180
36.73000	-179
36.73167	-180
36.73333	-179
36.73500	-179
36.73667	-179
36.73833	-179
36.74000	-178
36.74167	-179
36.74333	-179
36.74500	-179
36.74667	-178
36.74833	-179
36.75000	-178
36.75167	-179
36.75333	-178
36.75500	-179
36.75667	-178
36.75833	-179
36.76000	-178
36.76167	-179
36.76333	-179
36.76500	-178
36.76667	-179
36.76833	-179
36.77000	-178
36.77167	-179
36.77333	-179
36.77500	-179
36.77667	-179
36.77833	-179
36.78000	-179
36.78167	-180
36.78333	-179
36.78500	-179
36.78667	-179
36.78833	-179
36.79000	-179
36.79167	-180
36.79333	-180
36.79500	-179
36.79667	-180
36.79833	-179
36.80000	-180
36.80167	-180
36.80333	-180
36.80500	-180
36.80667	-180
36.80833	-181
36.81000	-181
36.81167	-181
36.81333	-181
36.81500	-181
36.81667	-181
36.81833	-182
36.82000	-181
36.82167	-182
36.82333	-181
36.82500	-182
36.82667	-182
36.82833	-182
36.83000	-182
36.83167	-183
36.83333	-182
36.83500	-183
36.83667	-182
36.83833	-183
36.84000	-183
36.84167	-182
36.84333	-183
36.84500	-183
36.84667	-183
36.84833	-182
36.85000	-183
36.85167	-182
36.85333	-183
36.85500	-182
36.85667	-183
36.85833	-182
36.86000	-182
36.86167	-182
36.86333	-182
36.86500	-182
36.86667	-182
36.86833	-182
36.87000	-182
36.87167	-182
36.87333	-182
36.87500	-182
36.87667	-182
36.87833	-181
36.88000	-182
36.88167	-182
36.88333	-181
36.88500	-182
36.88667	-182
36.88833	-181
36.89000	-182
36.89167	-181
36.89333	-182
36.89500	-181
36.89667	-182
36.89833	-182
36.90000	-181
36.90167	-181
36.90333	-182
36.90500	-181
36.90667	-182
36.90833	-182
36.91000	-182
36.91167	-182
36.91333	-182
36.91500	-182
36.91667	-183
36.91833	-182
36.92000	-183
36.92167	-183
36.92333	-183
36.92500	-183
36.92667	-183
36.92833	-183
36.93000	-183
36.93167	-183
36.93333	-183
36.93500	-184
36.93667	-183
36.93833	-184
36.94000	-183
36.94167	-184
36.94333	-184
36.94500	-184
36.94667	-184
36.94833	-184
36.95000	-184
36.95167	-184
36.95333	-184
36.95500	-184
36.95667	-184
36.95833	-183
36.96000	-184
36.96167	-183
36.96333	-184
36.96500	-183
36.96667	-184
36.96833	-183
36.97000	-183
36.97167	-183
36.97333	-183
36.97500	-183
36.97667	-182
36.97833	-182
36.98000	-182
36.98167	-183
36.98333	-181
36.98500	-182
36.98667	-181
36.98833	-182
36.99000	-181
36.99167	-181
36.99333	-181
36.99500	-181
36.99667	-180
36.99833	-181
37.00000	-180
37.00167	-181
37.00333	-180
37.00500	-180
37.00667	-180
37.00833	-180
37.01000	-181
37.01167	-180
37.01333	-180
37.01500	-180
37.01667	-180
37.01833	-180
37.02000	-180
37.02167	-180
37.02333	-181
37.02500	-180
37.02667	-181
37.02833	-181
37.03000	-180
37.03167	-181
37.03333	-181
37.03500	-181
37.03667	-182
37.03833	-181
37.04000	-181
37.04167	-182
37.04333	-182
37.04500	-181
37.04667	-182
37.04833	-182
37.05000	-182
37.05167	-182
37.05333	-182
37.05500	-183
37.05667	-182
37.05833	-183
37.06000	-182
37.06167	-182
37.06333	-183
37.06500	-182
37.06667	-183
37.06833	-182
37.07000	-183
37.07167	-182
37.07333	-183
37.07500	-182
37.07667	-183
37.07833	-182
37.08000	-182
37.08167	-183
37.08333	-181
37.08500	-182
37.08667	-182
37.08833	-182
37.09000	-181
37.09167	-182
37.09333	-181
37.09500	-182
37.09667	-181
37.09833	-182
37.10000	-181
37.10167	-181
37.10333	-182
37.10500	-181
37.10667	-181
37.10833	-181
37.11000	-181
37.11167	-181
37.11333	-181
37.11500	-181
37.11667	-181
37.11833	-181
37.12000	-181
37.12167	-181
37.12333	-181
37.12500	-181
37.12667	-180
37.12833	-181
37.13000	-181
37.13167	-180
37.13333	-181
37.13500	-180
37.13667	-180
37.13833	-181
37.14000	-180
37.14167	-180
37.14333	-180
37.14500	-180
37.14667	-180
37.14833	-180
37.15000	-180
37.15167	-180
37.15333	-180
37.15500	-179
37.15667	-180
37.15833	-179
37.16000	-180
37.16167	-180
37.16333	-179
37.16500	-180
37.16667	-180
37.16833	-179
37.17000	-180
37.17167	-180
37.17333	-179
37.17500	-180
37.17667	-180
37.17833	-180
37.18000	-179
37.18167	-180
37.18333	-181
37.18500	-180
37.18667	-181
37.18833	-180
37.19000	-181
37.19167	-180
37.19333	-181
37.19500	-181
37.19667	-180
37.19833	-181
37.20000	-180
37.20167	-180
37.20333	-181
37.20500	-180
37.20667	-180
37.20833	-179
37.21000	-180
37.21167	-179
37.21333	-180
37.21500	-179
37.21667	-179
37.21833	-179
37.22000	-179
37.22167	-179
37.22333	-179
37.22500	-179
37.22667	-178
37.22833	-179
37.23000	-178
37.23167	-179
37.23333	-179
37.23500	-179
37.23667	-178
37.23833	-180
37.24000	-178
37.24167	-180
37.24333	-179
37.24500	-179
37.24667	-180
37.24833	-180
37.25000	-180
37.25167	-180
37.25333	-181
37.25500	-181
37.25667	-181
37.25833	-182
37.26000	-181
37.26167	-182
37.26333	-182
37.26500	-182
37.26667	-183
37.26833	-183
37.27000	-182
37.27167	-183
37.27333	-183
37.27500	-184
37.27667	-183
37.27833	-183
37.28000	-183
37.28167	-184
37.28333	-183
37.28500	-184
37.28667	-184
37.28833	-184
37.29000	-183
37.29167	-184
37.29333	-183
37.29500	-184
37.29667	-184
37.29833	-183
37.30000	-184
37.30167	-184
37.30333	-183
37.30500	-183
37.30667	-184
37.30833	-183
37.31000	-182
37.31167	-183
37.31333	-182
37.31500	-183
37.31667	-182
37.31833	-182
37.32000	-182
37.32167	-181
37.32333	-182
37.32500	-181
37.32667	-181
37.32833	-180
37.33000	-181
37.33167	-181
37.33333	-180
37.33500	-181
37.33667	-180
37.33833	-181
37.34000	-180
37.34167	-181
37.34333	-180
37.34500	-181
37.34667	-180
37.34833	-181
37.35000	-181
37.35167	-181
37.35333	-180
37.35500	-181
37.35667	-182
37.35833	-181
37.36000	-181
37.36167	-181
37.36333	-182
37.36500	-181
37.36667	-182
37.36833	-181
37.37000	-182
37.37167	-181
37.37333	-181
37.37500	-182
37.37667	-182
37.37833	-182
37.38000	-181
37.38167	-182
37.38333	-182
37.38500	-181
37.38667	-181
37.38833	-182
37.39000	-181
37.39167	-181
37.39333	-181
37.39500	-181
37.39667	-181
37.39833	-180
37.40000	-181
37.40167	-180
37.40333	-180
37.40500	-180
37.40667	-179
37.40833	-180
37.41000	-179
37.41167	-180
37.41333	-179
37.41500	-178
37.41667	-179
37.41833	-179
37.42000	-178
37.42167	-178
37.42333	-178
37.42500	-178
37.42667	-178
37.42833	-178
37.43000	-178
37.43167	-178
37.43333	-178
37.43500	-177
37.43667	-177
37.43833	-178
37.44000	-177
37.44167	-177
37.44333	-177
37.44500	-177
37.44667	-177
37.44833	-177
37.45000	-176
37.45167	-177
37.45333	-177
37.45500	-176
37.45667	-177
37.45833	-176
37.46000	-177
37.46167	-176
37.46333	-176
37.46500	-177
37.46667	-176
37.46833	-176
37.47000	-176
37.47167	-176
37.47333	-175
37.47500	-176
37.47667	-177
37.47833	-176
37.48000	-176
37.48167	-177
37.48333	-176
37.48500	-176
37.48667	-176
37.48833	-177
37.49000	-176
37.49167	-177
37.49333	-176
37.49500	-177
37.49667	-176
37.49833	-177
37.50000	-177
37.50167	-177
37.50333	-177
37.50500	-177
37.50667	-177
37.50833	-176
37.51000	-177
37.51167	-177
37.51333	-177
37.51500	-177
37.51667	-178
37.51833	-177
37.52000	-177
37.52167	-177
37.52333	-177
37.52500	-178
37.52667	-177
37.52833	-177
37.53000	-177
37.53167	-177
37.53333	-177
37.53500	-177
37.53667	-177
37.53833	-177
37.54000	-177
37.54167	-177
37.54333	-178
37.54500	-177
37.54667	-177
37.54833	-176
37.55000	-177
37.55167	-177
37.55333	-177
37.55500	-176
37.55667	-177
37.55833	-176
37.56000	-177
37.56167	-176
37.56333	-176
37.56500	-176
37.56667	-176
37.56833	-177
37.57000	-176
37.57167	-176
37.57333	-176
37.57500	-175
37.57667	-176
37.57833	-175
37.58000	-176
37.58167	-175
37.58333	-175
37.58500	-175
37.58667	-175
37.58833	-175
37.59000	-174
37.59167	-174
37.59333	-174
37.59500	-174
37.59667	-174
37.59833	-173
37.60000	-173
37.60167	-174
37.60333	-172
37.60500	-173
37.60667	-172
37.60833	-173
37.61000	-172
37.61167	-172
37.61333	-172
37.61500	-172
37.61667	-172
37.61833	-172
37.62000	-172
37.62167	-171
37.62333	-173
37.62500	-172
37.62667	-172
37.62833	-172
37.63000	-173
37.63167	-173
37.63333	-173
37.63500	-174
37.63667	-173
37.63833	-174
37.64000	-174
37.64167	-174
37.64333	-174
37.64500	-175
37.64667	-175
37.64833	-174
37.65000	-175
37.65167	-175
37.65333	-176
37.65500	-175
37.65667	-175
37.65833	-175
37.66000	-175
37.66167	-175
37.66333	-175
37.66500	-174
37.66667	-175
37.66833	-174
37.67000	-175
37.67167	-174
37.67333	-175
37.67500	-174
37.67667	-174
37.67833	-174
37.68000	-173
37.68167	-174
37.68333	-174
37.68500	-174
37.68667	-174
37.68833	-174
37.69000	-174
37.69167	-174
37.69333	-174
37.69500	-174
37.69667	-174
37.69833	-174
37.70000	-174
37.70167	-174
37.70333	-173
37.70500	-174
37.70667	-173
37.70833	-174
37.71000	-173
37.71167	-174
37.71333	-174
37.71500	-173
37.71667	-174
37.71833	-174
37.72000	-174
37.72167	-174
37.72333	-174
37.72500	-174
37.72667	-174
37.72833	-174
37.73000	-175
37.73167	-174
37.73333	-175
37.73500	-174
37.73667	-175
37.73833	-174
37.74000	-175
37.74167	-175
37.74333	-175
37.74500	-175
37.74667	-175
37.74833	-175
37.75000	-175
37.75167	-175
37.75333	-176
37.75500	-175
37.75667	-176
37.75833	-175
37.76000	-176
37.76167	-176
37.76333	-175
37.76500	-176
37.76667	-175
37.76833	-175
37.77000	-176
37.77167	-175
37.77333	-175
37.77500	-176
37.77667	-175
37.77833	-175
37.78000	-175
37.78167	-175
37.78333	-175
37.78500	-175
37.78667	-176
37.78833	-175
37.79000	-176
37.79167	-175
37.79333	-176
37.79500	-175
37.79667	-176
37.79833	-176
37.80000	-176
37.80167	-177
37.80333	-176
37.80500	-177
37.80667	-177
37.80833	-177
37.81000	-177
37.81167	-177
37.81333	-178
37.81500	-177
37.81667	-178
37.81833	-178
37.82000	-178
37.82167	-178
37.82333	-178
37.82500	-179
37.82667	-178
37.82833	-179
37.83000	-179
37.83167	-179
37.83333	-179
37.83500	-179
37.83667	-179
37.83833	-180
37.84000	-179
37.84167	-180
37.84333	-179
37.84500	-179
37.84667	-179
37.84833	-180
37.85000	-179
37.85167	-179
37.85333	-179
37.85500	-180
37.85667	-179
37.85833	-179
37.86000	-179
37.86167	-179
37.86333	-179
37.86500	-178
37.86667	-179
37.86833	-178
37.87000	-178
37.87167	-178
37.87333	-178
37.87500	-177
37.87667	-178
37.87833	-178
37.88000	-178
37.88167	-178
37.88333	-177
37.88500	-178
37.88667	-178
37.88833	-177
37.89000	-178
37.89167	-178
37.89333	-177
37.89500	-178
37.89667	-178
37.89833	-177
37.90000	-178
37.90167	-178
37.90333	-178
37.90500	-178
37.90667	-177
37.90833	-179
37.91000	-178
37.91167	-178
37.91333	-178
37.91500	-178
37.91667	-179
37.91833	-178
37.92000	-179
37.92167	-178
37.92333	-178
37.92500	-179
37.92667	-178
37.92833	-179
37.93000	-178
37.93167	-178
37.93333	-178
37.93500	-179
37.93667	-178
37.93833	-178
37.94000	-178
37.94167	-178
37.94333	-177
37.94500	-178
37.94667	-178
37.94833	-177
37.95000	-178
37.95167	-177
37.95333	-177
37.95500	-177
37.95667	-177
37.95833	-177
37.96000	-177
37.96167	-177
37.96333	-177
37.96500	-177
37.96667	-177
37.96833	-177
37.97000	-178
37.97167	-177
37.97333	-177
37.97500	-178
37.97667	-177
37.97833	-177
37.98000	-178
37.98167	-177
37.98333	-177
37.98500	-177
37.98667	-178
37.98833	-177
37.99000	-177
37.99167	-176
37.99333	-177
37.99500	-177
37.99667	-176
37.99833	-177
38.00000	-176
38.00167	-177
38.00333	-177
38.00500	-176
38.00667	-177
38.00833	-176
38.01000	-177
38.01167	-176
38.01333	-177
38.01500	-176
38.01667	-176
38.01833	-177
38.02000	-176
38.02167	-176
38.02333	-176
38.02500	-176
38.02667	-176
38.02833	-176
38.03000	-177
38.03167	-176
38.03333	-176
38.03500	-176
38.03667	-176
38.03833	-176
38.04000	-176
38.04167	-177
38.04333	-176
38.04500	-176
38.04667	-175
38.04833	-176
38.05000	-176
38.05167	-176
38.05333	-175
38.05500	-175
38.05667	-176
38.05833	-175
38.06000	-175
38.06167	-175
38.06333	-175
38.06500	-175
38.06667	-174
38.06833	-175
38.07000	-175
38.07167	-174
38.07333	-175
38.07500	-175
38.07667	-175
38.07833	-175
38.08000	-175
38.08167	-175
38.08333	-175
38.08500	-174
38.08667	-176
38.08833	-175
38.09000	-174
38.09167	-175
38.09333	-175
38.09500	-175
38.09667	-175
38.09833	-176
38.10000	-175
38.10167	-175
38.10333	-175
38.10500	-175
38.10667	-176
38.10833	-175
38.11000	-176
38.11167	-175
38.11333	-176
38.11500	-175
38.11667	-176
38.11833	-176
38.12000	-176
38.12167	-176
38.12333	-176
38.12500	-176
38.12667	-176
38.12833	-176
38.13000	-177
38.13167	-176
38.13333	-176
38.13500	-176
38.13667	-177
38.13833	-176
38.14000	-176
38.14167	-176
38.14333	-176
38.14500	-176
38.14667	-177
38.14833	-176
38.15000	-175
38.15167	-176
38.15333	-175
38.15500	-176
38.15667	-176
38.15833	-175
38.16000	-175
38.16167	-175
38.16333	-175
38.16500	-174
38.16667	-175
38.16833	-174
38.17000	-174
38.17167	-174
38.17333	-174
38.17500	-174
38.17667	-174
38.17833	-174
38.18000	-174
38.18167	-173
38.18333	-174
38.18500	-174
38.18667	-174
38.18833	-174
38.19000	-174
38.19167	-174
38.19333	-175
38.19500	-174
38.19667	-174
38.19833	-175
38.20000	-175
38.20167	-175
38.20333	-175
38.20500	-175
38.20667	-175
38.20833	-175
38.21000	-174
38.21167	-175
38.21333	-175
38.21500	-175
38.21667	-175
38.21833	-175
38.22000	-175
38.22167	-175
38.22333	-174
38.22500	-175
38.22667	-174
38.22833	-175
38.23000	-174
38.23167	-175
38.23333	-174
38.23500	-174
38.23667	-174
38.23833	-174
38.24000	-174
38.24167	-174
38.24333	-174
38.24500	-174
38.24667	-174
38.24833	-173
38.25000	-174
38.25167	-173
38.25333	-174
38.25500	-173
38.25667	-173
38.25833	-173
38.26000	-173
38.26167	-172
38.26333	-173
38.26500	-172
38.26667	-172
38.26833	-172
38.27000	-172
38.27167	-171
38.27333	-172
38.27500	-171
38.27667	-172
38.27833	-171
38.28000	-172
38.28167	-171
38.28333	-171
38.28500	-172
38.28667	-171
38.28833	-172
38.29000	-171
38.29167	-172
38.29333	-172
38.29500	-172
38.29667	-172
38.29833	-173
38.30000	-172
38.30167	-173
38.30333	-173
38.30500	-174
38.30667	-173
38.30833	-173
38.31000	-174
38.31167	-174
38.31333	-174
38.31500	-174
38.31667	-174
38.31833	-174
38.32000	-174
38.32167	-175
38.32333	-174
38.32500	-175
38.32667	-174
38.32833	-175
38.33000	-175
38.33167	-175
38.33333	-174
38.33500	-175
38.33667	-175
38.33833	-175
38.34000	-175
38.34167	-175
38.34333	-175
38.34500	-176
38.34667	-175
38.34833	-175
38.35000	-176
38.35167	-175
38.35333	-176
38.35500	-175
38.35667	-176
38.35833	-176
38.36000	-176
38.36167	-176
38.36333	-176
38.36500	-176
38.36667	-176
38.36833	-176
38.37000	-177
38.37167	-176
38.37333	-176
38.37500	-177
38.37667	-176
38.37833	-177
38.38000	-176
38.38167	-177
38.38333	-176
38.38500	-177
38.38667	-177
38.38833	-176
38.39000	-177
38.39167	-177
38.39333	-176
38.39500	-177
38.39667	-176
38.39833	-176
38.40000	-176
38.40167	-176
38.40333	-175
38.40500	-176
38.40667	-175
38.40833	-176
38.41000	-175
38.41167	-175
38.41333	-175
38.41500	-175
38.41667	-175
38.41833	-175
38.42000	-175
38.42167	-174
38.42333	-175
38.42500	-174
38.42667	-174
38.42833	-174
38.43000	-174
38.43167	-173
38.43333	-174
38.43500	-173
38.43667	-174
38.43833	-173
38.44000	-172
38.44167	-172
38.44333	-173
38.44500	-172
38.44667	-172
38.44833	-172
38.45000	-172
38.45167	-172
38.45333	-173
38.45500	-172
38.45667	-172
38.45833	-173
38.46000	-172
38.46167	-172
38.46333	-172
38.46500	-173
38.46667	-172
38.46833	-173
38.47000	-172
38.47167	-173
38.47333	-173
38.47500	-173
38.47667	-172
38.47833	-173
38.48000	-172
38.48167	-173
38.48333	-172
38.48500	-173
38.48667	-172
38.48833	-172
38.49000	-172
38.49167	-172
38.49333	-172
38.49500	-171
38.49667	-172
38.49833	-171
38.50000	-171
38.50167	-171
38.50333	-171
38.50500	-171
38.50667	-170
38.50833	-171
38.51000	-170
38.51167	-170
38.51333	-170
38.51500	-170
38.51667	-170
38.51833	-170
38.52000	-170
38.52167	-170
38.52333	-170
38.52500	-170
38.52667	-170
38.52833	-170
38.53000	-170
38.53167	-170
38.53333	-170
38.53500	-171
38.53667	-171
38.53833	-171
38.54000	-170
38.54167	-172
38.54333	-171
38.54500	-171
38.54667	-172
38.54833	-172
38.55000	-171
38.55167	-172
38.55333	-172
38.55500	-172
38.55667	-172
38.55833	-172
38.56000	-173
38.56167	-172
38.56333	-173
38.56500	-173
38.56667	-173
38.56833	-173
38.57000	-173
38.57167	-173
38.57333	-173
38.57500	-174
38.57667	-173
38.57833	-174
38.58000	-174
38.58167	-174
38.58333	-175
38.58500	-174
38.58667	-175
38.58833	-174
38.59000	-175
38.59167	-175
38.59333	-175
38.59500	-175
38.59667	-175
38.59833	-176
38.60000	-175
38.60167	-176
38.60333	-175
38.60500	-175
38.60667	-175
38.60833	-175
38.61000	-176
38.61167	-175
38.61333	-174
38.61500	-175
38.61667	-174
38.61833	-175
38.62000	-174
38.62167	-174
38.62333	-174
38.62500	-174
38.62667	-174
38.62833	-174
38.63000	-173
38.63167	-174
38.63333	-173
38.63500	-174
38.63667	-174
38.63833	-173
38.64000	-173
38.64167	-174
38.64333	-173
38.64500	-173
38.64667	-174
38.64833	-173
38.65000	-174
38.65167	-173
38.65333	-174
38.65500	-174
38.65667	-174
38.65833	-173
38.66000	-174
38.66167	-173
38.66333	-174
38.66500	-174
38.66667	-174
38.66833	-174
38.67000	-174
38.67167	-173
38.67333	-174
38.67500	-174
38.67667	-173
38.67833	-174
38.68000	-173
38.68167	-174
38.68333	-173
38.68500	-174
38.68667	-173
38.68833	-174
38.69000	-174
38.69167	-174
38.69333	-173
38.69500	-174
38.69667	-173
38.69833	-174
38.70000	-174
38.70167	-174
38.70333	-174
38.70500	-174
38.70667	-175
38.70833	-175
38.71000	-174
38.71167	-175
38.71333	-175
38.71500	-175
38.71667	-175
38.71833	-175
38.72000	-175
38.72167	-175
38.72333	-175
38.72500	-175
38.72667	-175
38.72833	-175
38.73000	-175
38.73167	-175
38.73333	-175
38.73500	-175
38.73667	-174
38.73833	-175
38.74000	-174
38.74167	-175
38.74333	-174
38.74500	-174
38.74667	-174
38.74833	-174
38.75000	-174
38.75167	-174
38.75333	-174
38.75500	-174
38.75667	-174
38.75833	-173
38.76000	-174
38.76167	-174
38.76333	-175
38.76500	-174
38.76667	-174
38.76833	-174
38.77000	-174
38.77167	-174
38.77333	-174
38.77500	-175
38.77667	-174
38.77833	-174
38.78000	-174
38.78167	-174
38.78333	-174
38.78500	-175
38.78667	-174
38.78833	-174
38.79000	-174
38.79167	-174
38.79333	-174
38.79500	-173
38.79667	-174
38.79833	-174
38.80000	-173
38.80167	-173
38.80333	-174
38.80500	-173
38.80667	-173
38.80833	-173
38.81000	-173
38.81167	-173
38.81333	-173
38.81500	-173
38.81667	-172
38.81833	-173
38.82000	-172
38.82167	-172
38.82333	-172
38.82500	-173
38.82667	-172
38.82833	-172
38.83000	-172
38.83167	-172
38.83333	-173
38.83500	-172
38.83667	-172
38.83833	-173
38.84000	-172
38.84167	-172
38.84333	-173
38.84500	-172
38.84667	-173
38.84833	-173
38.85000	-172
38.85167	-173
38.85333	-173
38.85500	-173
38.85667	-174
38.85833	-173
38.86000	-174
38.86167	-173
38.86333	-174
38.86500	-175
38.86667	-174
38.86833	-174
38.87000	-175
38.87167	-175
38.87333	-175
38.87500	-175
38.87667	-175
38.87833	-176
38.88000	-175
38.88167	-176
38.88333	-176
38.88500	-176
38.88667	-176
38.88833	-176
38.89000	-176
38.89167	-177
38.89333	-176
38.89500	-176
38.89667	-176
38.89833	-176
38.90000	-176
38.90167	-177
38.90333	-176
38.90500	-175
38.90667	-176
38.90833	-176
38.91000	-176
38.91167	-176
38.91333	-175
38.91500	-176
38.91667	-175
38.91833	-175
38.92000	-175
38.92167	-176
38.92333	-175
38.92500	-175
38.92667	-175
38.92833	-175
38.93000	-176
38.93167	-175
38.93333	-175
38.93500	-176
38.93667	-176
38.93833	-175
38.94000	-176
38.94167	-177
38.94333	-176
38.94500	-177
38.94667	-176
38.94833	-177
38.95000	-177
38.95167	-177
38.95333	-177
38.95500	-177
38.95667	-178
38.95833	-177
38.96000	-177
38.96167	-178
38.96333	-178
38.96500	-178
38.96667	-177
38.96833	-178
38.97000	-178
38.97167	-178
38.97333	-178
38.97500	-178
38.97667	-178
38.97833	-178
38.98000	-178
38.98167	-178
38.98333	-178
38.98500	-178
38.98667	-177
38.98833	-178
38.99000	-178
38.99167	-178
38.99333	-178
38.99500	-178
38.99667	-177
38.99833	-178
39.00000	-178
39.00167	-178
39.00333	-177
39.00500	-178
39.00667	-178
39.00833	-178
39.01000	-177
39.01167	-178
39.01333	-177
39.01500	-178
39.01667	-177
39.01833	-178
39.02000	-177
39.02167	-177
39.02333	-177
39.02500	-176
39.02667	-177
39.02833	-177
39.03000	-176
39.03167	-176
39.03333	-177
39.03500	-175
39.03667	-176
39.03833	-176
39.04000	-176
39.04167	-175
39.04333	-176
39.04500	-175
39.04667	-175
39.04833	-175
39.05000	-176
39.05167	-175
39.05333	-175
39.05500	-175
39.05667	-175
39.05833	-175
39.06000	-175
39.06167	-175
39.06333	-175
39.06500	-175
39.06667	-175
39.06833	-175
39.07000	-175
39.07167	-176
39.07333	-175
39.07500	-175
39.07667	-175
39.07833	-175
39.08000	-175
39.08167	-175
39.08333	-175
39.08500	-175
39.08667	-175
39.08833	-176
39.09000	-174
39.09167	-175
39.09333	-175
39.09500	-175
39.09667	-175
39.09833	-175
39.10000	-174
39.10167	-175
39.10333	-174
39.10500	-174
39.10667	-174
39.10833	-174
39.11000	-173
39.11167	-174
39.11333	-174
39.11500	-174
39.11667	-173
39.11833	-174
39.12000	-174
39.12167	-174
39.12333	-174
39.12500	-174
39.12667	-174
39.12833	-174
39.13000	-174
39.13167	-174
39.13333	-175
39.13500	-174
39.13667	-174
39.13833	-174
39.14000	-175
39.14167	-174
39.14333	-175
39.14500	-174
39.14667	-175
39.14833	-175
39.15000	-175
39.15167	-175
39.15333	-175
39.15500	-176
39.15667	-175
39.15833	-175
39.16000	-175
39.16167	-176
39.16333	-175
39.16500	-176
39.16667	-176
39.16833	-176
39.17000	-176
39.17167	-176
39.17333	-176
39.17500	-176
39.17667	-176
39.17833	-176
39.18000	-176
39.18167	-176
39.18333	-175
39.18500	-176
39.18667	-175
39.18833	-176
39.19000	-175
39.19167	-175
39.19333	-175
39.19500	-175
39.19667	-175
39.19833	-174
39.20000	-174
39.20167	-174
39.20333	-174
39.20500	-174
39.20667	-173
39.20833	-173
39.21000	-173
39.21167	-173
39.21333	-173
39.21500	-173
39.21667	-172
39.21833	-172
39.22000	-172
39.22167	-171
39.22333	-172
39.22500	-172
39.22667	-171
39.22833	-171
39.23000	-171
39.23167	-171
39.23333	-171
39.23500	-171
39.23667	-172
39.23833	-171
39.24000	-171
39.24167	-170
39.24333	-171
39.24500	-171
39.24667	-171
39.24833	-171
39.25000	-170
39.25167	-171
39.25333	-171
39.25500	-171
39.25667	-170
39.25833	-171
39.26000	-171
39.26167	-170
39.26333	-171
39.26500	-171
39.26667	-170
39.26833	-171
39.27000	-171
39.27167	-171
39.27333	-171
39.27500	-171
39.27667	-171
39.27833	-171
39.28000	-172
39.28167	-171
39.28333	-171
39.28500	-172
39.28667	-172
39.28833	-172
39.29000	-172
39.29167	-172
39.29333	-173
39.29500	-172
39.29667	-173
39.29833	-172
39.30000	-173
39.30167	-173
39.30333	-173
39.30500	-174
39.30667	-173
39.30833	-173
39.31000	-174
39.31167	-173
39.31333	-174
39.31500	-174
39.31667	-174
39.31833	-174
39.32000	-173
39.32167	-174
39.32333	-174
39.32500	-174
39.32667	-174
39.32833	-174
39.33000	-173
39.33167	-174
39.33333	-173
39.33500	-173
39.33667	-174
39.33833	-172
39.34000	-173
39.34167	-173
39.34333	-172
39.34500	-173
39.34667	-172
39.34833	-172
39.35000	-172
39.35167	-171
39.35333	-172
39.35500	-172
39.35667	-171
39.35833	-172
39.36000	-172
39.36167	-171
39.36333	-172
39.36500	-171
39.36667	-172
39.36833	-172
39.37000	-171
39.37167	-172
39.37333	-172
39.37500	-172
39.37667	-172
39.37833	-173
39.38000	-172
39.38167	-173
39.38333	-173
39.38500	-172
39.38667	-173
39.38833	-174
39.39000	-173
39.39167	-174
39.39333	-173
39.39500	-174
39.39667	-174
39.39833	-174
39.40000	-174
39.40167	-174
39.40333	-174
39.40500	-174
39.40667	-174
39.40833	-174
39.41000	-174
39.41167	-174
39.41333	-174
39.41500	-174
39.41667	-174
39.41833	-173
39.42000	-174
39.42167	-174
39.42333	-174
39.42500	-175
39.42667	-174
39.42833	-174
39.43000	-174
39.43167	-174
39.43333	-175
39.43500	-174
39.43667	-175
39.43833	-174
39.44000	-175
39.44167	-175
39.44333	-175
39.44500	-175
39.44667	-176
39.44833	-176
39.45000	-176
39.45167	-176
39.45333	-176
39.45500	-176
39.45667	-177
39.45833	-176
39.46000	-177
39.46167	-177
39.46333	-176
39.46500	-177
39.46667	-177
39.46833	-177
39.47000	-177
39.47167	-177
39.47333	-177
39.47500	-177
39.47667	-177
39.47833	-177
39.48000	-176
39.48167	-177
39.48333	-177
39.48500	-177
39.48667	-177
39.48833	-177
39.49000	-176
39.49167	-177
39.49333	-176
39.49500	-176
39.49667	-177
39.49833	-176
39.50000	-176
39.50167	-176
39.50333	-176
39.50500	-175
39.50667	-176
39.50833	-176
39.51000	-175
39.51167	-175
39.51333	-176
39.51500	-175
39.51667	-175
39.51833	-175
39.52000	-175
39.52167	-175
39.52333	-174
39.52500	-175
39.52667	-174
39.52833	-174
39.53000	-174
39.53167	-174
39.53333	-174
39.53500	-173
39.53667	-174
39.53833	-173
39.54000	-173
39.54167	-173
39.54333	-173
39.54500	-173
39.54667	-173
39.54833	-173
39.55000	-173
39.55167	-173
39.55333	-172
39.55500	-172
39.55667	-172
39.55833	-172
39.56000	-171
39.56167	-172
39.56333	-171
39.56500	-172
39.56667	-171
39.56833	-172
39.57000	-171
39.57167	-171
39.57333	-171
39.57500	-171
39.57667	-171
39.57833	-170
39.58000	-171
39.58167	-171
39.58333	-171
39.58500	-171
39.58667	-171
39.58833	-171
39.59000	-171
39.59167	-171
39.59333	-171
39.59500	-171
39.59667	-171
39.59833	-171
39.60000	-172
39.60167	-171
39.60333	-172
39.60500	-171
39.60667	-172
39.60833	-172
39.61000	-173
39.61167	-172
39.61333	-173
39.61500	-173
39.61667	-173
39.61833	-173
39.62000	-173
39.62167	-174
39.62333	-173
39.62500	-173
39.62667	-174
39.62833	-173
39.63000	-174
39.63167	-174
39.63333	-174
39.63500	-174
39.63667	-174
39.63833	-174
39.64000	-174
39.64167	-173
39.64333	-174
39.64500	-174
39.64667	-174
39.64833	-174
39.65000	-174
39.65167	-173
39.65333	-174
39.65500	-173
39.65667	-173
39.65833	-173
39.66000	-173
39.66167	-174
39.66333	-173
39.66500	-173
39.66667	-173
39.66833	-173
39.67000	-174
39.67167	-173
39.67333	-174
39.67500	-174
39.67667	-174
39.67833	-174
39.68000	-174
39.68167	-175
39.68333	-175
39.68500	-174
39.68667	-175
39.68833	-175
39.69000	-175
39.69167	-175
39.69333	-176
39.69500	-175
39.69667	-176
39.69833	-176
39.70000	-176
39.70167	-176
39.70333	-176
39.70500	-177
39.70667	-176
39.70833	-177
39.71000	-177
39.71167	-176
39.71333	-177
39.71500	-176
39.71667	-177
39.71833	-177
39.72000	-176
39.72167	-177
39.72333	-177
39.72500	-176
39.72667	-177
39.72833	-177
39.73000	-176
39.73167	-177
39.73333	-177
39.73500	-176
39.73667	-177
39.73833	-176
39.74000	-176
39.74167	-176
39.74333	-176
39.74500	-176
39.74667	-175
39.74833	-176
39.75000	-175
39.75167	-175
39.75333	-175
39.75500	-175
39.75667	-175
39.75833	-175
39.76000	-175
39.76167	-175
39.76333	-175
39.76500	-175
39.76667	-175
39.76833	-175
39.77000	-175
39.77167	-176
39.77333	-175
39.77500	-175
39.77667	-176
39.77833	-175
39.78000	-175
39.78167	-176
39.78333	-176
39.78500	-175
39.78667	-176
39.78833	-177
39.79000	-176
39.79167	-176
39.79333	-176
39.79500	-176
39.79667	-176
39.79833	-177
39.80000	-176
39.80167	-176
39.80333	-176
39.80500	-177
39.80667	-176
39.80833	-175
39.81000	-176
39.81167	-176
39.81333	-175
39.81500	-175
39.81667	-175
39.81833	-175
39.82000	-174
39.82167	-174
39.82333	-175
39.82500	-174
39.82667	-173
39.82833	-174
39.83000	-173
39.83167	-174
39.83333	-173
39.83500	-173
39.83667	-172
39.83833	-173
39.84000	-172
39.84167	-172
39.84333	-172
39.84500	-172
39.84667	-172
39.84833	-172
39.85000	-172
39.85167	-172
39.85333	-172
39.85500	-171
39.85667	-173
39.85833	-172
39.86000	-172
39.86167	-172
39.86333	-173
39.86500	-172
39.86667	-172
39.86833	-173
39.87000	-173
39.87167	-172
39.87333	-173
39.87500	-172
39.87667	-173
39.87833	-173
39.88000	-173
39.88167	-173
39.88333	-172
39.88500	-173
39.88667	-173
39.88833	-173
39.89000	-173
39.89167	-172
39.89333	-173
39.89500	-173
39.89667	-173
39.89833	-173
39.90000	-172
39.90167	-173
39.90333	-173
39.90500	-172
39.90667	-173
39.90833	-172
39.91000	-173
39.91167	-172
39.91333	-172
39.91500	-173
39.91667	-172
39.91833	-173
39.92000	-172
39.92167	-172
39.92333	-173
39.92500	-172
39.92667	-172
39.92833	-172
39.93000	-173
39.93167	-172
39.93333	-172
39.93500	-172
39.93667	-173
39.93833	-172
39.94000	-172
39.94167	-173
39.94333	-173
39.94500	-172
39.94667	-173
39.94833	-173
39.95000	-172
39.95167	-173
39.95333	-173
39.95500	-174
39.95667	-173
39.95833	-173
39.96000	-173
39.96167	-174
39.96333	-173
39.96500	-173
39.96667	-174
39.96833	-173
39.97000	-173
39.97167	-173
39.97333	-174
39.97500	-173
39.97667	-173
39.97833	-174
39.98000	-173
39.98167	-173
39.98333	-173
39.98500	-173
39.98667	-173
39.98833	-173
39.99000	-173
39.99167	-172
39.99333	-173
39.99500	-173
39.99667	-172
39.99833	-172
40.00000	-171
40.00167	-171
40.00333	-172
40.00500	-171
40.00667	-171
40.00833	-171
40.01000	-170
40.01167	-170
40.01333	-170
40.01500	-170
40.01667	-170
40.01833	-169
40.02000	-169
40.02167	-169
40.02333	-169
40.02500	-168
40.02667	-169
40.02833	-168
40.03000	-168
40.03167	-168
40.03333	-168
40.03500	-167
40.03667	-168
40.03833	-167
40.04000	-167
40.04167	-167
40.04333	-167
40.04500	-167
40.04667	-167
40.04833	-167
40.05000	-167
40.05167	-167
40.05333	-167
40.05500	-167
40.05667	-167
40.05833	-167
40.06000	-167
40.06167	-168
40.06333	-167
40.06500	-168
40.06667	-167
40.06833	-168
40.07000	-168
40.07167	-168
40.07333	-167
40.07500	-168
40.07667	-169
40.07833	-168
40.08000	-168
40.08167	-168
40.08333	-169
40.08500	-168
40.08667	-169
40.08833	-169
40.09000	-168
40.09167	-169
40.09333	-170
40.09500	-169
40.09667	-169
40.09833	-169
40.10000	-170
40.10167	-169
40.10333	-169
40.10500	-169
40.10667	-169
40.10833	-169
40.11000	-169
40.11167	-168
40.11333	-169
40.11500	-168
40.11667	-169
40.11833	-168
40.12000	-169
40.12167	-168
40.12333	-169
40.12500	-168
40.12667	-168
40.12833	-168
40.13000	-169
40.13167	-168
40.13333	-169
40.13500	-168
40.13667	-168
40.13833	-168
40.14000	-168
40.14167	-168
40.14333	-168
40.14500	-169
40.14667	-168
40.14833	-169
40.15000	-168
40.15167	-168
40.15333	-169
40.15500	-168
40.15667	-168
40.15833	-168
40.16000	-168
40.16167	-168
40.16333	-168
40.16500	-167
40.16667	-167
40.16833	-167
40.17000	-167
40.17167	-167
40.17333	-167
40.17500	-167
40.17667	-167
40.17833	-166
40.18000	-167
40.18167	-166
40.18333	-167
40.18500	-166
40.18667	-166
40.18833	-166
40.19000	-166
40.19167	-166
40.19333	-166
40.19500	-167
40.19667	-166
40.19833	-166
40.20000	-167
40.20167	-166
40.20333	-167
40.20500	-166
40.20667	-167
40.20833	-167
40.21000	-167
40.21167	-168
40.21333	-167
40.21500	-168
40.21667	-168
40.21833	-167
40.22000	-168
40.22167	-169
40.22333	-168
40.22500	-169
40.22667	-168
40.22833	-169
40.23000	-169
40.23167	-169
40.23333	-169
40.23500	-170
40.23667	-169
40.23833	-169
40.24000	-170
40.24167	-169
40.24333	-170
40.24500	-170
40.24667	-170
40.24833	-170
40.25000	-170
40.25167	-169
40.25333	-170
40.25500	-170
40.25667	-169
40.25833	-170
40.26000	-169
40.26167	-169
40.26333	-169
40.26500	-169
40.26667	-169
40.26833	-169
40.27000	-168
40.27167	-168
40.27333	-168
40.27500	-168
40.27667	-167
40.27833	-168
40.28000	-167
40.28167	-167
40.28333	-167
40.28500	-168
40.28667	-166
40.28833	-167
40.29000	-167
40.29167	-167
40.29333	-166
40.29500	-167
40.29667	-166
40.29833	-167
40.30000	-166
40.30167	-166
40.30333	-166
40.30500	-166
40.30667	-167
40.30833	-166
40.31000	-166
40.31167	-167
40.31333	-166
40.31500	-166
40.31667	-166
40.31833	-166
40.32000	-167
40.32167	-166
40.32333	-166
40.32500	-166
40.32667	-167
40.32833	-166
40.33000	-166
40.33167	-167
40.33333	-166
40.33500	-167
40.33667	-167
40.33833	-167
40.34000	-167
40.34167	-167
40.34333	-168
40.34500	-168
40.34667	-168
40.34833	-169
40.35000	-168
40.35167	-170
40.35333	-169
40.35500	-169
40.35667	-170
40.35833	-170
40.36000	-170
40.36167	-171
40.36333	-171
40.36500	-171
40.36667	-171
40.36833	-172
40.37000	-172
40.37167	-173
40.37333	-172
40.37500	-173
40.37667	-173
40.37833	-173
40.38000	-174
40.38167	-173
40.38333	-174
40.38500	-173
40.38667	-174
40.38833	-174
40.39000	-174
40.39167	-173
40.39333	-174
40.39500	-174
40.39667	-174
40.39833	-174
40.40000	-174
40.40167	-174
40.40333	-174
40.40500	-174
40.40667	-175
40.40833	-174
40.41000	-175
40.41167	-174
40.41333	-175
40.41500	-174
40.41667	-175
40.41833	-176
40.42000	-175
40.42167	-176
40.42333	-176
40.42500	-176
40.42667	-176
40.42833	-176
40.43000	-176
40.43167	-176
40.43333	-177
40.43500	-176
40.43667	-177
40.43833	-177
40.44000	-177
40.44167	-177
40.44333	-177
40.44500	-178
40.44667	-177
40.44833	-178
40.45000	-177
40.45167	-178
40.45333	-177
40.45500	-178
40.45667	-177
40.45833	-178
40.46000	-177
40.46167	-177
40.46333	-177
40.46500	-176
40.46667	-177
40.46833	-176
40.47000	-176
40.47167	-176
40.47333	-175
40.47500	-175
40.47667	-175
40.47833	-175
40.48000	-174
40.48167	-174
40.48333	-174
40.48500	-174
40.48667	-174
40.48833	-173
40.49000	-173
40.49167	-173
40.49333	-173
40.49500	-173
40.49667	-172
40.49833	-172
40.50000	-172
40.50167	-173
40.50333	-172
40.50500	-172
40.50667	-172
40.50833	-172
40.51000	-172
40.51167	-172
40.51333	-172
40.51500	-173
40.51667	-172
40.51833	-173
40.52000	-172
40.52167	-173
40.52333	-173
40.52500	-173
40.52667	-174
40.52833	-173
40.53000	-174
40.53167	-174
40.53333	-174
40.53500	-174
40.53667	-174
40.53833	-175
40.54000	-174
40.54167	-175
40.54333	-175
40.54500	-175
40.54667	-176
40.54833	-175
40.55000	-176
40.55167	-176
40.55333	-176
40.55500	-176
40.55667	-176
40.55833	-177
40.56000	-176
40.56167	-177
40.56333	-176
40.56500	-177
40.56667	-176
40.56833	-176
40.57000	-176
40.57167	-176
40.57333	-176
40.57500	-176
40.57667	-176
40.57833	-176
40.58000	-175
40.58167	-175
40.58333	-176
40.58500	-175
40.58667	-175
40.58833	-174
40.59000	-175
40.59167	-175
40.59333	-174
40.59500	-174
40.59667	-174
40.59833	-174
40.60000	-173
40.60167	-174
40.60333	-173
40.60500	-173
40.60667	-172
40.60833	-173
40.61000	-172
40.61167	-172
40.61333	-172
40.61500	-172
40.61667	-172
40.61833	-172
40.62000	-171
40.62167	-172
40.62333	-171
40.62500	-172
40.62667	-171
40.62833	-171
40.63000	-170
40.63167	-171
40.63333	-171
40.63500	-170
40.63667	-170
40.63833	-171
40.64000	-170
40.64167	-170
40.64333	-170
40.64500	-170
40.64667	-170
40.64833	-170
40.65000	-170
40.65167	-170
40.65333	-170
40.65500	-170
40.65667	-170
40.65833	-170
40.66000	-171
40.66167	-170
40.66333	-171
40.66500	-171
40.66667	-171
40.66833	-171
40.67000	-171
40.67167	-171
40.67333	-172
40.67500	-172
40.67667	-171
40.67833	-172
40.68000	-172
40.68167	-172
40.68333	-173
40.68500	-172
40.68667	-172
40.68833	-173
40.69000	-172
40.69167	-172
40.69333	-172
40.69500	-172
40.69667	-172
40.69833	-172
40.70000	-171
40.70167	-172
40.70333	-172
40.70500	-171
40.70667	-171
40.70833	-172
40.71000	-170
40.71167	-171
40.71333	-171
40.71500	-170
40.71667	-170
40.71833	-171
40.72000	-170
40.72167	-170
40.72333	-170
40.72500	-170
40.72667	-169
40.72833	-170
40.73000	-170
40.73167	-169
40.73333	-169
40.73500	-169
40.73667	-169
40.73833	-170
40.74000	-169
40.74167	-169
40.74333	-169
40.74500	-169
40.74667	-169
40.74833	-169
40.75000	-169
40.75167	-168
40.75333	-169
40.75500	-169
40.75667	-168
40.75833	-169
40.76000	-168
40.76167	-169
40.76333	-168
40.76500	-169
40.76667	-168
40.76833	-168
40.77000	-168
40.77167	-169
40.77333	-168
40.77500	-169
40.77667	-168
40.77833	-169
40.78000	-169
40.78167	-169
40.78333	-169
40.78500	-169
40.78667	-169
40.78833	-170
40.79000	-169
40.79167	-170
40.79333	-170
40.79500	-170
40.79667	-170
40.79833	-170
40.80000	-171
40.80167	-171
40.80333	-171
40.80500	-171
40.80667	-172
40.80833	-173
40.81000	-172
40.81167	-173
40.81333	-173
40.81500	-173
40.81667	-173
40.81833	-174
40.82000	-174
40.82167	-174
40.82333	-174
40.82500	-174
40.82667	-174
40.82833	-174
40.83000	-174
40.83167	-175
40.83333	-174
40.83500	-174
40.83667	-174
40.83833	-175
40.84000	-173
40.84167	-174
40.84333	-173
40.84500	-174
40.84667	-173
40.84833	-173
40.85000	-172
40.85167	-173
40.85333	-172
40.85500	-172
40.85667	-172
40.85833	-171
40.86000	-171
40.86167	-172
40.86333	-170
40.86500	-171
40.86667	-171
40.86833	-170
40.87000	-170
40.87167	-170
40.87333	-170
40.87500	-170
40.87667	-169
40.87833	-170
40.88000	-170
40.88167	-169
40.88333	-170
40.88500	-170
40.88667	-170
40.88833	-170
40.89000	-170
40.89167	-171
40.89333	-171
40.89500	-170
40.89667	-172
40.89833	-171
40.90000	-171
40.90167	-172
40.90333	-171
40.90500	-172
40.90667	-171
40.90833	-172
40.91000	-173
40.91167	-172
40.91333	-172
40.91500	-173
40.91667	-173
40.91833	-173
40.92000	-173
40.92167	-173
40.92333	-173
40.92500	-173
40.92667	-174
40.92833	-173
40.93000	-174
40.93167	-173
40.93333	-174
40.93500	-173
40.93667	-173
40.93833	-173
40.94000	-173
40.94167	-173
40.94333	-173
40.94500	-173
40.94667	-173
40.94833	-173
40.95000	-174
40.95167	-173
40.95333	-173
40.95500	-173
40.95667	-173
40.95833	-174
40.96000	-173
40.96167	-173
40.96333	-173
40.96500	-173
40.96667	-173
40.96833	-173
40.97000	-173
40.97167	-173
40.97333	-173
40.97500	-173
40.97667	-174
40.97833	-173
40.98000	-174
40.98167	-173
40.98333	-174
40.98500	-174
40.98667	-173
40.98833	-174
40.99000	-173
40.99167	-174
40.99333	-174
40.99500	-173
40.99667	-174
40.99833	-173
41.00000	-174
41.00167	-173
41.00333	-173
41.00500	-174
41.00667	-174
41.00833	-173
41.01000	-174
41.01167	-173
41.01333	-174
41.01500	-173
41.01667	-174
41.01833	-173
41.02000	-174
41.02167	-173
41.02333	-173
41.02500	-173
41.02667	-173
41.02833	-173
41.03000	-172
41.03167	-172
41.03333	-172
41.03500	-172
41.03667	-171
41.03833	-172
41.04000	-171
41.04167	-171
41.04333	-171
41.04500	-170
41.04667	-170
41.04833	-170
41.05000	-170
41.05167	-170
41.05333	-170
41.05500	-170
41.05667	-169
41.05833	-170
41.06000	-169
41.06167	-170
41.06333	-169
41.06500	-170
41.06667	-169
41.06833	-170
41.07000	-170
41.07167	-170
41.07333	-170
41.07500	-170
41.07667	-170
41.07833	-171
41.08000	-170
41.08167	-171
41.08333	-171
41.08500	-171
41.08667	-172
41.08833	-171
41.09000	-172
41.09167	-172
41.09333	-173
41.09500	-172
41.09667	-172
41.09833	-173
41.10000	-172
41.10167	-173
41.10333	-172
41.10500	-173
41.10667	-172
41.10833	-173
41.11000	-172
41.11167	-172
41.11333	-172
41.11500	-172
41.11667	-172
41.11833	-172
41.12000	-171
41.12167	-172
41.12333	-171
41.12500	-171
41.12667	-171
41.12833	-171
41.13000	-170
41.13167	-170
41.13333	-169
41.13500	-170
41.13667	-169
41.13833	-169
41.14000	-168
41.14167	-168
41.14333	-169
41.14500	-168
41.14667	-167
41.14833	-168
41.15000	-167
41.15167	-167
41.15333	-167
41.15500	-167
41.15667	-166
41.15833	-167
41.16000	-166
41.16167	-166
41.16333	-166
41.16500	-165
41.16667	-166
41.16833	-165
41.17000	-166
41.17167	-165
41.17333	-166
41.17500	-166
41.17667	-165
41.17833	-166
41.18000	-166
41.18167	-165
41.18333	-166
41.18500	-166
41.18667	-166
41.18833	-166
41.19000	-167
41.19167	-166
41.19333	-166
41.19500	-166
41.19667	-167
41.19833	-166
41.20000	-167
41.20167	-166
41.20333	-166
41.20500	-167
41.20667	-167
41.20833	-167
41.21000	-166
41.21167	-167
41.21333	-167
41.21500	-166
41.21667	-167
41.21833	-166
41.22000	-166
41.22167	-166
41.22333	-166
41.22500	-166
41.22667	-166
41.22833	-165
41.23000	-166
41.23167	-165
41.23333	-165
41.23500	-166
41.23667	-165
41.23833	-165
41.24000	-165
41.24167	-164
41.24333	-165
41.24500	-165
41.24667	-165
41.24833	-165
41.25000	-165
41.25167	-165
41.25333	-165
41.25500	-166
41.25667	-165
41.25833	-166
41.26000	-165
41.26167	-166
41.26333	-166
41.26500	-166
41.26667	-166
41.26833	-167
41.27000	-166
41.27167	-167
41.27333	-167
41.27500	-168
41.27667	-168
41.27833	-168
41.28000	-168
41.28167	-169
41.28333	-168
41.28500	-169
41.28667	-169
41.28833	-169
41.29000	-169
41.29167	-170
41.29333	-169
41.29500	-170
41.29667	-169
41.29833	-170
41.30000	-170
41.30167	-170
41.30333	-170
41.30500	-169
41.30667	-170
41.30833	-170
41.31000	-169
41.31167	-170
41.31333	-169
41.31500	-169
41.31667	-169
41.31833	-169
41.32000	-169
41.32167	-168
41.32333	-168
41.32500	-168
41.32667	-168
41.32833	-167
41.33000	-168
41.33167	-167
41.33333	-167
41.33500	-166
41.33667	-166
41.33833	-166
41.34000	-166
41.34167	-166
41.34333	-165
41.34500	-165
41.34667	-165
41.34833	-165
41.35000	-165
41.35167	-165
41.35333	-165
41.35500	-165
41.35667	-165
41.35833	-165
41.36000	-165
41.36167	-165
41.36333	-165
41.36500	-165
41.36667	-165
41.36833	-165
41.37000	-165
41.37167	-165
41.37333	-165
41.37500	-165
41.37667	-165
41.37833	-165
41.38000	-165
41.38167	-165
41.38333	-166
41.38500	-165
41.38667	-165
41.38833	-166
41.39000	-165
41.39167	-165
41.39333	-165
41.39500	-165
41.39667	-165
41.39833	-165
41.40000	-165
41.40167	-164
41.40333	-165
41.40500	-164
41.40667	-165
41.40833	-164
41.41000	-164
41.41167	-164
41.41333	-164
41.41500	-164
41.41667	-164
41.41833	-164
41.42000	-164
41.42167	-163
41.42333	-164
41.42500	-164
41.42667	-164
41.42833	-164
41.43000	-164
41.43167	-164
41.43333	-165
41.43500	-164
41.43667	-165
41.43833	-164
41.44000	-165
41.44167	-165
41.44333	-165
41.44500	-166
41.44667	-165
41.44833	-166
41.45000	-166
41.45167	-167
41.45333	-166
41.45500	-167
41.45667	-167
41.45833	-167
41.46000	-167
41.46167	-167
41.46333	-167
41.46500	-167
41.46667	-166
41.46833	-167
41.47000	-167
41.47167	-168
41.47333	-167
41.47500	-167
41.47667	-167
41.47833	-166
41.48000	-167
41.48167	-167
41.48333	-167
41.48500	-166
41.48667	-167
41.48833	-166
41.49000	-167
41.49167	-167
41.49333	-166
41.49500	-167
41.49667	-166
41.49833	-167
41.50000	-167
41.50167	-166
41.50333	-167
41.50500	-167
41.50667	-166
41.50833	-167
41.51000	-166
41.51167	-166
41.51333	-167
41.51500	-166
41.51667	-166
41.51833	-166
41.52000	-167
41.52167	-166
41.52333	-165
41.52500	-166
41.52667	-166
41.52833	-165
41.53000	-166
41.53167	-165
41.53333	-165
41.53500	-165
41.53667	-165
41.53833	-165
41.54000	-165
41.54167	-165
41.54333	-164
41.54500	-164
41.54667	-164
41.54833	-164
41.55000	-164
41.55167	-164
41.55333	-164
41.55500	-163
41.55667	-164
41.55833	-163
41.56000	-164
41.56167	-164
41.56333	-163
41.56500	-163
41.56667	-164
41.56833	-163
41.57000	-163
41.57167	-163
41.57333	-163
41.57500	-163
41.57667	-163
41.57833	-162
41.58000	-163
41.58167	-162
41.58333	-162
41.58500	-162
41.58667	-163
41.58833	-162
41.59000	-162
41.59167	-161
41.59333	-162
41.59500	-162
41.59667	-161
41.59833	-161
41.60000	-162
41.60167	-161
41.60333	-161
41.60500	-160
41.60667	-161
41.60833	-161
41.61000	-161
41.61167	-160
41.61333	-161
41.61500	-160
41.61667	-160
41.61833	-160
41.62000	-160
41.62167	-160
41.62333	-161
41.62500	-160
41.62667	-160
41.62833	-160
41.63000	-160
41.63167	-160
41.63333	-160
41.63500	-160
41.63667	-160
41.63833	-160
41.64000	-160
41.64167	-159
41.64333	-160
41.64500	-160
41.64667	-160
41.64833	-160
41.65000	-160
41.65167	-159
41.65333	-160
41.65500	-159
41.65667	-160
41.65833	-159
41.66000	-159
41.66167	-159
41.66333	-159
41.66500	-159
41.66667	-159
41.66833	-159
41.67000	-158
41.67167	-159
41.67333	-159
41.67500	-159
41.67667	-159
41.67833	-159
41.68000	-160
41.68167	-159
41.68333	-160
41.68500	-159
41.68667	-160
41.68833	-160
41.69000	-160
41.69167	-161
41.69333	-160
41.69500	-160
41.69667	-160
41.69833	-161
41.70000	-160
41.70167	-161
41.70333	-161
41.70500	-160
41.70667	-161
41.70833	-161
41.71000	-161
41.71167	-161
41.71333	-161
41.71500	-160
41.71667	-161
41.71833	-161
41.72000	-160
41.72167	-161
41.72333	-161
41.72500	-160
41.72667	-161
41.72833	-161
41.73000	-161
41.73167	-161
41.73333	-161
41.73500	-161
41.73667	-162
41.73833	-161
41.74000	-162
41.74167	-161
41.74333	-162
41.74500	-162
41.74667	-162
41.74833	-162
41.75000	-163
41.75167	-162
41.75333	-162
41.75500	-162
41.75667	-163
41.75833	-162
41.76000	-163
41.76167	-162
41.76333	-163
41.76500	-162
41.76667	-163
41.76833	-163
41.77000	-162
41.77167	-163
41.77333	-162
41.77500	-163
41.77667	-162
41.77833	-162
41.78000	-162
41.78167	-162
41.78333	-161
41.78500	-162
41.78667	-162
41.78833	-161
41.79000	-161
41.79167	-161
41.79333	-161
41.79500	-161
41.79667	-160
41.79833	-160
41.80000	-160
41.80167	-161
41.80333	-160
41.80500	-159
41.80667	-160
41.80833	-160
41.81000	-159
41.81167	-159
41.81333	-159
41.81500	-159
41.81667	-159
41.81833	-158
41.82000	-159
41.82167	-158
41.82333	-158
41.82500	-158
41.82667	-158
41.82833	-158
41.83000	-158
41.83167	-158
41.83333	-158
41.83500	-157
41.83667	-158
41.83833	-158
41.84000	-157
41.84167	-158
41.84333	-158
41.84500	-157
41.84667	-157
41.84833	-158
41.85000	-157
41.85167	-158
41.85333	-157
41.85500	-157
41.85667	-158
41.85833	-157
41.86000	-158
41.86167	-157
41.86333	-158
41.86500	-157
41.86667	-158
41.86833	-158
41.87000	-158
41.87167	-158
41.87333	-158
41.87500	-158
41.87667	-158
41.87833	-159
41.88000	-158
41.88167	-158
41.88333	-159
41.88500	-158
41.88667	-159
41.88833	-158
41.89000	-159
41.89167	-158
41.89333	-158
41.89500	-158
41.89667	-158
41.89833	-159
41.90000	-158
41.90167	-158
41.90333	-157
41.90500	-158
41.90667	-157
41.90833	-157
41.91000	-157
41.91167	-157
41.91333	-157
41.91500	-156
41.91667	-157
41.91833	-156
41.92000	-156
41.92167	-155
41.92333	-156
41.92500	-155
41.92667	-155
41.92833	-155
41.93000	-155
41.93167	-155
41.93333	-154
41.93500	-154
41.93667	-154
41.93833	-154
41.94000	-153
41.94167	-154
41.94333	-153
41.94500	-153
41.94667	-153
41.94833	-152
41.95000	-153
41.95167	-152
41.95333	-152
41.95500	-152
41.95667	-152
41.95833	-152
41.96000	-152
41.96167	-151
41.96333	-152
41.96500	-151
41.96667	-152
41.96833	-152
41.97000	-151
41.97167	-152
41.97333	-152
41.97500	-152
41.97667	-152
41.97833	-152
41.98000	-152
41.98167	-152
41.98333	-152
41.98500	-152
41.98667	-153
41.98833	-152
41.99000	-153
41.99167	-152
41.99333	-153
41.99500	-153
41.99667	-152
41.99833	-153
42.00000	-153
42.00167	-153
42.00333	-154
42.00500	-153
42.00667	-154
42.00833	-153
42.01000	-154
42.01167	-154
42.01333	-153
42.01500	-154
42.01667	-154
42.01833	-154
42.02000	-153
42.02167	-154
42.02333	-154
42.02500	-153
42.02667	-154
42.02833	-154
42.03000	-153
42.03167	-154
42.03333	-153
42.03500	-153
42.03667	-154
42.03833	-153
42.04000	-153
42.04167	-153
42.04333	-153
42.04500	-153
42.04667	-153
42.04833	-153
42.05000	-153
42.05167	-153
42.05333	-153
42.05500	-153
42.05667	-152
42.05833	-153
42.06000	-153
42.06167	-152
42.06333	-153
42.06500	-153
42.06667	-152
42.06833	-153
42.07000	-152
42.07167	-152
42.07333	-152
42.07500	-152
42.07667	-152
42.07833	-151
42.08000	-152
42.08167	-151
42.08333	-150
42.08500	-151
42.08667	-150
42.08833	-150
42.09000	-149
42.09167	-150
42.09333	-149
42.09500	-149
42.09667	-148
42.09833	-149
42.10000	-148
42.10167	-148
42.10333	-148
42.10500	-148
42.10667	-147
42.10833	-148
42.11000	-147
42.11167	-147
42.11333	-146
42.11500	-146
42.11667	-147
42.11833	-146
42.12000	-146
42.12167	-146
42.12333	-146
42.12500	-146
42.12667	-145
42.12833	-146
42.13000	-145
42.13167	-146
42.13333	-145
42.13500	-146
42.13667	-145
42.13833	-146
42.14000	-145
42.14167	-145
42.14333	-146
42.14500	-145
42.14667	-146
42.14833	-145
42.15000	-146
42.15167	-145
42.15333	-145
42.15500	-145
42.15667	-146
42.15833	-145
42.16000	-145
42.16167	-145
42.16333	-144
42.16500	-145
42.16667	-145
42.16833	-145
42.17000	-145
42.17167	-145
42.17333	-144
42.17500	-145
42.17667	-145
42.17833	-145
42.18000	-145
42.18167	-145
42.18333	-145
42.18500	-145
42.18667	-145
42.18833	-145
42.19000	-145
42.19167	-145
42.19333	-145
42.19500	-145
42.19667	-146
42.19833	-145
42.20000	-146
42.20167	-146
42.20333	-146
42.20500	-146
42.20667	-146
42.20833	-146
42.21000	-146
42.21167	-147
42.21333	-146
42.21500	-146
42.21667	-146
42.21833	-147
42.22000	-146
42.22167	-146
42.22333	-146
42.22500	-146
42.22667	-146
42.22833	-147
42.23000	-146
42.23167	-145
42.23333	-146
42.23500	-146
42.23667	-145
42.23833	-146
42.24000	-145
42.24167	-145
42.24333	-145
42.24500	-146
42.24667	-145
42.24833	-145
42.25000	-145
42.25167	-145
42.25333	-145
42.25500	-145
42.25667	-145
42.25833	-146
42.26000	-145
42.26167	-145
42.26333	-145
42.26500	-146
42.26667	-145
42.26833	-145
42.27000	-146
42.27167	-145
42.27333	-146
42.27500	-145
42.27667	-146
42.27833	-145
42.28000	-146
42.28167	-145
42.28333	-145
42.28500	-146
42.28667	-144
42.28833	-145
42.29000	-145
42.29167	-145
42.29333	-144
42.29500	-144
42.29667	-145
42.29833	-144
42.30000	-144
42.30167	-143
42.30333	-144
42.30500	-143
42.30667	-143
42.30833	-143
42.31000	-143
42.31167	-143
42.31333	-143
42.31500	-142
42.31667	-143
42.31833	-142
42.32000	-142
42.32167	-142
42.32333	-142
42.32500	-142
42.32667	-143
42.32833	-142
42.33000	-141
42.33167	-142
42.33333	-142
42.33500	-142
42.33667	-143
42.33833	-142
42.34000	-143
42.34167	-143
42.34333	-143
42.34500	-144
42.34667	-144
42.34833	-144
42.35000	-144
42.35167	-144
42.35333	-145
42.35500	-145
42.35667	-145
42.35833	-146
42.36000	-146
42.36167	-146
42.36333	-146
42.36500	-147
42.36667	-147
42.36833	-146
42.37000	-147
42.37167	-147
42.37333	-147
42.37500	-147
42.37667	-148
42.37833	-147
42.38000	-148
42.38167	-147
42.38333	-147
42.38500	-148
42.38667	-147
42.38833	-147
42.39000	-147
42.39167	-147
42.39333	-147
42.39500	-147
42.39667	-146
42.39833	-147
42.40000	-146
42.40167	-147
42.40333	-146
42.40500	-146
42.40667	-145
42.40833	-146
42.41000	-146
42.41167	-145
42.41333	-146
42.41500	-145
42.41667	-145
42.41833	-145
42.42000	-145
42.42167	-145
42.42333	-145
42.42500	-145
42.42667	-145
42.42833	-146
42.43000	-145
42.43167	-145
42.43333	-145
42.43500	-146
42.43667	-145
42.43833	-146
42.44000	-146
42.44167	-146
42.44333	-146
42.44500	-146
42.44667	-147
42.44833	-147
42.45000	-146
42.45167	-148
42.45333	-147
42.45500	-147
42.45667	-147
42.45833	-148
42.46000	-147
42.46167	-147
42.46333	-147
42.46500	-148
42.46667	-147
42.46833	-148
42.47000	-147
42.47167	-147
42.47333	-148
42.47500	-147
42.47667	-147
42.47833	-147
42.48000	-146
42.48167	-147
42.48333	-146
42.48500	-147
42.48667	-146
42.48833	-147
42.49000	-146
42.49167	-145
42.49333	-146
42.49500	-146
42.49667	-146
42.49833	-146
42.50000	-145
42.50167	-146
42.50333	-146
42.50500	-146
42.50667	-146
42.50833	-146
42.51000	-146
42.51167	-146
42.51333	-146
42.51500	-147
42.51667	-146
42.51833	-147
42.52000	-147
42.52167	-146
42.52333	-148
42.52500	-147
42.52667	-147
42.52833	-147
42.53000	-148
42.53167	-147
42.53333	-148
42.53500	-148
42.53667	-148
42.53833	-148
42.54000	-148
42.54167	-148
42.54333	-148
42.54500	-148
42.54667	-148
42.54833	-148
42.55000	-148
42.55167	-148
42.55333	-148
42.55500	-148
42.55667	-147
42.55833	-148
42.56000	-148
42.56167	-147
42.56333	-148
42.56500	-148
42.56667	-148
42.56833	-148
42.57000	-148
42.57167	-148
42.57333	-148
42.57500	-148
42.57667	-148
42.57833	-148
42.58000	-148
42.58167	-149
42.58333	-148
42.58500	-148
42.58667	-148
42.58833	-148
42.59000	-149
42.59167	-148
42.59333	-148
42.59500	-149
42.59667	-149
42.59833	-149
42.60000	-148
42.60167	-149
42.60333	-149
42.60500	-150
42.60667	-149
42.60833	-149
42.61000	-150
42.61167	-150
42.61333	-149
42.61500	-150
42.61667	-151
42.61833	-150
42.62000	-151
42.62167	-150
42.62333	-151
42.62500	-151
42.62667	-151
42.62833	-151
42.63000	-152
42.63167	-152
42.63333	-151
42.63500	-152
42.63667	-152
42.63833	-152
42.64000	-152
42.64167	-152
42.64333	-152
42.64500	-152
42.64667	-152
42.64833	-152
42.65000	-153
42.65167	-152
42.65333	-152
42.65500	-152
42.65667	-152
42.65833	-152
42.66000	-152
42.66167	-152
42.66333	-151
42.66500	-152
42.66667	-151
42.66833	-152
42.67000	-151
42.67167	-151
42.67333	-152
42.67500	-151
42.67667	-151
42.67833	-152
42.68000	-151
42.68167	-152
42.68333	-151
42.68500	-152
42.68667	-151
42.68833	-152
42.69000	-152
42.69167	-152
42.69333	-152
42.69500	-153
42.69667	-152
42.69833	-153
42.70000	-152
42.70167	-153
42.70333	-152
42.70500	-153
42.70667	-153
42.70833	-152
42.71000	-153
42.71167	-153
42.71333	-153
42.71500	-152
42.71667	-153
42.71833	-152
42.72000	-153
42.72167	-152
42.72333	-152
42.72500	-153
42.72667	-152
42.72833	-152
42.73000	-153
42.73167	-152
42.73333	-152
42.73500	-152
42.73667	-152
42.73833	-153
42.74000	-152
42.74167	-152
42.74333	-153
42.74500	-152
42.74667	-153
42.74833	-153
42.75000	-153
42.75167	-152
42.75333	-153
42.75500	-153
42.75667	-153
42.75833	-153
42.76000	-154
42.76167	-153
42.76333	-153
42.76500	-153
42.76667	-153
42.76833	-154
42.77000	-153
42.77167	-154
42.77333	-154
42.77500	-153
42.77667	-154
42.77833	-153
42.78000	-154
42.78167	-153
42.78333	-154
42.78500	-153
42.78667	-153
42.78833	-154
42.79000	-153
42.79167	-153
42.79333	-153
42.79500	-153
42.79667	-153
42.79833	-153
42.80000	-153
42.80167	-153
42.80333	-153
42.80500	-153
42.80667	-152
42.80833	-153
42.81000	-153
42.81167	-152
42.81333	-152
42.81500	-153
42.81667	-152
42.81833	-152
42.82000	-151
42.82167	-152
42.82333	-152
42.82500	-151
42.82667	-151
42.82833	-151
42.83000	-151
42.83167	-151
42.83333	-151
42.83500	-151
42.83667	-150
42.83833	-151
42.84000	-150
42.84167	-151
42.84333	-151
42.84500	-150
42.84667	-151
42.84833	-151
42.85000	-150
42.85167	-151
42.85333	-151
42.85500	-150
42.85667	-151
42.85833	-151
42.86000	-150
42.86167	-151
42.86333	-150
42.86500	-151
42.86667	-150
42.86833	-150
42.87000	-151
42.87167	-150
42.87333	-151
42.87500	-151
42.87667	-150
42.87833	-151
42.88000	-150
42.88167	-150
42.88333	-151
42.88500	-150
42.88667	-151
42.88833	-150
42.89000	-150
42.89167	-150
42.89333	-150
42.89500	-149
42.89667	-150
42.89833	-150
42.90000	-149
42.90167	-150
42.90333	-149
42.90500	-149
42.90667	-149
42.90833	-149
42.91000	-148
42.91167	-149
42.91333	-148
42.91500	-149
42.91667	-148
42.91833	-148
42.92000	-148
42.92167	-147
42.92333	-148
42.92500	-147
42.92667	-147
42.92833	-147
42.93000	-147
42.93167	-147
42.93333	-146
42.93500	-147
42.93667	-146
42.93833	-147
42.94000	-146
42.94167	-146
42.94333	-147
42.94500	-146
42.94667	-146
42.94833	-146
42.95000	-146
42.95167	-146
42.95333	-145
42.95500	-146
42.95667	-146
42.95833	-145
42.96000	-146
42.96167	-145
42.96333	-145
42.96500	-146
42.96667	-145
42.96833	-145
42.97000	-146
42.97167	-145
42.97333	-144
42.97500	-146
42.97667	-145
42.97833	-145
42.98000	-145
42.98167	-145
42.98333	-145
42.98500	-146
42.98667	-146
42.98833	-145
42.99000	-146
42.99167	-146
42.99333	-145
42.99500	-147
42.99667	-146
42.99833	-146
43.00000	-147
43.00167	-147
43.00333	-147
43.00500	-147
43.00667	-148
43.00833	-148
43.01000	-148
43.01167	-149
43.01333	-149
43.01500	-149
43.01667	-149
43.01833	-149
43.02000	-150
43.02167	-150
43.02333	-150
43.02500	-151
43.02667	-151
43.02833	-151
43.03000	-151
43.03167	-152
43.03333	-151
43.03500	-152
43.03667	-152
43.03833	-153
43.04000	-152
43.04167	-152
43.04333	-153
43.04500	-153
43.04667	-153
43.04833	-153
43.05000	-153
43.05167	-153
43.05333	-153
43.05500	-154
43.05667	-154
43.05833	-154
43.06000	-154
43.06167	-154
43.06333	-154
43.06500	-154
43.06667	-154
43.06833	-154
43.07000	-155
43.07167	-154
43.07333	-155
43.07500	-154
43.07667	-155
43.07833	-154
43.08000	-155
43.08167	-155
43.08333	-155
43.08500	-155
43.08667	-154
43.08833	-156
43.09000	-154
43.09167	-155
43.09333	-155
43.09500	-155
43.09667	-154
43.09833	-155
43.10000	-155
43.10167	-154
43.10333	-155
43.10500	-155
43.10667	-154
43.10833	-154
43.11000	-155
43.11167	-154
43.11333	-154
43.11500	-154
43.11667	-154
43.11833	-154
43.12000	-154
43.12167	-154
43.12333	-153
43.12500	-154
43.12667	-153
43.12833	-154
43.13000	-154
43.13167	-153
43.13333	-153
43.13500	-154
43.13667	-153
43.13833	-154
43.14000	-153
43.14167	-154
43.14333	-153
43.14500	-153
43.14667	-153
43.14833	-154
43.15000	-153
43.15167	-153
43.15333	-154
43.15500	-153
43.15667	-154
43.15833	-154
43.16000	-153
43.16167	-154
43.16333	-154
43.16500	-154
43.16667	-154
43.16833	-155
43.17000	-154
43.17167	-155
43.17333	-155
43.17500	-155
43.17667	-156
43.17833	-156
43.18000	-156
43.18167	-156
43.18333	-156
43.18500	-157
43.18667	-157
43.18833	-157
43.19000	-157
43.19167	-157
43.19333	-157
43.19500	-158
43.19667	-157
43.19833	-158
43.20000	-158
43.20167	-158
43.20333	-158
43.20500	-158
43.20667	-158
43.20833	-159
43.21000	-158
43.21167	-159
43.21333	-159
43.21500	-159
43.21667	-159
43.21833	-159
43.22000	-159
43.22167	-159
43.22333	-159
43.22500	-160
43.22667	-160
43.22833	-159
43.23000	-160
43.23167	-160
43.23333	-160
43.23500	-161
43.23667	-160
43.23833	-161
43.24000	-161
43.24167	-161
43.24333	-161
43.24500	-162
43.24667	-161
43.24833	-162
43.25000	-163
43.25167	-162
43.25333	-162
43.25500	-163
43.25667	-162
43.25833	-163
43.26000	-162
43.26167	-163
43.26333	-163
43.26500	-162
43.26667	-163
43.26833	-163
43.27000	-163
43.27167	-163
43.27333	-163
43.27500	-163
43.27667	-163
43.27833	-163
43.28000	-162
43.28167	-163
43.28333	-162
43.28500	-163
43.28667	-162
43.28833	-163
43.29000	-162
43.29167	-162
43.29333	-162
43.29500	-161
43.29667	-162
43.29833	-161
43.30000	-162
43.30167	-161
43.30333	-161
43.30500	-161
43.30667	-161
43.30833	-161
43.31000	-161
43.31167	-162
43.31333	-161
43.31500	-161
43.31667	-161
43.31833	-161
43.32000	-162
43.32167	-161
43.32333	-161
43.32500	-161
43.32667	-162
43.32833	-161
43.33000	-162
43.33167	-162
43.33333	-162
43.33500	-162
43.33667	-162
43.33833	-163
43.34000	-162
43.34167	-163
43.34333	-163
43.34500	-162
43.34667	-163
43.34833	-162
43.35000	-163
43.35167	-163
43.35333	-163
43.35500	-162
43.35667	-163
43.35833	-162
43.36000	-163
43.36167	-162
43.36333	-162
43.36500	-162
43.36667	-163
43.36833	-162
43.37000	-162
43.37167	-162
43.37333	-161
43.37500	-162
43.37667	-161
43.37833	-162
43.38000	-161
43.38167	-161
43.38333	-161
43.38500	-161
43.38667	-161
43.38833	-161
43.39000	-161
43.39167	-161
43.39333	-161
43.39500	-160
43.39667	-161
43.39833	-160
43.40000	-161
43.40167	-160
43.40333	-161
43.40500	-161
43.40667	-160
43.40833	-161
43.41000	-160
43.41167	-160
43.41333	-161
43.41500	-160
43.41667	-160
43.41833	-160
43.42000	-160
43.42167	-161
43.42333	-160
43.42500	-161
43.42667	-160
43.42833	-161
43.43000	-160
43.43167	-161
43.43333	-160
43.43500	-160
43.43667	-161
43.43833	-160
43.44000	-160
43.44167	-160
43.44333	-160
43.44500	-160
43.44667	-160
43.44833	-160
43.45000	-160
43.45167	-159
43.45333	-160
43.45500	-159
43.45667	-159
43.45833	-159
43.46000	-159
43.46167	-159
43.46333	-159
43.46500	-159
43.46667	-158
43.46833	-159
43.47000	-158
43.47167	-158
43.47333	-158
43.47500	-158
43.47667	-158
43.47833	-158
43.48000	-158
43.48167	-158
43.48333	-158
43.48500	-158
43.48667	-158
43.48833	-158
43.49000	-158
43.49167	-158
43.49333	-158
43.49500	-158
43.49667	-159
43.49833	-158
43.50000	-158
43.50167	-159
43.50333	-158
43.50500	-159
43.50667	-158
43.50833	-159
43.51000	-159
43.51167	-159
43.51333	-159
43.51500	-159
43.51667	-160
43.51833	-159
43.52000	-159
43.52167	-160
43.52333	-160
43.52500	-160
43.52667	-160
43.52833	-161
43.53000	-160
43.53167	-161
43.53333	-161
43.53500	-161
43.53667	-161
43.53833	-161
43.54000	-162
43.54167	-161
43.54333	-161
43.54500	-161
43.54667	-161
43.54833	-161
43.55000	-161
43.55167	-161
43.55333	-160
43.55500	-161
43.55667	-160
43.55833	-160
43.56000	-161
43.56167	-160
43.56333	-160
43.56500	-160
43.56667	-160
43.56833	-161
43.57000	-160
43.57167	-160
43.57333	-160
43.57500	-160
43.57667	-160
43.57833	-159
43.58000	-160
43.58167	-159
43.58333	-160
43.58500	-159
43.58667	-160
43.58833	-159
43.59000	-159
43.59167	-159
43.59333	-159
43.59500	-159
43.59667	-159
43.59833	-159
43.60000	-159
43.60167	-159
43.60333	-159
43.60500	-158
43.60667	-159
43.60833	-159
43.61000	-158
43.61167	-159
43.61333	-159
43.61500	-159
43.61667	-158
43.61833	-159
43.62000	-159
43.62167	-158
43.62333	-159
43.62500	-158
43.62667	-158
43.62833	-159
43.63000	-158
43.63167	-158
43.63333	-157
43.63500	-158
43.63667	-158
43.63833	-158
43.64000	-157
43.64167	-158
43.64333	-157
43.64500	-158
43.64667	-158
43.64833	-157
43.65000	-157
43.65167	-158
43.65333	-157
43.65500	-157
43.65667	-158
43.65833	-157
43.66000	-158
43.66167	-157
43.66333	-158
43.66500	-158
43.66667	-158
43.66833	-158
43.67000	-158
43.67167	-158
43.67333	-158
43.67500	-159
43.67667	-159
43.67833	-158
43.68000	-159
43.68167	-158
43.68333	-159
43.68500	-158
43.68667	-158
43.68833	-158
43.69000	-159
43.69167	-158
43.69333	-158
43.69500	-159
43.69667	-158
43.69833	-159
43.70000	-158
43.70167	-158
43.70333	-158
43.70500	-158
43.70667	-158
43.70833	-158
43.71000	-158
43.71167	-158
43.71333	-157
43.71500	-158
43.71667	-158
43.71833	-157
43.72000	-158
43.72167	-158
43.72333	-158
43.72500	-158
43.72667	-158
43.72833	-158
43.73000	-157
43.73167	-158
43.73333	-159
43.73500	-158
43.73667	-158
43.73833	-159
43.74000	-158
43.74167	-159
43.74333	-159
43.74500	-159
43.74667	-159
43.74833	-159
43.75000	-159
43.75167	-159
43.75333	-160
43.75500	-160
43.75667	-159
43.75833	-160
43.76000	-160
43.76167	-159
43.76333	-160
43.76500	-160
43.76667	-160
43.76833	-160
43.77000	-161
43.77167	-160
43.77333	-160
43.77500	-161
43.77667	-160
43.77833	-161
43.78000	-160
43.78167	-161
43.78333	-160
43.78500	-160
43.78667	-160
43.78833	-160
43.79000	-160
43.79167	-160
43.79333	-159
43.79500	-160
43.79667	-159
43.79833	-159
43.80000	-159
43.80167	-159
43.80333	-158
43.80500	-159
43.80667	-158
43.80833	-158
43.81000	-158
43.81167	-158
43.81333	-158
43.81500	-158
43.81667	-158
43.81833	-157
43.82000	-158
43.82167	-158
43.82333	-157
43.82500	-158
43.82667	-157
43.82833	-158
43.83000	-157
43.83167	-158
43.83333	-157
43.83500	-158
43.83667	-158
43.83833	-157
43.84000	-158
43.84167	-159
43.84333	-158
43.84500	-158
43.84667	-159
43.84833	-158
43.85000	-159
43.85167	-159
43.85333	-159
43.85500	-158
43.85667	-160
43.85833	-159
43.86000	-159
43.86167	-159
43.86333	-160
43.86500	-159
43.86667	-160
43.86833	-160
43.87000	-160
43.87167	-160
43.87333	-161
43.87500	-160
43.87667	-160
43.87833	-161
43.88000	-160
43.88167	-161
43.88333	-160
43.88500	-160
43.88667	-161
43.88833	-160
43.89000	-160
43.89167	-160
43.89333	-161
43.89500	-160
43.89667	-160
43.89833	-160
43.90000	-160
43.90167	-160
43.90333	-160
43.90500	-160
43.90667	-160
43.90833	-159
43.91000	-160
43.91167	-160
43.91333	-159
43.91500	-160
43.91667	-159
43.91833	-159
43.92000	-159
43.92167	-159
43.92333	-159
43.92500	-159
43.92667	-158
43.92833	-159
43.93000	-158
43.93167	-158
43.93333	-158
43.93500	-158
43.93667	-157
43.93833	-158
43.94000	-158
43.94167	-157
43.94333	-157
43.94500	-157
43.94667	-157
43.94833	-157
43.95000	-157
43.95167	-157
43.95333	-157
43.95500	-157
43.95667	-157
43.95833	-157
43.96000	-158
43.96167	-157
43.96333	-157
43.96500	-158
43.96667	-157
43.96833	-158
43.97000	-157
43.97167	-158
43.97333	-158
43.97500	-157
43.97667	-158
43.97833	-158
43.98000	-158
43.98167	-158
43.98333	-158
43.98500	-159
43.98667	-158
43.98833	-158
43.99000	-159
43.99167	-159
43.99333	-158
43.99500	-159
43.99667	-159
43.99833	-159
44.00000	-159
44.00167	-160
44.00333	-159
44.00500	-160
44.00667	-159
44.00833	-160
44.01000	-160
44.01167	-159
44.01333	-160
44.01500	-160
44.01667	-160
44.01833	-160
44.02000	-160
44.02167	-160
44.02333	-160
44.02500	-160
44.02667	-161
44.02833	-160
44.03000	-160
44.03167	-160
44.03333	-160
44.03500	-160
44.03667	-160
44.03833	-160
44.04000	-160
44.04167	-160
44.04333	-160
44.04500	-159
44.04667	-160
44.04833	-160
44.05000	-160
44.05167	-160
44.05333	-159
44.05500	-160
44.05667	-160
44.05833	-160
44.06000	-159
44.06167	-160
44.06333	-159
44.06500	-160
44.06667	-159
44.06833	-159
44.07000	-159
44.07167	-159
44.07333	-159
44.07500	-159
44.07667	-159
44.07833	-159
44.08000	-159
44.08167	-159
44.08333	-158
44.08500	-159
44.08667	-159
44.08833	-159
44.09000	-159
44.09167	-159
44.09333	-159
44.09500	-159
44.09667	-159
44.09833	-158
44.10000	-159
44.10167	-159
44.10333	-159
44.10500	-159
44.10667	-159
44.10833	-158
44.11000	-159
44.11167	-159
44.11333	-159
44.11500	-159
44.11667	-158
44.11833	-159
44.12000	-158
44.12167	-159
44.12333	-159
44.12500	-158
44.12667	-159
44.12833	-159
44.13000	-158
44.13167	-159
44.13333	-159
44.13500	-159
44.13667	-160
44.13833	-159
44.14000	-159
44.14167	-159
44.14333	-160
44.14500	-159
44.14667	-159
44.14833	-160
44.15000	-159
44.15167	-159
44.15333	-160
44.15500	-159
44.15667	-160
44.15833	-159
44.16000	-159
44.16167	-159
44.16333	-160
44.16500	-159
44.16667	-159
44.16833	-158
44.17000	-159
44.17167	-158
44.17333	-159
44.17500	-158
44.17667	-158
44.17833	-158
44.18000	-158
44.18167	-158
44.18333	-157
44.18500	-158
44.18667	-157
44.18833	-158
44.19000	-157
44.19167	-157
44.19333	-157
44.19500	-157
44.19667	-157
44.19833	-157
44.20000	-157
44.20167	-157
44.20333	-157
44.20500	-157
44.20667	-157
44.20833	-157
44.21000	-157
44.21167	-157
44.21333	-157
44.21500	-157
44.21667	-157
44.21833	-157
44.22000	-156
44.22167	-157
44.22333	-157
44.22500	-157
44.22667	-157
44.22833	-158
44.23000	-157
44.23167	-157
44.23333	-157
44.23500	-157
44.23667	-157
44.23833	-157
44.24000	-157
44.24167	-158
44.24333	-157
44.24500	-158
44.24667	-157
44.24833	-158
44.25000	-158
44.25167	-157
44.25333	-158
44.25500	-157
44.25667	-158
44.25833	-158
44.26000	-158
44.26167	-158
44.26333	-158
44.26500	-158
44.26667	-159
44.26833	-158
44.27000	-158
44.27167	-159
44.27333	-158
44.27500	-159
44.27667	-158
44.27833	-159
44.28000	-159
44.28167	-159
44.28333	-158
44.28500	-159
44.28667	-159
44.28833	-158
44.29000	-159
44.29167	-159
44.29333	-158
44.29500	-159
44.29667	-158
44.29833	-159
44.30000	-158
44.30167	-159
44.30333	-158
44.30500	-158
44.30667	-158
44.30833	-158
44.31000	-158
44.31167	-157
44.31333	-158
44.31500	-157
44.31667	-157
44.31833	-157
44.32000	-157
44.32167	-157
44.32333	-156
44.32500	-157
44.32667	-156
44.32833	-156
44.33000	-156
44.33167	-156
44.33333	-156
44.33500	-155
44.33667	-156
44.33833	-155
44.34000	-156
44.34167	-155
44.34333	-155
44.34500	-155
44.34667	-156
44.34833	-155
44.35000	-155
44.35167	-155
44.35333	-155
44.35500	-155
44.35667	-154
44.35833	-155
44.36000	-154
44.36167	-155
44.36333	-154
44.36500	-155
44.36667	-154
44.36833	-155
44.37000	-154
44.37167	-155
44.37333	-154
44.37500	-154
44.37667	-155
44.37833	-154
44.38000	-154
44.38167	-155
44.38333	-154
44.38500	-155
44.38667	-155
44.38833	-155
44.39000	-155
44.39167	-155
44.39333	-155
44.39500	-155
44.39667	-155
44.39833	-154
44.40000	-155
44.40167	-155
44.40333	-155
44.40500	-156
44.40667	-156
44.40833	-155
44.41000	-156
44.41167	-156
44.41333	-155
44.41500	-156
44.41667	-156
44.41833	-156
44.42000	-156
44.42167	-157
44.42333	-156
44.42500	-156
44.42667	-156
44.42833	-157
44.43000	-156
44.43167	-156
44.43333	-157
44.43500	-156
44.43667	-157
44.43833	-157
44.44000	-156
44.44167	-157
44.44333	-157
44.44500	-157
44.44667	-157
44.44833	-157
44.45000	-157
44.45167	-157
44.45333	-157
44.45500	-157
44.45667	-158
44.45833	-157
44.46000	-157
44.46167	-158
44.46333	-157
44.46500	-157
44.46667	-157
44.46833	-157
44.47000	-157
44.47167	-157
44.47333	-156
44.47500	-157
44.47667	-157
44.47833	-157
44.48000	-156
44.48167	-157
44.48333	-157
44.48500	-157
44.48667	-156
44.48833	-157
44.49000	-157
44.49167	-156
44.49333	-157
44.49500	-157
44.49667	-157
44.49833	-156
44.50000	-157
44.50167	-157
44.50333	-157
44.50500	-157
44.50667	-158
44.50833	-157
44.51000	-157
44.51167	-157
44.51333	-158
44.51500	-157
44.51667	-158
44.51833	-157
44.52000	-158
44.52167	-157
44.52333	-157
44.52500	-158
44.52667	-157
44.52833	-157
44.53000	-157
44.53167	-156
44.53333	-157
44.53500	-157
44.53667	-157
44.53833	-157
44.54000	-157
44.54167	-156
44.54333	-157
44.54500	-157
44.54667	-157
44.54833	-157
44.55000	-157
44.55167	-156
44.55333	-157
44.55500	-157
44.55667	-157
44.55833	-157
44.56000	-157
44.56167	-156
44.56333	-157
44.56500	-157
44.56667	-157
44.56833	-157
44.57000	-156
44.57167	-157
44.57333	-157
44.57500	-157
44.57667	-156
44.57833	-157
44.58000	-157
44.58167	-157
44.58333	-156
44.58500	-157
44.58667	-156
44.58833	-156
44.59000	-156
44.59167	-155
44.59333	-156
44.59500	-155
44.59667	-155
44.59833	-155
44.60000	-156
44.60167	-154
44.60333	-155
44.60500	-155
44.60667	-155
44.60833	-155
44.61000	-154
44.61167	-155
44.61333	-154
44.61500	-154
44.61667	-154
44.61833	-154
44.62000	-154
44.62167	-154
44.62333	-154
44.62500	-154
44.62667	-154
44.62833	-153
44.63000	-154
44.63167	-153
44.63333	-153
44.63500	-153
44.63667	-152
44.63833	-152
44.64000	-152
44.64167	-152
44.64333	-152
44.64500	-152
44.64667	-152
44.64833	-151
44.65000	-152
44.65167	-151
44.65333	-151
44.65500	-151
44.65667	-151
44.65833	-151
44.66000	-151
44.66167	-151
44.66333	-151
44.66500	-151
44.66667	-151
44.66833	-151
44.67000	-151
44.67167	-151
44.67333	-151
44.67500	-151
44.67667	-152
44.67833	-151
44.68000	-151
44.68167	-151
44.68333	-151
44.68500	-152
44.68667	-151
44.68833	-151
44.69000	-152
44.69167	-151
44.69333	-152
44.69500	-151
44.69667	-152
44.69833	-151
44.70000	-151
44.70167	-151
44.70333	-152
44.70500	-151
44.70667	-152
44.70833	-152
44.71000	-151
44.71167	-151
44.71333	-152
44.71500	-151
44.71667	-152
44.71833	-151
44.72000	-152
44.72167	-151
44.72333	-152
44.72500	-151
44.72667	-152
44.72833	-151
44.73000	-151
44.73167	-152
44.73333	-151
44.73500	-151
44.73667	-151
44.73833	-151
44.74000	-151
44.74167	-151
44.74333	-151
44.74500	-151
44.74667	-151
44.74833	-151
44.75000	-151
44.75167	-151
44.75333	-151
44.75500	-151
44.75667	-150
44.75833	-151
44.76000	-150
44.76167	-151
44.76333	-150
44.76500	-151
44.76667	-150
44.76833	-150
44.77000	-150
44.77167	-150
44.77333	-150
44.77500	-150
44.77667	-150
44.77833	-150
44.78000	-150
44.78167	-150
44.78333	-149
44.78500	-150
44.78667	-149
44.78833	-150
44.79000	-149
44.79167	-149
44.79333	-150
44.79500	-149
44.79667	-148
44.79833	-149
44.80000	-149
44.80167	-149
44.80333	-148
44.80500	-149
44.80667	-148
44.80833	-148
44.81000	-149
44.81167	-148
44.81333	-148
44.81500	-148
44.81667	-148
44.81833	-148
44.82000	-147
44.82167	-148
44.82333	-148
44.82500	-147
44.82667	-147
44.82833	-147
44.83000	-147
44.83167	-147
44.83333	-147
44.83500	-146
44.83667	-147
44.83833	-146
44.84000	-147
44.84167	-146
44.84333	-145
44.84500	-146
44.84667	-146
44.84833	-145
44.85000	-146
44.85167	-145
44.85333	-145
44.85500	-145
44.85667	-145
44.85833	-146
44.86000	-145
44.86167	-144
44.86333	-145
44.86500	-144
44.86667	-145
44.86833	-145
44.87000	-145
44.87167	-145
44.87333	-145
44.87500	-145
44.87667	-145
44.87833	-145
44.88000	-146
44.88167	-145
44.88333	-146
44.88500	-146
44.88667	-145
44.88833	-146
44.89000	-146
44.89167	-147
44.89333	-146
44.89500	-146
44.89667	-147
44.89833	-147
44.90000	-147
44.90167	-148
44.90333	-147
44.90500	-148
44.90667	-149
44.90833	-148
44.91000	-149
44.91167	-149
44.91333	-149
44.91500	-149
44.91667	-149
44.91833	-150
44.92000	-149
44.92167	-150
44.92333	-151
44.92500	-150
44.92667	-151
44.92833	-150
44.93000	-151
44.93167	-152
44.93333	-151
44.93500	-151
44.93667	-152
44.93833	-152
44.94000	-152
44.94167	-152
44.94333	-152
44.94500	-152
44.94667	-152
44.94833	-152
44.95000	-152
44.95167	-153
44.95333	-152
44.95500	-152
44.95667	-152
44.95833	-152
44.96000	-152
44.96167	-151
44.96333	-152
44.96500	-151
44.96667	-152
44.96833	-151
44.97000	-151
44.97167	-150
44.97333	-151
44.97500	-150
44.97667	-150
44.97833	-150
44.98000	-150
44.98167	-149
44.98333	-150
44.98500	-149
44.98667	-149
44.98833	-148
44.99000	-149
44.99167	-148
44.99333	-148
44.99500	-148
44.99667	-148
44.99833	-148
45.00000	-148
45.00167	-147
45.00333	-147
45.00500	-148
45.00667	-147
45.00833	-147
45.01000	-147
45.01167	-147
45.01333	-148
45.01500	-147
45.01667	-147
45.01833	-147
45.02000	-147
45.02167	-147
45.02333	-147
45.02500	-148
45.02667	-147
45.02833	-148
45.03000	-147
45.03167	-148
45.03333	-147
45.03500	-148
45.03667	-148
45.03833	-147
45.04000	-148
45.04167	-148
45.04333	-148
45.04500	-148
45.04667	-148
45.04833	-148
45.05000	-148
45.05167	-148
45.05333	-148
45.05500	-148
45.05667	-148
45.05833	-147
45.06000	-148
45.06167	-148
45.06333	-147
45.06500	-148
45.06667	-147
45.06833	-148
45.07000	-147
45.07167	-147
45.07333	-147
45.07500	-148
45.07667	-147
45.07833	-147
45.08000	-147
45.08167	-147
45.08333	-148
45.08500	-147
45.08667	-148
45.08833	-147
45.09000	-148
45.09167	-148
45.09333	-148
45.09500	-149
45.09667	-148
45.09833	-148
45.10000	-149
45.10167	-149
45.10333	-149
45.10500	-149
45.10667	-150
45.10833	-149
45.11000	-149
45.11167	-150
45.11333	-149
45.11500	-150
45.11667	-149
45.11833	-150
45.12000	-149
45.12167	-149
45.12333	-149
45.12500	-149
45.12667	-149
45.12833	-148
45.13000	-149
45.13167	-148
45.13333	-148
45.13500	-148
45.13667	-147
45.13833	-148
45.14000	-147
45.14167	-147
45.14333	-147
45.14500	-147
45.14667	-147
45.14833	-146
45.15000	-147
45.15167	-146
45.15333	-146
45.15500	-145
45.15667	-146
45.15833	-146
45.16000	-145
45.16167	-145
45.16333	-145
45.16500	-145
45.16667	-145
45.16833	-144
45.17000	-144
45.17167	-144
45.17333	-144
45.17500	-144
45.17667	-144
45.17833	-143
45.18000	-143
45.18167	-143
45.18333	-143
45.18500	-143
45.18667	-142
45.18833	-143
45.19000	-142
45.19167	-143
45.19333	-142
45.19500	-142
45.19667	-142
45.19833	-142
45.20000	-142
45.20167	-143
45.20333	-142
45.20500	-142
45.20667	-142
45.20833	-142
45.21000	-143
45.21167	-143
45.21333	-143
45.21500	-142
45.21667	-143
45.21833	-143
45.22000	-142
45.22167	-143
45.22333	-143
45.22500	-143
45.22667	-143
45.22833	-144
45.23000	-143
45.23167	-144
45.23333	-144
45.23500	-144
45.23667	-144
45.23833	-144
45.24000	-144
45.24167	-144
45.24333	-144
45.24500	-144
45.24667	-144
45.24833	-144
45.25000	-144
45.25167	-144
45.25333	-144
45.25500	-144
45.25667	-144
45.25833	-144
45.26000	-144
45.26167	-145
45.26333	-144
45.26500	-144
45.26667	-144
45.26833	-144
45.27000	-145
45.27167	-144
45.27333	-144
45.27500	-145
45.27667	-144
45.27833	-144
45.28000	-144
45.28167	-144
45.28333	-144
45.28500	-144
45.28667	-144
45.28833	-144
45.29000	-144
45.29167	-144
45.29333	-144
45.29500	-144
45.29667	-144
45.29833	-145
45.30000	-144
45.30167	-144
45.30333	-144
45.30500	-144
45.30667	-144
45.30833	-144
45.31000	-145
45.31167	-144
45.31333	-144
45.31500	-145
45.31667	-144
45.31833	-144
45.32000	-145
45.32167	-144
45.32333	-145
45.32500	-144
45.32667	-145
45.32833	-145
45.33000	-145
45.33167	-145
45.33333	-145
45.33500	-144
45.33667	-145
45.33833	-145
45.34000	-145
45.34167	-146
45.34333	-144
45.34500	-145
45.34667	-146
45.34833	-144
45.35000	-145
45.35167	-145
45.35333	-145
45.35500	-145
45.35667	-145
45.35833	-144
45.36000	-145
45.36167	-144
45.36333	-145
45.36500	-144
45.36667	-144
45.36833	-145
45.37000	-144
45.37167	-145
45.37333	-144
45.37500	-144
45.37667	-144
45.37833	-144
45.38000	-144
45.38167	-144
45.38333	-143
45.38500	-144
45.38667	-143
45.38833	-144
45.39000	-143
45.39167	-143
45.39333	-144
45.39500	-143
45.39667	-143
45.39833	-142
45.40000	-143
45.40167	-142
45.40333	-142
45.40500	-142
45.40667	-142
45.40833	-142
45.41000	-142
45.41167	-141
45.41333	-141
45.41500	-141
45.41667	-141
45.41833	-140
45.42000	-141
45.42167	-140
45.42333	-139
45.42500	-140
45.42667	-140
45.42833	-139
45.43000	-139
45.43167	-139
45.43333	-139
45.43500	-139
45.43667	-138
45.43833	-139
45.44000	-138
45.44167	-138
45.44333	-139
45.44500	-138
45.44667	-138
45.44833	-138
45.45000	-138
45.45167	-138
45.45333	-138
45.45500	-138
45.45667	-138
45.45833	-137
45.46000	-138
45.46167	-138
45.46333	-137
45.46500	-137
45.46667	-138
45.46833	-137
45.47000	-137
45.47167	-138
45.47333	-137
45.47500	-138
45.47667	-137
45.47833	-138
45.48000	-137
45.48167	-138
45.48333	-137
45.48500	-138
45.48667	-138
45.48833	-137
45.49000	-138
45.49167	-138
45.49333	-137
45.49500	-137
45.49667	-138
45.49833	-137
45.50000	-138
45.50167	-137
45.50333	-137
45.50500	-137
45.50667	-137
45.50833	-137
45.51000	-137
45.51167	-137
45.51333	-136
45.51500	-137
45.51667	-137
45.51833	-136
45.52000	-137
45.52167	-136
45.52333	-136
45.52500	-136
45.52667	-137
45.52833	-136
45.53000	-136
45.53167	-136
45.53333	-136
45.53500	-136
45.53667	-136
45.53833	-136
45.54000	-137
45.54167	-136
45.54333	-137
45.54500	-136
45.54667	-137
45.54833	-137
45.55000	-137
45.55167	-137
45.55333	-137
45.55500	-137
45.55667	-136
45.55833	-137
45.56000	-137
45.56167	-137
45.56333	-137
45.56500	-137
45.56667	-136
45.56833	-137
45.57000	-137
45.57167	-136
45.57333	-137
45.57500	-136
45.57667	-137
45.57833	-136
45.58000	-136
45.58167	-136
45.58333	-136
45.58500	-136
45.58667	-136
45.58833	-135
45.59000	-136
45.59167	-135
45.59333	-135
45.59500	-136
45.59667	-135
45.59833	-136
45.60000	-135
45.60167	-136
45.60333	-136
45.60500	-135
45.60667	-136
45.60833	-136
45.61000	-136
45.61167	-136
45.61333	-136
45.61500	-136
45.61667	-136
45.61833	-136
45.62000	-137
45.62167	-137
45.62333	-137
45.62500	-137
45.62667	-137
45.62833	-137
45.63000	-138
45.63167	-138
45.63333	-138
45.63500	-138
45.63667	-138
45.63833	-139
45.64000	-138
45.64167	-139
45.64333	-138
45.64500	-139
45.64667	-139
45.64833	-139
45.65000	-138
45.65167	-139
45.65333	-139
45.65500	-139
45.65667	-140
45.65833	-139
45.66000	-139
45.66167	-139
45.66333	-139
45.66500	-139
45.66667	-139
45.66833	-139
45.67000	-140
45.67167	-140
45.67333	-139
45.67500	-140
45.67667	-140
45.67833	-141
45.68000	-140
45.68167	-141
45.68333	-140
45.68500	-141
45.68667	-141
45.68833	-141
45.69000	-141
45.69167	-142
45.69333	-142
45.69500	-141
45.69667	-142
45.69833	-142
45.70000	-142
45.70167	-143
45.70333	-142
45.70500	-143
45.70667	-142
45.70833	-143
45.71000	-143
45.71167	-143
45.71333	-143
45.71500	-143
45.71667	-143
45.71833	-143
45.72000	-143
45.72167	-143
45.72333	-143
45.72500	-142
45.72667	-143
45.72833	-143
45.73000	-144
45.73167	-143
45.73333	-142
45.73500	-143
45.73667	-143
45.73833	-143
45.74000	-142
45.74167	-143
45.74333	-143
45.74500	-142
45.74667	-143
45.74833	-143
45.75000	-143
45.75167	-143
45.75333	-142
45.75500	-143
45.75667	-143
45.75833	-143
45.76000	-142
45.76167	-143
45.76333	-142
45.76500	-143
45.76667	-142
45.76833	-142
45.77000	-142
45.77167	-143
45.77333	-141
45.77500	-142
45.77667	-141
45.77833	-142
45.78000	-141
45.78167	-141
45.78333	-140
45.78500	-141
45.78667	-140
45.78833	-140
45.79000	-140
45.79167	-140
45.79333	-139
45.79500	-139
45.79667	-139
45.79833	-139
45.80000	-138
45.80167	-139
45.80333	-138
45.80500	-138
45.80667	-139
45.80833	-138
45.81000	-138
45.81167	-138
45.81333	-138
45.81500	-138
45.81667	-138
45.81833	-138
45.82000	-139
45.82167	-138
45.82333	-138
45.82500	-138
45.82667	-139
45.82833	-138
45.83000	-139
45.83167	-138
45.83333	-139
45.83500	-139
45.83667	-139
45.83833	-139
45.84000	-139
45.84167	-139
45.84333	-139
45.84500	-140
45.84667	-139
45.84833	-140
45.85000	-140
45.85167	-140
45.85333	-141
45.85500	-140
45.85667	-140
45.85833	-141
45.86000	-140
45.86167	-141
45.86333	-141
45.86500	-141
45.86667	-141
45.86833	-141
45.87000	-141
45.87167	-141
45.87333	-141
45.87500	-141
45.87667	-141
45.87833	-141
45.88000	-141
45.88167	-141
45.88333	-141
45.88500	-142
45.88667	-141
45.88833	-141
45.89000	-141
45.89167	-141
45.89333	-141
45.89500	-141
45.89667	-141
45.89833	-141
45.90000	-141
45.90167	-140
45.90333	-141
45.90500	-140
45.90667	-141
45.90833	-140
45.91000	-140
45.91167	-140
45.91333	-140
45.91500	-140
45.91667	-140
45.91833	-140
45.92000	-139
45.92167	-139
45.92333	-140
45.92500	-139
45.92667	-139
45.92833	-139
45.93000	-140
45.93167	-139
45.93333	-139
45.93500	-139
45.93667	-139
45.93833	-139
45.94000	-139
45.94167	-138
45.94333	-139
45.94500	-138
45.94667	-139
45.94833	-138
45.95000	-138
45.95167	-138
45.95333	-138
45.95500	-138
45.95667	-138
45.95833	-137
45.96000	-137
45.96167	-137
45.96333	-136
45.96500	-137
45.96667	-137
45.96833	-136
45.97000	-136
45.97167	-136
45.97333	-136
45.97500	-136
45.97667	-135
45.97833	-136
45.98000	-135
45.98167	-135
45.98333	-136
45.98500	-135
45.98667	-135
45.98833	-134
45.99000	-135
45.99167	-135
45.99333	-135
45.99500	-135
45.99667	-136
45.99833	-135
46.00000	-135
46.00167	-135
46.00333	-135
46.00500	-135
46.00667	-135
46.00833	-136
46.01000	-135
46.01167	-135
46.01333	-136
46.01500	-135
46.01667	-135
46.01833	-136
46.02000	-135
46.02167	-135
46.02333	-135
46.02500	-135
46.02667	-135
46.02833	-135
46.03000	-135
46.03167	-134
46.03333	-135
46.03500	-134
46.03667	-135
46.03833	-134
46.04000	-134
46.04167	-135
46.04333	-134
46.04500	-135
46.04667	-134
46.04833	-135
46.05000	-134
46.05167	-135
46.05333	-134
46.05500	-135
46.05667	-135
46.05833	-135
46.06000	-135
46.06167	-136
46.06333	-135
46.06500	-136
46.06667	-136
46.06833	-136
46.07000	-137
46.07167	-137
46.07333	-137
46.07500	-137
46.07667	-137
46.07833	-137
46.08000	-137
46.08167	-137
46.08333	-138
46.08500	-137
46.08667	-138
46.08833	-138
46.09000	-138
46.09167	-138
46.09333	-138
46.09500	-138
46.09667	-138
46.09833	-137
46.10000	-138
46.10167	-137
46.10333	-138
46.10500	-137
46.10667	-136
46.10833	-137
46.11000	-136
46.11167	-136
46.11333	-136
46.11500	-136
46.11667	-135
46.11833	-135
46.12000	-135
46.12167	-135
46.12333	-134
46.12500	-135
46.12667	-134
46.12833	-134
46.13000	-134
46.13167	-133
46.13333	-133
46.13500	-134
46.13667	-133
46.13833	-133
46.14000	-133
46.14167	-133
46.14333	-134
46.14500	-133
46.14667	-133
46.14833	-133
46.15000	-133
46.15167	-134
46.15333	-133
46.15500	-133
46.15667	-134
46.15833	-134
46.16000	-134
46.16167	-133
46.16333	-134
46.16500	-134
46.16667	-134
46.16833	-134
46.17000	-134
46.17167	-134
46.17333	-134
46.17500	-134
46.17667	-134
46.17833	-134
46.18000	-133
46.18167	-134
46.18333	-134
46.18500	-133
46.18667	-133
46.18833	-133
46.19000	-133
46.19167	-133
46.19333	-133
46.19500	-133
46.19667	-132
46.19833	-133
46.20000	-133
46.20167	-132
46.20333	-132
46.20500	-133
46.20667	-132
46.20833	-132
46.21000	-132
46.21167	-132
46.21333	-132
46.21500	-131
46.21667	-132
46.21833	-131
46.22000	-132
46.22167	-131
46.22333	-131
46.22500	-131
46.22667	-131
46.22833	-131
46.23000	-131
46.23167	-131
46.23333	-131
46.23500	-130
46.23667	-131
46.23833	-130
46.24000	-131
46.24167	-130
46.24333	-130
46.24500	-130
46.24667	-130
46.24833	-130
46.25000	-130
46.25167	-130
46.25333	-129
46.25500	-130
46.25667	-129
46.25833	-129
46.26000	-129
46.26167	-128
46.26333	-129
46.26500	-129
46.26667	-129
46.26833	-129
46.27000	-129
46.27167	-129
46.27333	-129
46.27500	-129
46.27667	-130
46.27833	-129
46.28000	-130
46.28167	-129
46.28333	-130
46.28500	-130
46.28667	-130
46.28833	-131
46.29000	-130
46.29167	-131
46.29333	-131
46.29500	-131
46.29667	-131
46.29833	-131
46.30000	-131
46.30167	-132
46.30333	-131
46.30500	-131
46.30667	-131
46.30833	-132
46.31000	-131
46.31167	-131
46.31333	-131
46.31500	-130
46.31667	-131
46.31833	-130
46.32000	-130
46.32167	-130
46.32333	-130
46.32500	-129
46.32667	-130
46.32833	-129
46.33000	-129
46.33167	-128
46.33333	-129
46.33500	-128
46.33667	-128
46.33833	-128
46.34000	-128
46.34167	-128
46.34333	-128
46.34500	-128
46.34667	-128
46.34833	-128
46.35000	-128
46.35167	-128
46.35333	-129
46.35500	-128
46.35667	-128
46.35833	-129
46.36000	-128
46.36167	-128
46.36333	-128
46.36500	-128
46.36667	-128
46.36833	-129
46.37000	-129
46.37167	-128
46.37333	-129
46.37500	-129
46.37667	-129
46.37833	-128
46.38000	-129
46.38167	-129
46.38333	-129
46.38500	-129
46.38667	-130
46.38833	-129
46.39000	-130
46.39167	-130
46.39333	-130
46.39500	-130
46.39667	-130
46.39833	-130
46.40000	-130
46.40167	-131
46.40333	-130
46.40500	-131
46.40667	-131
46.40833	-131
46.41000	-131
46.41167	-132
46.41333	-131
46.41500	-132
46.41667	-132
46.41833	-131
46.42000	-132
46.42167	-131
46.42333	-132
46.42500	-132
46.42667	-131
46.42833	-132
46.43000	-131
46.43167	-131
46.43333	-131
46.43500	-132
46.43667	-131
46.43833	-131
46.44000	-130
46.44167	-131
46.44333	-130
46.44500	-131
46.44667	-130
46.44833	-131
46.45000	-130
46.45167	-130
46.45333	-131
46.45500	-130
46.45667	-131
46.45833	-130
46.46000	-130
46.46167	-130
46.46333	-130
46.46500	-129
46.46667	-130
46.46833	-130
46.47000	-129
46.47167	-129
46.47333	-129
46.47500	-129
46.47667	-128
46.47833	-128
46.48000	-128
46.48167	-128
46.48333	-128
46.48500	-127
46.48667	-128
46.48833	-127
46.49000	-128
46.49167	-127
46.49333	-127
46.49500	-127
46.49667	-127
46.49833	-127
46.50000	-126
46.50167	-127
46.50333	-127
46.50500	-127
46.50667	-127
46.50833	-127
46.51000	-128
46.51167	-127
46.51333	-128
46.51500	-128
46.51667	-127
46.51833	-128
46.52000	-128
46.52167	-128
46.52333	-128
46.52500	-128
46.52667	-128
46.52833	-129
46.53000	-128
46.53167	-128
46.53333	-129
46.53500	-129
46.53667	-129
46.53833	-129
46.54000	-129
46.54167	-129
46.54333	-129
46.54500	-129
46.54667	-130
46.54833	-129
46.55000	-129
46.55167	-129
46.55333	-130
46.55500	-129
46.55667	-129
46.55833	-129
46.56000	-130
46.56167	-129
46.56333	-129
46.56500	-129
46.56667	-129
46.56833	-130
46.57000	-129
46.57167	-129
46.57333	-130
46.57500	-129
46.57667	-130
46.57833	-129
46.58000	-129
46.58167	-130
46.58333	-129
46.58500	-129
46.58667	-129
46.58833	-129
46.59000	-129
46.59167	-128
46.59333	-129
46.59500	-128
46.59667	-128
46.59833	-128
46.60000	-128
46.60167	-127
46.60333	-128
46.60500	-127
46.60667	-127
46.60833	-127
46.61000	-127
46.61167	-127
46.61333	-127
46.61500	-126
46.61667	-126
46.61833	-126
46.62000	-126
46.62167	-126
46.62333	-125
46.62500	-125
46.62667	-125
46.62833	-125
46.63000	-125
46.63167	-126
46.63333	-124
46.63500	-125
46.63667	-125
46.63833	-124
46.64000	-125
46.64167	-124
46.64333	-125
46.64500	-124
46.64667	-125
46.64833	-124
46.65000	-125
46.65167	-125
46.65333	-125
46.65500	-124
46.65667	-125
46.65833	-125
46.66000	-124
46.66167	-125
46.66333	-124
46.66500	-125
46.66667	-124
46.66833	-125
46.67000	-124
46.67167	-125
46.67333	-124
46.67500	-125
46.67667	-125
46.67833	-125
46.68000	-125
46.68167	-125
46.68333	-125
46.68500	-126
46.68667	-125
46.68833	-126
46.69000	-125
46.69167	-126
46.69333	-126
46.69500	-125
46.69667	-126
46.69833	-126
46.70000	-126
46.70167	-125
46.70333	-126
46.70500	-126
46.70667	-126
46.70833	-126
46.71000	-125
46.71167	-126
46.71333	-126
46.71500	-125
46.71667	-126
46.71833	-125
46.72000	-126
46.72167	-125
46.72333	-126
46.72500	-125
46.72667	-125
46.72833	-125
46.73000	-126
46.73167	-125
46.73333	-125
46.73500	-126
46.73667	-125
46.73833	-126
46.74000	-125
46.74167	-126
46.74333	-125
46.74500	-126
46.74667	-125
46.74833	-126
46.75000	-125
46.75167	-125
46.75333	-126
46.75500	-125
46.75667	-126
46.75833	-126
46.76000	-125
46.76167	-126
46.76333	-126
46.76500	-126
46.76667	-125
46.76833	-126
46.77000	-126
46.77167	-126
46.77333	-126
46.77500	-126
46.77667	-127
46.77833	-126
46.78000	-126
46.78167	-126
46.78333	-126
46.78500	-126
46.78667	-127
46.78833	-126
46.79000	-126
46.79167	-126
46.79333	-126
46.79500	-126
46.79667	-126
46.79833	-126
46.80000	-126
46.80167	-126
46.80333	-126
46.80500	-126
46.80667	-126
46.80833	-126
46.81000	-125
46.81167	-126
46.81333	-126
46.81500	-125
46.81667	-125
46.81833	-126
46.82000	-125
46.82167	-124
46.82333	-125
46.82500	-124
46.82667	-125
46.82833	-124
46.83000	-123
46.83167	-124
46.83333	-124
46.83500	-124
46.83667	-123
46.83833	-123
46.84000	-123
46.84167	-123
46.84333	-123
46.84500	-122
46.84667	-122
46.84833	-122
46.85000	-122
46.85167	-121
46.85333	-121
46.85500	-121
46.85667	-122
46.85833	-120
46.86000	-121
46.86167	-121
46.86333	-120
46.86500	-120
46.86667	-120
46.86833	-120
46.87000	-120
46.87167	-120
46.87333	-120
46.87500	-120
46.87667	-120
46.87833	-120
46.88000	-120
46.88167	-120
46.88333	-120
46.88500	-119
46.88667	-120
46.88833	-120
46.89000	-120
46.89167	-120
46.89333	-119
46.89500	-120
46.89667	-120
46.89833	-120
46.90000	-120
46.90167	-120
46.90333	-120
46.90500	-121
46.90667	-120
46.90833	-121
46.91000	-120
46.91167	-121
46.91333	-121
46.91500	-121
46.91667	-122
46.91833	-121
46.92000	-122
46.92167	-122
46.92333	-122
46.92500	-122
46.92667	-123
46.92833	-122
46.93000	-123
46.93167	-123
46.93333	-123
46.93500	-123
46.93667	-123
46.93833	-124
46.94000	-124
46.94167	-123
46.94333	-124
46.94500	-125
46.94667	-124
46.94833	-126
46.95000	-125
46.95167	-126
46.95333	-125
46.95500	-127
46.95667	-126
46.95833	-127
46.96000	-127
46.96167	-126
46.96333	-128
46.96500	-127
46.96667	-128
46.96833	-127
46.97000	-128
46.97167	-128
46.97333	-129
46.97500	-128
46.97667	-129
46.97833	-128
46.98000	-129
46.98167	-129
46.98333	-128
46.98500	-129
46.98667	-129
46.98833	-128
46.99000	-128
46.99167	-129
46.99333	-128
46.99500	-128
46.99667	-128
46.99833	-128
47.00000	-128
47.00167	-128
47.00333	-127
47.00500	-128
47.00667	-128
47.00833	-127
47.01000	-127
47.01167	-127
47.01333	-127
47.01500	-127
47.01667	-126
47.01833	-127
47.02000	-127
47.02167	-126
47.02333	-126
47.02500	-127
47.02667	-126
47.02833	-126
47.03000	-126
47.03167	-126
47.03333	-126
47.03500	-126
47.03667	-126
47.03833	-126
47.04000	-126
47.04167	-126
47.04333	-125
47.04500	-126
47.04667	-126
47.04833	-126
47.05000	-126
47.05167	-126
47.05333	-126
47.05500	-126
47.05667	-126
47.05833	-127
47.06000	-126
47.06167	-126
47.06333	-127
47.06500	-126
47.06667	-127
47.06833	-128
47.07000	-127
47.07167	-127
47.07333	-128
47.07500	-128
47.07667	-128
47.07833	-128
47.08000	-128
47.08167	-129
47.08333	-128
47.08500	-129
47.08667	-129
47.08833	-128
47.09000	-129
47.09167	-130
47.09333	-129
47.09500	-129
47.09667	-130
47.09833	-130
47.10000	-130
47.10167	-130
47.10333	-130
47.10500	-130
47.10667	-130
47.10833	-130
47.11000	-130
47.11167	-130
47.11333	-130
47.11500	-130
47.11667	-130
47.11833	-131
47.12000	-130
47.12167	-130
47.12333	-130
47.12500	-129
47.12667	-130
47.12833	-130
47.13000	-129
47.13167	-130
47.13333	-129
47.13500	-130
47.13667	-129
47.13833	-130
47.14000	-129
47.14167	-129
47.14333	-130
47.14500	-129
47.14667	-129
47.14833	-129
47.15000	-129
47.15167	-130
47.15333	-129
47.15500	-130
47.15667	-129
47.15833	-130
47.16000	-129
47.16167	-130
47.16333	-129
47.16500	-130
47.16667	-130
47.16833	-129
47.17000	-130
47.17167	-130
47.17333	-129
47.17500	-130
47.17667	-130
47.17833	-129
47.18000	-130
47.18167	-130
47.18333	-129
47.18500	-130
47.18667	-129
47.18833	-130
47.19000	-129
47.19167	-130
47.19333	-130
47.19500	-129
47.19667	-130
47.19833	-130
47.20000	-130
47.20167	-130
47.20333	-130
47.20500	-130
47.20667	-131
47.20833	-130
47.21000	-131
47.21167	-130
47.21333	-131
47.21500	-131
47.21667	-131
47.21833	-131
47.22000	-132
47.22167	-131
47.22333	-132
47.22500	-132
47.22667	-131
47.22833	-132
47.23000	-131
47.23167	-132
47.23333	-131
47.23500	-132
47.23667	-131
47.23833	-131
47.24000	-131
47.24167	-130
47.24333	-131
47.24500	-130
47.24667	-130
47.24833	-130
47.25000	-129
47.25167	-130
47.25333	-129
47.25500	-129
47.25667	-129
47.25833	-128
47.26000	-128
47.26167	-129
47.26333	-128
47.26500	-128
47.26667	-127
47.26833	-128
47.27000	-127
47.27167	-128
47.27333	-127
47.27500	-127
47.27667	-127
47.27833	-127
47.28000	-127
47.28167	-127
47.28333	-127
47.28500	-126
47.28667	-126
47.28833	-126
47.29000	-126
47.29167	-126
47.29333	-125
47.29500	-126
47.29667	-125
47.29833	-125
47.30000	-125
47.30167	-125
47.30333	-124
47.30500	-124
47.30667	-124
47.30833	-124
47.31000	-124
47.31167	-123
47.31333	-124
47.31500	-123
47.31667	-123
47.31833	-122
47.32000	-123
47.32167	-122
47.32333	-122
47.32500	-121
47.32667	-121
47.32833	-121
47.33000	-121
47.33167	-120
47.33333	-120
47.33500	-120
47.33667	-119
47.33833	-119
47.34000	-119
47.34167	-118
47.34333	-119
47.34500	-118
47.34667	-118
47.34833	-118
47.35000	-118
47.35167	-118
47.35333	-118
47.35500	-118
47.35667	-117
47.35833	-118
47.36000	-117
47.36167	-117
47.36333	-117
47.36500	-116
47.36667	-117
47.36833	-116
47.37000	-117
47.37167	-116
47.37333	-116
47.37500	-117
47.37667	-116
47.37833	-116
47.38000	-115
47.38167	-116
47.38333	-115
47.38500	-116
47.38667	-115
47.38833	-115
47.39000	-115
47.39167	-114
47.39333	-115
47.39500	-114
47.39667	-114
47.39833	-114
47.40000	-114
47.40167	-114
47.40333	-114
47.40500	-113
47.40667	-113
47.40833	-113
47.41000	-113
47.41167	-112
47.41333	-112
47.41500	-112
47.41667	-112
47.41833	-112
47.42000	-112
47.42167	-112
47.42333	-111
47.42500	-112
47.42667	-111
47.42833	-112
47.43000	-111
47.43167	-110
47.43333	-111
47.43500	-111
47.43667	-110
47.43833	-111
47.44000	-110
47.44167	-110
47.44333	-109
47.44500	-110
47.44667	-109
47.44833	-109
47.45000	-108
47.45167	-109
47.45333	-108
47.45500	-108
47.45667	-107
47.45833	-108
47.46000	-107
47.46167	-107
47.46333	-108
47.46500	-106
47.46667	-107
47.46833	-106
47.47000	-107
47.47167	-106
47.47333	-105
47.47500	-105
47.47667	-105
47.47833	-105
47.48000	-105
47.48167	-104
47.48333	-104
47.48500	-104
47.48667	-103
47.48833	-103
47.49000	-103
47.49167	-103
47.49333	-102
47.49500	-102
47.49667	-102
47.49833	-100
47.50000	-101
47.50167	-100
47.50333	-100
47.50500	-99
47.50667	-99
47.50833	-98
47.51000	-98
47.51167	-97
47.51333	-96
47.51500	-96
47.51667	-96
47.51833	-94
47.52000	-94
47.52167	-94
47.52333	-92
47.52500	-93
47.52667	-91
47.52833	-91
47.53000	-90
47.53167	-90
47.53333	-89
47.53500	-88
47.53667	-87
47.53833	-87
47.54000	-87
47.54167	-86
47.54333	-85
47.54500	-84
47.54667	-84
47.54833	-83
47.55000	-83
47.55167	-82
47.55333	-82
47.55500	-80
47.55667	-81
47.55833	-79
47.56000	-79
47.56167	-79
47.56333	-77
47.56500	-77
47.56667	-76
47.56833	-75
47.57000	-75
47.57167	-74
47.57333	-73
47.57500	-73
47.57667	-71
47.57833	-72
47.58000	-70
47.58167	-70
47.58333	-69
47.58500	-68
47.58667	-67
47.58833	-67
47.59000	-66
47.59167	-65
47.59333	-64
47.59500	-64
47.59667	-63
47.59833	-62
47.60000	-61
47.60167	-60
47.60333	-59
47.60500	-58
47.60667	-58
47.60833	-56
47.61000	-56
47.61167	-54
47.61333	-54
47.61500	-52
47.61667	-52
47.61833	-51
47.62000	-49
47.62167	-49
47.62333	-48
47.62500	-46
47.62667	-46
47.62833	-45
47.63000	-43
47.63167	-43
47.63333	-41
47.63500	-41
47.63667	-39
47.63833	-38
47.64000	-37
47.64167	-36
47.64333	-35
47.64500	-33
47.64667	-33
47.64833	-31
47.65000	-31
47.65167	-29
47.65333	-28
47.65500	-26
47.65667	-26
47.65833	-24
47.66000	-23
47.66167	-21
47.66333	-20
47.66500	-18
47.66667	-18
47.66833	-15
47.67000	-15
47.67167	-13
47.67333	-11
47.67500	-9
47.67667	-8
47.67833	-6
47.68000	-5
47.68167	-3
47.68333	-2
47.68500	1
47.68667	2
47.68833	3
47.69000	6
47.69167	8
47.69333	9
47.69500	11
47.69667	13
47.69833	15
47.70000	17
47.70167	18
47.70333	21
47.70500	23
47.70667	25
47.70833	27
47.71000	29
47.71167	31
47.71333	33
47.71500	35
47.71667	38
47.71833	39
47.72000	42
47.72167	44
47.72333	47
47.72500	48
47.72667	52
47.72833	53
47.73000	56
47.73167	58
47.73333	61
47.73500	64
47.73667	65
47.73833	69
47.74000	71
47.74167	73
47.74333	77
47.74500	78
47.74667	82
47.74833	84
47.75000	87
47.75167	90
47.75333	92
47.75500	95
47.75667	98
47.75833	101
47.76000	104
47.76167	106
47.76333	109
47.76500	113
47.76667	115
47.76833	118
47.77000	121
47.77167	125
47.77333	127
47.77500	131
47.77667	134
47.77833	137
47.78000	141
47.78167	145
47.78333	148
47.78500	152
47.78667	156
47.78833	159
47.79000	163
47.79167	167
47.79333	172
47.79500	175
47.79667	179
47.79833	184
47.80000	188
47.80167	192
47.80333	198
47.80500	202
47.80667	206
47.80833	212
47.81000	217
47.81167	222
47.81333	226
47.81500	232
47.81667	238
47.81833	242
47.82000	248
47.82167	254
47.82333	260
47.82500	266
47.82667	271
47.82833	278
47.83000	283
47.83167	290
47.83333	296
47.83500	303
47.83667	309
47.83833	315
47.84000	322
47.84167	330
47.84333	336
47.84500	343
47.84667	351
47.84833	358
47.85000	365
47.85167	374
47.85333	381
47.85500	388
47.85667	397
47.85833	404
47.86000	413
47.86167	421
47.86333	431
47.86500	438
47.86667	448
47.86833	457
47.87000	466
47.87167	475
47.87333	485
47.87500	494
47.87667	504
47.87833	514
47.88000	524
47.88167	535
47.88333	546
47.88500	556
47.88667	567
47.88833	579
47.89000	590
47.89167	602
47.89333	614
47.89500	625
47.89667	638
47.89833	650
47.90000	663
47.90167	676
47.90333	690
47.90500	703
47.90667	717
47.90833	731
47.91000	746
47.91167	760
47.91333	774
47.91500	789
47.91667	805
47.91833	820
47.92000	836
47.92167	853
47.92333	870
47.92500	886
47.92667	904
47.92833	921
47.93000	939
47.93167	957
47.93333	975
47.93500	994
47.93667	1012
47.93833	1033
47.94000	1051
47.94167	1072
47.94333	1092
47.94500	1114
47.94667	1135
47.94833	1156
47.95000	1178
47.95167	1200
47.95333	1222
47.95500	1245
47.95667	1268
47.95833	1291
47.96000	1316
47.96167	1340
47.96333	1364
47.96500	1390
47.96667	1416
47.96833	1442
47.97000	1468
47.97167	1494
47.97333	1521
47.97500	1548
47.97667	1575
47.97833	1603
47.98000	1631
47.98167	1661
47.98333	1689
47.98500	1719
47.98667	1749
47.98833	1779
47.99000	1809
47.99167	1840
47.99333	1871
47.99500	1902
47.99667	1934
47.99833	1966
48.00000	1998
48.00167	2031
48.00333	2065
48.00500	2098
48.00667	2133
48.00833	2167
48.01000	2202
48.01167	2236
48.01333	2272
48.01500	2307
48.01667	2342
48.01833	2379
48.02000	2415
48.02167	2453
48.02333	2490
48.02500	2528
48.02667	2567
48.02833	2605
48.03000	2643
48.03167	2682
48.03333	2721
48.03500	2760
48.03667	2800
48.03833	2839
48.04000	2879
48.04167	2921
48.04333	2962
48.04500	3003
48.04667	3046
48.04833	3087
48.05000	3128
48.05167	3171
48.05333	3212
48.05500	3255
48.05667	3297
48.05833	3339
48.06000	3382
48.06167	3426
48.06333	3469
48.06500	3512
48.06667	3557
48.06833	3600
48.07000	3643
48.07167	3687
48.07333	3730
48.07500	3773
48.07667	3816
48.07833	3859
48.08000	3902
48.08167	3946
48.08333	3990
48.08500	4034
48.08667	4077
48.08833	4121
48.09000	4165
48.09167	4207
48.09333	4249
48.09500	4292
48.09667	4333
48.09833	4376
48.10000	4417
48.10167	4460
48.10333	4502
48.10500	4544
48.10667	4585
48.10833	4626
48.11000	4666
48.11167	4707
48.11333	4747
48.11500	4785
48.11667	4825
48.11833	4862
48.12000	4902
48.12167	4939
48.12333	4977
48.12500	5015
48.12667	5052
48.12833	5089
48.13000	5124
48.13167	5160
48.13333	5195
48.13500	5228
48.13667	5262
48.13833	5295
48.14000	5327
48.14167	5360
48.14333	5391
48.14500	5422
48.14667	5453
48.14833	5483
48.15000	5511
48.15167	5540
48.15333	5567
48.15500	5595
48.15667	5620
48.15833	5646
48.16000	5670
48.16167	5695
48.16333	5718
48.16500	5741
48.16667	5763
48.16833	5785
48.17000	5804
48.17167	5825
48.17333	5842
48.17500	5861
48.17667	5878
48.17833	5893
48.18000	5909
48.18167	5923
48.18333	5936
48.18500	5950
48.18667	5962
48.18833	5974
48.19000	5983
48.19167	5994
48.19333	6001
48.19500	6010
48.19667	6016
48.19833	6022
48.20000	6027
48.20167	6032
48.20333	6035
48.20500	6037
48.20667	6038
48.20833	6040
48.21000	6039
48.21167	6038
48.21333	6036
48.21500	6033
48.21667	6028
48.21833	6024
48.22000	6018
48.22167	6012
48.22333	6004
48.22500	5995
48.22667	5986
48.22833	5975
48.23000	5965
48.23167	5953
48.23333	5941
48.23500	5927
48.23667	5913
48.23833	5897
48.24000	5882
48.24167	5865
48.24333	5848
48.24500	5828
48.24667	5809
48.24833	5790
48.25000	5768
48.25167	5748
48.25333	5725
48.25500	5703
48.25667	5680
48.25833	5656
48.26000	5631
48.26167	5605
48.26333	5580
48.26500	5551
48.26667	5525
48.26833	5496
48.27000	5468
48.27167	5439
48.27333	5410
48.27500	5379
48.27667	5349
48.27833	5318
48.28000	5286
48.28167	5253
48.28333	5220
48.28500	5186
48.28667	5152
48.28833	5117
48.29000	5083
48.29167	5048
48.29333	5013
48.29500	4978
48.29667	4941
48.29833	4905
48.30000	4867
48.30167	4831
48.30333	4791
48.30500	4753
48.30667	4714
48.30833	4676
48.31000	4636
48.31167	4597
48.31333	4558
48.31500	4518
48.31667	4479
48.31833	4439
48.32000	4398
48.32167	4358
48.32333	4316
48.32500	4276
48.32667	4234
48.32833	4193
48.33000	4152
48.33167	4111
48.33333	4069
48.33500	4029
48.33667	3987
48.33833	3946
48.34000	3905
48.34167	3862
48.34333	3821
48.34500	3778
48.34667	3736
48.34833	3694
48.35000	3652
48.35167	3612
48.35333	3569
48.35500	3529
48.35667	3487
48.35833	3447
48.36000	3405
48.36167	3364
48.36333	3323
48.36500	3281
48.36667	3241
48.36833	3200
48.37000	3159
48.37167	3119
48.37333	3079
48.37500	3040
48.37667	3000
48.37833	2962
48.38000	2922
48.38167	2882
48.38333	2844
48.38500	2804
48.38667	2766
48.38833	2728
48.39000	2690
48.39167	2653
48.39333	2615
48.39500	2578
48.39667	2541
48.39833	2505
48.40000	2469
48.40167	2432
48.40333	2396
48.40500	2359
48.40667	2324
48.40833	2288
48.41000	2254
48.41167	2219
48.41333	2184
48.41500	2151
48.41667	2118
48.41833	2084
48.42000	2051
48.42167	2018
48.42333	1985
48.42500	1952
48.42667	1921
48.42833	1889
48.43000	1857
48.43167	1826
48.43333	1796
48.43500	1766
48.43667	1736
48.43833	1706
48.44000	1678
48.44167	1648
48.44333	1620
48.44500	1591
48.44667	1563
48.44833	1536
48.45000	1508
48.45167	1481
48.45333	1454
48.45500	1429
48.45667	1402
48.45833	1378
48.46000	1352
48.46167	1326
48.46333	1303
48.46500	1277
48.46667	1253
48.46833	1230
48.47000	1205
48.47167	1184
48.47333	1160
48.47500	1139
48.47667	1116
48.47833	1095
48.48000	1074
48.48167	1053
48.48333	1031
48.48500	1011
48.48667	991
48.48833	971
48.49000	951
48.49167	932
48.49333	913
48.49500	895
48.49667	877
48.49833	859
48.50000	841
48.50167	824
48.50333	806
48.50500	789
48.50667	773
48.50833	757
48.51000	740
48.51167	725
48.51333	708
48.51500	694
48.51667	679
48.51833	664
48.52000	650
48.52167	635
48.52333	620
48.52500	607
48.52667	592
48.52833	579
48.53000	566
48.53167	553
48.53333	540
48.53500	527
48.53667	516
48.53833	502
48.54000	491
48.54167	479
48.54333	468
48.54500	455
48.54667	445
48.54833	434
48.55000	423
48.55167	412
48.55333	402
48.55500	392
48.55667	381
48.55833	373
48.56000	362
48.56167	353
48.56333	345
48.56500	335
48.56667	326
48.56833	318
48.57000	309
48.57167	302
48.57333	293
48.57500	285
48.57667	278
48.57833	270
48.58000	262
48.58167	255
48.58333	248
48.58500	241
48.58667	234
48.58833	227
48.59000	221
48.59167	214
48.59333	208
48.59500	202
48.59667	196
48.59833	190
48.60000	184
48.60167	178
48.60333	173
48.60500	167
48.60667	162
48.60833	157
48.61000	152
48.61167	146
48.61333	142
48.61500	136
48.61667	132
48.61833	128
48.62000	123
48.62167	119
48.62333	114
48.62500	111
48.62667	106
48.62833	102
48.63000	98
48.63167	95
48.63333	90
48.63500	88
48.63667	83
48.63833	81
48.64000	76
48.64167	74
48.64333	70
48.64500	67
48.64667	64
48.64833	61
48.65000	58
48.65167	55
48.65333	52
48.65500	49
48.65667	47
48.65833	43
48.66000	42
48.66167	39
48.66333	36
48.66500	33
48.66667	32
48.66833	29
48.67000	26
48.67167	25
48.67333	23
48.67500	21
48.67667	19
48.67833	18
48.68000	15
48.68167	14
48.68333	11
48.68500	11
48.68667	8
48.68833	7
48.69000	6
48.69167	4
48.69333	2
48.69500	2
48.69667	0
48.69833	-1
48.70000	-3
48.70167	-3
48.70333	-4
48.70500	-6
48.70667	-6
48.70833	-7
48.71000	-8
48.71167	-9
48.71333	-10
48.71500	-11
48.71667	-11
48.71833	-12
48.72000	-13
48.72167	-13
48.72333	-14
48.72500	-14
48.72667	-15
48.72833	-16
48.73000	-17
48.73167	-17
48.73333	-17
48.73500	-18
48.73667	-18
48.73833	-19
48.74000	-19
48.74167	-20
48.74333	-20
48.74500	-20
48.74667	-21
48.74833	-21
48.75000	-21
48.75167	-22
48.75333	-22
48.75500	-22
48.75667	-23
48.75833	-23
48.76000	-23
48.76167	-23
48.76333	-24
48.76500	-24
48.76667	-24
48.76833	-24
48.77000	-24
48.77167	-24
48.77333	-24
48.77500	-25
48.77667	-25
48.77833	-24
48.78000	-26
48.78167	-25
48.78333	-25
48.78500	-25
48.78667	-26
48.78833	-26
48.79000	-26
48.79167	-26
48.79333	-26
48.79500	-26
48.79667	-26
48.79833	-26
48.80000	-26
48.80167	-26
48.80333	-27
48.80500	-26
48.80667	-27
48.80833	-26
48.81000	-27
48.81167	-26
48.81333	-27
48.81500	-27
48.81667	-26
48.81833	-27
48.82000	-27
48.82167	-26
48.82333	-27
48.82500	-27
48.82667	-27
48.82833	-27
48.83000	-27
48.83167	-27
48.83333	-28
48.83500	-27
48.83667	-28
48.83833	-27
48.84000	-28
48.84167	-27
48.84333	-28
48.84500	-27
48.84667	-28
48.84833	-27
48.85000	-28
48.85167	-27
48.85333	-27
48.85500	-27
48.85667	-27
48.85833	-27
48.86000	-27
48.86167	-27
48.86333	-26
48.86500	-26
48.86667	-25
48.86833	-26
48.87000	-25
48.87167	-25
48.87333	-24
48.87500	-24
48.87667	-24
48.87833	-23
48.88000	-23
48.88167	-23
48.88333	-22
48.88500	-22
48.88667	-21
48.88833	-21
48.89000	-21
48.89167	-20
48.89333	-20
48.89500	-20
48.89667	-20
48.89833	-19
48.90000	-19
48.90167	-18
48.90333	-19
48.90500	-18
48.90667	-17
48.90833	-17
48.91000	-18
48.91167	-16
48.91333	-17
48.91500	-16
48.91667	-15
48.91833	-16
48.92000	-15
48.92167	-15
48.92333	-15
48.92500	-14
48.92667	-15
48.92833	-14
48.93000	-14
48.93167	-14
48.93333	-13
48.93500	-14
48.93667	-13
48.93833	-12
48.94000	-13
48.94167	-12
48.94333	-13
48.94500	-12
48.94667	-11
48.94833	-12
48.95000	-11
48.95167	-11
48.95333	-11
48.95500	-11
48.95667	-10
48.95833	-10
48.96000	-11
48.96167	-9
48.96333	-10
48.96500	-9
48.96667	-9
48.96833	-9
48.97000	-9
48.97167	-8
48.97333	-9
48.97500	-8
48.97667	-7
48.97833	-8
48.98000	-7
48.98167	-7
48.98333	-6
48.98500	-7
48.98667	-6
48.98833	-6
48.99000	-6
48.99167	-5
48.99333	-6
48.99500	-5
48.99667	-4
48.99833	-5
49.00000	-4
49.00167	-4
49.00333	-3
49.00500	-3
49.00667	-2
49.00833	-3
49.01000	-1
49.01167	-1
49.01333	-1
49.01500	0
49.01667	0
49.01833	1
49.02000	1
49.02167	2
49.02333	2
49.02500	3
49.02667	3
49.02833	4
49.03000	5
49.03167	5
49.03333	6
49.03500	6
49.03667	8
49.03833	7
49.04000	9
49.04167	8
49.04333	10
49.04500	10
49.04667	11
49.04833	11
49.05000	12
49.05167	13
49.05333	14
49.05500	14
49.05667	16
49.05833	16
49.06000	16
49.06167	18
49.06333	17
49.06500	19
49.06667	20
49.06833	20
49.07000	22
49.07167	22
49.07333	23
49.07500	25
49.07667	25
49.07833	26
49.08000	27
49.08167	28
49.08333	29
49.08500	31
49.08667	31
49.08833	32
49.09000	34
49.09167	34
49.09333	35
49.09500	36
49.09667	38
49.09833	38
49.10000	39
49.10167	39
49.10333	41
49.10500	41
49.10667	41
49.10833	43
49.11000	43
49.11167	43
49.11333	45
49.11500	44
49.11667	46
49.11833	46
49.12000	47
49.12167	47
49.12333	48
49.12500	49
49.12667	49
49.12833	50
49.13000	50
49.13167	51
49.13333	51
49.13500	52
49.13667	52
49.13833	53
49.14000	54
49.14167	54
49.14333	54
49.14500	55
49.14667	56
49.14833	56
49.15000	56
49.15167	57
49.15333	58
49.15500	58
49.15667	59
49.15833	59
49.16000	59
49.16167	60
49.16333	60
49.16500	61
49.16667	61
49.16833	61
49.17000	61
49.17167	62
49.17333	62
49.17500	62
49.17667	63
49.17833	62
49.18000	63
49.18167	63
49.18333	63
49.18500	63
49.18667	63
49.18833	63
49.19000	63
49.19167	63
49.19333	62
49.19500	63
49.19667	62
49.19833	63
49.20000	62
49.20167	62
49.20333	61
49.20500	62
49.20667	61
49.20833	61
49.21000	60
49.21167	61
49.21333	60
49.21500	59
49.21667	60
49.21833	59
49.22000	58
49.22167	59
49.22333	57
49.22500	58
49.22667	57
49.22833	57
49.23000	56
49.23167	56
49.23333	55
49.23500	55
49.23667	55
49.23833	54
49.24000	53
49.24167	53
49.24333	52
49.24500	52
49.24667	51
49.24833	51
49.25000	50
49.25167	50
49.25333	49
49.25500	48
49.25667	47
49.25833	47
49.26000	47
49.26167	45
49.26333	45
49.26500	44
49.26667	44
49.26833	42
49.27000	42
49.27167	42
49.27333	40
49.27500	40
49.27667	38
49.27833	38
49.28000	37
49.28167	36
49.28333	36
49.28500	34
49.28667	34
49.28833	32
49.29000	32
49.29167	31
49.29333	29
49.29500	29
49.29667	28
49.29833	28
49.30000	26
49.30167	26
49.30333	24
49.30500	24
49.30667	22
49.30833	22
49.31000	21
49.31167	20
49.31333	18
49.31500	18
49.31667	17
49.31833	16
49.32000	15
49.32167	14
49.32333	13
49.32500	12
49.32667	11
49.32833	10
49.33000	9
49.33167	8
49.33333	7
49.33500	5
49.33667	5
49.33833	4
49.34000	3
49.34167	2
49.34333	1
49.34500	0
49.34667	-2
49.34833	-2
49.35000	-4
49.35167	-4
49.35333	-5
49.35500	-7
49.35667	-7
49.35833	-8
49.36000	-10
49.36167	-10
49.36333	-11
49.36500	-13
49.36667	-13
49.36833	-14
49.37000	-15
49.37167	-16
49.37333	-18
49.37500	-18
49.37667	-19
49.37833	-20
49.38000	-21
49.38167	-22
49.38333	-23
49.38500	-25
49.38667	-25
49.38833	-26
49.39000	-27
49.39167	-28
49.39333	-29
49.39500	-30
49.39667	-31
49.39833	-32
49.40000	-32
49.40167	-34
49.40333	-35
49.40500	-36
49.40667	-37
49.40833	-37
49.41000	-39
49.41167	-40
49.41333	-41
49.41500	-41
49.41667	-43
49.41833	-43
49.42000	-44
49.42167	-44
49.42333	-46
49.42500	-46
49.42667	-48
49.42833	-48
49.43000	-49
49.43167	-49
49.43333	-51
49.43500	-51
49.43667	-52
49.43833	-52
49.44000	-54
49.44167	-54
49.44333	-55
49.44500	-56
49.44667	-56
49.44833	-57
49.45000	-58
49.45167	-58
49.45333	-59
49.45500	-60
49.45667	-61
49.45833	-61
49.46000	-61
49.46167	-62
49.46333	-63
49.46500	-64
49.46667	-65
49.46833	-65
49.47000	-65
49.47167	-66
49.47333	-67
49.47500	-67
49.47667	-68
49.47833	-68
49.48000	-69
49.48167	-69
49.48333	-69
49.48500	-71
49.48667	-70
49.48833	-70
49.49000	-71
49.49167	-71
49.49333	-71
49.49500	-72
49.49667	-72
49.49833	-72
49.50000	-72
49.50167	-72
49.50333	-73
49.50500	-73
49.50667	-73
49.50833	-74
49.51000	-73
49.51167	-74
49.51333	-74
49.51500	-73
49.51667	-74
49.51833	-75
49.52000	-74
49.52167	-75
49.52333	-75
49.52500	-75
49.52667	-76
49.52833	-76
49.53000	-76
49.53167	-77
49.53333	-76
49.53500	-77
49.53667	-77
49.53833	-78
49.54000	-78
49.54167	-77
49.54333	-79
49.54500	-78
49.54667	-79
49.54833	-79
49.55000	-79
49.55167	-79
49.55333	-80
49.55500	-80
49.55667	-80
49.55833	-81
49.56000	-81
49.56167	-80
49.56333	-81
49.56500	-82
49.56667	-81
49.56833	-82
49.57000	-82
49.57167	-82
49.57333	-82
49.57500	-82
49.57667	-82
49.57833	-83
49.58000	-83
49.58167	-83
49.58333	-83
49.58500	-83
49.58667	-83
49.58833	-84
49.59000	-84
49.59167	-84
49.59333	-84
49.59500	-84
49.59667	-85
49.59833	-85
49.60000	-85
49.60167	-84
49.60333	-86
49.60500	-85
49.60667	-85
49.60833	-86
49.61000	-86
49.61167	-86
49.61333	-86
49.61500	-86
49.61667	-87
49.61833	-87
49.62000	-87
49.62167	-87
49.62333	-87
49.62500	-87
49.62667	-88
49.62833	-88
49.63000	-88
49.63167	-88
49.63333	-89
49.63500	-89
49.63667	-89
49.63833	-89
49.64000	-89
49.64167	-90
49.64333	-89
49.64500	-90
49.64667	-90
49.64833	-90
49.65000	-90
49.65167	-90
49.65333	-91
49.65500	-91
49.65667	-90
49.65833	-91
49.66000	-92
49.66167	-91
49.66333	-91
49.66500	-91
49.66667	-92
49.66833	-91
49.67000	-92
49.67167	-92
49.67333	-91
49.67500	-92
49.67667	-91
49.67833	-92
49.68000	-92
49.68167	-92
49.68333	-92
49.68500	-91
49.68667	-92
49.68833	-92
49.69000	-92
49.69167	-91
49.69333	-92
49.69500	-91
49.69667	-92
49.69833	-91
49.70000	-92
49.70167	-91
49.70333	-91
49.70500	-91
49.70667	-91
49.70833	-92
49.71000	-91
49.71167	-91
49.71333	-91
49.71500	-91
49.71667	-92
49.71833	-91
49.72000	-92
49.72167	-92
49.72333	-91
49.72500	-92
49.72667	-93
49.72833	-92
49.73000	-92
49.73167	-93
49.73333	-93
49.73500	-93
49.73667	-93
49.73833	-93
49.74000	-94
49.74167	-93
49.74333	-94
49.74500	-94
49.74667	-94
49.74833	-94
49.75000	-94
49.75167	-94
49.75333	-94
49.75500	-93
49.75667	-94
49.75833	-94
49.76000	-94
49.76167	-94
49.76333	-94
49.76500	-94
49.76667	-94
49.76833	-94
49.77000	-94
49.77167	-94
49.77333	-94
49.77500	-94
49.77667	-95
49.77833	-94
49.78000	-94
49.78167	-94
49.78333	-95
49.78500	-94
49.78667	-94
49.78833	-95
49.79000	-94
49.79167	-95
49.79333	-94
49.79500	-95
49.79667	-95
49.79833	-94
49.80000	-95
49.80167	-95
49.80333	-94
49.80500	-95
49.80667	-95
49.80833	-94
49.81000	-95
49.81167	-95
49.81333	-94
49.81500	-94
49.81667	-95
49.81833	-94
49.82000	-94
49.82167	-95
49.82333	-94
49.82500	-94
49.82667	-94
49.82833	-94
49.83000	-94
49.83167	-95
49.83333	-94
49.83500	-93
49.83667	-94
49.83833	-94
49.84000	-93
49.84167	-94
49.84333	-93
49.84500	-93
49.84667	-94
49.84833	-93
49.85000	-93
49.85167	-93
49.85333	-94
49.85500	-93
49.85667	-93
49.85833	-94
49.86000	-93
49.86167	-93
49.86333	-94
49.86500	-93
49.86667	-93
49.86833	-93
49.87000	-92
49.87167	-92
49.87333	-93
49.87500	-93
49.87667	-92
49.87833	-92
49.88000	-93
49.88167	-92
49.88333	-91
49.88500	-92
49.88667	-92
49.88833	-92
49.89000	-91
49.89167	-92
49.89333	-91
49.89500	-91
49.89667	-91
49.89833	-90
49.90000	-91
49.90167	-90
49.90333	-91
49.90500	-90
49.90667	-91
49.90833	-90
49.91000	-91
49.91167	-90
49.91333	-91
49.91500	-91
49.91667	-90
49.91833	-91
49.92000	-91
49.92167	-91
49.92333	-90
49.92500	-91
49.92667	-91
49.92833	-91
49.93000	-92
49.93167	-91
49.93333	-91
49.93500	-91
49.93667	-91
49.93833	-91
49.94000	-91
49.94167	-92
49.94333	-91
49.94500	-91
49.94667	-92
49.94833	-92
49.95000	-92
49.95167	-92
49.95333	-92
49.95500	-93
49.95667	-93
49.95833	-92
49.96000	-93
49.96167	-93
49.96333	-93
49.96500	-93
49.96667	-93
49.96833	-93
49.97000	-93
49.97167	-93
49.97333	-92
49.97500	-93
49.97667	-93
49.97833	-93
49.98000	-93
49.98167	-93
49.98333	-93
49.98500	-92
49.98667	-92
49.98833	-93
49.99000	-92
49.99167	-92
49.99333	-92
49.99500	-91
49.99667	-91
49.99833	-91
50.00000	-91
50.00167	-91
50.00333	-91
50.00500	-90
50.00667	-91
50.00833	-90
50.01000	-90
50.01167	-91
50.01333	-89
50.01500	-90
50.01667	-90
50.01833	-89
50.02000	-90
50.02167	-89
50.02333	-89
50.02500	-89
50.02667	-89
50.02833	-89
50.03000	-89
50.03167	-88
50.03333	-89
50.03500	-88
50.03667	-88
50.03833	-88
50.04000	-88
50.04167	-88
50.04333	-87
50.04500	-88
50.04667	-87
50.04833	-87
50.05000	-87
50.05167	-87
50.05333	-86
50.05500	-86
50.05667	-86
50.05833	-85
50.06000	-86
50.06167	-84
50.06333	-85
50.06500	-84
50.06667	-84
50.06833	-83
50.07000	-84
50.07167	-82
50.07333	-83
50.07500	-82
50.07667	-82
50.07833	-81
50.08000	-81
50.08167	-81
50.08333	-80
50.08500	-80
50.08667	-80
50.08833	-80
50.09000	-80
50.09167	-79
50.09333	-79
50.09500	-79
50.09667	-79
50.09833	-79
50.10000	-79
50.10167	-78
50.10333	-79
50.10500	-79
50.10667	-78
50.10833	-79
50.11000	-79
50.11167	-78
50.11333	-79
50.11500	-79
50.11667	-78
50.11833	-79
50.12000	-79
50.12167	-78
50.12333	-79
50.12500	-79
50.12667	-78
50.12833	-79
50.13000	-79
50.13167	-78
50.13333	-79
50.13500	-78
50.13667	-79
50.13833	-79
50.14000	-78
50.14167	-79
50.14333	-79
50.14500	-79
50.14667	-79
50.14833	-78
50.15000	-79
50.15167	-78
50.15333	-78
50.15500	-79
50.15667	-78
50.15833	-78
50.16000	-78
50.16167	-77
50.16333	-77
50.16500	-77
50.16667	-77
50.16833	-77
50.17000	-76
50.17167	-75
50.17333	-76
50.17500	-75
50.17667	-74
50.17833	-74
50.18000	-74
50.18167	-73
50.18333	-74
50.18500	-73
50.18667	-72
50.18833	-73
50.19000	-72
50.19167	-72
50.19333	-71
50.19500	-71
50.19667	-71
50.19833	-71
50.20000	-71
50.20167	-70
50.20333	-70
50.20500	-69
50.20667	-70
50.20833	-69
50.21000	-70
50.21167	-69
50.21333	-70
50.21500	-69
50.21667	-68
50.21833	-69
50.22000	-68
50.22167	-68
50.22333	-68
50.22500	-68
50.22667	-67
50.22833	-68
50.23000	-67
50.23167	-67
50.23333	-66
50.23500	-67
50.23667	-66
50.23833	-66
50.24000	-65
50.24167	-65
50.24333	-65
50.24500	-64
50.24667	-64
50.24833	-64
50.25000	-63
50.25167	-63
50.25333	-63
50.25500	-62
50.25667	-61
50.25833	-62
50.26000	-60
50.26167	-61
50.26333	-60
50.26500	-59
50.26667	-59
50.26833	-59
50.27000	-59
50.27167	-58
50.27333	-57
50.27500	-58
50.27667	-57
50.27833	-56
50.28000	-56
50.28167	-56
50.28333	-56
50.28500	-55
50.28667	-55
50.28833	-55
50.29000	-55
50.29167	-54
50.29333	-54
50.29500	-53
50.29667	-54
50.29833	-53
50.30000	-52
50.30167	-53
50.30333	-52
50.30500	-52
50.30667	-52
50.30833	-51
50.31000	-51
50.31167	-51
50.31333	-51
50.31500	-50
50.31667	-50
50.31833	-49
50.32000	-49
50.32167	-49
50.32333	-48
50.32500	-47
50.32667	-47
50.32833	-47
50.33000	-46
50.33167	-46
50.33333	-45
50.33500	-44
50.33667	-44
50.33833	-43
50.34000	-44
50.34167	-42
50.34333	-42
50.34500	-42
50.34667	-41
50.34833	-41
50.35000	-40
50.35167	-40
50.35333	-39
50.35500	-39
50.35667	-38
50.35833	-38
50.36000	-37
50.36167	-37
50.36333	-36
50.36500	-35
50.36667	-35
50.36833	-34
50.37000	-34
50.37167	-32
50.37333	-33
50.37500	-31
50.37667	-31
50.37833	-31
50.38000	-29
50.38167	-30
50.38333	-28
50.38500	-27
50.38667	-27
50.38833	-25
50.39000	-25
50.39167	-25
50.39333	-23
50.39500	-23
50.39667	-23
50.39833	-21
50.40000	-21
50.40167	-20
50.40333	-19
50.40500	-19
50.40667	-18
50.40833	-17
50.41000	-16
50.41167	-15
50.41333	-15
50.41500	-14
50.41667	-13
50.41833	-13
50.42000	-11
50.42167	-11
50.42333	-10
50.42500	-10
50.42667	-9
50.42833	-8
50.43000	-8
50.43167	-6
50.43333	-6
50.43500	-5
50.43667	-4
50.43833	-4
50.44000	-2
50.44167	-2
50.44333	-1
50.44500	0
50.44667	1
50.44833	2
50.45000	3
50.45167	3
50.45333	5
50.45500	6
50.45667	7
50.45833	8
50.46000	9
50.46167	10
50.46333	12
50.46500	13
50.46667	14
50.46833	15
50.47000	17
50.47167	18
50.47333	20
50.47500	20
50.47667	23
50.47833	23
50.48000	25
50.48167	27
50.48333	28
50.48500	29
50.48667	31
50.48833	33
50.49000	34
50.49167	36
50.49333	37
50.49500	39
50.49667	40
50.49833	43
50.50000	44
50.50167	45
50.50333	48
50.50500	48
50.50667	51
50.50833	52
50.51000	54
50.51167	55
50.51333	57
50.51500	59
50.51667	61
50.51833	62
50.52000	64
50.52167	66
50.52333	67
50.52500	70
50.52667	70
50.52833	73
50.53000	74
50.53167	76
50.53333	78
50.53500	79
50.53667	81
50.53833	83
50.54000	85
50.54167	86
50.54333	88
50.54500	90
50.54667	91
50.54833	93
50.55000	96
50.55167	96
50.55333	99
50.55500	100
50.55667	103
50.55833	104
50.56000	105
50.56167	108
50.56333	109
50.56500	111
50.56667	113
50.56833	114
50.57000	117
50.57167	118
50.57333	120
50.57500	122
50.57667	123
50.57833	125
50.58000	128
50.58167	129
50.58333	131
50.58500	133
50.58667	134
50.58833	137
50.59000	138
50.59167	140
50.59333	142
50.59500	143
50.59667	146
50.59833	147
50.60000	149
50.60167	151
50.60333	153
50.60500	154
50.60667	156
50.60833	158
50.61000	160
50.61167	162
50.61333	164
50.61500	165
50.61667	167
50.61833	168
50.62000	171
50.62167	173
50.62333	174
50.62500	176
50.62667	178
50.62833	180
50.63000	182
50.63167	183
50.63333	185
50.63500	187
50.63667	189
50.63833	191
50.64000	192
50.64167	195
50.64333	196
50.64500	198
50.64667	200
50.64833	201
50.65000	203
50.65167	205
50.65333	206
50.65500	208
50.65667	210
50.65833	212
50.66000	213
50.66167	215
50.66333	216
50.66500	218
50.66667	219
50.66833	221
50.67000	222
50.67167	224
50.67333	226
50.67500	227
50.67667	228
50.67833	230
50.68000	230
50.68167	232
50.68333	234
50.68500	234
50.68667	236
50.68833	237
50.69000	239
50.69167	240
50.69333	241
50.69500	241
50.69667	244
50.69833	244
50.70000	245
50.70167	246
50.70333	247
50.70500	248
50.70667	249
50.70833	249
50.71000	251
50.71167	251
50.71333	252
50.71500	252
50.71667	253
50.71833	254
50.72000	254
50.72167	255
50.72333	255
50.72500	255
50.72667	256
50.72833	256
50.73000	257
50.73167	256
50.73333	257
50.73500	256
50.73667	257
50.73833	257
50.74000	256
50.74167	256
50.74333	257
50.74500	256
50.74667	256
50.74833	256
50.75000	255
50.75167	255
50.75333	254
50.75500	255
50.75667	253
50.75833	253
50.76000	253
50.76167	252
50.76333	251
50.76500	251
50.76667	250
50.76833	249
50.77000	248
50.77167	248
50.77333	247
50.77500	246
50.77667	245
50.77833	244
50.78000	243
50.78167	242
50.78333	241
50.78500	240
50.78667	239
50.78833	238
50.79000	237
50.79167	236
50.79333	234
50.79500	233
50.79667	232
50.79833	230
50.80000	229
50.80167	228
50.80333	226
50.80500	225
50.80667	223
50.80833	222
50.81000	220
50.81167	219
50.81333	217
50.81500	216
50.81667	214
50.81833	213
50.82000	211
50.82167	209
50.82333	207
50.82500	206
50.82667	204
50.82833	202
50.83000	200
50.83167	199
50.83333	196
50.83500	195
50.83667	194
50.83833	191
50.84000	189
50.84167	188
50.84333	185
50.84500	183
50.84667	181
50.84833	179
50.85000	176
50.85167	175
50.85333	173
50.85500	170
50.85667	169
50.85833	166
50.86000	165
50.86167	162
50.86333	160
50.86500	157
50.86667	156
50.86833	153
50.87000	150
50.87167	149
50.87333	146
50.87500	145
50.87667	142
50.87833	140
50.88000	138
50.88167	135
50.88333	134
50.88500	131
50.88667	129
50.88833	127
50.89000	126
50.89167	122
50.89333	121
50.89500	118
50.89667	117
50.89833	114
50.90000	112
50.90167	110
50.90333	108
50.90500	106
50.90667	104
50.90833	101
50.91000	99
50.91167	97
50.91333	94
50.91500	92
50.91667	90
50.91833	88
50.92000	85
50.92167	82
50.92333	81
50.92500	78
50.92667	76
50.92833	74
50.93000	72
50.93167	69
50.93333	67
50.93500	64
50.93667	62
50.93833	60
50.94000	58
50.94167	55
50.94333	54
50.94500	52
50.94667	49
50.94833	47
50.95000	46
50.95167	43
50.95333	42
50.95500	40
50.95667	38
50.95833	35
50.96000	34
50.96167	33
50.96333	30
50.96500	29
50.96667	27
50.96833	25
50.97000	24
50.97167	22
50.97333	21
50.97500	19
50.97667	17
50.97833	16
50.98000	14
50.98167	13
50.98333	12
50.98500	10
50.98667	9
50.98833	7
50.99000	6
50.99167	4
50.99333	4
50.99500	2
50.99667	1
50.99833	-1
51.00000	-1
51.00167	-3
51.00333	-4
51.00500	-5
51.00667	-6
51.00833	-7
51.01000	-8
51.01167	-10
51.01333	-10
51.01500	-12
51.01667	-12
51.01833	-14
51.02000	-15
51.02167	-15
51.02333	-17
51.02500	-17
51.02667	-19
51.02833	-20
51.03000	-20
51.03167	-22
51.03333	-22
51.03500	-23
51.03667	-25
51.03833	-25
51.04000	-26
51.04167	-27
51.04333	-27
51.04500	-29
51.04667	-29
51.04833	-31
51.05000	-31
51.05167	-32
51.05333	-32
51.05500	-33
51.05667	-34
51.05833	-35
51.06000	-35
51.06167	-36
51.06333	-36
51.06500	-37
51.06667	-38
51.06833	-38
51.07000	-38
51.07167	-39
51.07333	-40
51.07500	-40
51.07667	-40
51.07833	-41
51.08000	-41
51.08167	-41
51.08333	-42
51.08500	-42
51.08667	-42
51.08833	-43
51.09000	-43
51.09167	-43
51.09333	-44
51.09500	-43
51.09667	-44
51.09833	-44
51.10000	-45
51.10167	-44
51.10333	-44
51.10500	-45
51.10667	-45
51.10833	-45
51.11000	-45
51.11167	-45
51.11333	-46
51.11500	-45
51.11667	-45
51.11833	-46
51.12000	-45
51.12167	-46
51.12333	-46
51.12500	-45
51.12667	-46
51.12833	-46
51.13000	-46
51.13167	-45
51.13333	-46
51.13500	-46
51.13667	-45
51.13833	-46
51.14000	-46
51.14167	-46
51.14333	-46
51.14500	-46
51.14667	-46
51.14833	-46
51.15000	-46
51.15167	-46
51.15333	-45
51.15500	-46
51.15667	-46
51.15833	-46
51.16000	-46
51.16167	-46
51.16333	-46
51.16500	-46
51.16667	-46
51.16833	-46
51.17000	-46
51.17167	-46
51.17333	-46
51.17500	-46
51.17667	-47
51.17833	-46
51.18000	-46
51.18167	-46
51.18333	-46
51.18500	-46
51.18667	-45
51.18833	-45
51.19000	-46
51.19167	-45
51.19333	-44
51.19500	-45
51.19667	-44
51.19833	-44
51.20000	-44
51.20167	-44
51.20333	-44
51.20500	-43
51.20667	-44
51.20833	-43
51.21000	-43
51.21167	-43
51.21333	-43
51.21500	-42
51.21667	-42
51.21833	-42
51.22000	-42
51.22167	-42
51.22333	-41
51.22500	-41
51.22667	-41
51.22833	-41
51.23000	-41
51.23167	-41
51.23333	-40
51.23500	-40
51.23667	-40
51.23833	-40
51.24000	-39
51.24167	-39
51.24333	-39
51.24500	-38
51.24667	-38
51.24833	-37
51.25000	-37
51.25167	-36
51.25333	-36
51.25500	-36
51.25667	-35
51.25833	-34
51.26000	-34
51.26167	-34
51.26333	-33
51.26500	-32
51.26667	-32
51.26833	-32
51.27000	-31
51.27167	-30
51.27333	-30
51.27500	-30
51.27667	-29
51.27833	-28
51.28000	-28
51.28167	-28
51.28333	-27
51.28500	-27
51.28667	-26
51.28833	-26
51.29000	-26
51.29167	-25
51.29333	-25
51.29500	-24
51.29667	-24
51.29833	-23
51.30000	-24
51.30167	-23
51.30333	-23
51.30500	-22
51.30667	-22
51.30833	-22
51.31000	-22
51.31167	-21
51.31333	-21
51.31500	-20
51.31667	-21
51.31833	-20
51.32000	-19
51.32167	-19
51.32333	-19
51.32500	-18
51.32667	-19
51.32833	-18
51.33000	-17
51.33167	-17
51.33333	-17
51.33500	-16
51.33667	-15
51.33833	-15
51.34000	-15
51.34167	-14
51.34333	-14
51.34500	-13
51.34667	-13
51.34833	-13
51.35000	-11
51.35167	-12
51.35333	-11
51.35500	-10
51.35667	-10
51.35833	-9
51.36000	-9
51.36167	-9
51.36333	-7
51.36500	-7
51.36667	-6
51.36833	-6
51.37000	-6
51.37167	-4
51.37333	-4
51.37500	-4
51.37667	-3
51.37833	-2
51.38000	-2
51.38167	-2
51.38333	-1
51.38500	0
51.38667	0
51.38833	1
51.39000	1
51.39167	1
51.39333	3
51.39500	2
51.39667	3
51.39833	4
51.40000	3
51.40167	5
51.40333	4
51.40500	5
51.40667	6
51.40833	5
51.41000	7
51.41167	6
51.41333	7
51.41500	7
51.41667	7
51.41833	8
51.42000	8
51.42167	8
51.42333	9
51.42500	9
51.42667	10
51.42833	9
51.43000	10
51.43167	10
51.43333	9
51.43500	10
51.43667	10
51.43833	10
51.44000	10
51.44167	10
51.44333	10
51.44500	10
51.44667	10
51.44833	10
51.45000	10
51.45167	10
51.45333	10
51.45500	11
51.45667	10
51.45833	10
51.46000	11
51.46167	10
51.46333	11
51.46500	10
51.46667	11
51.46833	10
51.47000	10
51.47167	11
51.47333	10
51.47500	11
51.47667	11
51.47833	11
51.48000	10
51.48167	11
51.48333	12
51.48500	11
51.48667	11
51.48833	11
51.49000	12
51.49167	11
51.49333	12
51.49500	12
51.49667	11
51.49833	12
51.50000	11
51.50167	12
51.50333	12
51.50500	11
51.50667	12
51.50833	11
51.51000	12
51.51167	11
51.51333	11
51.51500	12
51.51667	11
51.51833	11
51.52000	10
51.52167	11
51.52333	11
51.52500	10
51.52667	10
51.52833	10
51.53000	10
51.53167	10
51.53333	9
51.53500	10
51.53667	9
51.53833	9
51.54000	9
51.54167	9
51.54333	9
51.54500	9
51.54667	9
51.54833	9
51.55000	9
51.55167	9
51.55333	9
51.55500	9
51.55667	9
51.55833	9
51.56000	10
51.56167	9
51.56333	9
51.56500	9
51.56667	9
51.56833	9
51.57000	9
51.57167	8
51.57333	9
51.57500	9
51.57667	8
51.57833	9
51.58000	8
51.58167	7
51.58333	8
51.58500	7
51.58667	6
51.58833	6
51.59000	6
51.59167	5
51.59333	5
51.59500	4
51.59667	4
51.59833	4
51.60000	3
51.60167	2
51.60333	2
51.60500	2
51.60667	2
51.60833	1
51.61000	0
51.61167	0
51.61333	0
51.61500	-1
51.61667	-1
51.61833	-1
51.62000	-1
51.62167	-2
51.62333	-3
51.62500	-2
51.62667	-3
51.62833	-3
51.63000	-3
51.63167	-4
51.63333	-4
51.63500	-5
51.63667	-4
51.63833	-5
51.64000	-6
51.64167	-5
51.64333	-6
51.64500	-7
51.64667	-6
51.64833	-8
51.65000	-7
51.65167	-8
51.65333	-8
51.65500	-8
51.65667	-9
51.65833	-9
51.66000	-9
51.66167	-10
51.66333	-10
51.66500	-10
51.66667	-11
51.66833	-11
51.67000	-11
51.67167	-11
51.67333	-12
51.67500	-11
51.67667	-12
51.67833	-13
51.68000	-12
51.68167	-13
51.68333	-13
51.68500	-13
51.68667	-14
51.68833	-13
51.69000	-14
51.69167	-14
51.69333	-14
51.69500	-15
51.69667	-14
51.69833	-15
51.70000	-15
51.70167	-15
51.70333	-15
51.70500	-16
51.70667	-16
51.70833	-16
51.71000	-16
51.71167	-16
51.71333	-17
51.71500	-17
51.71667	-17
51.71833	-17
51.72000	-17
51.72167	-17
51.72333	-18
51.72500	-18
51.72667	-18
51.72833	-18
51.73000	-19
51.73167	-18
51.73333	-19
51.73500	-19
51.73667	-19
51.73833	-19
51.74000	-19
51.74167	-20
51.74333	-19
51.74500	-20
51.74667	-19
51.74833	-20
51.75000	-19
51.75167	-19
51.75333	-20
51.75500	-20
51.75667	-19
51.75833	-20
51.76000	-19
51.76167	-20
51.76333	-19
51.76500	-20
51.76667	-19
51.76833	-20
51.77000	-20
51.77167	-20
51.77333	-20
51.77500	-19
51.77667	-20
51.77833	-20
51.78000	-20
51.78167	-20
51.78333	-20
51.78500	-20
51.78667	-20
51.78833	-20
51.79000	-20
51.79167	-21
51.79333	-20
51.79500	-20
51.79667	-20
51.79833	-20
51.80000	-20
51.80167	-20
51.80333	-20
51.80500	-20
51.80667	-19
51.80833	-20
51.81000	-20
51.81167	-20
51.81333	-19
51.81500	-20
51.81667	-19
51.81833	-20
51.82000	-19
51.82167	-19
51.82333	-19
51.82500	-19
51.82667	-18
51.82833	-18
51.83000	-19
51.83167	-18
51.83333	-17
51.83500	-18
51.83667	-17
51.83833	-18
51.84000	-17
51.84167	-17
51.84333	-17
51.84500	-18
51.84667	-16
51.84833	-17
51.85000	-16
51.85167	-17
51.85333	-16
51.85500	-17
51.85667	-16
51.85833	-16
51.86000	-16
51.86167	-16
51.86333	-16
51.86500	-15
51.86667	-16
51.86833	-15
51.87000	-15
51.87167	-16
51.87333	-15
51.87500	-15
51.87667	-15
51.87833	-15
51.88000	-14
51.88167	-15
51.88333	-14
51.88500	-14
51.88667	-14
51.88833	-13
51.89000	-14
51.89167	-13
51.89333	-14
51.89500	-13
51.89667	-13
51.89833	-13
51.90000	-13
51.90167	-13
51.90333	-13
51.90500	-12
51.90667	-13
51.90833	-12
51.91000	-12
51.91167	-12
51.91333	-11
51.91500	-12
51.91667	-11
51.91833	-12
51.92000	-11
51.92167	-12
51.92333	-11
51.92500	-11
51.92667	-11
51.92833	-11
51.93000	-11
51.93167	-11
51.93333	-11
51.93500	-11
51.93667	-11
51.93833	-11
51.94000	-10
51.94167	-11
51.94333	-12
51.94500	-11
51.94667	-11
51.94833	-12
51.95000	-11
51.95167	-11
51.95333	-12
51.95500	-12
51.95667	-11
51.95833	-12
51.96000	-12
51.96167	-12
51.96333	-12
51.96500	-12
51.96667	-12
51.96833	-12
51.97000	-12
51.97167	-12
51.97333	-12
51.97500	-11
51.97667	-12
51.97833	-12
51.98000	-12
51.98167	-12
51.98333	-12
51.98500	-11
51.98667	-11
51.98833	-12
51.99000	-11
51.99167	-12
51.99333	-11
51.99500	-11
51.99667	-11
51.99833	-11
52.00000	-11
52.00167	-10
52.00333	-11
52.00500	-10
52.00667	-10
52.00833	-10
52.01000	-10
52.01167	-9
52.01333	-9
52.01500	-10
52.01667	-9
52.01833	-9
52.02000	-9
52.02167	-8
52.02333	-9
52.02500	-9
52.02667	-8
52.02833	-9
52.03000	-8
52.03167	-9
52.03333	-8
52.03500	-8
52.03667	-8
52.03833	-8
52.04000	-8
52.04167	-7
52.04333	-8
52.04500	-8
52.04667	-7
52.04833	-8
52.05000	-7
52.05167	-7
52.05333	-8
52.05500	-7
52.05667	-7
52.05833	-7
52.06000	-6
52.06167	-7
52.06333	-7
52.06500	-6
52.06667	-7
52.06833	-7
52.07000	-6
52.07167	-6
52.07333	-6
52.07500	-5
52.07667	-6
52.07833	-5
52.08000	-6
52.08167	-5
52.08333	-6
52.08500	-5
52.08667	-6
52.08833	-6
52.09000	-5
52.09167	-6
52.09333	-5
52.09500	-5
52.09667	-6
52.09833	-5
52.10000	-6
52.10167	-5
52.10333	-6
52.10500	-6
52.10667	-6
52.10833	-6
52.11000	-7
52.11167	-6
52.11333	-7
52.11500	-7
52.11667	-7
52.11833	-8
52.12000	-8
52.12167	-8
52.12333	-8
52.12500	-9
52.12667	-8
52.12833	-9
52.13000	-9
52.13167	-9
52.13333	-10
52.13500	-9
52.13667	-10
52.13833	-10
52.14000	-10
52.14167	-11
52.14333	-10
52.14500	-11
52.14667	-11
52.14833	-11
52.15000	-11
52.15167	-11
52.15333	-12
52.15500	-12
52.15667	-12
52.15833	-12
52.16000	-13
52.16167	-13
52.16333	-13
52.16500	-13
52.16667	-14
52.16833	-15
52.17000	-14
52.17167	-15
52.17333	-15
52.17500	-16
52.17667	-16
52.17833	-16
52.18000	-16
52.18167	-16
52.18333	-17
52.18500	-16
52.18667	-17
52.18833	-17
52.19000	-18
52.19167	-17
52.19333	-17
52.19500	-18
52.19667	-16
52.19833	-17
52.20000	-17
52.20167	-17
52.20333	-17
52.20500	-16
52.20667	-17
52.20833	-16
52.21000	-15
52.21167	-16
52.21333	-15
52.21500	-15
52.21667	-15
52.21833	-14
52.22000	-15
52.22167	-13
52.22333	-14
52.22500	-14
52.22667	-13
52.22833	-14
52.23000	-13
52.23167	-13
52.23333	-13
52.23500	-14
52.23667	-13
52.23833	-13
52.24000	-14
52.24167	-13
52.24333	-14
52.24500	-14
52.24667	-14
52.24833	-14
52.25000	-15
52.25167	-15
52.25333	-15
52.25500	-16
52.25667	-15
52.25833	-16
52.26000	-17
52.26167	-17
52.26333	-17
52.26500	-18
52.26667	-18
52.26833	-18
52.27000	-19
52.27167	-18
52.27333	-20
52.27500	-19
52.27667	-20
52.27833	-20
52.28000	-20
52.28167	-20
52.28333	-21
52.28500	-20
52.28667	-22
52.28833	-21
52.29000	-21
52.29167	-21
52.29333	-22
52.29500	-21
52.29667	-22
52.29833	-22
52.30000	-22
52.30167	-22
52.30333	-23
52.30500	-22
52.30667	-22
52.30833	-23
52.31000	-23
52.31167	-22
52.31333	-23
52.31500	-24
52.31667	-23
52.31833	-23
52.32000	-24
52.32167	-23
52.32333	-24
52.32500	-24
52.32667	-24
52.32833	-24
52.33000	-25
52.33167	-24
52.33333	-25
52.33500	-25
52.33667	-25
52.33833	-25
52.34000	-25
52.34167	-25
52.34333	-25
52.34500	-25
52.34667	-25
52.34833	-25
52.35000	-26
52.35167	-25
52.35333	-25
52.35500	-25
52.35667	-25
52.35833	-25
52.36000	-25
52.36167	-25
52.36333	-24
52.36500	-25
52.36667	-24
52.36833	-24
52.37000	-24
52.37167	-23
52.37333	-23
52.37500	-24
52.37667	-22
52.37833	-23
52.38000	-22
52.38167	-22
52.38333	-21
52.38500	-21
52.38667	-21
52.38833	-20
52.39000	-20
52.39167	-20
52.39333	-19
52.39500	-19
52.39667	-19
52.39833	-18
52.40000	-17
52.40167	-18
52.40333	-16
52.40500	-17
52.40667	-16
52.40833	-15
52.41000	-15
52.41167	-14
52.41333	-14
52.41500	-13
52.41667	-13
52.41833	-11
52.42000	-12
52.42167	-11
52.42333	-10
52.42500	-10
52.42667	-9
52.42833	-9
52.43000	-7
52.43167	-7
52.43333	-7
52.43500	-5
52.43667	-5
52.43833	-3
52.44000	-3
52.44167	-2
52.44333	0
52.44500	0
52.44667	2
52.44833	2
52.45000	4
52.45167	5
52.45333	7
52.45500	7
52.45667	9
52.45833	10
52.46000	12
52.46167	12
52.46333	15
52.46500	15
52.46667	17
52.46833	18
52.47000	19
52.47167	21
52.47333	22
52.47500	24
52.47667	26
52.47833	27
52.48000	28
52.48167	30
52.48333	31
52.48500	34
52.48667	34
52.48833	36
52.49000	39
52.49167	39
52.49333	42
52.49500	43
52.49667	45
52.49833	47
52.50000	49
52.50167	50
52.50333	53
52.50500	54
52.50667	57
52.50833	59
52.51000	61
52.51167	63
52.51333	66
52.51500	68
52.51667	71
52.51833	72
52.52000	76
52.52167	78
52.52333	80
52.52500	84
52.52667	85
52.52833	89
52.53000	92
52.53167	94
52.53333	98
52.53500	100
52.53667	104
52.53833	106
52.54000	110
52.54167	112
52.54333	116
52.54500	119
52.54667	122
52.54833	126
52.55000	129
52.55167	133
52.55333	136
52.55500	140
52.55667	143
52.55833	147
52.56000	151
52.56167	154
52.56333	158
52.56500	163
52.56667	166
52.56833	170
52.57000	174
52.57167	179
52.57333	182
52.57500	187
52.57667	191
52.57833	195
52.58000	199
52.58167	203
52.58333	208
52.58500	213
52.58667	217
52.58833	221
52.59000	226
52.59167	231
52.59333	235
52.59500	239
52.59667	245
52.59833	249
52.60000	254
52.60167	258
52.60333	264
52.60500	268
52.60667	274
52.60833	278
52.61000	284
52.61167	289
52.61333	293
52.61500	299
52.61667	303
52.61833	309
52.62000	314
52.62167	319
52.62333	324
52.62500	329
52.62667	335
52.62833	340
52.63000	345
52.63167	351
52.63333	355
52.63500	361
52.63667	367
52.63833	372
52.64000	377
52.64167	382
52.64333	388
52.64500	393
52.64667	398
52.64833	404
52.65000	410
52.65167	415
52.65333	420
52.65500	425
52.65667	431
52.65833	436
52.66000	441
52.66167	447
52.66333	452
52.66500	457
52.66667	462
52.66833	468
52.67000	473
52.67167	479
52.67333	484
52.67500	489
52.67667	494
52.67833	500
52.68000	504
52.68167	511
52.68333	515
52.68500	521
52.68667	525
52.68833	531
52.69000	536
52.69167	541
52.69333	547
52.69500	551
52.69667	556
52.69833	562
52.70000	566
52.70167	572
52.70333	576
52.70500	582
52.70667	586
52.70833	592
52.71000	596
52.71167	601
52.71333	605
52.71500	611
52.71667	615
52.71833	619
52.72000	625
52.72167	628
52.72333	633
52.72500	638
52.72667	642
52.72833	646
52.73000	651
52.73167	654
52.73333	659
52.73500	664
52.73667	667
52.73833	671
52.74000	675
52.74167	679
52.74333	683
52.74500	687
52.74667	690
52.74833	694
52.75000	698
52.75167	701
52.75333	704
52.75500	708
52.75667	711
52.75833	714
52.76000	717
52.76167	720
52.76333	723
52.76500	725
52.76667	729
52.76833	731
52.77000	734
52.77167	737
52.77333	739
52.77500	741
52.77667	743
52.77833	746
52.78000	747
52.78167	749
52.78333	752
52.78500	753
52.78667	755
52.78833	757
52.79000	758
52.79167	759
52.79333	761
52.79500	762
52.79667	763
52.79833	764
52.80000	765
52.80167	767
52.80333	767
52.80500	767
52.80667	768
52.80833	769
52.81000	768
52.81167	770
52.81333	769
52.81500	770
52.81667	769
52.81833	770
52.82000	769
52.82167	770
52.82333	769
52.82500	769
52.82667	768
52.82833	768
52.83000	767
52.83167	767
52.83333	766
52.83500	765
52.83667	765
52.83833	763
52.84000	763
52.84167	762
52.84333	761
52.84500	759
52.84667	759
52.84833	757
52.85000	756
52.85167	755
52.85333	753
52.85500	752
52.85667	751
52.85833	748
52.86000	747
52.86167	745
52.86333	744
52.86500	742
52.86667	739
52.86833	737
52.87000	736
52.87167	733
52.87333	731
52.87500	728
52.87667	726
52.87833	724
52.88000	721
52.88167	719
52.88333	716
52.88500	713
52.88667	710
52.88833	708
52.89000	705
52.89167	701
52.89333	699
52.89500	696
52.89667	692
52.89833	690
52.90000	686
52.90167	683
52.90333	680
52.90500	676
52.90667	672
52.90833	669
52.91000	666
52.91167	661
52.91333	659
52.91500	655
52.91667	651
52.91833	647
52.92000	644
52.92167	640
52.92333	636
52.92500	633
52.92667	629
52.92833	625
52.93000	622
52.93167	618
52.93333	614
52.93500	610
52.93667	606
52.93833	603
52.94000	598
52.94167	595
52.94333	591
52.94500	587
52.94667	584
52.94833	579
52.95000	575
52.95167	572
52.95333	567
52.95500	563
52.95667	559
52.95833	555
52.96000	551
52.96167	546
52.96333	543
52.96500	538
52.96667	533
52.96833	530
52.97000	525
52.97167	520
52.97333	517
52.97500	512
52.97667	507
52.97833	503
52.98000	499
52.98167	495
52.98333	490
52.98500	486
52.98667	481
52.98833	476
52.99000	473
52.99167	468
52.99333	464
52.99500	459
52.99667	456
52.99833	451
53.00000	447
53.00167	443
53.00333	439
53.00500	435
53.00667	432
53.00833	427
53.01000	423
53.01167	420
53.01333	415
53.01500	412
53.01667	408
53.01833	405
53.02000	401
53.02167	397
53.02333	393
53.02500	389
53.02667	386
53.02833	383
53.03000	378
53.03167	376
53.03333	372
53.03500	368
53.03667	365
53.03833	362
53.04000	359
53.04167	355
53.04333	352
53.04500	348
53.04667	346
53.04833	342
53.05000	340
53.05167	336
53.05333	333
53.05500	330
53.05667	327
53.05833	325
53.06000	322
53.06167	318
53.06333	316
53.06500	314
53.06667	311
53.06833	309
53.07000	306
53.07167	303
53.07333	301
53.07500	298
53.07667	297
53.07833	293
53.08000	292
53.08167	289
53.08333	288
53.08500	285
53.08667	283
53.08833	281
53.09000	279
53.09167	277
53.09333	276
53.09500	273
53.09667	272
53.09833	270
53.10000	269
53.10167	267
53.10333	266
53.10500	264
53.10667	263
53.10833	262
53.11000	261
53.11167	259
53.11333	259
53.11500	258
53.11667	257
53.11833	256
53.12000	256
53.12167	255
53.12333	254
53.12500	254
53.12667	253
53.12833	253
53.13000	253
53.13167	252
53.13333	252
53.13500	252
53.13667	253
53.13833	252
53.14000	252
53.14167	252
53.14333	252
53.14500	253
53.14667	253
53.14833	254
53.15000	254
53.15167	254
53.15333	255
53.15500	256
53.15667	257
53.15833	257
53.16000	259
53.16167	260
53.16333	261
53.16500	263
53.16667	264
53.16833	266
53.17000	267
53.17167	268
53.17333	271
53.17500	272
53.17667	275
53.17833	276
53.18000	278
53.18167	281
53.18333	283
53.18500	286
53.18667	289
53.18833	291
53.19000	295
53.19167	297
53.19333	301
53.19500	303
53.19667	307
53.19833	311
53.20000	314
53.20167	319
53.20333	322
53.20500	326
53.20667	331
53.20833	336
53.21000	340
53.21167	345
53.21333	350
53.21500	356
53.21667	360
53.21833	367
53.22000	372
53.22167	378
53.22333	385
53.22500	391
53.22667	398
53.22833	404
53.23000	411
53.23167	418
53.23333	425
53.23500	434
53.23667	440
53.23833	449
53.24000	457
53.24167	466
53.24333	475
53.24500	484
53.24667	494
53.24833	503
53.25000	513
53.25167	523
53.25333	533
53.25500	544
53.25667	556
53.25833	566
53.26000	579
53.26167	590
53.26333	603
53.26500	615
53.26667	629
53.26833	642
53.27000	656
53.27167	670
53.27333	685
53.27500	699
53.27667	715
53.27833	731
53.28000	747
53.28167	763
53.28333	781
53.28500	799
53.28667	817
53.28833	836
53.29000	855
53.29167	874
53.29333	894
53.29500	915
53.29667	936
53.29833	958
53.30000	980
53.30167	1003
53.30333	1027
53.30500	1052
53.30667	1077
53.30833	1104
53.31000	1129
53.31167	1156
53.31333	1184
53.31500	1213
53.31667	1241
53.31833	1272
53.32000	1302
53.32167	1334
53.32333	1367
53.32500	1401
53.32667	1436
53.32833	1471
53.33000	1507
53.33167	1545
53.33333	1583
53.33500	1621
53.33667	1662
53.33833	1704
53.34000	1746
53.34167	1790
53.34333	1835
53.34500	1883
53.34667	1930
53.34833	1981
53.35000	2030
53.35167	2083
53.35333	2135
53.35500	2190
53.35667	2245
53.35833	2304
53.36000	2363
53.36167	2424
53.36333	2489
53.36500	2554
53.36667	2621
53.36833	2691
53.37000	2761
53.37167	2833
53.37333	2908
53.37500	2984
53.37667	3062
53.37833	3144
53.38000	3227
53.38167	3313
53.38333	3403
53.38500	3496
53.38667	3590
53.38833	3687
53.39000	3787
53.39167	3889
53.39333	3995
53.39500	4101
53.39667	4212
53.39833	4327
53.40000	4445
53.40167	4567
53.40333	4693
53.40500	4825
53.40667	4958
53.40833	5096
53.41000	5235
53.41167	5381
53.41333	5526
53.41500	5677
53.41667	5833
53.41833	5994
53.42000	6160
53.42167	6333
53.42333	6510
53.42500	6694
53.42667	6882
53.42833	7074
53.43000	7272
53.43167	7474
53.43333	7680
53.43500	7892
53.43667	8110
53.43833	8335
53.44000	8566
53.44167	8805
53.44333	9053
53.44500	9308
53.44667	9569
53.44833	9835
53.45000	10108
53.45167	10387
53.45333	10671
53.45500	10963
53.45667	11261
53.45833	11568
53.46000	11885
53.46167	12211
53.46333	12547
53.46500	12894
53.46667	13244
53.46833	13606
53.47000	13973
53.47167	14349
53.47333	14729
53.47500	15119
53.47667	15516
53.47833	15924
53.48000	16343
53.48167	16774
53.48333	17217
53.48500	17670
53.48667	18133
53.48833	18604
53.49000	19081
53.49167	19566
53.49333	20058
53.49500	20559
53.49667	21070
53.49833	21590
53.50000	22124
53.50167	22670
53.50333	23231
53.50500	23802
53.50667	24384
53.50833	24972
53.51000	25568
53.51167	26179
53.51333	26776
53.51500	27416
53.51667	28056
53.51833	28664
53.52000	29336
53.52167	30008
53.52333	30680
53.52500	31352
53.52667	32056
53.52833	32792
53.53000	33464
53.53167	34200
53.53333	34936
53.53500	35640
53.53667	36376
53.53833	37144
53.54000	37912
53.54167	38648
53.54333	39448
53.54500	40248
53.54667	41080
53.54833	41848
53.55000	42680
53.55167	43480
53.55333	44312
53.55500	45144
53.55667	45944
53.55833	46808
53.56000	47640
53.56167	48504
53.56333	49400
53.56500	50264
53.56667	51128
53.56833	52024
53.57000	52920
53.57167	53816
53.57333	54712
53.57500	55576
53.57667	56472
53.57833	57400
53.58000	58296
53.58167	59192
53.58333	60120
53.58500	61080
53.58667	61976
53.58833	62936
53.59000	63864
53.59167	64760
53.59333	65720
53.59500	66616
53.59667	67576
53.59833	68472
53.60000	69400
53.60167	70360
53.60333	71288
53.60500	72216
53.60667	73176
53.60833	74136
53.61000	75032
53.61167	75992
53.61333	76888
53.61500	77816
53.61667	78744
53.61833	79672
53.62000	80568
53.62167	81464
53.62333	82424
53.62500	83320
53.62667	84248
53.62833	85176
53.63000	86072
53.63167	86968
53.63333	87832
53.63500	88760
53.63667	89592
53.63833	90488
53.64000	91352
53.64167	92248
53.64333	93112
53.64500	93944
53.64667	94840
53.64833	95704
53.65000	96536
53.65167	97368
53.65333	98200
53.65500	99032
53.65667	99832
53.65833	100664
53.66000	101464
53.66167	102264
53.66333	103032
53.66500	103864
53.66667	104664
53.66833	105432
53.67000	106200
53.67167	106968
53.67333	107704
53.67500	108472
53.67667	109208
53.67833	109912
53.68000	110680
53.68167	111352
53.68333	112120
53.68500	112824
53.68667	113528
53.68833	114232
53.69000	114904
53.69167	115608
53.69333	116280
53.69500	116952
53.69667	117592
53.69833	118232
53.70000	118904
53.70167	119544
53.70333	120184
53.70500	120792
53.70667	121432
53.70833	122072
53.71000	122648
53.71167	123288
53.71333	123864
53.71500	124440
53.71667	125016
53.71833	125624
53.72000	126168
53.72167	126744
53.72333	127288
53.72500	127864
53.72667	128408
53.72833	128952
53.73000	129464
53.73167	130040
53.73333	130520
53.73500	131064
53.73667	131544
53.73833	132056
53.74000	132568
53.74167	133048
53.74333	133560
53.74500	134040
53.74667	134520
53.74833	135000
53.75000	135480
53.75167	135928
53.75333	136376
53.75500	136856
53.75667	137272
53.75833	137720
53.76000	138168
53.76167	138584
53.76333	139032
53.76500	139448
53.76667	139896
53.76833	140280
53.77000	140728
53.77167	141112
53.77333	141528
53.77500	141912
53.77667	142296
53.77833	142712
53.78000	143064
53.78167	143448
53.78333	143832
53.78500	144216
53.78667	144600
53.78833	144920
53.79000	145336
53.79167	145656
53.79333	146008
53.79500	146360
53.79667	146712
53.79833	147032
53.80000	147384
53.80167	147704
53.80333	148024
53.80500	148376
53.80667	148664
53.80833	149016
53.81000	149336
53.81167	149624
53.81333	149976
53.81500	150232
53.81667	150552
53.81833	150840
53.82000	151128
53.82167	151448
53.82333	151704
53.82500	151992
53.82667	152312
53.82833	152568
53.83000	152824
53.83167	153112
53.83333	153400
53.83500	153656
53.83667	153912
53.83833	154168
53.84000	154424
53.84167	154680
53.84333	154936
53.84500	155160
53.84667	155448
53.84833	155672
53.85000	155928
53.85167	156152
53.85333	156408
53.85500	156600
53.85667	156856
53.85833	157080
53.86000	157304
53.86167	157528
53.86333	157752
53.86500	157944
53.86667	158168
53.86833	158424
53.87000	158584
53.87167	158808
53.87333	159032
53.87500	159192
53.87667	159416
53.87833	159608
53.88000	159800
53.88167	159992
53.88333	160216
53.88500	160376
53.88667	160536
53.88833	160760
53.89000	160920
53.89167	161112
53.89333	161304
53.89500	161432
53.89667	161656
53.89833	161784
53.90000	161944
53.90167	162136
53.90333	162296
53.90500	162456
53.90667	162616
53.90833	162776
53.91000	162936
53.91167	163064
53.91333	163224
53.91500	163384
53.91667	163512
53.91833	163672
53.92000	163800
53.92167	163960
53.92333	164056
53.92500	164248
53.92667	164344
53.92833	164504
53.93000	164600
53.93167	164760
53.93333	164856
53.93500	165016
53.93667	165112
53.93833	165240
53.94000	165336
53.94167	165496
53.94333	165560
53.94500	165720
53.94667	165816
53.94833	165912
53.95000	166008
53.95167	166136
53.95333	166264
53.95500	166328
53.95667	166424
53.95833	166552
53.96000	166616
53.96167	166744
53.96333	166808
53.96500	166936
53.96667	167000
53.96833	167096
53.97000	167160
53.97167	167288
53.97333	167352
53.97500	167416
53.97667	167512
53.97833	167608
53.98000	167672
53.98167	167736
53.98333	167832
53.98500	167896
53.98667	167960
53.98833	168056
53.99000	168088
53.99167	168184
53.99333	168248
53.99500	168312
53.99667	168376
53.99833	168440
54.00000	168472
54.00167	168568
54.00333	168632
54.00500	168664
54.00667	168728
54.00833	168792
54.01000	168824
54.01167	168888
54.01333	168952
54.01500	168984
54.01667	169048
54.01833	169080
54.02000	169144
54.02167	169176
54.02333	169208
54.02500	169272
54.02667	169304
54.02833	169368
54.03000	169368
54.03167	169432
54.03333	169464
54.03500	169496
54.03667	169560
54.03833	169560
54.04000	169592
54.04167	169656
54.04333	169656
54.04500	169720
54.04667	169720
54.04833	169752
54.05000	169784
54.05167	169816
54.05333	169848
54.05500	169880
54.05667	169880
54.05833	169912
54.06000	169944
54.06167	169976
54.06333	169976
54.06500	170008
54.06667	170008
54.06833	170072
54.07000	170040
54.07167	170104
54.07333	170104
54.07500	170104
54.07667	170136
54.07833	170168
54.08000	170168
54.08167	170168
54.08333	170200
54.08500	170200
54.08667	170232
54.08833	170232
54.09000	170232
54.09167	170264
54.09333	170264
54.09500	170296
54.09667	170264
54.09833	170296
54.10000	170296
54.10167	170328
54.10333	170296
54.10500	170328
54.10667	170328
54.10833	170296
54.11000	170328
54.11167	170328
54.11333	170360
54.11500	170328
54.11667	170328
54.11833	170328
54.12000	170328
54.12167	170328
54.12333	170328
54.12500	170328
54.12667	170296
54.12833	170328
54.13000	170296
54.13167	170296
54.13333	170296
54.13500	170264
54.13667	170264
54.13833	170264
54.14000	170232
54.14167	170232
54.14333	170200
54.14500	170200
54.14667	170168
54.14833	170136
54.15000	170136
54.15167	170104
54.15333	170104
54.15500	170040
54.15667	170040
54.15833	170008
54.16000	169976
54.16167	169944
54.16333	169912
54.16500	169880
54.16667	169816
54.16833	169784
54.17000	169752
54.17167	169720
54.17333	169656
54.17500	169624
54.17667	169560
54.17833	169528
54.18000	169464
54.18167	169400
54.18333	169336
54.18500	169272
54.18667	169208
54.18833	169144
54.19000	169080
54.19167	169016
54.19333	168920
54.19500	168856
54.19667	168760
54.19833	168696
54.20000	168600
54.20167	168504
54.20333	168408
54.20500	168280
54.20667	168216
54.20833	168088
54.21000	167992
54.21167	167896
54.21333	167768
54.21500	167640
54.21667	167512
54.21833	167416
54.22000	167256
54.22167	167128
54.22333	166968
54.22500	166840
54.22667	166712
54.22833	166520
54.23000	166392
54.23167	166200
54.23333	166040
54.23500	165880
54.23667	165688
54.23833	165528
54.24000	165336
54.24167	165144
54.24333	164952
54.24500	164728
54.24667	164536
54.24833	164280
54.25000	164120
54.25167	163864
54.25333	163608
54.25500	163416
54.25667	163160
54.25833	162904
54.26000	162680
54.26167	162392
54.26333	162136
54.26500	161880
54.26667	161560
54.26833	161304
54.27000	160984
54.27167	160728
54.27333	160408
54.27500	160088
54.27667	159800
54.27833	159448
54.28000	159160
54.28167	158808
54.28333	158456
54.28500	158104
54.28667	157752
54.28833	157400
54.29000	157016
54.29167	156664
54.29333	156248
54.29500	155896
54.29667	155480
54.29833	155128
54.30000	154680
54.30167	154264
54.30333	153848
54.30500	153432
54.30667	152984
54.30833	152536
54.31000	152088
54.31167	151608
54.31333	151192
54.31500	150680
54.31667	150232
54.31833	149752
54.32000	149272
54.32167	148760
54.32333	148280
54.32500	147736
54.32667	147224
54.32833	146680
54.33000	146168
54.33167	145624
54.33333	145080
54.33500	144504
54.33667	143992
54.33833	143416
54.34000	142872
54.34167	142264
54.34333	141688
54.34500	141080
54.34667	140472
54.34833	139896
54.35000	139256
54.35167	138648
54.35333	138040
54.35500	137432
54.35667	136760
54.35833	136152
54.36000	135512
54.36167	134872
54.36333	134200
54.36500	133528
54.36667	132856
54.36833	132152
54.37000	131512
54.37167	130808
54.37333	130104
54.37500	129432
54.37667	128760
54.37833	128056
54.38000	127320
54.38167	126648
54.38333	125880
54.38500	125176
54.38667	124440
54.38833	123704
54.39000	122968
54.39167	122232
54.39333	121464
54.39500	120760
54.39667	119992
54.39833	119224
54.40000	118488
54.40167	117752
54.40333	116952
54.40500	116184
54.40667	115384
54.40833	114616
54.41000	113848
54.41167	113048
54.41333	112280
54.41500	111480
54.41667	110712
54.41833	109944
54.42000	109144
54.42167	108344
54.42333	107544
54.42500	106744
54.42667	105912
54.42833	105144
54.43000	104312
54.43167	103512
54.43333	102712
54.43500	101912
54.43667	101080
54.43833	100312
54.44000	99512
54.44167	98680
54.44333	97880
54.44500	97048
54.44667	96248
54.44833	95416
54.45000	94616
54.45167	93784
54.45333	92984
54.45500	92184
54.45667	91384
54.45833	90584
54.46000	89784
54.46167	88952
54.46333	88152
54.46500	87352
54.46667	86520
54.46833	85752
54.47000	84888
54.47167	84120
54.47333	83320
54.47500	82552
54.47667	81720
54.47833	80984
54.48000	80152
54.48167	79384
54.48333	78584
54.48500	77816
54.48667	76984
54.48833	76216
54.49000	75448
54.49167	74680
54.49333	73912
54.49500	73112
54.49667	72408
54.49833	71608
54.50000	70872
54.50167	70104
54.50333	69368
54.50500	68600
54.50667	67832
54.50833	67096
54.51000	66360
54.51167	65624
54.51333	64920
54.51500	64152
54.51667	63480
54.51833	62744
54.52000	62008
54.52167	61304
54.52333	60600
54.52500	59896
54.52667	59160
54.52833	58488
54.53000	57784
54.53167	57112
54.53333	56408
54.53500	55768
54.53667	55064
54.53833	54424
54.54000	53752
54.54167	53112
54.54333	52440
54.54500	51800
54.54667	51160
54.54833	50488
54.55000	49848
54.55167	49240
54.55333	48632
54.55500	47992
54.55667	47384
54.55833	46776
54.56000	46168
54.56167	45592
54.56333	44984
54.56500	44376
54.56667	43800
54.56833	43224
54.57000	42616
54.57167	42072
54.57333	41496
54.57500	40952
54.57667	40408
54.57833	39864
54.58000	39320
54.58167	38776
54.58333	38232
54.58500	37688
54.58667	37176
54.58833	36664
54.59000	36152
54.59167	35640
54.59333	35128
54.59500	34616
54.59667	34168
54.59833	33656
54.60000	33208
54.60167	32696
54.60333	32216
54.60500	31768
54.60667	31320
54.60833	30840
54.61000	30360
54.61167	29944
54.61333	29496
54.61500	29048
54.61667	28632
54.61833	28216
54.62000	27800
54.62167	27384
54.62333	26936
54.62500	26552
54.62667	26136
54.62833	25752
54.63000	25336
54.63167	24952
54.63333	24568
54.63500	24216
54.63667	23789
54.63833	23440
54.64000	23077
54.64167	22716
54.64333	22358
54.64500	22004
54.64667	21653
54.64833	21309
54.65000	20968
54.65167	20635
54.65333	20307
54.65500	19983
54.65667	19664
54.65833	19350
54.66000	19040
54.66167	18731
54.66333	18427
54.66500	18123
54.66667	17826
54.66833	17532
54.67000	17243
54.67167	16961
54.67333	16682
54.67500	16408
54.67667	16138
54.67833	15876
54.68000	15614
54.68167	15354
54.68333	15096
54.68500	14842
54.68667	14589
54.68833	14343
54.69000	14099
54.69167	13861
54.69333	13626
54.69500	13396
54.69667	13170
54.69833	12946
54.70000	12727
54.70167	12508
54.70333	12294
54.70500	12080
54.70667	11871
54.70833	11664
54.71000	11462
54.71167	11262
54.71333	11069
54.71500	10877
54.71667	10688
54.71833	10505
54.72000	10321
54.72167	10142
54.72333	9963
54.72500	9787
54.72667	9614
54.72833	9444
54.73000	9276
54.73167	9113
54.73333	8953
54.73500	8795
54.73667	8641
54.73833	8488
54.74000	8339
54.74167	8192
54.74333	8045
54.74500	7901
54.74667	7759
54.74833	7620
54.75000	7484
54.75167	7350
54.75333	7219
54.75500	7091
54.75667	6965
54.75833	6841
54.76000	6720
54.76167	6599
54.76333	6481
54.76500	6364
54.76667	6249
54.76833	6137
54.77000	6026
54.77167	5918
54.77333	5812
54.77500	5708
54.77667	5607
54.77833	5508
54.78000	5409
54.78167	5313
54.78333	5218
54.78500	5124
54.78667	5031
54.78833	4942
54.79000	4853
54.79167	4766
54.79333	4682
54.79500	4600
54.79667	4518
54.79833	4440
54.80000	4361
54.80167	4284
54.80333	4209
54.80500	4135
54.80667	4061
54.80833	3991
54.81000	3921
54.81167	3853
54.81333	3787
54.81500	3721
54.81667	3657
54.81833	3594
54.82000	3533
54.82167	3473
54.82333	3413
54.82500	3354
54.82667	3297
54.82833	3241
54.83000	3186
54.83167	3132
54.83333	3080
54.83500	3028
54.83667	2979
54.83833	2929
54.84000	2882
54.84167	2834
54.84333	2788
54.84500	2742
54.84667	2697
54.84833	2654
54.85000	2610
54.85167	2569
54.85333	2528
54.85500	2488
54.85667	2450
54.85833	2412
54.86000	2374
54.86167	2339
54.86333	2302
54.86500	2267
54.86667	2234
54.86833	2199
54.87000	2167
54.87167	2135
54.87333	2104
54.87500	2073
54.87667	2044
54.87833	2015
54.88000	1987
54.88167	1959
54.88333	1932
54.88500	1906
54.88667	1880
54.88833	1855
54.89000	1831
54.89167	1806
54.89333	1783
54.89500	1760
54.89667	1739
54.89833	1717
54.90000	1697
54.90167	1675
54.90333	1656
54.90500	1637
54.90667	1617
54.90833	1599
54.91000	1581
54.91167	1564
54.91333	1546
54.91500	1530
54.91667	1514
54.91833	1499
54.92000	1483
54.92167	1469
54.92333	1455
54.92500	1441
54.92667	1427
54.92833	1414
54.93000	1402
54.93167	1389
54.93333	1377
54.93500	1366
54.93667	1355
54.93833	1344
54.94000	1334
54.94167	1324
54.94333	1313
54.94500	1304
54.94667	1295
54.94833	1286
54.95000	1278
54.95167	1269
54.95333	1261
54.95500	1253
54.95667	1246
54.95833	1239
54.96000	1232
54.96167	1226
54.96333	1220
54.96500	1213
54.96667	1208
54.96833	1202
54.97000	1198
54.97167	1192
54.97333	1188
54.97500	1184
54.97667	1179
54.97833	1176
54.98000	1173
54.98167	1169
54.98333	1166
54.98500	1164
54.98667	1161
54.98833	1159
54.99000	1157
54.99167	1155
54.99333	1153
54.99500	1152
54.99667	1151
54.99833	1150
55.00000	1150
55.00167	1148
55.00333	1149
55.00500	1148
55.00667	1148
55.00833	1149
55.01000	1148
55.01167	1150
55.01333	1150
55.01500	1151
55.01667	1152
55.01833	1153
55.02000	1155
55.02167	1156
55.02333	1157
55.02500	1159
55.02667	1161
55.02833	1163
55.03000	1165
55.03167	1168
55.03333	1169
55.03500	1172
55.03667	1175
55.03833	1178
55.04000	1180
55.04167	1184
55.04333	1186
55.04500	1191
55.04667	1193
55.04833	1197
55.05000	1201
55.05167	1204
55.05333	1208
55.05500	1212
55.05667	1217
55.05833	1220
55.06000	1225
55.06167	1228
55.06333	1234
55.06500	1238
55.06667	1243
55.06833	1248
55.07000	1253
55.07167	1258
55.07333	1262
55.07500	1268
55.07667	1274
55.07833	1278
55.08000	1284
55.08167	1289
55.08333	1295
55.08500	1302
55.08667	1307
55.08833	1312
55.09000	1319
55.09167	1325
55.09333	1332
55.09500	1337
55.09667	1345
55.09833	1350
55.10000	1357
55.10167	1364
55.10333	1370
55.10500	1378
55.10667	1385
55.10833	1391
55.11000	1399
55.11167	1406
55.11333	1414
55.11500	1420
55.11667	1428
55.11833	1435
55.12000	1442
55.12167	1450
55.12333	1458
55.12500	1465
55.12667	1473
55.12833	1481
55.13000	1489
55.13167	1496
55.13333	1505
55.13500	1512
55.13667	1520
55.13833	1528
55.14000	1537
55.14167	1544
55.14333	1553
55.14500	1560
55.14667	1570
55.14833	1577
55.15000	1586
55.15167	1594
55.15333	1602
55.15500	1611
55.15667	1619
55.15833	1627
55.16000	1636
55.16167	1644
55.16333	1653
55.16500	1661
55.16667	1671
55.16833	1678
55.17000	1688
55.17167	1696
55.17333	1704
55.17500	1713
55.17667	1722
55.17833	1730
55.18000	1739
55.18167	1748
55.18333	1757
55.18500	1766
55.18667	1774
55.18833	1784
55.19000	1793
55.19167	1801
55.19333	1810
55.19500	1819
55.19667	1828
55.19833	1836
55.20000	1846
55.20167	1855
55.20333	1864
55.20500	1873
55.20667	1882
55.20833	1891
55.21000	1901
55.21167	1909
55.21333	1918
55.21500	1928
55.21667	1936
55.21833	1945
55.22000	1954
55.22167	1963
55.22333	1972
55.22500	1981
55.22667	1990
55.22833	1999
55.23000	2008
55.23167	2017
55.23333	2025
55.23500	2035
55.23667	2043
55.23833	2052
55.24000	2061
55.24167	2070
55.24333	2078
55.24500	2087
55.24667	2096
55.24833	2105
55.25000	2114
55.25167	2122
55.25333	2131
55.25500	2140
55.25667	2148
55.25833	2156
55.26000	2165
55.26167	2174
55.26333	2183
55.26500	2191
55.26667	2200
55.26833	2208
55.27000	2217
55.27167	2225
55.27333	2234
55.27500	2242
55.27667	2250
55.27833	2258
55.28000	2266
55.28167	2275
55.28333	2282
55.28500	2291
55.28667	2299
55.28833	2308
55.29000	2315
55.29167	2323
55.29333	2331
55.29500	2338
55.29667	2347
55.29833	2354
55.30000	2361
55.30167	2369
55.30333	2377
55.30500	2384
55.30667	2392
55.30833	2399
55.31000	2407
55.31167	2414
55.31333	2421
55.31500	2428
55.31667	2435
55.31833	2443
55.32000	2449
55.32167	2457
55.32333	2463
55.32500	2471
55.32667	2477
55.32833	2484
55.33000	2491
55.33167	2497
55.33333	2505
55.33500	2511
55.33667	2517
55.33833	2524
55.34000	2530
55.34167	2537
55.34333	2543
55.34500	2550
55.34667	2556
55.34833	2562
55.35000	2568
55.35167	2575
55.35333	2581
55.35500	2587
55.35667	2593
55.35833	2598
55.36000	2605
55.36167	2610
55.36333	2616
55.36500	2622
55.36667	2628
55.36833	2634
55.37000	2640
55.37167	2645
55.37333	2651
55.37500	2656
55.37667	2662
55.37833	2667
55.38000	2673
55.38167	2678
55.38333	2683
55.38500	2689
55.38667	2694
55.38833	2700
55.39000	2705
55.39167	2710
55.39333	2715
55.39500	2720
55.39667	2726
55.39833	2730
55.40000	2736
55.40167	2741
55.40333	2746
55.40500	2750
55.40667	2756
55.40833	2761
55.41000	2766
55.41167	2771
55.41333	2776
55.41500	2780
55.41667	2786
55.41833	2790
55.42000	2794
55.42167	2800
55.42333	2804
55.42500	2809
55.42667	2813
55.42833	2818
55.43000	2823
55.43167	2828
55.43333	2832
55.43500	2836
55.43667	2841
55.43833	2845
55.44000	2850
55.44167	2854
55.44333	2858
55.44500	2863
55.44667	2867
55.44833	2871
55.45000	2876
55.45167	2879
55.45333	2884
55.45500	2888
55.45667	2892
55.45833	2896
55.46000	2900
55.46167	2904
55.46333	2909
55.46500	2912
55.46667	2917
55.46833	2920
55.47000	2925
55.47167	2929
55.47333	2933
55.47500	2936
55.47667	2941
55.47833	2944
55.48000	2949
55.48167	2952
55.48333	2956
55.48500	2960
55.48667	2965
55.48833	2968
55.49000	2972
55.49167	2977
55.49333	2980
55.49500	2985
55.49667	2988
55.49833	2992
55.50000	2996
55.50167	3001
55.50333	3004
55.50500	3009
55.50667	3013
55.50833	3017
55.51000	3021
55.51167	3025
55.51333	3029
55.51500	3034
55.51667	3038
55.51833	3042
55.52000	3047
55.52167	3051
55.52333	3056
55.52500	3060
55.52667	3065
55.52833	3070
55.53000	3074
55.53167	3079
55.53333	3084
55.53500	3088
55.53667	3093
55.53833	3098
55.54000	3103
55.54167	3107
55.54333	3113
55.54500	3117
55.54667	3123
55.54833	3127
55.55000	3133
55.55167	3138
55.55333	3143
55.55500	3147
55.55667	3153
55.55833	3159
55.56000	3163
55.56167	3169
55.56333	3174
55.56500	3179
55.56667	3184
55.56833	3190
55.57000	3195
55.57167	3200
55.57333	3205
55.57500	3211
55.57667	3215
55.57833	3221
55.58000	3226
55.58167	3232
55.58333	3236
55.58500	3243
55.58667	3247
55.58833	3253
55.59000	3258
55.59167	3263
55.59333	3268
55.59500	3274
55.59667	3280
55.59833	3285
55.60000	3290
55.60167	3295
55.60333	3302
55.60500	3306
55.60667	3313
55.60833	3318
55.61000	3324
55.61167	3329
55.61333	3335
55.61500	3340
55.61667	3346
55.61833	3352
55.62000	3358
55.62167	3363
55.62333	3368
55.62500	3375
55.62667	3380
55.62833	3387
55.63000	3393
55.63167	3398
55.63333	3404
55.63500	3410
55.63667	3416
55.63833	3422
55.64000	3428
55.64167	3433
55.64333	3440
55.64500	3445
55.64667	3452
55.64833	3457
55.65000	3464
55.65167	3470
55.65333	3476
55.65500	3481
55.65667	3488
55.65833	3494
55.66000	3500
55.66167	3505
55.66333	3512
55.66500	3517
55.66667	3524
55.66833	3529
55.67000	3535
55.67167	3541
55.67333	3548
55.67500	3552
55.67667	3558
55.67833	3564
55.68000	3570
55.68167	3575
55.68333	3580
55.68500	3586
55.68667	3590
55.68833	3596
55.69000	3602
55.69167	3606
55.69333	3611
55.69500	3617
55.69667	3621
55.69833	3625
55.70000	3630
55.70167	3635
55.70333	3640
55.70500	3644
55.70667	3650
55.70833	3654
55.71000	3658
55.71167	3662
55.71333	3668
55.71500	3671
55.71667	3675
55.71833	3679
55.72000	3683
55.72167	3687
55.72333	3691
55.72500	3695
55.72667	3698
55.72833	3702
55.73000	3705
55.73167	3709
55.73333	3711
55.73500	3715
55.73667	3718
55.73833	3721
55.74000	3723
55.74167	3727
55.74333	3729
55.74500	3731
55.74667	3734
55.74833	3737
55.75000	3738
55.75167	3741
55.75333	3743
55.75500	3745
55.75667	3747
55.75833	3749
55.76000	3751
55.76167	3752
55.76333	3754
55.76500	3755
55.76667	3757
55.76833	3758
55.77000	3759
55.77167	3759
55.77333	3761
55.77500	3762
55.77667	3763
55.77833	3764
55.78000	3764
55.78167	3764
55.78333	3765
55.78500	3765
55.78667	3766
55.78833	3765
55.79000	3765
55.79167	3765
55.79333	3765
55.79500	3764
55.79667	3764
55.79833	3763
55.80000	3762
55.80167	3761
55.80333	3760
55.80500	3758
55.80667	3757
55.80833	3756
55.81000	3753
55.81167	3752
55.81333	3750
55.81500	3749
55.81667	3746
55.81833	3744
55.82000	3741
55.82167	3740
55.82333	3736
55.82500	3734
55.82667	3731
55.82833	3728
55.83000	3724
55.83167	3722
55.83333	3718
55.83500	3715
55.83667	3712
55.83833	3709
55.84000	3704
55.84167	3701
55.84333	3698
55.84500	3694
55.84667	3689
55.84833	3686
55.85000	3682
55.85167	3678
55.85333	3674
55.85500	3670
55.85667	3666
55.85833	3662
55.86000	3657
55.86167	3654
55.86333	3648
55.86500	3645
55.86667	3640
55.86833	3635
55.87000	3630
55.87167	3626
55.87333	3622
55.87500	3616
55.87667	3613
55.87833	3607
55.88000	3603
55.88167	3597
55.88333	3593
55.88500	3588
55.88667	3583
55.88833	3578
55.89000	3573
55.89167	3568
55.89333	3563
55.89500	3558
55.89667	3552
55.89833	3547
55.90000	3543
55.90167	3536
55.90333	3532
55.90500	3526
55.90667	3520
55.90833	3515
55.91000	3510
55.91167	3504
55.91333	3499
55.91500	3494
55.91667	3487
55.91833	3483
55.92000	3476
55.92167	3471
55.92333	3466
55.92500	3460
55.92667	3454
55.92833	3449
55.93000	3443
55.93167	3438
55.93333	3432
55.93500	3427
55.93667	3421
55.93833	3415
55.94000	3411
55.94167	3405
55.94333	3399
55.94500	3394
55.94667	3388
55.94833	3382
55.95000	3377
55.95167	3372
55.95333	3366
55.95500	3361
55.95667	3356
55.95833	3350
55.96000	3345
55.96167	3340
55.96333	3334
55.96500	3328
55.96667	3324
55.96833	3317
55.97000	3312
55.97167	3307
55.97333	3301
55.97500	3296
55.97667	3290
55.97833	3285
55.98000	3280
55.98167	3274
55.98333	3268
55.98500	3263
55.98667	3258
55.98833	3252
55.99000	3246
55.99167	3241
55.99333	3235
55.99500	3230
55.99667	3224
55.99833	3219
56.00000	3213
56.00167	3208
56.00333	3201
56.00500	3196
56.00667	3190
56.00833	3184
56.01000	3179
56.01167	3172
56.01333	3167
56.01500	3161
56.01667	3155
56.01833	3149
56.02000	3143
56.02167	3137
56.02333	3131
56.02500	3125
56.02667	3119
56.02833	3112
56.03000	3107
56.03167	3101
56.03333	3094
56.03500	3089
56.03667	3082
56.03833	3076
56.04000	3069
56.04167	3063
56.04333	3057
56.04500	3050
56.04667	3043
56.04833	3037
56.05000	3030
56.05167	3023
56.05333	3016
56.05500	3010
56.05667	3003
56.05833	2996
56.06000	2989
56.06167	2982
56.06333	2975
56.06500	2967
56.06667	2960
56.06833	2953
56.07000	2945
56.07167	2937
56.07333	2930
56.07500	2922
56.07667	2915
56.07833	2906
56.08000	2899
56.08167	2891
56.08333	2882
56.08500	2874
56.08667	2865
56.08833	2857
56.09000	2848
56.09167	2839
56.09333	2831
56.09500	2822
56.09667	2813
56.09833	2805
56.10000	2795
56.10167	2786
56.10333	2777
56.10500	2768
56.10667	2758
56.10833	2748
56.11000	2739
56.11167	2729
56.11333	2719
56.11500	2709
56.11667	2699
56.11833	2690
56.12000	2678
56.12167	2669
56.12333	2658
56.12500	2647
56.12667	2636
56.12833	2625
56.13000	2615
56.13167	2603
56.13333	2591
56.13500	2581
56.13667	2569
56.13833	2558
56.14000	2546
56.14167	2535
56.14333	2523
56.14500	2510
56.14667	2499
56.14833	2486
56.15000	2474
56.15167	2462
56.15333	2450
56.15500	2437
56.15667	2425
56.15833	2412
56.16000	2400
56.16167	2387
56.16333	2374
56.16500	2361
56.16667	2348
56.16833	2334
56.17000	2322
56.17167	2307
56.17333	2295
56.17500	2281
56.17667	2267
56.17833	2254
56.18000	2241
56.18167	2226
56.18333	2213
56.18500	2198
56.18667	2184
56.18833	2169
56.19000	2155
56.19167	2140
56.19333	2126
56.19500	2112
56.19667	2096
56.19833	2082
56.20000	2068
56.20167	2052
56.20333	2037
56.20500	2022
56.20667	2006
56.20833	1990
56.21000	1975
56.21167	1959
56.21333	1943
56.21500	1928
56.21667	1913
56.21833	1896
56.22000	1881
56.22167	1864
56.22333	1849
56.22500	1833
56.22667	1816
56.22833	1801
56.23000	1783
56.23167	1768
56.23333	1752
56.23500	1736
56.23667	1719
56.23833	1704
56.24000	1688
56.24167	1671
56.24333	1655
56.24500	1639
56.24667	1622
56.24833	1606
56.25000	1590
56.25167	1574
56.25333	1558
56.25500	1541
56.25667	1526
56.25833	1510
56.26000	1494
56.26167	1478
56.26333	1461
56.26500	1445
56.26667	1430
56.26833	1413
56.27000	1397
56.27167	1381
56.27333	1366
56.27500	1350
56.27667	1334
56.27833	1318
56.28000	1303
56.28167	1287
56.28333	1272
56.28500	1256
56.28667	1240
56.28833	1225
56.29000	1209
56.29167	1194
56.29333	1179
56.29500	1164
56.29667	1149
56.29833	1134
56.30000	1119
56.30167	1105
56.30333	1089
56.30500	1075
56.30667	1060
56.30833	1045
56.31000	1032
56.31167	1017
56.31333	1002
56.31500	989
56.31667	975
56.31833	961
56.32000	948
56.32167	934
56.32333	921
56.32500	907
56.32667	893
56.32833	880
56.33000	867
56.33167	854
56.33333	841
56.33500	828
56.33667	816
56.33833	804
56.34000	791
56.34167	779
56.34333	767
56.34500	755
56.34667	742
56.34833	731
56.35000	719
56.35167	707
56.35333	696
56.35500	685
56.35667	674
56.35833	663
56.36000	652
56.36167	641
56.36333	631
56.36500	620
56.36667	610
56.36833	599
56.37000	589
56.37167	579
56.37333	570
56.37500	560
56.37667	550
56.37833	541
56.38000	531
56.38167	523
56.38333	514
56.38500	505
56.38667	497
56.38833	487
56.39000	480
56.39167	471
56.39333	463
56.39500	455
56.39667	447
56.39833	441
56.40000	432
56.40167	426
56.40333	418
56.40500	411
56.40667	404
56.40833	396
56.41000	390
56.41167	383
56.41333	377
56.41500	371
56.41667	364
56.41833	359
56.42000	353
56.42167	347
56.42333	341
56.42500	336
56.42667	330
56.42833	325
56.43000	320
56.43167	314
56.43333	310
56.43500	305
56.43667	300
56.43833	296
56.44000	291
56.44167	287
56.44333	282
56.44500	279
56.44667	274
56.44833	270
56.45000	267
56.45167	262
56.45333	258
56.45500	256
56.45667	252
56.45833	248
56.46000	246
56.46167	242
56.46333	239
56.46500	237
56.46667	233
56.46833	231
56.47000	227
56.47167	226
56.47333	222
56.47500	220
56.47667	218
56.47833	216
56.48000	213
56.48167	212
56.48333	209
56.48500	208
56.48667	205
56.48833	204
56.49000	202
56.49167	201
56.49333	199
56.49500	197
56.49667	196
56.49833	195
56.50000	193
56.50167	192
56.50333	190
56.50500	189
56.50667	189
56.50833	186
56.51000	186
56.51167	185
56.51333	184
56.51500	183
56.51667	181
56.51833	181
56.52000	180
56.52167	180
56.52333	178
56.52500	178
56.52667	177
56.52833	176
56.53000	176
56.53167	175
56.53333	175
56.53500	174
56.53667	173
56.53833	173
56.54000	173
56.54167	172
56.54333	171
56.54500	172
56.54667	171
56.54833	171
56.55000	170
56.55167	170
56.55333	170
56.55500	169
56.55667	170
56.55833	169
56.56000	169
56.56167	169
56.56333	169
56.56500	169
56.56667	169
56.56833	169
56.57000	169
56.57167	169
56.57333	169
56.57500	169
56.57667	170
56.57833	170
56.58000	170
56.58167	170
56.58333	171
56.58500	171
56.58667	171
56.58833	172
56.59000	173
56.59167	172
56.59333	174
56.59500	174
56.59667	174
56.59833	175
56.60000	175
56.60167	175
56.60333	177
56.60500	176
56.60667	177
56.60833	178
56.61000	178
56.61167	178
56.61333	180
56.61500	179
56.61667	180
56.61833	181
56.62000	182
56.62167	182
56.62333	183
56.62500	183
56.62667	184
56.62833	184
56.63000	185
56.63167	186
56.63333	186
56.63500	187
56.63667	187
56.63833	188
56.64000	189
56.64167	189
56.64333	189
56.64500	191
56.64667	191
56.64833	191
56.65000	192
56.65167	192
56.65333	193
56.65500	194
56.65667	194
56.65833	195
56.66000	195
56.66167	196
56.66333	197
56.66500	197
56.66667	198
56.66833	198
56.67000	199
56.67167	199
56.67333	201
56.67500	201
56.67667	201
56.67833	202
56.68000	203
56.68167	203
56.68333	204
56.68500	205
56.68667	206
56.68833	206
56.69000	206
56.69167	207
56.69333	208
56.69500	208
56.69667	209
56.69833	210
56.70000	210
56.70167	211
56.70333	212
56.70500	212
56.70667	213
56.70833	213
56.71000	214
56.71167	214
56.71333	215
56.71500	215
56.71667	216
56.71833	217
56.72000	217
56.72167	218
56.72333	218
56.72500	219
56.72667	220
56.72833	220
56.73000	221
56.73167	222
56.73333	222
56.73500	222
56.73667	223
56.73833	224
56.74000	224
56.74167	225
56.74333	225
56.74500	227
56.74667	226
56.74833	228
56.75000	227
56.75167	229
56.75333	229
56.75500	229
56.75667	230
56.75833	231
56.76000	231
56.76167	231
56.76333	233
56.76500	232
56.76667	233
56.76833	234
56.77000	234
56.77167	235
56.77333	235
56.77500	236
56.77667	237
56.77833	237
56.78000	237
56.78167	238
56.78333	239
56.78500	239
56.78667	239
56.78833	240
56.79000	241
56.79167	241
56.79333	242
56.79500	242
56.79667	243
56.79833	243
56.80000	244
56.80167	244
56.80333	245
56.80500	246
56.80667	246
56.80833	247
56.81000	247
56.81167	248
56.81333	248
56.81500	249
56.81667	249
56.81833	250
56.82000	251
56.82167	251
56.82333	252
56.82500	253
56.82667	253
56.82833	254
56.83000	255
56.83167	255
56.83333	257
56.83500	256
56.83667	258
56.83833	258
56.84000	259
56.84167	260
56.84333	260
56.84500	261
56.84667	262
56.84833	262
56.85000	263
56.85167	263
56.85333	264
56.85500	264
56.85667	265
56.85833	265
56.86000	266
56.86167	266
56.86333	267
56.86500	267
56.86667	268
56.86833	268
56.87000	268
56.87167	269
56.87333	269
56.87500	270
56.87667	270
56.87833	271
56.88000	271
56.88167	272
56.88333	272
56.88500	273
56.88667	273
56.88833	274
56.89000	275
56.89167	275
56.89333	275
56.89500	277
56.89667	277
56.89833	277
56.90000	278
56.90167	279
56.90333	279
56.90500	279
56.90667	281
56.90833	280
56.91000	282
56.91167	281
56.91333	283
56.91500	283
56.91667	283
56.91833	285
56.92000	284
56.92167	285
56.92333	286
56.92500	287
56.92667	286
56.92833	288
56.93000	288
56.93167	288
56.93333	289
56.93500	289
56.93667	290
56.93833	290
56.94000	291
56.94167	291
56.94333	292
56.94500	292
56.94667	293
56.94833	294
56.95000	294
56.95167	294
56.95333	295
56.95500	296
56.95667	296
56.95833	296
56.96000	297
56.96167	297
56.96333	298
56.96500	299
56.96667	298
56.96833	300
56.97000	300
56.97167	300
56.97333	301
56.97500	301
56.97667	302
56.97833	302
56.98000	303
56.98167	304
56.98333	304
56.98500	304
56.98667	305
56.98833	306
56.99000	306
56.99167	306
56.99333	307
56.99500	308
56.99667	308
56.99833	309
57.00000	309
57.00167	310
57.00333	310
57.00500	311
57.00667	311
57.00833	312
57.01000	313
57.01167	312
57.01333	314
57.01500	315
57.01667	315
57.01833	315
57.02000	316
57.02167	317
57.02333	317
57.02500	318
57.02667	317
57.02833	319
57.03000	319
57.03167	319
57.03333	320
57.03500	321
57.03667	321
57.03833	322
57.04000	322
57.04167	322
57.04333	322
57.04500	324
57.04667	323
57.04833	325
57.05000	324
57.05167	326
57.05333	325
57.05500	327
57.05667	326
57.05833	328
57.06000	327
57.06167	329
57.06333	329
57.06500	329
57.06667	329
57.06833	331
57.07000	331
57.07167	331
57.07333	332
57.07500	332
57.07667	333
57.07833	333
57.08000	333
57.08167	334
57.08333	334
57.08500	335
57.08667	336
57.08833	335
57.09000	337
57.09167	336
57.09333	337
57.09500	337
57.09667	338
57.09833	338
57.10000	338
57.10167	339
57.10333	339
57.10500	339
57.10667	339
57.10833	339
57.11000	340
57.11167	340
57.11333	339
57.11500	341
57.11667	340
57.11833	340
57.12000	340
57.12167	341
57.12333	340
57.12500	341
57.12667	340
57.12833	341
57.13000	341
57.13167	341
57.13333	341
57.13500	341
57.13667	341
57.13833	341
57.14000	341
57.14167	340
57.14333	341
57.14500	340
57.14667	341
57.14833	340
57.15000	340
57.15167	340
57.15333	340
57.15500	340
57.15667	340
57.15833	340
57.16000	340
57.16167	340
57.16333	340
57.16500	339
57.16667	340
57.16833	339
57.17000	340
57.17167	339
57.17333	339
57.17500	339
57.17667	339
57.17833	339
57.18000	339
57.18167	338
57.18333	339
57.18500	338
57.18667	338
57.18833	338
57.19000	337
57.19167	338
57.19333	337
57.19500	337
57.19667	337
57.19833	337
57.20000	336
57.20167	336
57.20333	336
57.20500	335
57.20667	335
57.20833	334
57.21000	334
57.21167	334
57.21333	334
57.21500	333
57.21667	332
57.21833	332
57.22000	332
57.22167	331
57.22333	331
57.22500	330
57.22667	329
57.22833	329
57.23000	328
57.23167	328
57.23333	327
57.23500	326
57.23667	326
57.23833	325
57.24000	324
57.24167	324
57.24333	323
57.24500	322
57.24667	321
57.24833	320
57.25000	320
57.25167	319
57.25333	318
57.25500	317
57.25667	316
57.25833	316
57.26000	315
57.26167	313
57.26333	314
57.26500	312
57.26667	312
57.26833	310
57.27000	310
57.27167	310
57.27333	308
57.27500	308
57.27667	307
57.27833	306
57.28000	306
57.28167	305
57.28333	305
57.28500	303
57.28667	303
57.28833	302
57.29000	301
57.29167	301
57.29333	301
57.29500	299
57.29667	299
57.29833	298
57.30000	297
57.30167	297
57.30333	296
57.30500	295
57.30667	295
57.30833	294
57.31000	293
57.31167	292
57.31333	292
57.31500	291
57.31667	290
57.31833	290
57.32000	289
57.32167	288
57.32333	287
57.32500	287
57.32667	286
57.32833	285
57.33000	284
57.33167	284
57.33333	282
57.33500	282
57.33667	281
57.33833	281
57.34000	279
57.34167	279
57.34333	277
57.34500	277
57.34667	277
57.34833	275
57.35000	274
57.35167	274
57.35333	273
57.35500	272
57.35667	271
57.35833	270
57.36000	270
57.36167	268
57.36333	268
57.36500	267
57.36667	266
57.36833	265
57.37000	264
57.37167	262
57.37333	263
57.37500	261
57.37667	260
57.37833	260
57.38000	258
57.38167	258
57.38333	257
57.38500	256
57.38667	255
57.38833	254
57.39000	253
57.39167	252
57.39333	252
57.39500	250
57.39667	250
57.39833	248
57.40000	248
57.40167	248
57.40333	246
57.40500	246
57.40667	245
57.40833	244
57.41000	243
57.41167	243
57.41333	242
57.41500	241
57.41667	240
57.41833	240
57.42000	239
57.42167	238
57.42333	238
57.42500	236
57.42667	236
57.42833	235
57.43000	234
57.43167	234
57.43333	233
57.43500	231
57.43667	231
57.43833	230
57.44000	230
57.44167	228
57.44333	228
57.44500	227
57.44667	226
57.44833	225
57.45000	224
57.45167	223
57.45333	223
57.45500	222
57.45667	220
57.45833	220
57.46000	219
57.46167	218
57.46333	217
57.46500	216
57.46667	216
57.46833	215
57.47000	214
57.47167	213
57.47333	212
57.47500	211
57.47667	210
57.47833	209
57.48000	208
57.48167	208
57.48333	207
57.48500	207
57.48667	205
57.48833	204
57.49000	204
57.49167	202
57.49333	201
57.49500	201
57.49667	200
57.49833	198
57.50000	198
57.50167	197
57.50333	196
57.50500	195
57.50667	194
57.50833	193
57.51000	192
57.51167	191
57.51333	190
57.51500	189
57.51667	188
57.51833	188
57.52000	186
57.52167	185
57.52333	185
57.52500	183
57.52667	183
57.52833	181
57.53000	181
57.53167	180
57.53333	178
57.53500	178
57.53667	177
57.53833	175
57.54000	175
57.54167	174
57.54333	173
57.54500	173
57.54667	171
57.54833	171
57.55000	169
57.55167	168
57.55333	168
57.55500	167
57.55667	165
57.55833	165
57.56000	164
57.56167	163
57.56333	162
57.56500	160
57.56667	160
57.56833	159
57.57000	158
57.57167	156
57.57333	156
57.57500	154
57.57667	154
57.57833	152
57.58000	151
57.58167	150
57.58333	148
57.58500	148
57.58667	147
57.58833	146
57.59000	145
57.59167	143
57.59333	143
57.59500	142
57.59667	141
57.59833	140
57.60000	139
57.60167	138
57.60333	137
57.60500	136
57.60667	135
57.60833	134
57.61000	133
57.61167	132
57.61333	131
57.61500	130
57.61667	129
57.61833	128
57.62000	126
57.62167	126
57.62333	125
57.62500	124
57.62667	122
57.62833	122
57.63000	121
57.63167	119
57.63333	119
57.63500	117
57.63667	116
57.63833	115
57.64000	115
57.64167	113
57.64333	112
57.64500	111
57.64667	110
57.64833	109
57.65000	108
57.65167	107
57.65333	107
57.65500	105
57.65667	104
57.65833	104
57.66000	102
57.66167	102
57.66333	100
57.66500	100
57.66667	99
57.66833	98
57.67000	97
57.67167	96
57.67333	95
57.67500	95
57.67667	93
57.67833	93
57.68000	92
57.68167	92
57.68333	91
57.68500	90
57.68667	89
57.68833	89
57.69000	89
57.69167	87
57.69333	87
57.69500	86
57.69667	86
57.69833	85
57.70000	85
57.70167	84
57.70333	83
57.70500	83
57.70667	82
57.70833	82
57.71000	81
57.71167	81
57.71333	80
57.71500	80
57.71667	80
57.71833	78
57.72000	79
57.72167	77
57.72333	77
57.72500	77
57.72667	76
57.72833	75
57.73000	75
57.73167	74
57.73333	74
57.73500	72
57.73667	73
57.73833	71
57.74000	71
57.74167	70
57.74333	69
57.74500	69
57.74667	68
57.74833	67
57.75000	66
57.75167	66
57.75333	65
57.75500	65
57.75667	64
57.75833	63
57.76000	62
57.76167	62
57.76333	62
57.76500	60
57.76667	61
57.76833	59
57.77000	59
57.77167	59
57.77333	58
57.77500	57
57.77667	57
57.77833	56
57.78000	56
57.78167	55
57.78333	55
57.78500	55
57.78667	55
57.78833	53
57.79000	54
57.79167	53
57.79333	52
57.79500	53
57.79667	52
57.79833	51
57.80000	51
57.80167	50
57.80333	50
57.80500	50
57.80667	49
57.80833	49
57.81000	48
57.81167	48
57.81333	48
57.81500	47
57.81667	46
57.81833	46
57.82000	45
57.82167	45
57.82333	44
57.82500	44
57.82667	43
57.82833	43
57.83000	42
57.83167	40
57.83333	41
57.83500	39
57.83667	39
57.83833	39
57.84000	38
57.84167	37
57.84333	37
57.84500	36
57.84667	35
57.84833	35
57.85000	35
57.85167	34
57.85333	34
57.85500	33
57.85667	32
57.85833	32
57.86000	32
57.86167	32
57.86333	30
57.86500	31
57.86667	30
57.86833	30
57.87000	29
57.87167	29
57.87333	29
57.87500	28
57.87667	28
57.87833	27
57.88000	28
57.88167	26
57.88333	27
57.88500	27
57.88667	25
57.88833	26
57.89000	26
57.89167	24
57.89333	25
57.89500	25
57.89667	24
57.89833	23
57.90000	24
57.90167	23
57.90333	23
57.90500	22
57.90667	22
57.90833	22
57.91000	22
57.91167	21
57.91333	22
57.91500	21
57.91667	20
57.91833	21
57.92000	20
57.92167	20
57.92333	20
57.92500	20
57.92667	20
57.92833	19
57.93000	20
57.93167	19
57.93333	19
57.93500	19
57.93667	19
57.93833	19
57.94000	18
57.94167	19
57.94333	18
57.94500	19
57.94667	18
57.94833	18
57.95000	18
57.95167	18
57.95333	18
57.95500	17
57.95667	18
57.95833	17
57.96000	17
57.96167	16
57.96333	17
57.96500	17
57.96667	16
57.96833	16
57.97000	17
57.97167	16
57.97333	16
57.97500	16
57.97667	15
57.97833	16
57.98000	15
57.98167	15
57.98333	15
57.98500	15
57.98667	15
57.98833	14
57.99000	14
57.99167	14
57.99333	14
57.99500	13
57.99667	14
57.99833	13
58.00000	13
58.00167	13
58.00333	13
58.00500	12
58.00667	13
58.00833	12
58.01000	12
58.01167	11
58.01333	12
58.01500	11
58.01667	10
58.01833	11
58.02000	10
58.02167	10
58.02333	9
58.02500	10
58.02667	9
58.02833	9
58.03000	8
58.03167	8
58.03333	8
58.03500	7
58.03667	7
58.03833	7
58.04000	7
58.04167	6
58.04333	6
58.04500	6
58.04667	5
58.04833	6
58.05000	5
58.05167	5
58.05333	5
58.05500	4
58.05667	4
58.05833	5
58.06000	4
58.06167	3
58.06333	4
58.06500	4
58.06667	3
58.06833	4
58.07000	3
58.07167	3
58.07333	4
58.07500	3
58.07667	4
58.07833	3
58.08000	3
58.08167	3
58.08333	3
58.08500	3
58.08667	3
58.08833	3
58.09000	4
58.09167	3
58.09333	3
58.09500	3
58.09667	3
58.09833	3
58.10000	3
58.10167	3
58.10333	3
58.10500	3
58.10667	3
58.10833	2
58.11000	3
58.11167	2
58.11333	3
58.11500	2
58.11667	2
58.11833	3
58.12000	2
58.12167	2
58.12333	2
58.12500	2
58.12667	1
58.12833	2
58.13000	1
58.13167	2
58.13333	1
58.13500	2
58.13667	1
58.13833	1
58.14000	0
58.14167	1
58.14333	1
58.14500	1
58.14667	1
58.14833	0
58.15000	1
58.15167	0
58.15333	0
58.15500	1
58.15667	0
58.15833	0
58.16000	0
58.16167	0
58.16333	0
58.16500	0
58.16667	0
58.16833	0
58.17000	-1
58.17167	-1
58.17333	-1
58.17500	-1
58.17667	-1
58.17833	-2
58.18000	-2
58.18167	-2
58.18333	-2
58.18500	-2
58.18667	-3
58.18833	-3
58.19000	-3
58.19167	-4
58.19333	-3
58.19500	-4
58.19667	-5
58.19833	-4
58.20000	-5
58.20167	-5
58.20333	-5
58.20500	-5
58.20667	-5
58.20833	-6
58.21000	-6
58.21167	-6
58.21333	-6
58.21500	-7
58.21667	-7
58.21833	-7
58.22000	-7
58.22167	-7
58.22333	-7
58.22500	-8
58.22667	-7
58.22833	-8
58.23000	-8
58.23167	-8
58.23333	-8
58.23500	-8
58.23667	-8
58.23833	-9
58.24000	-9
58.24167	-8
58.24333	-9
58.24500	-9
58.24667	-10
58.24833	-9
58.25000	-9
58.25167	-10
58.25333	-10
58.25500	-10
58.25667	-10
58.25833	-10
58.26000	-10
58.26167	-11
58.26333	-11
58.26500	-11
58.26667	-11
58.26833	-11
58.27000	-12
58.27167	-12
58.27333	-12
58.27500	-12
58.27667	-12
58.27833	-12
58.28000	-12
58.28167	-13
58.28333	-12
58.28500	-13
58.28667	-13
58.28833	-13
58.29000	-14
58.29167	-13
58.29333	-13
58.29500	-14
58.29667	-14
58.29833	-14
58.30000	-14
58.30167	-14
58.30333	-14
58.30500	-15
58.30667	-14
58.30833	-15
58.31000	-15
58.31167	-15
58.31333	-15
58.31500	-14
58.31667	-15
58.31833	-16
58.32000	-15
58.32167	-15
58.32333	-15
58.32500	-15
58.32667	-15
58.32833	-16
58.33000	-16
58.33167	-16
58.33333	-16
58.33500	-17
58.33667	-16
58.33833	-17
58.34000	-17
58.34167	-17
58.34333	-17
58.34500	-17
58.34667	-18
58.34833	-18
58.35000	-18
58.35167	-18
58.35333	-19
58.35500	-18
58.35667	-19
58.35833	-20
58.36000	-20
58.36167	-20
58.36333	-20
58.36500	-20
58.36667	-21
58.36833	-21
58.37000	-22
58.37167	-21
58.37333	-22
58.37500	-22
58.37667	-22
58.37833	-23
58.38000	-23
58.38167	-23
58.38333	-24
58.38500	-24
58.38667	-24
58.38833	-25
58.39000	-25
58.39167	-25
58.39333	-25
58.39500	-26
58.39667	-27
58.39833	-26
58.40000	-27
58.40167	-27
58.40333	-27
58.40500	-28
58.40667	-28
58.40833	-28
58.41000	-28
58.41167	-28
58.41333	-29
58.41500	-29
58.41667	-28
58.41833	-29
58.42000	-29
58.42167	-29
58.42333	-29
58.42500	-29
58.42667	-29
58.42833	-30
58.43000	-29
58.43167	-29
58.43333	-29
58.43500	-30
58.43667	-29
58.43833	-30
58.44000	-30
58.44167	-30
58.44333	-29
58.44500	-30
58.44667	-30
58.44833	-30
58.45000	-31
58.45167	-30
58.45333	-30
58.45500	-31
58.45667	-32
58.45833	-31
58.46000	-32
58.46167	-32
58.46333	-32
58.46500	-32
58.46667	-33
58.46833	-33
58.47000	-33
58.47167	-34
58.47333	-33
58.47500	-34
58.47667	-34
58.47833	-34
58.48000	-34
58.48167	-34
58.48333	-35
58.48500	-34
58.48667	-35
58.48833	-35
58.49000	-35
58.49167	-35
58.49333	-35
58.49500	-35
58.49667	-35
58.49833	-36
58.50000	-35
58.50167	-35
58.50333	-36
58.50500	-35
58.50667	-35
58.50833	-35
58.51000	-35
58.51167	-35
58.51333	-36
58.51500	-35
58.51667	-35
58.51833	-35
58.52000	-35
58.52167	-35
58.52333	-35
58.52500	-35
58.52667	-35
58.52833	-35
58.53000	-35
58.53167	-36
58.53333	-35
58.53500	-35
58.53667	-36
58.53833	-35
58.54000	-36
58.54167	-36
58.54333	-36
58.54500	-36
58.54667	-36
58.54833	-36
58.55000	-36
58.55167	-37
58.55333	-37
58.55500	-36
58.55667	-38
58.55833	-37
58.56000	-38
58.56167	-37
58.56333	-38
58.56500	-39
58.56667	-38
58.56833	-39
58.57000	-39
58.57167	-39
58.57333	-40
58.57500	-40
58.57667	-40
58.57833	-41
58.58000	-41
58.58167	-41
58.58333	-42
58.58500	-42
58.58667	-42
58.58833	-43
58.59000	-43
58.59167	-43
58.59333	-43
58.59500	-44
58.59667	-44
58.59833	-45
58.60000	-44
58.60167	-45
58.60333	-45
58.60500	-45
58.60667	-45
58.60833	-46
58.61000	-46
58.61167	-46
58.61333	-46
58.61500	-47
58.61667	-47
58.61833	-47
58.62000	-47
58.62167	-47
58.62333	-47
58.62500	-48
58.62667	-48
58.62833	-47
58.63000	-48
58.63167	-48
58.63333	-48
58.63500	-48
58.63667	-49
58.63833	-48
58.64000	-48
58.64167	-49
58.64333	-48
58.64500	-49
58.64667	-49
58.64833	-49
58.65000	-49
58.65167	-49
58.65333	-49
58.65500	-49
58.65667	-49
58.65833	-49
58.66000	-50
58.66167	-49
58.66333	-49
58.66500	-50
58.66667	-49
58.66833	-50
58.67000	-50
58.67167	-49
58.67333	-50
58.67500	-50
58.67667	-50
58.67833	-50
58.68000	-50
58.68167	-50
58.68333	-50
58.68500	-50
58.68667	-50
58.68833	-50
58.69000	-50
58.69167	-50
58.69333	-50
58.69500	-50
58.69667	-50
58.69833	-50
58.70000	-50
58.70167	-50
58.70333	-50
58.70500	-50
58.70667	-50
58.70833	-51
58.71000	-50
58.71167	-51
58.71333	-51
58.71500	-51
58.71667	-51
58.71833	-52
58.72000	-51
58.72167	-52
58.72333	-52
58.72500	-53
58.72667	-52
58.72833	-53
58.73000	-53
58.73167	-53
58.73333	-54
58.73500	-54
58.73667	-54
58.73833	-55
58.74000	-56
58.74167	-55
58.74333	-56
58.74500	-57
58.74667	-56
58.74833	-57
58.75000	-58
58.75167	-57
58.75333	-58
58.75500	-59
58.75667	-59
58.75833	-58
58.76000	-60
58.76167	-60
58.76333	-60
58.76500	-60
58.76667	-61
58.76833	-61
58.77000	-61
58.77167	-62
58.77333	-61
58.77500	-62
58.77667	-63
58.77833	-62
58.78000	-63
58.78167	-63
58.78333	-63
58.78500	-64
58.78667	-63
58.78833	-64
58.79000	-64
58.79167	-64
58.79333	-63
58.79500	-64
58.79667	-64
58.79833	-64
58.80000	-64
58.80167	-64
58.80333	-64
58.80500	-65
58.80667	-64
58.80833	-64
58.81000	-65
58.81167	-64
58.81333	-64
58.81500	-65
58.81667	-64
58.81833	-65
58.82000	-65
58.82167	-65
58.82333	-65
58.82500	-66
58.82667	-65
58.82833	-66
58.83000	-67
58.83167	-66
58.83333	-67
58.83500	-67
58.83667	-67
58.83833	-67
58.84000	-68
58.84167	-68
58.84333	-69
58.84500	-69
58.84667	-69
58.84833	-70
58.85000	-70
58.85167	-70
58.85333	-71
58.85500	-71
58.85667	-71
58.85833	-72
58.86000	-72
58.86167	-72
58.86333	-73
58.86500	-72
58.86667	-73
58.86833	-73
58.87000	-74
58.87167	-74
58.87333	-74
58.87500	-74
58.87667	-75
58.87833	-75
58.88000	-76
58.88167	-76
58.88333	-76
58.88500	-76
58.88667	-77
58.88833	-77
58.89000	-77
58.89167	-77
58.89333	-78
58.89500	-78
58.89667	-79
58.89833	-79
58.90000	-79
58.90167	-79
58.90333	-79
58.90500	-79
58.90667	-79
58.90833	-80
58.91000	-80
58.91167	-80
58.91333	-80
58.91500	-81
58.91667	-80
58.91833	-80
58.92000	-81
58.92167	-80
58.92333	-80
58.92500	-80
58.92667	-79
58.92833	-80
58.93000	-80
58.93167	-80
58.93333	-79
58.93500	-79
58.93667	-80
58.93833	-79
58.94000	-79
58.94167	-80
58.94333	-79
58.94500	-79
58.94667	-79
58.94833	-79
58.95000	-79
58.95167	-79
58.95333	-79
58.95500	-79
58.95667	-79
58.95833	-79
58.96000	-79
58.96167	-80
58.96333	-79
58.96500	-80
58.96667	-79
58.96833	-80
58.97000	-80
58.97167	-79
58.97333	-79
58.97500	-80
58.97667	-80
58.97833	-79
58.98000	-79
58.98167	-80
58.98333	-79
58.98500	-79
58.98667	-79
58.98833	-78
58.99000	-79
58.99167	-78
58.99333	-79
58.99500	-78
58.99667	-78
58.99833	-78
59.00000	-77
59.00167	-78
59.00333	-77
59.00500	-77
59.00667	-77
59.00833	-76
59.01000	-77
59.01167	-76
59.01333	-77
59.01500	-76
59.01667	-76
59.01833	-76
59.02000	-76
59.02167	-76
59.02333	-75
59.02500	-76
59.02667	-76
59.02833	-75
59.03000	-76
59.03167	-75
59.03333	-76
59.03500	-75
59.03667	-76
59.03833	-75
59.04000	-75
59.04167	-76
59.04333	-76
59.04500	-76
59.04667	-76
59.04833	-77
59.05000	-77
59.05167	-76
59.05333	-78
59.05500	-77
59.05667	-77
59.05833	-78
59.06000	-78
59.06167	-78
59.06333	-78
59.06500	-79
59.06667	-78
59.06833	-79
59.07000	-79
59.07167	-79
59.07333	-79
59.07500	-79
59.07667	-79
59.07833	-79
59.08000	-80
59.08167	-79
59.08333	-79
59.08500	-80
59.08667	-79
59.08833	-80
59.09000	-79
59.09167	-79
59.09333	-80
59.09500	-79
59.09667	-80
59.09833	-79
59.10000	-80
59.10167	-79
59.10333	-80
59.10500	-79
59.10667	-79
59.10833	-79
59.11000	-79
59.11167	-79
59.11333	-78
59.11500	-79
59.11667	-78
59.11833	-79
59.12000	-78
59.12167	-79
59.12333	-78
59.12500	-78
59.12667	-78
59.12833	-78
59.13000	-78
59.13167	-78
59.13333	-77
59.13500	-78
59.13667	-77
59.13833	-77
59.14000	-77
59.14167	-76
59.14333	-77
59.14500	-76
59.14667	-77
59.14833	-76
59.15000	-76
59.15167	-76
59.15333	-76
59.15500	-76
59.15667	-76
59.15833	-75
59.16000	-76
59.16167	-76
59.16333	-75
59.16500	-75
59.16667	-76
59.16833	-75
59.17000	-76
59.17167	-75
59.17333	-75
59.17500	-75
59.17667	-76
59.17833	-74
59.18000	-75
59.18167	-75
59.18333	-75
59.18500	-74
59.18667	-75
59.18833	-74
59.19000	-74
59.19167	-74
59.19333	-74
59.19500	-74
59.19667	-73
59.19833	-74
59.20000	-73
59.20167	-74
59.20333	-73
59.20500	-73
59.20667	-73
59.20833	-73
59.21000	-73
59.21167	-72
59.21333	-73
59.21500	-72
59.21667	-73
59.21833	-72
59.22000	-73
59.22167	-72
59.22333	-72
59.22500	-72
59.22667	-72
59.22833	-72
59.23000	-71
59.23167	-72
59.23333	-72
59.23500	-72
59.23667	-71
59.23833	-72
59.24000	-71
59.24167	-72
59.24333	-71
59.24500	-71
59.24667	-72
59.24833	-71
59.25000	-71
59.25167	-72
59.25333	-71
59.25500	-71
59.25667	-71
59.25833	-71
59.26000	-71
59.26167	-71
59.26333	-71
59.26500	-71
59.26667	-71
59.26833	-71
59.27000	-70
59.27167	-71
59.27333	-71
59.27500	-71
59.27667	-71
59.27833	-72
59.28000	-71
59.28167	-71
59.28333	-72
59.28500	-71
59.28667	-72
59.28833	-72
59.29000	-72
59.29167	-72
59.29333	-72
59.29500	-72
59.29667	-73
59.29833	-73
59.30000	-73
59.30167	-73
59.30333	-73
59.30500	-73
59.30667	-73
59.30833	-73
59.31000	-73
59.31167	-73
59.31333	-73
59.31500	-73
59.31667	-73
59.31833	-73
59.32000	-73
59.32167	-73
59.32333	-72
59.32500	-73
59.32667	-72
59.32833	-72
59.33000	-72
59.33167	-72
59.33333	-72
59.33500	-72
59.33667	-72
59.33833	-71
59.34000	-71
59.34167	-71
59.34333	-71
59.34500	-71
59.34667	-70
59.34833	-70
59.35000	-71
59.35167	-70
59.35333	-70
59.35500	-70
59.35667	-70
59.35833	-70
59.36000	-70
59.36167	-69
59.36333	-70
59.36500	-70
59.36667	-69
59.36833	-70
59.37000	-69
59.37167	-69
59.37333	-70
59.37500	-69
59.37667	-70
59.37833	-69
59.38000	-69
59.38167	-69
59.38333	-69
59.38500	-69
59.38667	-68
59.38833	-69
59.39000	-68
59.39167	-69
59.39333	-69
59.39500	-68
59.39667	-69
59.39833	-68
59.40000	-69
59.40167	-68
59.40333	-69
59.40500	-69
59.40667	-68
59.40833	-69
59.41000	-69
59.41167	-68
59.41333	-69
59.41500	-69
59.41667	-68
59.41833	-69
59.42000	-69
59.42167	-68
59.42333	-69
59.42500	-68
59.42667	-68
59.42833	-68
59.43000	-69
59.43167	-68
59.43333	-68
59.43500	-69
59.43667	-68
59.43833	-68
59.44000	-68
59.44167	-68
59.44333	-68
59.44500	-67
59.44667	-68
59.44833	-67
59.45000	-68
59.45167	-68
59.45333	-67
59.45500	-67
59.45667	-68
59.45833	-67
59.46000	-67
59.46167	-67
59.46333	-67
59.46500	-67
59.46667	-67
59.46833	-67
59.47000	-67
59.47167	-67
59.47333	-66
59.47500	-67
59.47667	-67
59.47833	-67
59.48000	-67
59.48167	-66
59.48333	-67
59.48500	-67
59.48667	-67
59.48833	-66
59.49000	-67
59.49167	-66
59.49333	-67
59.49500	-66
59.49667	-67
59.49833	-66
59.50000	-67
59.50167	-66
59.50333	-67
59.50500	-66
59.50667	-67
59.50833	-66
59.51000	-66
59.51167	-67
59.51333	-66
59.51500	-66
59.51667	-67
59.51833	-66
59.52000	-66
59.52167	-66
59.52333	-67
59.52500	-66
59.52667	-66
59.52833	-67
59.53000	-66
59.53167	-67
59.53333	-67
59.53500	-66
59.53667	-67
59.53833	-67
59.54000	-67
59.54167	-67
59.54333	-67
59.54500	-67
59.54667	-68
59.54833	-67
59.55000	-68
59.55167	-68
59.55333	-67
59.55500	-68
59.55667	-68
59.55833	-68
59.56000	-68
59.56167	-68
59.56333	-68
59.56500	-68
59.56667	-68
59.56833	-69
59.57000	-68
59.57167	-69
59.57333	-69
59.57500	-69
59.57667	-69
59.57833	-69
59.58000	-69
59.58167	-70
59.58333	-70
59.58500	-69
59.58667	-70
59.58833	-71
59.59000	-70
59.59167	-71
59.59333	-70
59.59500	-71
59.59667	-71
59.59833	-71
59.60000	-71
59.60167	-71
59.60333	-71
59.60500	-72
59.60667	-71
59.60833	-72
59.61000	-72
59.61167	-72
59.61333	-72
59.61500	-73
59.61667	-72
59.61833	-73
59.62000	-72
59.62167	-73
59.62333	-72
59.62500	-73
59.62667	-72
59.62833	-73
59.63000	-72
59.63167	-72
59.63333	-73
59.63500	-72
59.63667	-71
59.63833	-72
59.64000	-71
59.64167	-72
59.64333	-71
59.64500	-71
59.64667	-71
59.64833	-71
59.65000	-71
59.65167	-70
59.65333	-71
59.65500	-71
59.65667	-70
59.65833	-71
59.66000	-70
59.66167	-71
59.66333	-70
59.66500	-71
59.66667	-71
59.66833	-71
59.67000	-71
59.67167	-71
59.67333	-71
59.67500	-71
59.67667	-71
59.67833	-72
59.68000	-71
59.68167	-72
59.68333	-71
59.68500	-72
59.68667	-72
59.68833	-71
59.69000	-72
59.69167	-71
59.69333	-72
59.69500	-71
59.69667	-72
59.69833	-71
59.70000	-71
59.70167	-72
59.70333	-71
59.70500	-71
59.70667	-71
59.70833	-71
59.71000	-71
59.71167	-70
59.71333	-71
59.71500	-70
59.71667	-70
59.71833	-70
59.72000	-70
59.72167	-70
59.72333	-70
59.72500	-70
59.72667	-69
59.72833	-70
59.73000	-69
59.73167	-70
59.73333	-69
59.73500	-69
59.73667	-70
59.73833	-69
59.74000	-70
59.74167	-69
59.74333	-70
59.74500	-70
59.74667	-70
59.74833	-71
59.75000	-70
59.75167	-70
59.75333	-71
59.75500	-71
59.75667	-71
59.75833	-72
59.76000	-71
59.76167	-72
59.76333	-73
59.76500	-72
59.76667	-73
59.76833	-72
59.77000	-74
59.77167	-73
59.77333	-73
59.77500	-74
59.77667	-73
59.77833	-74
59.78000	-74
59.78167	-74
59.78333	-74
59.78500	-74
59.78667	-74
59.78833	-74
59.79000	-74
59.79167	-74
59.79333	-73
59.79500	-74
59.79667	-73
59.79833	-74
59.80000	-73
59.80167	-74
59.80333	-73
59.80500	-73
59.80667	-73
59.80833	-73
59.81000	-73
59.81167	-72
59.81333	-72
59.81500	-72
59.81667	-72
59.81833	-72
59.82000	-72
59.82167	-72
59.82333	-71
59.82500	-72
59.82667	-72
59.82833	-72
59.83000	-72
59.83167	-72
59.83333	-71
59.83500	-73
59.83667	-72
59.83833	-72
59.84000	-72
59.84167	-72
59.84333	-72
59.84500	-73
59.84667	-73
59.84833	-73
59.85000	-74
59.85167	-73
59.85333	-73
59.85500	-74
59.85667	-73
59.85833	-74
59.86000	-74
59.86167	-74
59.86333	-74
59.86500	-74
59.86667	-75
59.86833	-74
59.87000	-74
59.87167	-75
59.87333	-74
59.87500	-75
59.87667	-74
59.87833	-74
59.88000	-74
59.88167	-75
59.88333	-74
59.88500	-74
59.88667	-74
59.88833	-74
59.89000	-74
59.89167	-73
59.89333	-74
59.89500	-73
59.89667	-73
59.89833	-73
59.90000	-74
59.90167	-72
59.90333	-73
59.90500	-72
59.90667	-73
59.90833	-73
59.91000	-72
59.91167	-72
59.91333	-72
59.91500	-72
59.91667	-72
59.91833	-71
59.92000	-71
59.92167	-72
59.92333	-71
59.92500	-71
59.92667	-71
59.92833	-71
59.93000	-71
59.93167	-71
59.93333	-72
59.93500	-71
59.93667	-71
59.93833	-71
59.94000	-72
59.94167	-71
59.94333	-72
59.94500	-72
59.94667	-72
59.94833	-72
59.95000	-72
59.95167	-73
59.95333	-73
59.95500	-72
59.95667	-73
59.95833	-74
59.96000	-73
59.96167	-74
59.96333	-74
59.96500	-75
59.96667	-74
59.96833	-75
59.97000	-74
59.97167	-75
59.97333	-75
59.97500	-75
59.97667	-75
59.97833	-75
59.98000	-75
59.98167	-76
59.98333	-75
59.98500	-75
59.98667	-75
59.98833	-76
59.99000	-75
59.99167	-76
59.99333	-75
59.99500	-75
59.99667	-75
59.99833	-75
60.00000	-75
60.00167	-75
60.00333	-75
60.00500	-75
60.00667	-75
60.00833	-75
60.01000	-75
60.01167	-75
60.01333	-75
60.01500	-74
60.01667	-75
60.01833	-75
60.02000	-75
60.02167	-74
60.02333	-75
60.02500	-74
60.02667	-74
60.02833	-74
60.03000	-74
60.03167	-73
60.03333	-74
60.03500	-74
60.03667	-73
60.03833	-73
60.04000	-73
60.04167	-73
60.04333	-73
60.04500	-72
60.04667	-73
60.04833	-73
60.05000	-72
60.05167	-72
60.05333	-73
60.05500	-72
60.05667	-72
60.05833	-72
60.06000	-72
60.06167	-72
60.06333	-71
60.06500	-72
60.06667	-72
60.06833	-72
60.07000	-71
60.07167	-72
60.07333	-72
60.07500	-72
60.07667	-72
60.07833	-72
60.08000	-72
60.08167	-72
60.08333	-73
60.08500	-72
60.08667	-73
60.08833	-73
60.09000	-73
60.09167	-73
60.09333	-73
60.09500	-74
60.09667	-73
60.09833	-74
60.10000	-74
60.10167	-75
60.10333	-74
60.10500	-75
60.10667	-75
60.10833	-75
60.11000	-74
60.11167	-75
60.11333	-76
60.11500	-75
60.11667	-75
60.11833	-76
60.12000	-75
60.12167	-76
60.12333	-75
60.12500	-76
60.12667	-75
60.12833	-76
60.13000	-75
60.13167	-75
60.13333	-76
60.13500	-75
60.13667	-76
60.13833	-75
60.14000	-75
60.14167	-75
60.14333	-75
60.14500	-75
60.14667	-75
60.14833	-75
60.15000	-75
60.15167	-75
60.15333	-75
60.15500	-75
60.15667	-75
60.15833	-75
60.16000	-76
60.16167	-75
60.16333	-75
60.16500	-75
60.16667	-76
60.16833	-75
60.17000	-76
60.17167	-75
60.17333	-76
60.17500	-76
60.17667	-76
60.17833	-76
60.18000	-75
60.18167	-76
60.18333	-76
60.18500	-76
60.18667	-76
60.18833	-76
60.19000	-76
60.19167	-76
60.19333	-76
60.19500	-77
60.19667	-76
60.19833	-76
60.20000	-77
60.20167	-76
60.20333	-77
60.20500	-77
60.20667	-77
60.20833	-77
60.21000	-78
60.21167	-77
60.21333	-78
60.21500	-78
60.21667	-78
60.21833	-78
60.22000	-78
60.22167	-78
60.22333	-78
60.22500	-78
60.22667	-79
60.22833	-78
60.23000	-78
60.23167	-78
60.23333	-79
60.23500	-78
60.23667	-78
60.23833	-78
60.24000	-78
60.24167	-78
60.24333	-78
60.24500	-77
60.24667	-78
60.24833	-78
60.25000	-77
60.25167	-78
60.25333	-77
60.25500	-77
60.25667	-77
60.25833	-78
60.26000	-77
60.26167	-77
60.26333	-77
60.26500	-77
60.26667	-76
60.26833	-77
60.27000	-77
60.27167	-77
60.27333	-78
60.27500	-77
60.27667	-77
60.27833	-77
60.28000	-77
60.28167	-77
60.28333	-77
60.28500	-78
60.28667	-77
60.28833	-78
60.29000	-77
60.29167	-78
60.29333	-77
60.29500	-78
60.29667	-78
60.29833	-79
60.30000	-78
60.30167	-79
60.30333	-79
60.30500	-79
60.30667	-79
60.30833	-80
60.31000	-80
60.31167	-80
60.31333	-81
60.31500	-80
60.31667	-81
60.31833	-81
60.32000	-81
60.32167	-82
60.32333	-82
60.32500	-81
60.32667	-82
60.32833	-83
60.33000	-82
60.33167	-83
60.33333	-82
60.33500	-83
60.33667	-83
60.33833	-83
60.34000	-83
60.34167	-83
60.34333	-83
60.34500	-83
60.34667	-83
60.34833	-83
60.35000	-83
60.35167	-83
60.35333	-82
60.35500	-83
60.35667	-82
60.35833	-83
60.36000	-82
60.36167	-82
60.36333	-82
60.36500	-82
60.36667	-81
60.36833	-82
60.37000	-81
60.37167	-82
60.37333	-81
60.37500	-81
60.37667	-81
60.37833	-81
60.38000	-81
60.38167	-81
60.38333	-80
60.38500	-81
60.38667	-81
60.38833	-80
60.39000	-81
60.39167	-80
60.39333	-81
60.39500	-80
60.39667	-81
60.39833	-80
60.40000	-81
60.40167	-80
60.40333	-81
60.40500	-80
60.40667	-81
60.40833	-80
60.41000	-80
60.41167	-80
60.41333	-81
60.41500	-80
60.41667	-80
60.41833	-80
60.42000	-80
60.42167	-80
60.42333	-79
60.42500	-80
60.42667	-80
60.42833	-80
60.43000	-79
60.43167	-80
60.43333	-79
60.43500	-79
60.43667	-79
60.43833	-79
60.44000	-79
60.44167	-79
60.44333	-79
60.44500	-79
60.44667	-79
60.44833	-78
60.45000	-79
60.45167	-79
60.45333	-78
60.45500	-79
60.45667	-78
60.45833	-79
60.46000	-79
60.46167	-78
60.46333	-79
60.46500	-78
60.46667	-79
60.46833	-78
60.47000	-79
60.47167	-78
60.47333	-78
60.47500	-78
60.47667	-78
60.47833	-78
60.48000	-78
60.48167	-77
60.48333	-78
60.48500	-78
60.48667	-77
60.48833	-78
60.49000	-77
60.49167	-78
60.49333	-78
60.49500	-78
60.49667	-78
60.49833	-77
60.50000	-78
60.50167	-78
60.50333	-78
60.50500	-78
60.50667	-79
60.50833	-78
60.51000	-79
60.51167	-79
60.51333	-79
60.51500	-79
60.51667	-79
60.51833	-79
60.52000	-79
60.52167	-80
60.52333	-80
60.52500	-79
60.52667	-80
60.52833	-80
60.53000	-80
60.53167	-80
60.53333	-79
60.53500	-80
60.53667	-80
60.53833	-80
60.54000	-80
60.54167	-79
60.54333	-80
60.54500	-79
60.54667	-79
60.54833	-79
60.55000	-79
60.55167	-79
60.55333	-79
60.55500	-79
60.55667	-79
60.55833	-78
60.56000	-79
60.56167	-79
60.56333	-78
60.56500	-79
60.56667	-78
60.56833	-79
60.57000	-78
60.57167	-79
60.57333	-78
60.57500	-78
60.57667	-79
60.57833	-78
60.58000	-79
60.58167	-78
60.58333	-78
60.58500	-79
60.58667	-78
60.58833	-78
60.59000	-78
60.59167	-78
60.59333	-78
60.59500	-78
60.59667	-78
60.59833	-77
60.60000	-78
60.60167	-77
60.60333	-77
60.60500	-77
60.60667	-77
60.60833	-76
60.61000	-77
60.61167	-76
60.61333	-76
60.61500	-76
60.61667	-75
60.61833	-75
60.62000	-76
60.62167	-75
60.62333	-74
60.62500	-75
60.62667	-74
60.62833	-74
60.63000	-74
60.63167	-74
60.63333	-73
60.63500	-73
60.63667	-73
60.63833	-73
60.64000	-72
60.64167	-73
60.64333	-72
60.64500	-72
60.64667	-72
60.64833	-71
60.65000	-72
60.65167	-71
60.65333	-71
60.65500	-71
60.65667	-70
60.65833	-70
60.66000	-70
60.66167	-70
60.66333	-69
60.66500	-69
60.66667	-69
60.66833	-68
60.67000	-68
60.67167	-68
60.67333	-68
60.67500	-67
60.67667	-66
60.67833	-66
60.68000	-66
60.68167	-66
60.68333	-65
60.68500	-65
60.68667	-64
60.68833	-64
60.69000	-64
60.69167	-63
60.69333	-63
60.69500	-62
60.69667	-62
60.69833	-62
60.70000	-61
60.70167	-61
60.70333	-60
60.70500	-61
60.70667	-60
60.70833	-59
60.71000	-60
60.71167	-59
60.71333	-59
60.71500	-59
60.71667	-58
60.71833	-58
60.72000	-58
60.72167	-57
60.72333	-57
60.72500	-57
60.72667	-57
60.72833	-56
60.73000	-56
60.73167	-55
60.73333	-56
60.73500	-55
60.73667	-55
60.73833	-54
60.74000	-54
60.74167	-53
60.74333	-54
60.74500	-52
60.74667	-52
60.74833	-52
60.75000	-51
60.75167	-51
60.75333	-50
60.75500	-49
60.75667	-49
60.75833	-49
60.76000	-48
60.76167	-47
60.76333	-47
60.76500	-46
60.76667	-45
60.76833	-45
60.77000	-44
60.77167	-43
60.77333	-42
60.77500	-42
60.77667	-41
60.77833	-41
60.78000	-39
60.78167	-39
60.78333	-38
60.78500	-37
60.78667	-36
60.78833	-36
60.79000	-35
60.79167	-34
60.79333	-33
60.79500	-32
60.79667	-32
60.79833	-31
60.80000	-30
60.80167	-29
60.80333	-29
60.80500	-28
60.80667	-27
60.80833	-26
60.81000	-25
60.81167	-25
60.81333	-24
60.81500	-22
60.81667	-23
60.81833	-21
60.82000	-20
60.82167	-19
60.82333	-19
60.82500	-17
60.82667	-17
60.82833	-16
60.83000	-16
60.83167	-14
60.83333	-14
60.83500	-12
60.83667	-12
60.83833	-12
60.84000	-10
60.84167	-9
60.84333	-9
60.84500	-7
60.84667	-7
60.84833	-5
60.85000	-5
60.85167	-3
60.85333	-3
60.85500	-2
60.85667	-1
60.85833	0
60.86000	1
60.86167	2
60.86333	2
60.86500	3
60.86667	4
60.86833	5
60.87000	6
60.87167	6
60.87333	7
60.87500	8
60.87667	9
60.87833	10
60.88000	10
60.88167	11
60.88333	12
60.88500	13
60.88667	13
60.88833	15
60.89000	15
60.89167	16
60.89333	17
60.89500	18
60.89667	18
60.89833	19
60.90000	20
60.90167	21
60.90333	21
60.90500	23
60.90667	22
60.90833	24
60.91000	24
60.91167	25
60.91333	26
60.91500	26
60.91667	28
60.91833	27
60.92000	28
60.92167	29
60.92333	29
60.92500	30
60.92667	30
60.92833	30
60.93000	30
60.93167	31
60.93333	31
60.93500	32
60.93667	31
60.93833	32
60.94000	32
60.94167	32
60.94333	33
60.94500	32
60.94667	33
60.94833	33
60.95000	33
60.95167	34
60.95333	33
60.95500	34
60.95667	34
60.95833	34
60.96000	34
60.96167	35
60.96333	34
60.96500	35
60.96667	35
60.96833	34
60.97000	36
60.97167	35
60.97333	35
60.97500	35
60.97667	35
60.97833	35
60.98000	35
60.98167	35
60.98333	35
60.98500	35
60.98667	35
60.98833	35
60.99000	34
60.99167	35
60.99333	34
60.99500	34
60.99667	33
60.99833	34
61.00000	33
61.00167	33
61.00333	33
61.00500	32
61.00667	32
61.00833	31
61.01000	31
61.01167	31
61.01333	31
61.01500	30
61.01667	30
61.01833	29
61.02000	29
61.02167	29
61.02333	29
61.02500	27
61.02667	28
61.02833	27
61.03000	26
61.03167	25
61.03333	26
61.03500	24
61.03667	25
61.03833	23
61.04000	23
61.04167	22
61.04333	22
61.04500	21
61.04667	20
61.04833	20
61.05000	19
61.05167	18
61.05333	18
61.05500	17
61.05667	16
61.05833	16
61.06000	15
61.06167	14
61.06333	14
61.06500	13
61.06667	12
61.06833	11
61.07000	11
61.07167	10
61.07333	10
61.07500	8
61.07667	8
61.07833	7
61.08000	7
61.08167	6
61.08333	5
61.08500	4
61.08667	4
61.08833	3
61.09000	3
61.09167	2
61.09333	0
61.09500	1
61.09667	0
61.09833	-1
61.10000	-2
61.10167	-2
61.10333	-3
61.10500	-4
61.10667	-5
61.10833	-5
61.11000	-7
61.11167	-7
61.11333	-7
61.11500	-9
61.11667	-10
61.11833	-10
61.12000	-12
61.12167	-12
61.12333	-12
61.12500	-14
61.12667	-15
61.12833	-16
61.13000	-16
61.13167	-17
61.13333	-19
61.13500	-19
61.13667	-21
61.13833	-21
61.14000	-22
61.14167	-23
61.14333	-24
61.14500	-25
61.14667	-26
61.14833	-26
61.15000	-27
61.15167	-27
61.15333	-28
61.15500	-29
61.15667	-30
61.15833	-30
61.16000	-30
61.16167	-32
61.16333	-32
61.16500	-33
61.16667	-33
61.16833	-34
61.17000	-35
61.17167	-34
61.17333	-36
61.17500	-36
61.17667	-37
61.17833	-37
61.18000	-39
61.18167	-39
61.18333	-39
61.18500	-40
61.18667	-41
61.18833	-42
61.19000	-43
61.19167	-43
61.19333	-43
61.19500	-45
61.19667	-45
61.19833	-46
61.20000	-47
61.20167	-47
61.20333	-49
61.20500	-49
61.20667	-50
61.20833	-51
61.21000	-51
61.21167	-53
61.21333	-53
61.21500	-54
61.21667	-55
61.21833	-55
61.22000	-56
61.22167	-57
61.22333	-57
61.22500	-58
61.22667	-59
61.22833	-59
61.23000	-60
61.23167	-60
61.23333	-60
61.23500	-61
61.23667	-61
61.23833	-62
61.24000	-62
61.24167	-62
61.24333	-63
61.24500	-63
61.24667	-63
61.24833	-64
61.25000	-64
61.25167	-64
61.25333	-65
61.25500	-64
61.25667	-65
61.25833	-65
61.26000	-65
61.26167	-65
61.26333	-66
61.26500	-65
61.26667	-67
61.26833	-66
61.27000	-67
61.27167	-67
61.27333	-67
61.27500	-68
61.27667	-68
61.27833	-69
61.28000	-69
61.28167	-69
61.28333	-70
61.28500	-70
61.28667	-71
61.28833	-71
61.29000	-71
61.29167	-72
61.29333	-72
61.29500	-72
61.29667	-73
61.29833	-73
61.30000	-73
61.30167	-73
61.30333	-74
61.30500	-74
61.30667	-74
61.30833	-75
61.31000	-75
61.31167	-74
61.31333	-75
61.31500	-75
61.31667	-75
61.31833	-75
61.32000	-74
61.32167	-75
61.32333	-75
61.32500	-75
61.32667	-75
61.32833	-75
61.33000	-74
61.33167	-75
61.33333	-75
61.33500	-74
61.33667	-75
61.33833	-74
61.34000	-74
61.34167	-74
61.34333	-74
61.34500	-74
61.34667	-73
61.34833	-74
61.35000	-74
61.35167	-74
61.35333	-73
61.35500	-74
61.35667	-74
61.35833	-74
61.36000	-74
61.36167	-74
61.36333	-74
61.36500	-74
61.36667	-74
61.36833	-74
61.37000	-75
61.37167	-74
61.37333	-75
61.37500	-74
61.37667	-75
61.37833	-75
61.38000	-75
61.38167	-75
61.38333	-75
61.38500	-76
61.38667	-75
61.38833	-75
61.39000	-75
61.39167	-75
61.39333	-76
61.39500	-75
61.39667	-75
61.39833	-75
61.40000	-75
61.40167	-75
61.40333	-75
61.40500	-75
61.40667	-74
61.40833	-75
61.41000	-75
61.41167	-74
61.41333	-74
61.41500	-74
61.41667	-74
61.41833	-74
61.42000	-73
61.42167	-74
61.42333	-74
61.42500	-73
61.42667	-74
61.42833	-73
61.43000	-73
61.43167	-73
61.43333	-73
61.43500	-72
61.43667	-73
61.43833	-73
61.44000	-72
61.44167	-73
61.44333	-72
61.44500	-72
61.44667	-72
61.44833	-72
61.45000	-72
61.45167	-72
61.45333	-72
61.45500	-71
61.45667	-72
61.45833	-71
61.46000	-72
61.46167	-71
61.46333	-71
61.46500	-71
61.46667	-71
61.46833	-71
61.47000	-70
61.47167	-71
61.47333	-70
61.47500	-70
61.47667	-71
61.47833	-70
61.48000	-70
61.48167	-69
61.48333	-70
61.48500	-69
61.48667	-69
61.48833	-69
61.49000	-69
61.49167	-68
61.49333	-68
61.49500	-68
61.49667	-68
61.49833	-68
61.50000	-67
61.50167	-67
61.50333	-68
61.50500	-67
61.50667	-67
61.50833	-67
61.51000	-67
61.51167	-67
61.51333	-66
61.51500	-67
61.51667	-66
61.51833	-66
61.52000	-66
61.52167	-66
61.52333	-65
61.52500	-66
61.52667	-65
61.52833	-66
61.53000	-65
61.53167	-65
61.53333	-65
61.53500	-65
61.53667	-65
61.53833	-65
61.54000	-65
61.54167	-65
61.54333	-66
61.54500	-65
61.54667	-65
61.54833	-66
61.55000	-65
61.55167	-65
61.55333	-65
61.55500	-65
61.55667	-65
61.55833	-65
61.56000	-65
61.56167	-65
61.56333	-66
61.56500	-65
61.56667	-65
61.56833	-65
61.57000	-65
61.57167	-65
61.57333	-65
61.57500	-66
61.57667	-65
61.57833	-66
61.58000	-65
61.58167	-66
61.58333	-66
61.58500	-65
61.58667	-66
61.58833	-66
61.59000	-66
61.59167	-66
61.59333	-66
61.59500	-66
61.59667	-66
61.59833	-66
61.60000	-66
61.60167	-66
61.60333	-66
61.60500	-66
61.60667	-65
61.60833	-66
61.61000	-65
61.61167	-65
61.61333	-66
61.61500	-65
61.61667	-65
61.61833	-65
61.62000	-65
61.62167	-64
61.62333	-65
61.62500	-65
61.62667	-64
61.62833	-65
61.63000	-64
61.63167	-64
61.63333	-65
61.63500	-64
61.63667	-64
61.63833	-65
61.64000	-64
61.64167	-65
61.64333	-65
61.64500	-65
61.64667	-65
61.64833	-65
61.65000	-66
61.65167	-65
61.65333	-66
61.65500	-66
61.65667	-67
61.65833	-67
61.66000	-67
61.66167	-67
61.66333	-67
61.66500	-68
61.66667	-68
61.66833	-68
61.67000	-69
61.67167	-69
61.67333	-70
61.67500	-70
61.67667	-70
61.67833	-71
61.68000	-71
61.68167	-71
61.68333	-71
61.68500	-72
61.68667	-72
61.68833	-72
61.69000	-71
61.69167	-73
61.69333	-72
61.69500	-73
61.69667	-72
61.69833	-73
61.70000	-73
61.70167	-73
61.70333	-73
61.70500	-73
61.70667	-73
61.70833	-73
61.71000	-73
61.71167	-73
61.71333	-73
61.71500	-73
61.71667	-73
61.71833	-73
61.72000	-72
61.72167	-73
61.72333	-72
61.72500	-73
61.72667	-72
61.72833	-72
61.73000	-73
61.73167	-72
61.73333	-73
61.73500	-72
61.73667	-72
61.73833	-72
61.74000	-73
61.74167	-72
61.74333	-72
61.74500	-72
61.74667	-73
61.74833	-72
61.75000	-72
61.75167	-73
61.75333	-72
61.75500	-72
61.75667	-73
61.75833	-72
61.76000	-72
61.76167	-72
61.76333	-72
61.76500	-72
61.76667	-72
61.76833	-73
61.77000	-72
61.77167	-72
61.77333	-72
61.77500	-73
61.77667	-72
61.77833	-73
61.78000	-73
61.78167	-73
61.78333	-73
61.78500	-73
61.78667	-73
61.78833	-73
61.79000	-73
61.79167	-73
61.79333	-73
61.79500	-73
61.79667	-73
61.79833	-73
61.80000	-73
61.80167	-73
61.80333	-73
61.80500	-73
61.80667	-73
61.80833	-72
61.81000	-73
61.81167	-72
61.81333	-72
61.81500	-72
61.81667	-72
61.81833	-72
61.82000	-72
61.82167	-72
61.82333	-71
61.82500	-72
61.82667	-72
61.82833	-71
61.83000	-72
61.83167	-71
61.83333	-72
61.83500	-71
61.83667	-72
61.83833	-71
61.84000	-71
61.84167	-71
61.84333	-71
61.84500	-71
61.84667	-71
61.84833	-71
61.85000	-70
61.85167	-71
61.85333	-71
61.85500	-70
61.85667	-70
61.85833	-70
61.86000	-70
61.86167	-70
61.86333	-70
61.86500	-69
61.86667	-70
61.86833	-69
61.87000	-69
61.87167	-70
61.87333	-68
61.87500	-69
61.87667	-69
61.87833	-68
61.88000	-68
61.88167	-68
61.88333	-68
61.88500	-67
61.88667	-67
61.88833	-68
61.89000	-67
61.89167	-66
61.89333	-67
61.89500	-66
61.89667	-66
61.89833	-66
61.90000	-65
61.90167	-66
61.90333	-65
61.90500	-65
61.90667	-64
61.90833	-65
61.91000	-65
61.91167	-64
61.91333	-64
61.91500	-64
61.91667	-64
61.91833	-63
61.92000	-64
61.92167	-64
61.92333	-63
61.92500	-64
61.92667	-64
61.92833	-63
61.93000	-64
61.93167	-64
61.93333	-64
61.93500	-64
61.93667	-65
61.93833	-64
61.94000	-65
61.94167	-64
61.94333	-65
61.94500	-65
61.94667	-65
61.94833	-65
61.95000	-66
61.95167	-66
61.95333	-65
61.95500	-67
61.95667	-66
61.95833	-66
61.96000	-67
61.96167	-67
61.96333	-67
61.96500	-67
61.96667	-67
61.96833	-67
61.97000	-67
61.97167	-68
61.97333	-67
61.97500	-68
61.97667	-68
61.97833	-68
61.98000	-69
61.98167	-68
61.98333	-69
61.98500	-69
61.98667	-68
61.98833	-69
61.99000	-70
61.99167	-70
61.99333	-69
61.99500	-71
61.99667	-70
61.99833	-71
62.00000	-71
62.00167	-72
62.00333	-71
62.00500	-72
62.00667	-72
62.00833	-73
62.01000	-72
62.01167	-73
62.01333	-73
62.01500	-74
62.01667	-73
62.01833	-74
62.02000	-73
62.02167	-74
62.02333	-74
62.02500	-74
62.02667	-74
62.02833	-75
62.03000	-74
62.03167	-75
62.03333	-74
62.03500	-75
62.03667	-74
62.03833	-75
62.04000	-75
62.04167	-74
62.04333	-76
62.04500	-75
62.04667	-75
62.04833	-74
62.05000	-75
62.05167	-75
62.05333	-74
62.05500	-74
62.05667	-75
62.05833	-74
62.06000	-75
62.06167	-74
62.06333	-74
62.06500	-74
62.06667	-74
62.06833	-73
62.07000	-74
62.07167	-73
62.07333	-73
62.07500	-73
62.07667	-73
62.07833	-72
62.08000	-73
62.08167	-72
62.08333	-72
62.08500	-72
62.08667	-71
62.08833	-71
62.09000	-71
62.09167	-71
62.09333	-70
62.09500	-70
62.09667	-69
62.09833	-70
62.10000	-69
62.10167	-69
62.10333	-69
62.10500	-68
62.10667	-69
62.10833	-68
62.11000	-68
62.11167	-67
62.11333	-68
62.11500	-67
62.11667	-67
62.11833	-67
62.12000	-66
62.12167	-67
62.12333	-67
62.12500	-66
62.12667	-66
62.12833	-66
62.13000	-65
62.13167	-65
62.13333	-65
62.13500	-65
62.13667	-65
62.13833	-64
62.14000	-65
62.14167	-64
62.14333	-64
62.14500	-63
62.14667	-64
62.14833	-63
62.15000	-63
62.15167	-63
62.15333	-62
62.15500	-62
62.15667	-62
62.15833	-62
62.16000	-61
62.16167	-61
62.16333	-61
62.16500	-60
62.16667	-61
62.16833	-59
62.17000	-60
62.17167	-60
62.17333	-59
62.17500	-58
62.17667	-59
62.17833	-58
62.18000	-58
62.18167	-58
62.18333	-58
62.18500	-57
62.18667	-57
62.18833	-57
62.19000	-57
62.19167	-57
62.19333	-57
62.19500	-56
62.19667	-57
62.19833	-56
62.20000	-56
62.20167	-56
62.20333	-55
62.20500	-55
62.20667	-55
62.20833	-54
62.21000	-55
62.21167	-54
62.21333	-53
62.21500	-54
62.21667	-53
62.21833	-53
62.22000	-53
62.22167	-52
62.22333	-53
62.22500	-52
62.22667	-51
62.22833	-52
62.23000	-50
62.23167	-51
62.23333	-50
62.23500	-50
62.23667	-50
62.23833	-50
62.24000	-50
62.24167	-49
62.24333	-50
62.24500	-49
62.24667	-49
62.24833	-48
62.25000	-49
62.25167	-49
62.25333	-48
62.25500	-49
62.25667	-48
62.25833	-49
62.26000	-49
62.26167	-49
62.26333	-49
62.26500	-48
62.26667	-50
62.26833	-49
62.27000	-49
62.27167	-49
62.27333	-49
62.27500	-50
62.27667	-49
62.27833	-50
62.28000	-50
62.28167	-50
62.28333	-50
62.28500	-49
62.28667	-50
62.28833	-50
62.29000	-51
62.29167	-50
62.29333	-50
62.29500	-51
62.29667	-51
62.29833	-50
62.30000	-51
62.30167	-50
62.30333	-51
62.30500	-51
62.30667	-50
62.30833	-51
62.31000	-51
62.31167	-51
62.31333	-51
62.31500	-51
62.31667	-50
62.31833	-51
62.32000	-51
62.32167	-51
62.32333	-51
62.32500	-51
62.32667	-51
62.32833	-51
62.33000	-51
62.33167	-51
62.33333	-51
62.33500	-51
62.33667	-51
62.33833	-51
62.34000	-51
62.34167	-51
62.34333	-51
62.34500	-51
62.34667	-51
62.34833	-51
62.35000	-51
62.35167	-52
62.35333	-51
62.35500	-51
62.35667	-52
62.35833	-51
62.36000	-51
62.36167	-52
62.36333	-51
62.36500	-52
62.36667	-51
62.36833	-52
62.37000	-51
62.37167	-52
62.37333	-52
62.37500	-52
62.37667	-52
62.37833	-52
62.38000	-52
62.38167	-53
62.38333	-52
62.38500	-53
62.38667	-53
62.38833	-53
62.39000	-53
62.39167	-54
62.39333	-54
62.39500	-54
62.39667	-54
62.39833	-54
62.40000	-55
62.40167	-55
62.40333	-56
62.40500	-56
62.40667	-56
62.40833	-56
62.41000	-56
62.41167	-57
62.41333	-57
62.41500	-58
62.41667	-57
62.41833	-58
62.42000	-58
62.42167	-59
62.42333	-59
62.42500	-59
62.42667	-59
62.42833	-60
62.43000	-60
62.43167	-60
62.43333	-60
62.43500	-61
62.43667	-61
62.43833	-62
62.44000	-62
62.44167	-63
62.44333	-62
62.44500	-63
62.44667	-63
62.44833	-63
62.45000	-64
62.45167	-64
62.45333	-65
62.45500	-64
62.45667	-66
62.45833	-65
62.46000	-65
62.46167	-66
62.46333	-65
62.46500	-67
62.46667	-66
62.46833	-66
62.47000	-67
62.47167	-66
62.47333	-66
62.47500	-67
62.47667	-67
62.47833	-67
62.48000	-67
62.48167	-67
62.48333	-68
62.48500	-68
62.48667	-67
62.48833	-68
62.49000	-67
62.49167	-68
62.49333	-68
62.49500	-67
62.49667	-68
62.49833	-68
62.50000	-68
62.50167	-68
62.50333	-68
62.50500	-68
62.50667	-68
62.50833	-68
62.51000	-68
62.51167	-68
62.51333	-68
62.51500	-68
62.51667	-67
62.51833	-68
62.52000	-67
62.52167	-68
62.52333	-67
62.52500	-67
62.52667	-67
62.52833	-66
62.53000	-67
62.53167	-66
62.53333	-66
62.53500	-66
62.53667	-66
62.53833	-66
62.54000	-66
62.54167	-65
62.54333	-66
62.54500	-65
62.54667	-65
62.54833	-65
62.55000	-65
62.55167	-64
62.55333	-65
62.55500	-64
62.55667	-64
62.55833	-64
62.56000	-64
62.56167	-64
62.56333	-63
62.56500	-64
62.56667	-63
62.56833	-63
62.57000	-64
62.57167	-63
62.57333	-63
62.57500	-62
62.57667	-62
62.57833	-62
62.58000	-62
62.58167	-62
62.58333	-62
62.58500	-61
62.58667	-61
62.58833	-62
62.59000	-61
62.59167	-60
62.59333	-61
62.59500	-60
62.59667	-61
62.59833	-59
62.60000	-60
62.60167	-60
62.60333	-59
62.60500	-60
62.60667	-59
62.60833	-59
62.61000	-59
62.61167	-59
62.61333	-59
62.61500	-58
62.61667	-59
62.61833	-58
62.62000	-59
62.62167	-58
62.62333	-58
62.62500	-58
62.62667	-58
62.62833	-58
62.63000	-58
62.63167	-57
62.63333	-58
62.63500	-57
62.63667	-57
62.63833	-57
62.64000	-57
62.64167	-57
62.64333	-56
62.64500	-56
62.64667	-56
62.64833	-56
62.65000	-55
62.65167	-55
62.65333	-54
62.65500	-55
62.65667	-53
62.65833	-54
62.66000	-52
62.66167	-53
62.66333	-52
62.66500	-52
62.66667	-51
62.66833	-51
62.67000	-50
62.67167	-50
62.67333	-50
62.67500	-49
62.67667	-48
62.67833	-49
62.68000	-48
62.68167	-47
62.68333	-48
62.68500	-46
62.68667	-47
62.68833	-46
62.69000	-46
62.69167	-45
62.69333	-46
62.69500	-45
62.69667	-45
62.69833	-45
62.70000	-45
62.70167	-45
62.70333	-44
62.70500	-44
62.70667	-45
62.70833	-44
62.71000	-44
62.71167	-44
62.71333	-43
62.71500	-44
62.71667	-43
62.71833	-44
62.72000	-43
62.72167	-44
62.72333	-43
62.72500	-43
62.72667	-44
62.72833	-43
62.73000	-43
62.73167	-44
62.73333	-43
62.73500	-43
62.73667	-43
62.73833	-42
62.74000	-43
62.74167	-43
62.74333	-42
62.74500	-43
62.74667	-42
62.74833	-43
62.75000	-43
62.75167	-42
62.75333	-42
62.75500	-42
62.75667	-42
62.75833	-42
62.76000	-42
62.76167	-42
62.76333	-42
62.76500	-41
62.76667	-42
62.76833	-41
62.77000	-42
62.77167	-41
62.77333	-42
62.77500	-41
62.77667	-41
62.77833	-42
62.78000	-41
62.78167	-41
62.78333	-41
62.78500	-41
62.78667	-41
62.78833	-41
62.79000	-41
62.79167	-41
62.79333	-41
62.79500	-41
62.79667	-40
62.79833	-41
62.80000	-40
62.80167	-41
62.80333	-41
62.80500	-40
62.80667	-41
62.80833	-41
62.81000	-41
62.81167	-41
62.81333	-41
62.81500	-42
62.81667	-42
62.81833	-41
62.82000	-42
62.82167	-42
62.82333	-42
62.82500	-42
62.82667	-43
62.82833	-42
62.83000	-43
62.83167	-43
62.83333	-43
62.83500	-42
62.83667	-43
62.83833	-43
62.84000	-43
62.84167	-43
62.84333	-43
62.84500	-42
62.84667	-43
62.84833	-43
62.85000	-43
62.85167	-42
62.85333	-42
62.85500	-42
62.85667	-42
62.85833	-42
62.86000	-42
62.86167	-41
62.86333	-41
62.86500	-42
62.86667	-41
62.86833	-41
62.87000	-41
62.87167	-41
62.87333	-41
62.87500	-41
62.87667	-41
62.87833	-41
62.88000	-41
62.88167	-40
62.88333	-41
62.88500	-40
62.88667	-41
62.88833	-41
62.89000	-40
62.89167	-41
62.89333	-41
62.89500	-41
62.89667	-41
62.89833	-41
62.90000	-41
62.90167	-41
62.90333	-41
62.90500	-41
62.90667	-41
62.90833	-41
62.91000	-41
62.91167	-41
62.91333	-40
62.91500	-41
62.91667	-41
62.91833	-40
62.92000	-41
62.92167	-40
62.92333	-41
62.92500	-41
62.92667	-40
62.92833	-41
62.93000	-40
62.93167	-41
62.93333	-41
62.93500	-40
62.93667	-41
62.93833	-40
62.94000	-41
62.94167	-40
62.94333	-40
62.94500	-41
62.94667	-40
62.94833	-40
62.95000	-40
62.95167	-40
62.95333	-40
62.95500	-40
62.95667	-39
62.95833	-39
62.96000	-39
62.96167	-39
62.96333	-39
62.96500	-39
62.96667	-38
62.96833	-38
62.97000	-38
62.97167	-38
62.97333	-38
62.97500	-37
62.97667	-38
62.97833	-37
62.98000	-37
62.98167	-37
62.98333	-37
62.98500	-36
62.98667	-36
62.98833	-37
62.99000	-35
62.99167	-36
62.99333	-36
62.99500	-35
62.99667	-35
62.99833	-35
63.00000	-34
63.00167	-35
63.00333	-34
63.00500	-34
63.00667	-33
63.00833	-34
63.01000	-33
63.01167	-32
63.01333	-32
63.01500	-32
63.01667	-32
63.01833	-31
63.02000	-31
63.02167	-31
63.02333	-30
63.02500	-30
63.02667	-29
63.02833	-28
63.03000	-28
63.03167	-28
63.03333	-27
63.03500	-26
63.03667	-26
63.03833	-25
63.04000	-24
63.04167	-25
63.04333	-23
63.04500	-23
63.04667	-23
63.04833	-22
63.05000	-22
63.05167	-21
63.05333	-20
63.05500	-20
63.05667	-19
63.05833	-18
63.06000	-19
63.06167	-18
63.06333	-17
63.06500	-17
63.06667	-17
63.06833	-16
63.07000	-15
63.07167	-16
63.07333	-15
63.07500	-14
63.07667	-14
63.07833	-14
63.08000	-14
63.08167	-13
63.08333	-13
63.08500	-13
63.08667	-12
63.08833	-12
63.09000	-12
63.09167	-12
63.09333	-11
63.09500	-11
63.09667	-11
63.09833	-11
63.10000	-10
63.10167	-10
63.10333	-9
63.10500	-9
63.10667	-9
63.10833	-8
63.11000	-8
63.11167	-7
63.11333	-7
63.11500	-6
63.11667	-6
63.11833	-6
63.12000	-5
63.12167	-4
63.12333	-5
63.12500	-3
63.12667	-4
63.12833	-3
63.13000	-2
63.13167	-2
63.13333	-1
63.13500	-1
63.13667	-1
63.13833	0
63.14000	0
63.14167	0
63.14333	0
63.14500	1
63.14667	1
63.14833	1
63.15000	1
63.15167	1
63.15333	1
63.15500	1
63.15667	2
63.15833	1
63.16000	1
63.16167	1
63.16333	2
63.16500	1
63.16667	1
63.16833	1
63.17000	1
63.17167	2
63.17333	1
63.17500	1
63.17667	2
63.17833	1
63.18000	2
63.18167	2
63.18333	3
63.18500	2
63.18667	3
63.18833	3
63.19000	3
63.19167	4
63.19333	4
63.19500	4
63.19667	4
63.19833	5
63.20000	5
63.20167	6
63.20333	6
63.20500	6
63.20667	7
63.20833	7
63.21000	7
63.21167	8
63.21333	8
63.21500	9
63.21667	9
63.21833	9
63.22000	10
63.22167	10
63.22333	11
63.22500	11
63.22667	12
63.22833	12
63.23000	12
63.23167	13
63.23333	13
63.23500	14
63.23667	14
63.23833	15
63.24000	14
63.24167	16
63.24333	16
63.24500	16
63.24667	16
63.24833	17
63.25000	16
63.25167	18
63.25333	17
63.25500	18
63.25667	18
63.25833	18
63.26000	19
63.26167	18
63.26333	19
63.26500	20
63.26667	19
63.26833	20
63.27000	20
63.27167	20
63.27333	21
63.27500	21
63.27667	20
63.27833	21
63.28000	21
63.28167	21
63.28333	21
63.28500	21
63.28667	22
63.28833	21
63.29000	22
63.29167	21
63.29333	22
63.29500	21
63.29667	22
63.29833	21
63.30000	22
63.30167	21
63.30333	22
63.30500	21
63.30667	22
63.30833	22
63.31000	22
63.31167	22
63.31333	22
63.31500	22
63.31667	22
63.31833	23
63.32000	22
63.32167	23
63.32333	22
63.32500	23
63.32667	22
63.32833	23
63.33000	23
63.33167	23
63.33333	22
63.33500	23
63.33667	23
63.33833	24
63.34000	23
63.34167	23
63.34333	24
63.34500	24
63.34667	23
63.34833	24
63.35000	25
63.35167	24
63.35333	24
63.35500	25
63.35667	25
63.35833	25
63.36000	25
63.36167	25
63.36333	26
63.36500	26
63.36667	26
63.36833	26
63.37000	26
63.37167	27
63.37333	27
63.37500	28
63.37667	27
63.37833	28
63.38000	28
63.38167	28
63.38333	29
63.38500	28
63.38667	30
63.38833	29
63.39000	30
63.39167	30
63.39333	31
63.39500	30
63.39667	31
63.39833	31
63.40000	32
63.40167	31
63.40333	32
63.40500	33
63.40667	32
63.40833	33
63.41000	33
63.41167	34
63.41333	33
63.41500	34
63.41667	35
63.41833	34
63.42000	35
63.42167	35
63.42333	35
63.42500	35
63.42667	36
63.42833	36
63.43000	36
63.43167	37
63.43333	37
63.43500	37
63.43667	38
63.43833	37
63.44000	38
63.44167	39
63.44333	38
63.44500	40
63.44667	39
63.44833	40
63.45000	40
63.45167	41
63.45333	41
63.45500	42
63.45667	43
63.45833	43
63.46000	43
63.46167	44
63.46333	45
63.46500	46
63.46667	47
63.46833	47
63.47000	48
63.47167	48
63.47333	50
63.47500	50
63.47667	52
63.47833	52
63.48000	52
63.48167	54
63.48333	54
63.48500	55
63.48667	55
63.48833	57
63.49000	57
63.49167	58
63.49333	58
63.49500	59
63.49667	60
63.49833	61
63.50000	61
63.50167	62
63.50333	63
63.50500	63
63.50667	64
63.50833	64
63.51000	65
63.51167	66
63.51333	66
63.51500	67
63.51667	68
63.51833	68
63.52000	69
63.52167	70
63.52333	70
63.52500	71
63.52667	71
63.52833	72
63.53000	73
63.53167	74
63.53333	74
63.53500	76
63.53667	75
63.53833	77
63.54000	77
63.54167	78
63.54333	79
63.54500	79
63.54667	81
63.54833	81
63.55000	81
63.55167	83
63.55333	83
63.55500	84
63.55667	85
63.55833	86
63.56000	86
63.56167	87
63.56333	88
63.56500	89
63.56667	90
63.56833	91
63.57000	92
63.57167	92
63.57333	94
63.57500	95
63.57667	95
63.57833	97
63.58000	98
63.58167	98
63.58333	99
63.58500	101
63.58667	101
63.58833	103
63.59000	103
63.59167	105
63.59333	105
63.59500	107
63.59667	107
63.59833	109
63.60000	109
63.60167	111
63.60333	111
63.60500	113
63.60667	113
63.60833	115
63.61000	116
63.61167	116
63.61333	118
63.61500	119
63.61667	119
63.61833	120
63.62000	121
63.62167	122
63.62333	123
63.62500	124
63.62667	125
63.62833	126
63.63000	127
63.63167	128
63.63333	128
63.63500	130
63.63667	131
63.63833	132
63.64000	132
63.64167	134
63.64333	134
63.64500	136
63.64667	137
63.64833	137
63.65000	138
63.65167	139
63.65333	141
63.65500	141
63.65667	143
63.65833	143
63.66000	144
63.66167	146
63.66333	146
63.66500	147
63.66667	148
63.66833	149
63.67000	150
63.67167	151
63.67333	152
63.67500	153
63.67667	154
63.67833	154
63.68000	155
63.68167	156
63.68333	157
63.68500	158
63.68667	159
63.68833	160
63.69000	160
63.69167	161
63.69333	163
63.69500	162
63.69667	164
63.69833	165
63.70000	165
63.70167	166
63.70333	167
63.70500	168
63.70667	168
63.70833	169
63.71000	170
63.71167	171
63.71333	172
63.71500	172
63.71667	174
63.71833	174
63.72000	175
63.72167	175
63.72333	177
63.72500	177
63.72667	178
63.72833	178
63.73000	179
63.73167	180
63.73333	180
63.73500	181
63.73667	181
63.73833	182
63.74000	183
63.74167	183
63.74333	183
63.74500	185
63.74667	184
63.74833	185
63.75000	185
63.75167	186
63.75333	187
63.75500	187
63.75667	187
63.75833	188
63.76000	189
63.76167	189
63.76333	190
63.76500	190
63.76667	190
63.76833	191
63.77000	192
63.77167	192
63.77333	192
63.77500	194
63.77667	194
63.77833	194
63.78000	195
63.78167	196
63.78333	196
63.78500	197
63.78667	197
63.78833	198
63.79000	199
63.79167	199
63.79333	199
63.79500	200
63.79667	201
63.79833	202
63.80000	202
63.80167	202
63.80333	203
63.80500	204
63.80667	204
63.80833	205
63.81000	206
63.81167	206
63.81333	206
63.81500	207
63.81667	208
63.81833	208
63.82000	208
63.82167	210
63.82333	209
63.82500	211
63.82667	210
63.82833	212
63.83000	211
63.83167	213
63.83333	213
63.83500	213
63.83667	214
63.83833	215
63.84000	215
63.84167	216
63.84333	216
63.84500	217
63.84667	217
63.84833	218
63.85000	219
63.85167	219
63.85333	220
63.85500	220
63.85667	221
63.85833	221
63.86000	222
63.86167	222
63.86333	223
63.86500	223
63.86667	224
63.86833	224
63.87000	224
63.87167	225
63.87333	225
63.87500	226
63.87667	227
63.87833	226
63.88000	227
63.88167	228
63.88333	228
63.88500	229
63.88667	229
63.88833	229
63.89000	230
63.89167	231
63.89333	231
63.89500	232
63.89667	232
63.89833	233
63.90000	233
63.90167	234
63.90333	234
63.90500	234
63.90667	235
63.90833	235
63.91000	236
63.91167	237
63.91333	236
63.91500	238
63.91667	237
63.91833	239
63.92000	238
63.92167	239
63.92333	240
63.92500	240
63.92667	240
63.92833	242
63.93000	241
63.93167	243
63.93333	242
63.93500	244
63.93667	244
63.93833	245
63.94000	245
63.94167	246
63.94333	246
63.94500	247
63.94667	248
63.94833	249
63.95000	250
63.95167	250
63.95333	251
63.95500	252
63.95667	252
63.95833	253
63.96000	254
63.96167	255
63.96333	256
63.96500	256
63.96667	257
63.96833	258
63.97000	259
63.97167	260
63.97333	260
63.97500	261
63.97667	262
63.97833	262
63.98000	263
63.98167	264
63.98333	264
63.98500	265
63.98667	266
63.98833	267
63.99000	267
63.99167	268
63.99333	269
63.99500	269
63.99667	270
63.99833	271
64.00000	272
64.00167	273
64.00333	273
64.00500	274
64.00667	274
64.00833	276
64.01000	276
64.01167	277
64.01333	277
64.01500	279
64.01667	279
64.01833	280
64.02000	281
64.02167	281
64.02333	282
64.02500	282
64.02667	284
64.02833	283
64.03000	285
64.03167	285
64.03333	285
64.03500	286
64.03667	287
64.03833	287
64.04000	287
64.04167	288
64.04333	288
64.04500	289
64.04667	289
64.04833	290
64.05000	291
64.05167	290
64.05333	292
64.05500	291
64.05667	293
64.05833	292
64.06000	293
64.06167	294
64.06333	293
64.06500	295
64.06667	295
64.06833	295
64.07000	296
64.07167	296
64.07333	297
64.07500	297
64.07667	298
64.07833	298
64.08000	299
64.08167	298
64.08333	300
64.08500	300
64.08667	300
64.08833	301
64.09000	301
64.09167	302
64.09333	302
64.09500	302
64.09667	303
64.09833	303
64.10000	304
64.10167	304
64.10333	304
64.10500	305
64.10667	306
64.10833	305
64.11000	306
64.11167	307
64.11333	306
64.11500	308
64.11667	308
64.11833	308
64.12000	309
64.12167	309
64.12333	309
64.12500	310
64.12667	311
64.12833	311
64.13000	312
64.13167	312
64.13333	313
64.13500	313
64.13667	313
64.13833	314
64.14000	315
64.14167	315
64.14333	315
64.14500	316
64.14667	316
64.14833	317
64.15000	317
64.15167	317
64.15333	318
64.15500	317
64.15667	319
64.15833	318
64.16000	319
64.16167	320
64.16333	319
64.16500	320
64.16667	320
64.16833	321
64.17000	321
64.17167	321
64.17333	321
64.17500	322
64.17667	322
64.17833	322
64.18000	322
64.18167	323
64.18333	323
64.18500	323
64.18667	324
64.18833	324
64.19000	324
64.19167	324
64.19333	325
64.19500	325
64.19667	325
64.19833	326
64.20000	325
64.20167	326
64.20333	326
64.20500	326
64.20667	327
64.20833	327
64.21000	327
64.21167	328
64.21333	327
64.21500	328
64.21667	328
64.21833	328
64.22000	329
64.22167	328
64.22333	328
64.22500	329
64.22667	328
64.22833	329
64.23000	329
64.23167	328
64.23333	329
64.23500	328
64.23667	328
64.23833	329
64.24000	328
64.24167	328
64.24333	328
64.24500	329
64.24667	328
64.24833	328
64.25000	327
64.25167	328
64.25333	327
64.25500	327
64.25667	327
64.25833	326
64.26000	327
64.26167	326
64.26333	327
64.26500	325
64.26667	326
64.26833	326
64.27000	325
64.27167	325
64.27333	326
64.27500	325
64.27667	325
64.27833	324
64.28000	325
64.28167	324
64.28333	324
64.28500	324
64.28667	324
64.28833	324
64.29000	323
64.29167	323
64.29333	323
64.29500	323
64.29667	323
64.29833	322
64.30000	323
64.30167	322
64.30333	322
64.30500	322
64.30667	322
64.30833	322
64.31000	322
64.31167	321
64.31333	321
64.31500	321
64.31667	321
64.31833	321
64.32000	320
64.32167	321
64.32333	320
64.32500	320
64.32667	320
64.32833	320
64.33000	319
64.33167	320
64.33333	319
64.33500	319
64.33667	320
64.33833	319
64.34000	319
64.34167	319
64.34333	319
64.34500	319
64.34667	320
64.34833	319
64.35000	319
64.35167	320
64.35333	319
64.35500	320
64.35667	320
64.35833	320
64.36000	320
64.36167	320
64.36333	321
64.36500	321
64.36667	321
64.36833	322
64.37000	322
64.37167	323
64.37333	322
64.37500	323
64.37667	324
64.37833	324
64.38000	324
64.38167	325
64.38333	325
64.38500	326
64.38667	326
64.38833	326
64.39000	326
64.39167	327
64.39333	328
64.39500	328
64.39667	328
64.39833	328
64.40000	328
64.40167	329
64.40333	330
64.40500	330
64.40667	330
64.40833	330
64.41000	331
64.41167	331
64.41333	331
64.41500	332
64.41667	332
64.41833	332
64.42000	332
64.42167	333
64.42333	333
64.42500	333
64.42667	333
64.42833	334
64.43000	333
64.43167	334
64.43333	334
64.43500	335
64.43667	334
64.43833	335
64.44000	335
64.44167	336
64.44333	335
64.44500	336
64.44667	336
64.44833	337
64.45000	337
64.45167	337
64.45333	337
64.45500	338
64.45667	338
64.45833	338
64.46000	339
64.46167	339
64.46333	340
64.46500	339
64.46667	341
64.46833	341
64.47000	341
64.47167	342
64.47333	342
64.47500	343
64.47667	343
64.47833	344
64.48000	344
64.48167	345
64.48333	346
64.48500	345
64.48667	347
64.48833	346
64.49000	347
64.49167	348
64.49333	347
64.49500	349
64.49667	349
64.49833	349
64.50000	350
64.50167	351
64.50333	351
64.50500	351
64.50667	352
64.50833	352
64.51000	352
64.51167	353
64.51333	353
64.51500	353
64.51667	354
64.51833	354
64.52000	355
64.52167	354
64.52333	355
64.52500	355
64.52667	355
64.52833	355
64.53000	355
64.53167	355
64.53333	356
64.53500	355
64.53667	355
64.53833	355
64.54000	355
64.54167	355
64.54333	355
64.54500	355
64.54667	355
64.54833	355
64.55000	356
64.55167	355
64.55333	355
64.55500	355
64.55667	355
64.55833	355
64.56000	355
64.56167	355
64.56333	355
64.56500	354
64.56667	355
64.56833	354
64.57000	355
64.57167	355
64.57333	354
64.57500	354
64.57667	354
64.57833	354
64.58000	354
64.58167	354
64.58333	354
64.58500	354
64.58667	354
64.58833	353
64.59000	353
64.59167	353
64.59333	353
64.59500	352
64.59667	352
64.59833	352
64.60000	352
64.60167	351
64.60333	351
64.60500	351
64.60667	350
64.60833	350
64.61000	350
64.61167	350
64.61333	349
64.61500	349
64.61667	349
64.61833	348
64.62000	348
64.62167	347
64.62333	348
64.62500	347
64.62667	347
64.62833	346
64.63000	347
64.63167	346
64.63333	347
64.63500	346
64.63667	346
64.63833	345
64.64000	346
64.64167	346
64.64333	345
64.64500	346
64.64667	345
64.64833	345
64.65000	346
64.65167	345
64.65333	346
64.65500	345
64.65667	346
64.65833	345
64.66000	346
64.66167	346
64.66333	345
64.66500	346
64.66667	346
64.66833	346
64.67000	345
64.67167	346
64.67333	346
64.67500	346
64.67667	346
64.67833	346
64.68000	347
64.68167	346
64.68333	347
64.68500	347
64.68667	348
64.68833	347
64.69000	348
64.69167	348
64.69333	348
64.69500	349
64.69667	349
64.69833	350
64.70000	349
64.70167	350
64.70333	351
64.70500	351
64.70667	351
64.70833	352
64.71000	352
64.71167	353
64.71333	353
64.71500	354
64.71667	354
64.71833	355
64.72000	355
64.72167	356
64.72333	356
64.72500	356
64.72667	358
64.72833	357
64.73000	359
64.73167	359
64.73333	359
64.73500	359
64.73667	360
64.73833	360
64.74000	360
64.74167	361
64.74333	361
64.74500	361
64.74667	362
64.74833	361
64.75000	362
64.75167	362
64.75333	363
64.75500	362
64.75667	363
64.75833	362
64.76000	363
64.76167	363
64.76333	363
64.76500	363
64.76667	363
64.76833	363
64.77000	362
64.77167	363
64.77333	363
64.77500	363
64.77667	363
64.77833	363
64.78000	362
64.78167	363
64.78333	363
64.78500	362
64.78667	362
64.78833	363
64.79000	362
64.79167	362
64.79333	362
64.79500	361
64.79667	362
64.79833	362
64.80000	362
64.80167	361
64.80333	362
64.80500	361
64.80667	361
64.80833	361
64.81000	362
64.81167	361
64.81333	361
64.81500	361
64.81667	361
64.81833	361
64.82000	362
64.82167	361
64.82333	361
64.82500	361
64.82667	360
64.82833	361
64.83000	361
64.83167	360
64.83333	361
64.83500	360
64.83667	359
64.83833	360
64.84000	359
64.84167	360
64.84333	358
64.84500	359
64.84667	359
64.84833	358
64.85000	358
64.85167	357
64.85333	357
64.85500	357
64.85667	357
64.85833	356
64.86000	357
64.86167	356
64.86333	355
64.86500	356
64.86667	354
64.86833	355
64.87000	354
64.87167	355
64.87333	353
64.87500	354
64.87667	353
64.87833	354
64.88000	353
64.88167	352
64.88333	352
64.88500	353
64.88667	352
64.88833	352
64.89000	351
64.89167	352
64.89333	351
64.89500	351
64.89667	351
64.89833	351
64.90000	351
64.90167	350
64.90333	350
64.90500	351
64.90667	350
64.90833	350
64.91000	350
64.91167	351
64.91333	350
64.91500	350
64.91667	349
64.91833	350
64.92000	350
64.92167	350
64.92333	350
64.92500	350
64.92667	350
64.92833	350
64.93000	350
64.93167	349
64.93333	350
64.93500	349
64.93667	349
64.93833	349
64.94000	349
64.94167	349
64.94333	348
64.94500	349
64.94667	348
64.94833	349
64.95000	348
64.95167	347
64.95333	348
64.95500	347
64.95667	347
64.95833	347
64.96000	347
64.96167	346
64.96333	346
64.96500	346
64.96667	346
64.96833	345
64.97000	345
64.97167	345
64.97333	345
64.97500	344
64.97667	345
64.97833	345
64.98000	344
64.98167	344
64.98333	344
64.98500	344
64.98667	343
64.98833	344
64.99000	343
64.99167	343
64.99333	343
64.99500	344
64.99667	342
64.99833	343
65.00000	342
65.00167	343
65.00333	342
65.00500	341
65.00667	342
65.00833	341
65.01000	342
65.01167	341
65.01333	341
65.01500	341
65.01667	341
65.01833	341
65.02000	340
65.02167	341
65.02333	341
65.02500	340
65.02667	341
65.02833	340
65.03000	340
65.03167	341
65.03333	340
65.03500	341
65.03667	340
65.03833	341
65.04000	341
65.04167	341
65.04333	341
65.04500	342
65.04667	341
65.04833	342
65.05000	342
65.05167	342
65.05333	342
65.05500	343
65.05667	342
65.05833	343
65.06000	342
65.06167	343
65.06333	343
65.06500	343
65.06667	343
65.06833	343
65.07000	343
65.07167	343
65.07333	343
65.07500	343
65.07667	343
65.07833	343
65.08000	343
65.08167	343
65.08333	343
65.08500	344
65.08667	343
65.08833	343
65.09000	344
65.09167	343
65.09333	343
65.09500	343
65.09667	344
65.09833	343
65.10000	343
65.10167	343
65.10333	344
65.10500	343
65.10667	344
65.10833	343
65.11000	343
65.11167	343
65.11333	343
65.11500	343
65.11667	343
65.11833	343
65.12000	342
65.12167	343
65.12333	342
65.12500	343
65.12667	343
65.12833	342
65.13000	343
65.13167	342
65.13333	342
65.13500	342
65.13667	342
65.13833	342
65.14000	342
65.14167	342
65.14333	341
65.14500	342
65.14667	342
65.14833	341
65.15000	341
65.15167	341
65.15333	341
65.15500	341
65.15667	340
65.15833	340
65.16000	340
65.16167	340
65.16333	339
65.16500	339
65.16667	339
65.16833	338
65.17000	338
65.17167	338
65.17333	337
65.17500	336
65.17667	337
65.17833	335
65.18000	336
65.18167	335
65.18333	334
65.18500	335
65.18667	333
65.18833	334
65.19000	333
65.19167	332
65.19333	332
65.19500	331
65.19667	331
65.19833	331
65.20000	330
65.20167	331
65.20333	329
65.20500	330
65.20667	330
65.20833	329
65.21000	329
65.21167	330
65.21333	329
65.21500	330
65.21667	329
65.21833	330
65.22000	329
65.22167	330
65.22333	329
65.22500	330
65.22667	330
65.22833	330
65.23000	330
65.23167	330
65.23333	330
65.23500	331
65.23667	330
65.23833	331
65.24000	330
65.24167	331
65.24333	331
65.24500	331
65.24667	330
65.24833	331
65.25000	330
65.25167	331
65.25333	330
65.25500	331
65.25667	330
65.25833	331
65.26000	330
65.26167	330
65.26333	330
65.26500	330
65.26667	330
65.26833	330
65.27000	330
65.27167	330
65.27333	329
65.27500	329
65.27667	329
65.27833	329
65.28000	329
65.28167	328
65.28333	329
65.28500	329
65.28667	328
65.28833	329
65.29000	328
65.29167	329
65.29333	329
65.29500	329
65.29667	330
65.29833	329
65.30000	330
65.30167	330
65.30333	330
65.30500	330
65.30667	331
65.30833	331
65.31000	332
65.31167	332
65.31333	332
65.31500	333
65.31667	333
65.31833	333
65.32000	334
65.32167	334
65.32333	335
65.32500	335
65.32667	335
65.32833	335
65.33000	336
65.33167	336
65.33333	336
65.33500	337
65.33667	337
65.33833	337
65.34000	338
65.34167	337
65.34333	338
65.34500	338
65.34667	339
65.34833	339
65.35000	339
65.35167	339
65.35333	339
65.35500	340
65.35667	340
65.35833	341
65.36000	340
65.36167	340
65.36333	341
65.36500	340
65.36667	341
65.36833	340
65.37000	341
65.37167	341
65.37333	340
65.37500	341
65.37667	341
65.37833	340
65.38000	341
65.38167	340
65.38333	340
65.38500	340
65.38667	339
65.38833	340
65.39000	338
65.39167	339
65.39333	338
65.39500	337
65.39667	337
65.39833	337
65.40000	336
65.40167	336
65.40333	335
65.40500	335
65.40667	333
65.40833	333
65.41000	333
65.41167	331
65.41333	331
65.41500	329
65.41667	329
65.41833	328
65.42000	328
65.42167	326
65.42333	326
65.42500	325
65.42667	324
65.42833	323
65.43000	322
65.43167	322
65.43333	320
65.43500	320
65.43667	318
65.43833	318
65.44000	317
65.44167	317
65.44333	315
65.44500	315
65.44667	315
65.44833	313
65.45000	313
65.45167	312
65.45333	311
65.45500	311
65.45667	311
65.45833	310
65.46000	309
65.46167	309
65.46333	308
65.46500	307
65.46667	308
65.46833	307
65.47000	307
65.47167	306
65.47333	306
65.47500	306
65.47667	306
65.47833	306
65.48000	305
65.48167	306
65.48333	306
65.48500	305
65.48667	306
65.48833	305
65.49000	306
65.49167	306
65.49333	306
65.49500	305
65.49667	306
65.49833	306
65.50000	306
65.50167	306
65.50333	305
65.50500	306
65.50667	306
65.50833	305
65.51000	306
65.51167	305
65.51333	305
65.51500	305
65.51667	305
65.51833	305
65.52000	304
65.52167	304
65.52333	304
65.52500	304
65.52667	304
65.52833	304
65.53000	304
65.53167	304
65.53333	304
65.53500	303
65.53667	304
65.53833	303
65.54000	304
65.54167	303
65.54333	303
65.54500	303
65.54667	304
65.54833	303
65.55000	303
65.55167	303
65.55333	303
65.55500	303
65.55667	303
65.55833	303
65.56000	304
65.56167	303
65.56333	303
65.56500	303
65.56667	303
65.56833	302
65.57000	303
65.57167	302
65.57333	302
65.57500	302
65.57667	302
65.57833	302
65.58000	302
65.58167	301
65.58333	301
65.58500	301
65.58667	301
65.58833	300
65.59000	299
65.59167	300
65.59333	299
65.59500	299
65.59667	299
65.59833	299
65.60000	298
65.60167	299
65.60333	298
65.60500	298
65.60667	299
65.60833	298
65.61000	299
65.61167	298
65.61333	299
65.61500	299
65.61667	298
65.61833	299
65.62000	299
65.62167	299
65.62333	299
65.62500	299
65.62667	299
65.62833	300
65.63000	300
65.63167	300
65.63333	300
65.63500	300
65.63667	301
65.63833	301
65.64000	300
65.64167	302
65.64333	301
65.64500	302
65.64667	302
65.64833	303
65.65000	302
65.65167	304
65.65333	303
65.65500	304
65.65667	305
65.65833	305
65.66000	305
65.66167	306
65.66333	306
65.66500	307
65.66667	307
65.66833	307
65.67000	308
65.67167	309
65.67333	309
65.67500	309
65.67667	310
65.67833	310
65.68000	311
65.68167	311
65.68333	312
65.68500	312
65.68667	312
65.68833	313
65.69000	313
65.69167	313
65.69333	314
65.69500	314
65.69667	315
65.69833	315
65.70000	315
65.70167	316
65.70333	316
65.70500	317
65.70667	317
65.70833	317
65.71000	317
65.71167	319
65.71333	318
65.71500	319
65.71667	320
65.71833	320
65.72000	320
65.72167	321
65.72333	322
65.72500	322
65.72667	322
65.72833	324
65.73000	323
65.73167	325
65.73333	324
65.73500	325
65.73667	326
65.73833	327
65.74000	327
65.74167	327
65.74333	328
65.74500	329
65.74667	330
65.74833	330
65.75000	331
65.75167	332
65.75333	333
65.75500	333
65.75667	334
65.75833	335
65.76000	335
65.76167	337
65.76333	337
65.76500	338
65.76667	339
65.76833	340
65.77000	341
65.77167	342
65.77333	343
65.77500	344
65.77667	345
65.77833	346
65.78000	347
65.78167	348
65.78333	349
65.78500	350
65.78667	351
65.78833	352
65.79000	354
65.79167	354
65.79333	355
65.79500	357
65.79667	358
65.79833	359
65.80000	360
65.80167	362
65.80333	363
65.80500	364
65.80667	365
65.80833	366
65.81000	368
65.81167	369
65.81333	370
65.81500	372
65.81667	373
65.81833	374
65.82000	376
65.82167	377
65.82333	379
65.82500	380
65.82667	382
65.82833	383
65.83000	385
65.83167	387
65.83333	388
65.83500	390
65.83667	392
65.83833	393
65.84000	395
65.84167	396
65.84333	398
65.84500	399
65.84667	401
65.84833	402
65.85000	404
65.85167	405
65.85333	407
65.85500	409
65.85667	410
65.85833	413
65.86000	413
65.86167	416
65.86333	417
65.86500	418
65.86667	420
65.86833	422
65.87000	423
65.87167	426
65.87333	426
65.87500	429
65.87667	430
65.87833	432
65.88000	433
65.88167	436
65.88333	437
65.88500	438
65.88667	441
65.88833	443
65.89000	445
65.89167	446
65.89333	449
65.89500	450
65.89667	453
65.89833	454
65.90000	457
65.90167	458
65.90333	461
65.90500	462
65.90667	465
65.90833	467
65.91000	469
65.91167	471
65.91333	473
65.91500	475
65.91667	478
65.91833	479
65.92000	482
65.92167	484
65.92333	486
65.92500	488
65.92667	491
65.92833	493
65.93000	495
65.93167	498
65.93333	499
65.93500	502
65.93667	505
65.93833	506
65.94000	509
65.94167	511
65.94333	513
65.94500	516
65.94667	518
65.94833	521
65.95000	523
65.95167	525
65.95333	527
65.95500	531
65.95667	532
65.95833	535
65.96000	537
65.96167	540
65.96333	541
65.96500	544
65.96667	547
65.96833	549
65.97000	551
65.97167	554
65.97333	555
65.97500	558
65.97667	560
65.97833	562
65.98000	565
65.98167	566
65.98333	569
65.98500	571
65.98667	573
65.98833	575
65.99000	578
65.99167	579
65.99333	582
65.99500	585
65.99667	586
65.99833	588
66.00000	591
66.00167	593
66.00333	595
66.00500	598
66.00667	599
66.00833	602
66.01000	604
66.01167	607
66.01333	609
66.01500	611
66.01667	613
66.01833	615
66.02000	618
66.02167	620
66.02333	622
66.02500	624
66.02667	627
66.02833	630
66.03000	631
66.03167	635
66.03333	636
66.03500	640
66.03667	641
66.03833	644
66.04000	646
66.04167	649
66.04333	651
66.04500	653
66.04667	656
66.04833	657
66.05000	661
66.05167	663
66.05333	665
66.05500	668
66.05667	669
66.05833	672
66.06000	675
66.06167	677
66.06333	679
66.06500	681
66.06667	685
66.06833	686
66.07000	688
66.07167	691
66.07333	693
66.07500	696
66.07667	698
66.07833	700
66.08000	702
66.08167	704
66.08333	707
66.08500	709
66.08667	711
66.08833	713
66.09000	716
66.09167	717
66.09333	720
66.09500	723
66.09667	724
66.09833	727
66.10000	729
66.10167	731
66.10333	733
66.10500	736
66.10667	738
66.10833	741
66.11000	742
66.11167	745
66.11333	747
66.11500	749
66.11667	752
66.11833	754
66.12000	756
66.12167	759
66.12333	761
66.12500	764
66.12667	765
66.12833	768
66.13000	771
66.13167	773
66.13333	774
66.13500	778
66.13667	779
66.13833	782
66.14000	784
66.14167	786
66.14333	789
66.14500	791
66.14667	793
66.14833	796
66.15000	798
66.15167	800
66.15333	802
66.15500	805
66.15667	807
66.15833	810
66.16000	812
66.16167	815
66.16333	817
66.16500	820
66.16667	823
66.16833	825
66.17000	828
66.17167	831
66.17333	834
66.17500	837
66.17667	839
66.17833	843
66.18000	845
66.18167	849
66.18333	852
66.18500	855
66.18667	858
66.18833	862
66.19000	865
66.19167	868
66.19333	872
66.19500	875
66.19667	879
66.19833	883
66.20000	886
66.20167	889
66.20333	893
66.20500	898
66.20667	901
66.20833	904
66.21000	908
66.21167	912
66.21333	916
66.21500	920
66.21667	924
66.21833	927
66.22000	930
66.22167	934
66.22333	938
66.22500	941
66.22667	945
66.22833	948
66.23000	952
66.23167	955
66.23333	958
66.23500	961
66.23667	964
66.23833	968
66.24000	970
66.24167	972
66.24333	975
66.24500	978
66.24667	980
66.24833	981
66.25000	984
66.25167	985
66.25333	987
66.25500	988
66.25667	989
66.25833	990
66.26000	991
66.26167	991
66.26333	992
66.26500	992
66.26667	992
66.26833	991
66.27000	991
66.27167	990
66.27333	990
66.27500	988
66.27667	987
66.27833	985
66.28000	984
66.28167	982
66.28333	980
66.28500	978
66.28667	975
66.28833	973
66.29000	971
66.29167	967
66.29333	964
66.29500	962
66.29667	959
66.29833	955
66.30000	952
66.30167	949
66.30333	945
66.30500	942
66.30667	938
66.30833	934
66.31000	931
66.31167	928
66.31333	923
66.31500	920
66.31667	917
66.31833	913
66.32000	909
66.32167	906
66.32333	902
66.32500	899
66.32667	895
66.32833	893
66.33000	889
66.33167	885
66.33333	883
66.33500	880
66.33667	877
66.33833	873
66.34000	871
66.34167	869
66.34333	866
66.34500	864
66.34667	861
66.34833	859
66.35000	857
66.35167	855
66.35333	853
66.35500	851
66.35667	849
66.35833	848
66.36000	847
66.36167	844
66.36333	844
66.36500	842
66.36667	841
66.36833	840
66.37000	839
66.37167	839
66.37333	838
66.37500	837
66.37667	836
66.37833	836
66.38000	835
66.38167	835
66.38333	835
66.38500	834
66.38667	834
66.38833	834
66.39000	834
66.39167	834
66.39333	833
66.39500	833
66.39667	833
66.39833	832
66.40000	832
66.40167	832
66.40333	831
66.40500	830
66.40667	830
66.40833	829
66.41000	827
66.41167	827
66.41333	826
66.41500	826
66.41667	823
66.41833	823
66.42000	822
66.42167	820
66.42333	818
66.42500	818
66.42667	815
66.42833	815
66.43000	812
66.43167	811
66.43333	810
66.43500	807
66.43667	806
66.43833	804
66.44000	803
66.44167	800
66.44333	799
66.44500	797
66.44667	795
66.44833	794
66.45000	791
66.45167	790
66.45333	787
66.45500	786
66.45667	783
66.45833	782
66.46000	779
66.46167	777
66.46333	776
66.46500	773
66.46667	771
66.46833	768
66.47000	766
66.47167	764
66.47333	762
66.47500	759
66.47667	758
66.47833	754
66.48000	752
66.48167	750
66.48333	746
66.48500	745
66.48667	741
66.48833	739
66.49000	736
66.49167	734
66.49333	730
66.49500	728
66.49667	725
66.49833	722
66.50000	718
66.50167	716
66.50333	712
66.50500	710
66.50667	706
66.50833	702
66.51000	700
66.51167	696
66.51333	692
66.51500	690
66.51667	686
66.51833	683
66.52000	679
66.52167	676
66.52333	672
66.52500	669
66.52667	665
66.52833	662
66.53000	659
66.53167	654
66.53333	651
66.53500	648
66.53667	644
66.53833	641
66.54000	637
66.54167	634
66.54333	630
66.54500	627
66.54667	623
66.54833	619
66.55000	616
66.55167	612
66.55333	609
66.55500	605
66.55667	601
66.55833	598
66.56000	594
66.56167	590
66.56333	587
66.56500	583
66.56667	578
66.56833	575
66.57000	570
66.57167	567
66.57333	562
66.57500	559
66.57667	554
66.57833	550
66.58000	546
66.58167	542
66.58333	538
66.58500	533
66.58667	529
66.58833	524
66.59000	520
66.59167	515
66.59333	511
66.59500	506
66.59667	502
66.59833	497
66.60000	493
66.60167	488
66.60333	483
66.60500	479
66.60667	474
66.60833	469
66.61000	466
66.61167	460
66.61333	456
66.61500	451
66.61667	447
66.61833	443
66.62000	439
66.62167	434
66.62333	430
66.62500	426
66.62667	422
66.62833	417
66.63000	413
66.63167	408
66.63333	405
66.63500	402
66.63667	397
66.63833	393
66.64000	390
66.64167	386
66.64333	383
66.64500	379
66.64667	377
66.64833	372
66.65000	370
66.65167	367
66.65333	363
66.65500	361
66.65667	358
66.65833	355
66.66000	353
66.66167	350
66.66333	348
66.66500	346
66.66667	343
66.66833	342
66.67000	339
66.67167	338
66.67333	335
66.67500	334
66.67667	332
66.67833	330
66.68000	328
66.68167	327
66.68333	325
66.68500	323
66.68667	322
66.68833	320
66.69000	319
66.69167	317
66.69333	316
66.69500	315
66.69667	313
66.69833	312
66.70000	311
66.70167	310
66.70333	308
66.70500	307
66.70667	306
66.70833	304
66.71000	304
66.71167	302
66.71333	300
66.71500	300
66.71667	298
66.71833	297
66.72000	296
66.72167	295
66.72333	294
66.72500	292
66.72667	292
66.72833	291
66.73000	289
66.73167	289
66.73333	287
66.73500	287
66.73667	286
66.73833	285
66.74000	284
66.74167	283
66.74333	282
66.74500	281
66.74667	281
66.74833	280
66.75000	279
66.75167	279
66.75333	278
66.75500	277
66.75667	277
66.75833	276
66.76000	275
66.76167	275
66.76333	274
66.76500	273
66.76667	273
66.76833	272
66.77000	271
66.77167	271
66.77333	270
66.77500	269
66.77667	269
66.77833	268
66.78000	267
66.78167	267
66.78333	266
66.78500	266
66.78667	266
66.78833	264
66.79000	265
66.79167	263
66.79333	263
66.79500	263
66.79667	262
66.79833	261
66.80000	261
66.80167	261
66.80333	260
66.80500	260
66.80667	260
66.80833	259
66.81000	259
66.81167	259
66.81333	258
66.81500	259
66.81667	258
66.81833	258
66.82000	257
66.82167	257
66.82333	257
66.82500	257
66.82667	257
66.82833	256
66.83000	257
66.83167	256
66.83333	256
66.83500	256
66.83667	255
66.83833	255
66.84000	255
66.84167	254
66.84333	255
66.84500	254
66.84667	253
66.84833	253
66.85000	253
66.85167	252
66.85333	253
66.85500	251
66.85667	252
66.85833	250
66.86000	251
66.86167	250
66.86333	250
66.86500	249
66.86667	249
66.86833	248
66.87000	248
66.87167	247
66.87333	247
66.87500	247
66.87667	246
66.87833	246
66.88000	246
66.88167	246
66.88333	244
66.88500	245
66.88667	244
66.88833	244
66.89000	244
66.89167	243
66.89333	243
66.89500	243
66.89667	242
66.89833	242
66.90000	242
66.90167	241
66.90333	242
66.90500	240
66.90667	241
66.90833	240
66.91000	240
66.91167	240
66.91333	239
66.91500	239
66.91667	239
66.91833	239
66.92000	239
66.92167	238
66.92333	238
66.92500	238
66.92667	238
66.92833	237
66.93000	237
66.93167	237
66.93333	236
66.93500	237
66.93667	235
66.93833	236
66.94000	235
66.94167	235
66.94333	235
66.94500	234
66.94667	234
66.94833	234
66.95000	233
66.95167	233
66.95333	233
66.95500	232
66.95667	232
66.95833	231
66.96000	231
66.96167	231
66.96333	230
66.96500	230
66.96667	230
66.96833	229
66.97000	229
66.97167	229
66.97333	228
66.97500	228
66.97667	228
66.97833	228
66.98000	227
66.98167	227
66.98333	227
66.98500	227
66.98667	227
66.98833	227
66.99000	227
66.99167	227
66.99333	227
66.99500	227
66.99667	227
66.99833	226
67.00000	227
67.00167	227
67.00333	226
67.00500	227
67.00667	226
67.00833	227
67.01000	227
67.01167	226
67.01333	227
67.01500	226
67.01667	227
67.01833	226
67.02000	226
67.02167	226
67.02333	226
67.02500	227
67.02667	225
67.02833	226
67.03000	226
67.03167	226
67.03333	225
67.03500	225
67.03667	226
67.03833	225
67.04000	225
67.04167	225
67.04333	224
67.04500	225
67.04667	225
67.04833	224
67.05000	225
67.05167	225
67.05333	225
67.05500	225
67.05667	224
67.05833	224
67.06000	225
67.06167	224
67.06333	224
67.06500	223
67.06667	224
67.06833	223
67.07000	223
67.07167	224
67.07333	223
67.07500	222
67.07667	223
67.07833	222
67.08000	223
67.08167	221
67.08333	222
67.08500	222
67.08667	221
67.08833	221
67.09000	221
67.09167	221
67.09333	221
67.09500	221
67.09667	221
67.09833	221
67.10000	221
67.10167	221
67.10333	221
67.10500	220
67.10667	221
67.10833	221
67.11000	221
67.11167	220
67.11333	221
67.11500	221
67.11667	221
67.11833	221
67.12000	221
67.12167	221
67.12333	221
67.12500	221
67.12667	221
67.12833	221
67.13000	221
67.13167	221
67.13333	221
67.13500	221
67.13667	221
67.13833	221
67.14000	221
67.14167	221
67.14333	220
67.14500	221
67.14667	221
67.14833	220
67.15000	221
67.15167	221
67.15333	221
67.15500	221
67.15667	221
67.15833	222
67.16000	221
67.16167	222
67.16333	222
67.16500	222
67.16667	222
67.16833	221
67.17000	222
67.17167	223
67.17333	223
67.17500	222
67.17667	224
67.17833	223
67.18000	224
67.18167	224
67.18333	224
67.18500	225
67.18667	225
67.18833	225
67.19000	225
67.19167	225
67.19333	226
67.19500	226
67.19667	226
67.19833	226
67.20000	226
67.20167	227
67.20333	226
67.20500	227
67.20667	227
67.20833	227
67.21000	228
67.21167	227
67.21333	227
67.21500	228
67.21667	228
67.21833	228
67.22000	228
67.22167	227
67.22333	228
67.22500	228
67.22667	228
67.22833	228
67.23000	228
67.23167	227
67.23333	228
67.23500	227
67.23667	228
67.23833	227
67.24000	227
67.24167	226
67.24333	227
67.24500	226
67.24667	227
67.24833	226
67.25000	226
67.25167	226
67.25333	226
67.25500	225
67.25667	225
67.25833	225
67.26000	225
67.26167	224
67.26333	224
67.26500	224
67.26667	224
67.26833	223
67.27000	223
67.27167	223
67.27333	223
67.27500	222
67.27667	222
67.27833	222
67.28000	221
67.28167	222
67.28333	221
67.28500	221
67.28667	220
67.28833	221
67.29000	221
67.29167	220
67.29333	221
67.29500	220
67.29667	220
67.29833	220
67.30000	220
67.30167	220
67.30333	220
67.30500	220
67.30667	220
67.30833	220
67.31000	220
67.31167	220
67.31333	220
67.31500	221
67.31667	220
67.31833	221
67.32000	221
67.32167	221
67.32333	221
67.32500	222
67.32667	221
67.32833	222
67.33000	223
67.33167	222
67.33333	223
67.33500	223
67.33667	223
67.33833	224
67.34000	224
67.34167	224
67.34333	224
67.34500	225
67.34667	226
67.34833	225
67.35000	226
67.35167	227
67.35333	227
67.35500	227
67.35667	227
67.35833	228
67.36000	228
67.36167	229
67.36333	228
67.36500	229
67.36667	230
67.36833	230
67.37000	230
67.37167	230
67.37333	231
67.37500	232
67.37667	231
67.37833	232
67.38000	232
67.38167	233
67.38333	233
67.38500	234
67.38667	233
67.38833	235
67.39000	234
67.39167	235
67.39333	235
67.39500	236
67.39667	236
67.39833	237
67.40000	237
67.40167	238
67.40333	238
67.40500	238
67.40667	239
67.40833	239
67.41000	241
67.41167	240
67.41333	241
67.41500	241
67.41667	241
67.41833	243
67.42000	242
67.42167	243
67.42333	244
67.42500	244
67.42667	245
67.42833	245
67.43000	245
67.43167	246
67.43333	247
67.43500	247
67.43667	248
67.43833	248
67.44000	249
67.44167	249
67.44333	249
67.44500	250
67.44667	251
67.44833	252
67.45000	252
67.45167	253
67.45333	253
67.45500	254
67.45667	254
67.45833	255
67.46000	255
67.46167	256
67.46333	256
67.46500	257
67.46667	258
67.46833	258
67.47000	258
67.47167	259
67.47333	260
67.47500	261
67.47667	261
67.47833	261
67.48000	262
67.48167	263
67.48333	263
67.48500	263
67.48667	265
67.48833	265
67.49000	266
67.49167	267
67.49333	267
67.49500	268
67.49667	269
67.49833	270
67.50000	270
67.50167	271
67.50333	272
67.50500	272
67.50667	273
67.50833	275
67.51000	275
67.51167	276
67.51333	277
67.51500	277
67.51667	279
67.51833	280
67.52000	281
67.52167	282
67.52333	283
67.52500	284
67.52667	285
67.52833	287
67.53000	287
67.53167	289
67.53333	289
67.53500	291
67.53667	292
67.53833	293
67.54000	295
67.54167	295
67.54333	296
67.54500	298
67.54667	299
67.54833	300
67.55000	301
67.55167	303
67.55333	303
67.55500	305
67.55667	305
67.55833	307
67.56000	308
67.56167	310
67.56333	310
67.56500	312
67.56667	312
67.56833	314
67.57000	315
67.57167	317
67.57333	317
67.57500	319
67.57667	320
67.57833	321
67.58000	322
67.58167	324
67.58333	324
67.58500	327
67.58667	328
67.58833	329
67.59000	331
67.59167	332
67.59333	334
67.59500	335
67.59667	337
67.59833	338
67.60000	340
67.60167	342
67.60333	343
67.60500	345
67.60667	346
67.60833	348
67.61000	349
67.61167	351
67.61333	353
67.61500	355
67.61667	355
67.61833	358
67.62000	360
67.62167	361
67.62333	363
67.62500	364
67.62667	366
67.62833	368
67.63000	369
67.63167	371
67.63333	373
67.63500	375
67.63667	376
67.63833	378
67.64000	380
67.64167	382
67.64333	383
67.64500	385
67.64667	388
67.64833	389
67.65000	390
67.65167	393
67.65333	395
67.65500	397
67.65667	398
67.65833	401
67.66000	402
67.66167	404
67.66333	405
67.66500	408
67.66667	410
67.66833	412
67.67000	413
67.67167	416
67.67333	418
67.67500	419
67.67667	422
67.67833	423
67.68000	426
67.68167	427
67.68333	429
67.68500	430
67.68667	433
67.68833	434
67.69000	435
67.69167	438
67.69333	438
67.69500	441
67.69667	442
67.69833	444
67.70000	446
67.70167	447
67.70333	449
67.70500	451
67.70667	452
67.70833	454
67.71000	456
67.71167	457
67.71333	458
67.71500	461
67.71667	462
67.71833	463
67.72000	466
67.72167	466
67.72333	468
67.72500	470
67.72667	471
67.72833	473
67.73000	474
67.73167	476
67.73333	476
67.73500	479
67.73667	480
67.73833	481
67.74000	482
67.74167	484
67.74333	485
67.74500	486
67.74667	487
67.74833	489
67.75000	490
67.75167	491
67.75333	493
67.75500	494
67.75667	496
67.75833	497
67.76000	498
67.76167	499
67.76333	501
67.76500	502
67.76667	504
67.76833	505
67.77000	507
67.77167	508
67.77333	509
67.77500	512
67.77667	513
67.77833	514
67.78000	516
67.78167	518
67.78333	519
67.78500	521
67.78667	522
67.78833	524
67.79000	526
67.79167	527
67.79333	529
67.79500	531
67.79667	532
67.79833	534
67.80000	535
67.80167	537
67.80333	539
67.80500	540
67.80667	543
67.80833	544
67.81000	545
67.81167	548
67.81333	549
67.81500	551
67.81667	553
67.81833	555
67.82000	556
67.82167	558
67.82333	560
67.82500	561
67.82667	564
67.82833	565
67.83000	567
67.83167	569
67.83333	571
67.83500	572
67.83667	574
67.83833	575
67.84000	577
67.84167	579
67.84333	581
67.84500	582
67.84667	583
67.84833	586
67.85000	587
67.85167	588
67.85333	591
67.85500	591
67.85667	593
67.85833	595
67.86000	596
67.86167	597
67.86333	599
67.86500	600
67.86667	602
67.86833	602
67.87000	604
67.87167	605
67.87333	607
67.87500	607
67.87667	609
67.87833	609
67.88000	611
67.88167	612
67.88333	612
67.88500	614
67.88667	615
67.88833	615
67.89000	616
67.89167	618
67.89333	618
67.89500	619
67.89667	620
67.89833	620
67.90000	622
67.90167	622
67.90333	623
67.90500	623
67.90667	624
67.90833	625
67.91000	625
67.91167	626
67.91333	627
67.91500	628
67.91667	627
67.91833	629
67.92000	629
67.92167	629
67.92333	630
67.92500	630
67.92667	631
67.92833	631
67.93000	632
67.93167	632
67.93333	632
67.93500	633
67.93667	633
67.93833	634
67.94000	634
67.94167	634
67.94333	635
67.94500	635
67.94667	636
67.94833	636
67.95000	636
67.95167	637
67.95333	637
67.95500	637
67.95667	638
67.95833	638
67.96000	638
67.96167	639
67.96333	638
67.96500	640
67.96667	639
67.96833	640
67.97000	641
67.97167	640
67.97333	641
67.97500	640
67.97667	641
67.97833	641
67.98000	641
67.98167	642
67.98333	641
67.98500	641
67.98667	641
67.98833	642
67.99000	641
67.99167	641
67.99333	641
67.99500	641
67.99667	641
67.99833	641
68.00000	641
68.00167	641
68.00333	640
68.00500	640
68.00667	640
68.00833	639
68.01000	639
68.01167	638
68.01333	638
68.01500	638
68.01667	637
68.01833	636
68.02000	636
68.02167	636
68.02333	634
68.02500	635
68.02667	633
68.02833	633
68.03000	631
68.03167	631
68.03333	630
68.03500	629
68.03667	628
68.03833	627
68.04000	626
68.04167	625
68.04333	624
68.04500	623
68.04667	622
68.04833	620
68.05000	619
68.05167	617
68.05333	616
68.05500	615
68.05667	614
68.05833	612
68.06000	610
68.06167	609
68.06333	607
68.06500	606
68.06667	604
68.06833	603
68.07000	600
68.07167	599
68.07333	597
68.07500	596
68.07667	593
68.07833	592
68.08000	590
68.08167	588
68.08333	586
68.08500	584
68.08667	583
68.08833	580
68.09000	579
68.09167	576
68.09333	575
68.09500	572
68.09667	570
68.09833	568
68.10000	567
68.10167	564
68.10333	561
68.10500	560
68.10667	558
68.10833	556
68.11000	553
68.11167	552
68.11333	549
68.11500	547
68.11667	545
68.11833	543
68.12000	540
68.12167	539
68.12333	536
68.12500	533
68.12667	532
68.12833	529
68.13000	527
68.13167	525
68.13333	522
68.13500	520
68.13667	517
68.13833	516
68.14000	513
68.14167	511
68.14333	508
68.14500	506
68.14667	503
68.14833	500
68.15000	498
68.15167	496
68.15333	493
68.15500	491
68.15667	488
68.15833	485
68.16000	483
68.16167	481
68.16333	478
68.16500	476
68.16667	473
68.16833	471
68.17000	469
68.17167	466
68.17333	464
68.17500	462
68.17667	459
68.17833	457
68.18000	456
68.18167	452
68.18333	451
68.18500	449
68.18667	446
68.18833	444
68.19000	442
68.19167	439
68.19333	438
68.19500	435
68.19667	432
68.19833	431
68.20000	428
68.20167	425
68.20333	424
68.20500	420
68.20667	419
68.20833	415
68.21000	414
68.21167	411
68.21333	408
68.21500	406
68.21667	403
68.21833	401
68.22000	399
68.22167	395
68.22333	394
68.22500	391
68.22667	388
68.22833	385
68.23000	382
68.23167	380
68.23333	377
68.23500	375
68.23667	371
68.23833	369
68.24000	366
68.24167	362
68.24333	360
68.24500	358
68.24667	354
68.24833	351
68.25000	349
68.25167	346
68.25333	343
68.25500	340
68.25667	337
68.25833	335
68.26000	333
68.26167	330
68.26333	327
68.26500	325
68.26667	322
68.26833	319
68.27000	318
68.27167	314
68.27333	312
68.27500	309
68.27667	307
68.27833	304
68.28000	302
68.28167	299
68.28333	296
68.28500	295
68.28667	291
68.28833	289
68.29000	287
68.29167	284
68.29333	282
68.29500	279
68.29667	277
68.29833	274
68.30000	272
68.30167	270
68.30333	268
68.30500	264
68.30667	263
68.30833	260
68.31000	257
68.31167	256
68.31333	252
68.31500	250
68.31667	247
68.31833	245
68.32000	242
68.32167	239
68.32333	237
68.32500	235
68.32667	232
68.32833	230
68.33000	227
68.33167	226
68.33333	223
68.33500	220
68.33667	218
68.33833	216
68.34000	214
68.34167	212
68.34333	210
68.34500	207
68.34667	206
68.34833	203
68.35000	202
68.35167	199
68.35333	198
68.35500	195
68.35667	194
68.35833	192
68.36000	189
68.36167	188
68.36333	186
68.36500	184
68.36667	182
68.36833	181
68.37000	178
68.37167	177
68.37333	174
68.37500	173
68.37667	171
68.37833	169
68.38000	167
68.38167	165
68.38333	164
68.38500	162
68.38667	160
68.38833	158
68.39000	157
68.39167	154
68.39333	152
68.39500	151
68.39667	149
68.39833	147
68.40000	145
68.40167	144
68.40333	141
68.40500	140
68.40667	137
68.40833	136
68.41000	134
68.41167	133
68.41333	130
68.41500	129
68.41667	126
68.41833	125
68.42000	123
68.42167	122
68.42333	119
68.42500	118
68.42667	116
68.42833	114
68.43000	113
68.43167	112
68.43333	109
68.43500	108
68.43667	107
68.43833	105
68.44000	103
68.44167	102
68.44333	101
68.44500	99
68.44667	98
68.44833	96
68.45000	95
68.45167	93
68.45333	93
68.45500	91
68.45667	90
68.45833	89
68.46000	88
68.46167	86
68.46333	85
68.46500	84
68.46667	83
68.46833	81
68.47000	80
68.47167	79
68.47333	78
68.47500	77
68.47667	76
68.47833	75
68.48000	74
68.48167	73
68.48333	73
68.48500	71
68.48667	70
68.48833	70
68.49000	69
68.49167	67
68.49333	68
68.49500	67
68.49667	66
68.49833	66
68.50000	66
68.50167	65
68.50333	65
68.50500	64
68.50667	65
68.50833	64
68.51000	64
68.51167	63
68.51333	64
68.51500	64
68.51667	63
68.51833	64
68.52000	63
68.52167	63
68.52333	63
68.52500	63
68.52667	63
68.52833	63
68.53000	63
68.53167	62
68.53333	62
68.53500	62
68.53667	62
68.53833	62
68.54000	62
68.54167	62
68.54333	61
68.54500	62
68.54667	61
68.54833	61
68.55000	61
68.55167	61
68.55333	61
68.55500	61
68.55667	60
68.55833	60
68.56000	60
68.56167	59
68.56333	59
68.56500	59
68.56667	58
68.56833	58
68.57000	57
68.57167	57
68.57333	56
68.57500	56
68.57667	55
68.57833	55
68.58000	54
68.58167	54
68.58333	53
68.58500	53
68.58667	52
68.58833	52
68.59000	51
68.59167	50
68.59333	50
68.59500	49
68.59667	48
68.59833	48
68.60000	48
68.60167	47
68.60333	46
68.60500	46
68.60667	46
68.60833	45
68.61000	45
68.61167	45
68.61333	44
68.61500	43
68.61667	44
68.61833	42
68.62000	42
68.62167	42
68.62333	41
68.62500	41
68.62667	41
68.62833	40
68.63000	40
68.63167	39
68.63333	39
68.63500	39
68.63667	38
68.63833	38
68.64000	38
68.64167	37
68.64333	37
68.64500	37
68.64667	36
68.64833	35
68.65000	36
68.65167	35
68.65333	35
68.65500	34
68.65667	35
68.65833	34
68.66000	34
68.66167	33
68.66333	33
68.66500	33
68.66667	33
68.66833	33
68.67000	32
68.67167	32
68.67333	33
68.67500	31
68.67667	32
68.67833	32
68.68000	32
68.68167	31
68.68333	32
68.68500	32
68.68667	32
68.68833	32
68.69000	32
68.69167	32
68.69333	32
68.69500	32
68.69667	32
68.69833	32
68.70000	33
68.70167	32
68.70333	33
68.70500	33
68.70667	32
68.70833	33
68.71000	32
68.71167	33
68.71333	33
68.71500	33
68.71667	33
68.71833	33
68.72000	33
68.72167	32
68.72333	33
68.72500	33
68.72667	33
68.72833	33
68.73000	33
68.73167	33
68.73333	33
68.73500	33
68.73667	33
68.73833	33
68.74000	33
68.74167	33
68.74333	33
68.74500	33
68.74667	33
68.74833	34
68.75000	33
68.75167	33
68.75333	33
68.75500	34
68.75667	33
68.75833	33
68.76000	34
68.76167	34
68.76333	34
68.76500	34
68.76667	34
68.76833	34
68.77000	35
68.77167	35
68.77333	34
68.77500	35
68.77667	36
68.77833	35
68.78000	35
68.78167	36
68.78333	36
68.78500	36
68.78667	36
68.78833	37
68.79000	36
68.79167	37
68.79333	37
68.79500	37
68.79667	37
68.79833	37
68.80000	37
68.80167	37
68.80333	37
68.80500	37
68.80667	37
68.80833	36
68.81000	37
68.81167	37
68.81333	36
68.81500	36
68.81667	36
68.81833	36
68.82000	35
68.82167	35
68.82333	35
68.82500	34
68.82667	34
68.82833	33
68.83000	33
68.83167	33
68.83333	33
68.83500	32
68.83667	32
68.83833	31
68.84000	32
68.84167	31
68.84333	31
68.84500	30
68.84667	30
68.84833	30
68.85000	30
68.85167	29
68.85333	30
68.85500	29
68.85667	29
68.85833	29
68.86000	29
68.86167	28
68.86333	29
68.86500	28
68.86667	29
68.86833	28
68.87000	28
68.87167	28
68.87333	28
68.87500	28
68.87667	29
68.87833	28
68.88000	29
68.88167	28
68.88333	29
68.88500	28
68.88667	29
68.88833	29
68.89000	29
68.89167	30
68.89333	29
68.89500	30
68.89667	30
68.89833	30
68.90000	31
68.90167	31
68.90333	31
68.90500	31
68.90667	31
68.90833	32
68.91000	32
68.91167	33
68.91333	33
68.91500	33
68.91667	34
68.91833	34
68.92000	34
68.92167	35
68.92333	35
68.92500	35
68.92667	35
68.92833	35
68.93000	36
68.93167	36
68.93333	36
68.93500	36
68.93667	37
68.93833	36
68.94000	37
68.94167	36
68.94333	36
68.94500	37
68.94667	36
68.94833	36
68.95000	36
68.95167	36
68.95333	37
68.95500	35
68.95667	36
68.95833	36
68.96000	36
68.96167	35
68.96333	36
68.96500	35
68.96667	35
68.96833	35
68.97000	35
68.97167	35
68.97333	34
68.97500	35
68.97667	34
68.97833	35
68.98000	34
68.98167	35
68.98333	34
68.98500	35
68.98667	35
68.98833	36
68.99000	35
68.99167	36
68.99333	37
68.99500	37
68.99667	37
68.99833	38
69.00000	38
69.00167	40
69.00333	40
69.00500	40
69.00667	42
69.00833	43
69.01000	43
69.01167	45
69.01333	46
69.01500	48
69.01667	48
69.01833	51
69.02000	52
69.02167	53
69.02333	55
69.02500	57
69.02667	60
69.02833	61
69.03000	64
69.03167	66
69.03333	69
69.03500	71
69.03667	73
69.03833	77
69.04000	79
69.04167	82
69.04333	85
69.04500	88
69.04667	91
69.04833	95
69.05000	98
69.05167	102
69.05333	106
69.05500	109
69.05667	112
69.05833	117
69.06000	120
69.06167	125
69.06333	128
69.06500	133
69.06667	136
69.06833	140
69.07000	144
69.07167	148
69.07333	152
69.07500	157
69.07667	160
69.07833	164
69.08000	169
69.08167	172
69.08333	177
69.08500	181
69.08667	185
69.08833	189
69.09000	194
69.09167	197
69.09333	202
69.09500	206
69.09667	210
69.09833	214
69.10000	219
69.10167	223
69.10333	227
69.10500	231
69.10667	236
69.10833	240
69.11000	245
69.11167	248
69.11333	253
69.11500	256
69.11667	261
69.11833	265
69.12000	268
69.12167	271
69.12333	275
69.12500	278
69.12667	280
69.12833	284
69.13000	286
69.13167	288
69.13333	290
69.13500	291
69.13667	293
69.13833	294
69.14000	295
69.14167	295
69.14333	294
69.14500	295
69.14667	293
69.14833	293
69.15000	291
69.15167	289
69.15333	288
69.15500	286
69.15667	284
69.15833	281
69.16000	280
69.16167	277
69.16333	274
69.16500	272
69.16667	269
69.16833	267
69.17000	264
69.17167	262
69.17333	260
69.17500	258
69.17667	257
69.17833	255
69.18000	255
69.18167	255
69.18333	256
69.18500	256
69.18667	257
69.18833	260
69.19000	262
69.19167	265
69.19333	270
69.19500	274
69.19667	279
69.19833	285
69.20000	292
69.20167	300
69.20333	308
69.20500	317
69.20667	327
69.20833	339
69.21000	349
69.21167	362
69.21333	375
69.21500	388
69.21667	401
69.21833	415
69.22000	430
69.22167	444
69.22333	459
69.22500	475
69.22667	492
69.22833	507
69.23000	524
69.23167	539
69.23333	556
69.23500	571
69.23667	587
69.23833	601
69.24000	616
69.24167	630
69.24333	643
69.24500	656
69.24667	668
69.24833	679
69.25000	691
69.25167	700
69.25333	710
69.25500	718
69.25667	726
69.25833	732
69.26000	738
69.26167	743
69.26333	746
69.26500	749
69.26667	750
69.26833	751
69.27000	750
69.27167	749
69.27333	747
69.27500	744
69.27667	741
69.27833	736
69.28000	731
69.28167	726
69.28333	720
69.28500	713
69.28667	705
69.28833	696
69.29000	688
69.29167	679
69.29333	669
69.29500	661
69.29667	650
69.29833	642
69.30000	631
69.30167	622
69.30333	612
69.30500	603
69.30667	592
69.30833	583
69.31000	574
69.31167	565
69.31333	555
69.31500	546
69.31667	538
69.31833	531
69.32000	522
69.32167	515
69.32333	508
69.32500	502
69.32667	495
69.32833	490
69.33000	484
69.33167	478
69.33333	475
69.33500	469
69.33667	465
69.33833	461
69.34000	456
69.34167	453
69.34333	450
69.34500	445
69.34667	443
69.34833	440
69.35000	436
69.35167	434
69.35333	430
69.35500	428
69.35667	425
69.35833	421
69.36000	419
69.36167	415
69.36333	412
69.36500	409
69.36667	405
69.36833	402
69.37000	398
69.37167	393
69.37333	390
69.37500	385
69.37667	381
69.37833	376
69.38000	371
69.38167	367
69.38333	362
69.38500	356
69.38667	351
69.38833	345
69.39000	339
69.39167	333
69.39333	328
69.39500	321
69.39667	315
69.39833	308
69.40000	303
69.40167	296
69.40333	290
69.40500	284
69.40667	277
69.40833	270
69.41000	264
69.41167	258
69.41333	251
69.41500	245
69.41667	238
69.41833	232
69.42000	226
69.42167	220
69.42333	215
69.42500	208
69.42667	203
69.42833	197
69.43000	192
69.43167	187
69.43333	181
69.43500	177
69.43667	172
69.43833	167
69.44000	162
69.44167	159
69.44333	154
69.44500	150
69.44667	145
69.44833	142
69.45000	138
69.45167	135
69.45333	131
69.45500	128
69.45667	125
69.45833	121
69.46000	119
69.46167	116
69.46333	114
69.46500	110
69.46667	109
69.46833	105
69.47000	104
69.47167	101
69.47333	98
69.47500	97
69.47667	95
69.47833	92
69.48000	91
69.48167	88
69.48333	88
69.48500	85
69.48667	84
69.48833	82
69.49000	81
69.49167	79
69.49333	78
69.49500	77
69.49667	75
69.49833	74
69.50000	73
69.50167	72
69.50333	71
69.50500	69
69.50667	68
69.50833	67
69.51000	67
69.51167	65
69.51333	64
69.51500	63
69.51667	62
69.51833	61
69.52000	61
69.52167	59
69.52333	59
69.52500	58
69.52667	57
69.52833	56
69.53000	55
69.53167	55
69.53333	54
69.53500	53
69.53667	52
69.53833	51
69.54000	50
69.54167	50
69.54333	49
69.54500	48
69.54667	47
69.54833	47
69.55000	46
69.55167	45
69.55333	45
69.55500	43
69.55667	43
69.55833	42
69.56000	42
69.56167	41
69.56333	40
69.56500	40
69.56667	39
69.56833	38
69.57000	38
69.57167	37
69.57333	37
69.57500	36
69.57667	36
69.57833	35
69.58000	35
69.58167	35
69.58333	34
69.58500	34
69.58667	34
69.58833	33
69.59000	33
69.59167	33
69.59333	33
69.59500	32
69.59667	32
69.59833	32
69.60000	32
69.60167	32
69.60333	31
69.60500	31
69.60667	31
69.60833	31
69.61000	31
69.61167	30
69.61333	31
69.61500	30
69.61667	30
69.61833	29
69.62000	29
69.62167	29
69.62333	28
69.62500	28
69.62667	28
69.62833	28
69.63000	27
69.63167	27
69.63333	26
69.63500	26
69.63667	26
69.63833	25
69.64000	25
69.64167	24
69.64333	24
69.64500	23
69.64667	23
69.64833	22
69.65000	21
69.65167	22
69.65333	20
69.65500	20
69.65667	20
69.65833	19
69.66000	18
69.66167	18
69.66333	17
69.66500	17
69.66667	16
69.66833	16
69.67000	15
69.67167	14
69.67333	14
69.67500	13
69.67667	13
69.67833	12
69.68000	12
69.68167	11
69.68333	10
69.68500	10
69.68667	9
69.68833	9
69.69000	8
69.69167	7
69.69333	7
69.69500	7
69.69667	6
69.69833	5
69.70000	5
69.70167	5
69.70333	5
69.70500	3
69.70667	4
69.70833	3
69.71000	3
69.71167	3
69.71333	2
69.71500	2
69.71667	2
69.71833	1
69.72000	2
69.72167	1
69.72333	1
69.72500	1
69.72667	0
69.72833	1
69.73000	0
69.73167	0
69.73333	0
69.73500	0
69.73667	0
69.73833	0
69.74000	0
69.74167	0
69.74333	0
69.74500	0
69.74667	-1
69.74833	0
69.75000	-1
69.75167	0
69.75333	-1
69.75500	-1
69.75667	0
69.75833	-1
69.76000	-1
69.76167	-1
69.76333	-1
69.76500	0
69.76667	-1
69.76833	-1
69.77000	-1
69.77167	-1
69.77333	-1
69.77500	-2
69.77667	-1
69.77833	-1
69.78000	-1
69.78167	-2
69.78333	-1
69.78500	-2
69.78667	-2
69.78833	-2
69.79000	-3
69.79167	-3
69.79333	-3
69.79500	-4
69.79667	-4
69.79833	-4
69.80000	-4
69.80167	-5
69.80333	-5
69.80500	-5
69.80667	-6
69.80833	-6
69.81000	-6
69.81167	-7
69.81333	-6
69.81500	-7
69.81667	-8
69.81833	-7
69.82000	-8
69.82167	-8
69.82333	-9
69.82500	-8
69.82667	-9
69.82833	-9
69.83000	-9
69.83167	-9
69.83333	-10
69.83500	-9
69.83667	-10
69.83833	-10
69.84000	-10
69.84167	-10
69.84333	-10
69.84500	-11
69.84667	-10
69.84833	-11
69.85000	-11
69.85167	-11
69.85333	-12
69.85500	-12
69.85667	-11
69.85833	-12
69.86000	-12
69.86167	-13
69.86333	-12
69.86500	-13
69.86667	-12
69.86833	-13
69.87000	-13
69.87167	-13
69.87333	-13
69.87500	-13
69.87667	-14
69.87833	-13
69.88000	-14
69.88167	-14
69.88333	-15
69.88500	-14
69.88667	-15
69.88833	-15
69.89000	-15
69.89167	-16
69.89333	-15
69.89500	-16
69.89667	-16
69.89833	-16
69.90000	-17
69.90167	-17
69.90333	-17
69.90500	-17
69.90667	-17
69.90833	-17
69.91000	-18
69.91167	-17
69.91333	-18
69.91500	-18
69.91667	-18
69.91833	-18
69.92000	-18
69.92167	-19
69.92333	-18
69.92500	-18
69.92667	-18
69.92833	-18
69.93000	-19
69.93167	-18
69.93333	-18
69.93500	-19
69.93667	-18
69.93833	-19
69.94000	-19
69.94167	-18
69.94333	-19
69.94500	-19
69.94667	-19
69.94833	-18
69.95000	-19
69.95167	-19
69.95333	-19
69.95500	-19
69.95667	-19
69.95833	-19
69.96000	-19
69.96167	-20
69.96333	-19
69.96500	-20
69.96667	-19
69.96833	-20
69.97000	-20
69.97167	-20
69.97333	-20
69.97500	-21
69.97667	-21
69.97833	-21
69.98000	-21
69.98167	-21
69.98333	-21
69.98500	-22
69.98667	-21
69.98833	-22
69.99000	-22
69.99167	-22
69.99333	-22
69.99500	-22
69.99667	-22
69.99833	-23
70.00000	-23
70.00167	-23
70.00333	-24
70.00500	-23
70.00667	-24
70.00833	-23
70.01000	-25
70.01167	-24
70.01333	-25
70.01500	-24
70.01667	-26
70.01833	-25
70.02000	-26
70.02167	-26
70.02333	-26
70.02500	-27
70.02667	-26
70.02833	-27
70.03000	-28
70.03167	-27
70.03333	-28
70.03500	-29
70.03667	-28
70.03833	-29
70.04000	-29
70.04167	-29
70.04333	-29
70.04500	-29
70.04667	-29
70.04833	-30
70.05000	-29
70.05167	-30
70.05333	-30
70.05500	-29
70.05667	-30
70.05833	-30
70.06000	-29
70.06167	-30
70.06333	-29
70.06500	-29
70.06667	-30
70.06833	-29
70.07000	-29
70.07167	-30
70.07333	-29
70.07500	-30
70.07667	-29
70.07833	-30
70.08000	-30
70.08167	-30
70.08333	-30
70.08500	-30
70.08667	-31
70.08833	-30
70.09000	-31
70.09167	-30
70.09333	-31
70.09500	-32
70.09667	-31
70.09833	-31
70.10000	-32
70.10167	-32
70.10333	-32
70.10500	-32
70.10667	-32
70.10833	-32
70.11000	-33
70.11167	-33
70.11333	-33
70.11500	-33
70.11667	-34
70.11833	-33
70.12000	-34
70.12167	-34
70.12333	-34
70.12500	-34
70.12667	-34
70.12833	-34
70.13000	-34
70.13167	-34
70.13333	-34
70.13500	-34
70.13667	-33
70.13833	-34
70.14000	-34
70.14167	-33
70.14333	-34
70.14500	-33
70.14667	-33
70.14833	-34
70.15000	-33
70.15167	-33
70.15333	-33
70.15500	-33
70.15667	-32
70.15833	-33
70.16000	-33
70.16167	-32
70.16333	-33
70.16500	-32
70.16667	-33
70.16833	-32
70.17000	-33
70.17167	-32
70.17333	-32
70.17500	-33
70.17667	-33
70.17833	-32
70.18000	-33
70.18167	-33
70.18333	-33
70.18500	-33
70.18667	-34
70.18833	-33
70.19000	-34
70.19167	-33
70.19333	-34
70.19500	-34
70.19667	-34
70.19833	-34
70.20000	-34
70.20167	-35
70.20333	-35
70.20500	-35
70.20667	-35
70.20833	-35
70.21000	-35
70.21167	-36
70.21333	-36
70.21500	-35
70.21667	-36
70.21833	-36
70.22000	-36
70.22167	-37
70.22333	-36
70.22500	-36
70.22667	-37
70.22833	-37
70.23000	-37
70.23167	-37
70.23333	-38
70.23500	-37
70.23667	-38
70.23833	-38
70.24000	-37
70.24167	-38
70.24333	-39
70.24500	-38
70.24667	-39
70.24833	-39
70.25000	-39
70.25167	-39
70.25333	-40
70.25500	-40
70.25667	-40
70.25833	-41
70.26000	-40
70.26167	-41
70.26333	-41
70.26500	-41
70.26667	-41
70.26833	-42
70.27000	-41
70.27167	-41
70.27333	-41
70.27500	-42
70.27667	-41
70.27833	-41
70.28000	-41
70.28167	-41
70.28333	-41
70.28500	-41
70.28667	-41
70.28833	-40
70.29000	-40
70.29167	-40
70.29333	-41
70.29500	-39
70.29667	-40
70.29833	-40
70.30000	-39
70.30167	-39
70.30333	-39
70.30500	-39
70.30667	-39
70.30833	-39
70.31000	-39
70.31167	-39
70.31333	-39
70.31500	-39
70.31667	-39
70.31833	-40
70.32000	-39
70.32167	-39
70.32333	-40
70.32500	-39
70.32667	-40
70.32833	-40
70.33000	-40
70.33167	-41
70.33333	-41
70.33500	-40
70.33667	-42
70.33833	-41
70.34000	-42
70.34167	-42
70.34333	-43
70.34500	-43
70.34667	-43
70.34833	-43
70.35000	-44
70.35167	-44
70.35333	-44
70.35500	-45
70.35667	-44
70.35833	-46
70.36000	-45
70.36167	-45
70.36333	-46
70.36500	-45
70.36667	-46
70.36833	-46
70.37000	-45
70.37167	-46
70.37333	-45
70.37500	-46
70.37667	-45
70.37833	-45
70.38000	-45
70.38167	-45
70.38333	-44
70.38500	-45
70.38667	-44
70.38833	-44
70.39000	-44
70.39167	-44
70.39333	-44
70.39500	-43
70.39667	-43
70.39833	-43
70.40000	-43
70.40167	-43
70.40333	-43
70.40500	-43
70.40667	-42
70.40833	-43
70.41000	-42
70.41167	-43
70.41333	-42
70.41500	-43
70.41667	-42
70.41833	-42
70.42000	-43
70.42167	-42
70.42333	-43
70.42500	-42
70.42667	-42
70.42833	-42
70.43000	-43
70.43167	-42
70.43333	-41
70.43500	-42
70.43667	-42
70.43833	-42
70.44000	-42
70.44167	-42
70.44333	-42
70.44500	-43
70.44667	-42
70.44833	-42
70.45000	-42
70.45167	-42
70.45333	-42
70.45500	-42
70.45667	-42
70.45833	-42
70.46000	-42
70.46167	-43
70.46333	-42
70.46500	-42
70.46667	-43
70.46833	-42
70.47000	-43
70.47167	-42
70.47333	-43
70.47500	-43
70.47667	-43
70.47833	-43
70.48000	-44
70.48167	-43
70.48333	-44
70.48500	-43
70.48667	-44
70.48833	-44
70.49000	-43
70.49167	-44
70.49333	-44
70.49500	-44
70.49667	-44
70.49833	-44
70.50000	-45
70.50167	-44
70.50333	-44
70.50500	-44
70.50667	-44
70.50833	-44
70.51000	-43
70.51167	-44
70.51333	-44
70.51500	-44
70.51667	-44
70.51833	-44
70.52000	-44
70.52167	-44
70.52333	-44
70.52500	-44
70.52667	-44
70.52833	-44
70.53000	-45
70.53167	-44
70.53333	-45
70.53500	-45
70.53667	-44
70.53833	-45
70.54000	-46
70.54167	-45
70.54333	-46
70.54500	-46
70.54667	-46
70.54833	-46
70.55000	-46
70.55167	-47
70.55333	-47
70.55500	-47
70.55667	-47
70.55833	-48
70.56000	-47
70.56167	-48
70.56333	-48
70.56500	-48
70.56667	-48
70.56833	-48
70.57000	-48
70.57167	-49
70.57333	-48
70.57500	-49
70.57667	-48
70.57833	-48
70.58000	-49
70.58167	-48
70.58333	-49
70.58500	-48
70.58667	-49
70.58833	-48
70.59000	-48
70.59167	-48
70.59333	-48
70.59500	-48
70.59667	-48
70.59833	-48
70.60000	-48
70.60167	-47
70.60333	-48
70.60500	-48
70.60667	-47
70.60833	-47
70.61000	-48
70.61167	-47
70.61333	-47
70.61500	-47
70.61667	-47
70.61833	-48
70.62000	-47
70.62167	-47
70.62333	-47
70.62500	-48
70.62667	-47
70.62833	-48
70.63000	-48
70.63167	-48
70.63333	-48
70.63500	-48
70.63667	-48
70.63833	-48
70.64000	-48
70.64167	-48
70.64333	-49
70.64500	-48
70.64667	-49
70.64833	-50
70.65000	-49
70.65167	-49
70.65333	-50
70.65500	-50
70.65667	-50
70.65833	-50
70.66000	-50
70.66167	-50
70.66333	-51
70.66500	-50
70.66667	-51
70.66833	-51
70.67000	-51
70.67167	-51
70.67333	-50
70.67500	-51
70.67667	-51
70.67833	-52
70.68000	-51
70.68167	-51
70.68333	-52
70.68500	-51
70.68667	-51
70.68833	-51
70.69000	-51
70.69167	-52
70.69333	-51
70.69500	-50
70.69667	-51
70.69833	-51
70.70000	-51
70.70167	-51
70.70333	-50
70.70500	-50
70.70667	-51
70.70833	-50
70.71000	-51
70.71167	-51
70.71333	-50
70.71500	-51
70.71667	-51
70.71833	-51
70.72000	-50
70.72167	-51
70.72333	-51
70.72500	-50
70.72667	-51
70.72833	-51
70.73000	-51
70.73167	-51
70.73333	-51
70.73500	-51
70.73667	-51
70.73833	-52
70.74000	-51
70.74167	-52
70.74333	-51
70.74500	-52
70.74667	-52
70.74833	-52
70.75000	-52
70.75167	-52
70.75333	-53
70.75500	-52
70.75667	-53
70.75833	-53
70.76000	-53
70.76167	-53
70.76333	-54
70.76500	-53
70.76667	-54
70.76833	-54
70.77000	-54
70.77167	-54
70.77333	-54
70.77500	-55
70.77667	-54
70.77833	-54
70.78000	-54
70.78167	-54
70.78333	-53
70.78500	-54
70.78667	-54
70.78833	-54
70.79000	-53
70.79167	-54
70.79333	-54
70.79500	-53
70.79667	-54
70.79833	-54
70.80000	-53
70.80167	-54
70.80333	-54
70.80500	-54
70.80667	-53
70.80833	-54
70.81000	-54
70.81167	-53
70.81333	-54
70.81500	-54
70.81667	-53
70.81833	-54
70.82000	-54
70.82167	-54
70.82333	-54
70.82500	-54
70.82667	-55
70.82833	-54
70.83000	-55
70.83167	-55
70.83333	-55
70.83500	-56
70.83667	-55
70.83833	-56
70.84000	-57
70.84167	-56
70.84333	-57
70.84500	-58
70.84667	-57
70.84833	-58
70.85000	-58
70.85167	-58
70.85333	-58
70.85500	-59
70.85667	-59
70.85833	-60
70.86000	-59
70.86167	-60
70.86333	-59
70.86500	-60
70.86667	-60
70.86833	-60
70.87000	-60
70.87167	-60
70.87333	-60
70.87500	-60
70.87667	-59
70.87833	-60
70.88000	-59
70.88167	-60
70.88333	-59
70.88500	-59
70.88667	-59
70.88833	-59
70.89000	-58
70.89167	-59
70.89333	-58
70.89500	-58
70.89667	-58
70.89833	-58
70.90000	-57
70.90167	-58
70.90333	-57
70.90500	-57
70.90667	-58
70.90833	-57
70.91000	-57
70.91167	-56
70.91333	-57
70.91500	-57
70.91667	-56
70.91833	-57
70.92000	-56
70.92167	-57
70.92333	-56
70.92500	-56
70.92667	-57
70.92833	-56
70.93000	-56
70.93167	-56
70.93333	-56
70.93500	-55
70.93667	-56
70.93833	-56
70.94000	-55
70.94167	-56
70.94333	-55
70.94500	-55
70.94667	-55
70.94833	-55
70.95000	-54
70.95167	-53
70.95333	-54
70.95500	-53
70.95667	-53
70.95833	-52
70.96000	-53
70.96167	-51
70.96333	-52
70.96500	-51
70.96667	-50
70.96833	-51
70.97000	-50
70.97167	-50
70.97333	-49
70.97500	-49
70.97667	-49
70.97833	-49
70.98000	-48
70.98167	-48
70.98333	-48
70.98500	-48
70.98667	-48
70.98833	-47
70.99000	-47
70.99167	-47
70.99333	-47
70.99500	-47
70.99667	-47
70.99833	-46
71.00000	-46
71.00167	-46
71.00333	-46
71.00500	-45
71.00667	-45
71.00833	-45
71.01000	-45
71.01167	-44
71.01333	-44
71.01500	-44
71.01667	-44
71.01833	-44
71.02000	-43
71.02167	-43
71.02333	-43
71.02500	-44
71.02667	-43
71.02833	-42
71.03000	-43
71.03167	-43
71.03333	-42
71.03500	-43
71.03667	-43
71.03833	-42
71.04000	-43
71.04167	-42
71.04333	-43
71.04500	-43
71.04667	-42
71.04833	-43
71.05000	-42
71.05167	-43
71.05333	-43
71.05500	-42
71.05667	-43
71.05833	-43
71.06000	-43
71.06167	-43
71.06333	-43
71.06500	-43
71.06667	-44
71.06833	-43
71.07000	-44
71.07167	-43
71.07333	-44
71.07500	-44
71.07667	-44
71.07833	-44
71.08000	-44
71.08167	-44
71.08333	-44
71.08500	-44
71.08667	-45
71.08833	-44
71.09000	-45
71.09167	-45
71.09333	-45
71.09500	-46
71.09667	-45
71.09833	-46
71.10000	-46
71.10167	-46
71.10333	-47
71.10500	-47
71.10667	-47
71.10833	-47
71.11000	-48
71.11167	-48
71.11333	-49
71.11500	-48
71.11667	-49
71.11833	-49
71.12000	-49
71.12167	-50
71.12333	-49
71.12500	-50
71.12667	-50
71.12833	-51
71.13000	-50
71.13167	-51
71.13333	-51
71.13500	-52
71.13667	-51
71.13833	-52
71.14000	-51
71.14167	-52
71.14333	-51
71.14500	-52
71.14667	-52
71.14833	-52
71.15000	-52
71.15167	-52
71.15333	-52
71.15500	-53
71.15667	-52
71.15833	-52
71.16000	-53
71.16167	-52
71.16333	-52
71.16500	-52
71.16667	-51
71.16833	-53
71.17000	-51
71.17167	-52
71.17333	-52
71.17500	-52
71.17667	-52
71.17833	-51
71.18000	-51
71.18167	-52
71.18333	-51
71.18500	-51
71.18667	-51
71.18833	-52
71.19000	-51
71.19167	-52
71.19333	-52
71.19500	-52
71.19667	-52
71.19833	-52
71.20000	-52
71.20167	-53
71.20333	-53
71.20500	-53
71.20667	-53
71.20833	-53
71.21000	-53
71.21167	-53
71.21333	-53
71.21500	-53
71.21667	-53
71.21833	-53
71.22000	-54
71.22167	-53
71.22333	-53
71.22500	-53
71.22667	-53
71.22833	-53
71.23000	-53
71.23167	-53
71.23333	-53
71.23500	-53
71.23667	-52
71.23833	-53
71.24000	-52
71.24167	-53
71.24333	-52
71.24500	-53
71.24667	-52
71.24833	-53
71.25000	-53
71.25167	-53
71.25333	-53
71.25500	-52
71.25667	-53
71.25833	-54
71.26000	-53
71.26167	-53
71.26333	-53
71.26500	-54
71.26667	-53
71.26833	-53
71.27000	-54
71.27167	-53
71.27333	-53
71.27500	-53
71.27667	-54
71.27833	-53
71.28000	-53
71.28167	-53
71.28333	-53
71.28500	-54
71.28667	-53
71.28833	-53
71.29000	-53
71.29167	-54
71.29333	-53
71.29500	-53
71.29667	-54
71.29833	-53
71.30000	-54
71.30167	-54
71.30333	-54
71.30500	-54
71.30667	-55
71.30833	-55
71.31000	-55
71.31167	-56
71.31333	-55
71.31500	-57
71.31667	-56
71.31833	-57
71.32000	-57
71.32167	-58
71.32333	-58
71.32500	-58
71.32667	-58
71.32833	-59
71.33000	-59
71.33167	-60
71.33333	-60
71.33500	-60
71.33667	-60
71.33833	-61
71.34000	-61
71.34167	-61
71.34333	-61
71.34500	-61
71.34667	-62
71.34833	-61
71.35000	-62
71.35167	-62
71.35333	-63
71.35500	-62
71.35667	-62
71.35833	-63
71.36000	-62
71.36167	-63
71.36333	-62
71.36500	-63
71.36667	-63
71.36833	-63
71.37000	-63
71.37167	-64
71.37333	-63
71.37500	-64
71.37667	-64
71.37833	-63
71.38000	-64
71.38167	-64
71.38333	-64
71.38500	-64
71.38667	-64
71.38833	-65
71.39000	-64
71.39167	-65
71.39333	-64
71.39500	-65
71.39667	-65
71.39833	-65
71.40000	-65
71.40167	-65
71.40333	-65
71.40500	-65
71.40667	-65
71.40833	-66
71.41000	-65
71.41167	-65
71.41333	-66
71.41500	-65
71.41667	-65
71.41833	-66
71.42000	-65
71.42167	-66
71.42333	-65
71.42500	-65
71.42667	-66
71.42833	-65
71.43000	-65
71.43167	-66
71.43333	-65
71.43500	-66
71.43667	-65
71.43833	-66
71.44000	-65
71.44167	-66
71.44333	-65
71.44500	-66
71.44667	-66
71.44833	-66
71.45000	-66
71.45167	-66
71.45333	-66
71.45500	-67
71.45667	-66
71.45833	-67
71.46000	-66
71.46167	-67
71.46333	-67
71.46500	-68
71.46667	-67
71.46833	-68
71.47000	-68
71.47167	-67
71.47333	-68
71.47500	-68
71.47667	-69
71.47833	-68
71.48000	-68
71.48167	-69
71.48333	-68
71.48500	-69
71.48667	-69
71.48833	-69
71.49000	-69
71.49167	-69
71.49333	-69
71.49500	-69
71.49667	-69
71.49833	-69
71.50000	-69
71.50167	-69
71.50333	-69
71.50500	-69
71.50667	-69
71.50833	-69
71.51000	-70
71.51167	-68
71.51333	-69
71.51500	-69
71.51667	-69
71.51833	-68
71.52000	-69
71.52167	-68
71.52333	-69
71.52500	-69
71.52667	-68
71.52833	-69
71.53000	-68
71.53167	-69
71.53333	-68
71.53500	-68
71.53667	-69
71.53833	-68
71.54000	-68
71.54167	-68
71.54333	-68
71.54500	-68
71.54667	-69
71.54833	-68
71.55000	-69
71.55167	-68
71.55333	-69
71.55500	-69
71.55667	-69
71.55833	-69
71.56000	-69
71.56167	-69
71.56333	-69
71.56500	-69
71.56667	-69
71.56833	-70
71.57000	-69
71.57167	-69
71.57333	-69
71.57500	-70
71.57667	-69
71.57833	-69
71.58000	-69
71.58167	-70
71.58333	-69
71.58500	-69
71.58667	-70
71.58833	-69
71.59000	-69
71.59167	-69
71.59333	-69
71.59500	-69
71.59667	-69
71.59833	-69
71.60000	-69
71.60167	-68
71.60333	-69
71.60500	-68
71.60667	-69
71.60833	-68
71.61000	-68
71.61167	-68
71.61333	-68
71.61500	-68
71.61667	-68
71.61833	-68
71.62000	-68
71.62167	-69
71.62333	-68
71.62500	-68
71.62667	-69
71.62833	-69
71.63000	-69
71.63167	-68
71.63333	-69
71.63500	-69
71.63667	-70
71.63833	-69
71.64000	-69
71.64167	-70
71.64333	-70
71.64500	-70
71.64667	-70
71.64833	-70
71.65000	-70
71.65167	-71
71.65333	-71
71.65500	-71
71.65667	-70
71.65833	-72
71.66000	-71
71.66167	-71
71.66333	-71
71.66500	-71
71.66667	-71
71.66833	-72
71.67000	-71
71.67167	-72
71.67333	-72
71.67500	-71
71.67667	-72
71.67833	-71
71.68000	-72
71.68167	-72
71.68333	-71
71.68500	-72
71.68667	-72
71.68833	-71
71.69000	-72
71.69167	-72
71.69333	-72
71.69500	-72
71.69667	-72
71.69833	-71
71.70000	-72
71.70167	-72
71.70333	-72
71.70500	-72
71.70667	-72
71.70833	-72
71.71000	-72
71.71167	-72
71.71333	-72
71.71500	-72
71.71667	-72
71.71833	-71
71.72000	-72
71.72167	-71
71.72333	-72
71.72500	-71
71.72667	-71
71.72833	-71
71.73000	-71
71.73167	-71
71.73333	-71
71.73500	-70
71.73667	-71
71.73833	-70
71.74000	-71
71.74167	-70
71.74333	-70
71.74500	-70
71.74667	-70
71.74833	-71
71.75000	-70
71.75167	-70
71.75333	-70
71.75500	-71
71.75667	-70
71.75833	-71
71.76000	-70
71.76167	-71
71.76333	-71
71.76500	-71
71.76667	-71
71.76833	-71
71.77000	-71
71.77167	-71
71.77333	-71
71.77500	-72
71.77667	-71
71.77833	-72
71.78000	-72
71.78167	-71
71.78333	-72
71.78500	-72
71.78667	-73
71.78833	-72
71.79000	-72
71.79167	-73
71.79333	-72
71.79500	-72
71.79667	-72
71.79833	-73
71.80000	-72
71.80167	-72
71.80333	-72
71.80500	-72
71.80667	-72
71.80833	-72
71.81000	-72
71.81167	-72
71.81333	-72
71.81500	-72
71.81667	-72
71.81833	-72
71.82000	-71
71.82167	-72
71.82333	-72
71.82500	-72
71.82667	-71
71.82833	-72
71.83000	-72
71.83167	-72
71.83333	-71
71.83500	-72
71.83667	-72
71.83833	-72
71.84000	-71
71.84167	-72
71.84333	-72
71.84500	-72
71.84667	-72
71.84833	-72
71.85000	-72
71.85167	-72
71.85333	-72
71.85500	-72
71.85667	-72
71.85833	-73
71.86000	-72
71.86167	-72
71.86333	-72
71.86500	-73
71.86667	-72
71.86833	-72
71.87000	-72
71.87167	-72
71.87333	-72
71.87500	-72
71.87667	-72
71.87833	-72
71.88000	-71
71.88167	-72
71.88333	-71
71.88500	-72
71.88667	-71
71.88833	-72
71.89000	-71
71.89167	-71
71.89333	-71
71.89500	-71
71.89667	-70
71.89833	-71
71.90000	-71
71.90167	-70
71.90333	-70
71.90500	-70
71.90667	-70
71.90833	-70
71.91000	-70
71.91167	-71
71.91333	-70
71.91500	-71
71.91667	-71
71.91833	-70
71.92000	-71
71.92167	-71
71.92333	-71
71.92500	-71
71.92667	-71
71.92833	-71
71.93000	-71
71.93167	-71
71.93333	-71
71.93500	-71
71.93667	-72
71.93833	-71
71.94000	-72
71.94167	-71
71.94333	-72
71.94500	-71
71.94667	-72
71.94833	-71
71.95000	-72
71.95167	-71
71.95333	-71
71.95500	-71
71.95667	-71
71.95833	-72
71.96000	-71
71.96167	-71
71.96333	-71
71.96500	-71
71.96667	-72
71.96833	-71
71.97000	-71
71.97167	-71
71.97333	-71
71.97500	-71
71.97667	-71
71.97833	-71
71.98000	-71
71.98167	-71
71.98333	-70
71.98500	-71
71.98667	-71
71.98833	-70
71.99000	-70
71.99167	-71
71.99333	-70
71.99500	-70
71.99667	-70
71.99833	-70
72.00000	-70
72.00167	-70
72.00333	-71
72.00500	-70
72.00667	-70
72.00833	-70
72.01000	-71
72.01167	-71
72.01333	-70
72.01500	-71
72.01667	-71
72.01833	-72
72.02000	-71
72.02167	-72
72.02333	-72
72.02500	-72
72.02667	-72
72.02833	-73
72.03000	-73
72.03167	-72
72.03333	-73
72.03500	-74
72.03667	-73
72.03833	-74
72.04000	-74
72.04167	-74
72.04333	-74
72.04500	-74
72.04667	-75
72.04833	-74
72.05000	-75
72.05167	-74
72.05333	-75
72.05500	-75
72.05667	-75
72.05833	-75
72.06000	-74
72.06167	-75
72.06333	-75
72.06500	-74
72.06667	-75
72.06833	-74
72.07000	-74
72.07167	-74
72.07333	-75
72.07500	-74
72.07667	-74
72.07833	-74
72.08000	-74
72.08167	-74
72.08333	-74
72.08500	-73
72.08667	-74
72.08833	-74
72.09000	-73
72.09167	-74
72.09333	-73
72.09500	-74
72.09667	-73
72.09833	-73
72.10000	-73
72.10167	-74
72.10333	-73
72.10500	-73
72.10667	-73
72.10833	-74
72.11000	-73
72.11167	-74
72.11333	-74
72.11500	-74
72.11667	-74
72.11833	-75
72.12000	-75
72.12167	-75
72.12333	-76
72.12500	-76
72.12667	-76
72.12833	-77
72.13000	-76
72.13167	-77
72.13333	-77
72.13500	-77
72.13667	-77
72.13833	-78
72.14000	-77
72.14167	-78
72.14333	-77
72.14500	-78
72.14667	-78
72.14833	-78
72.15000	-78
72.15167	-78
72.15333	-78
72.15500	-78
72.15667	-78
72.15833	-78
72.16000	-77
72.16167	-78
72.16333	-77
72.16500	-78
72.16667	-77
72.16833	-78
72.17000	-77
72.17167	-77
72.17333	-77
72.17500	-78
72.17667	-77
72.17833	-77
72.18000	-77
72.18167	-77
72.18333	-77
72.18500	-76
72.18667	-77
72.18833	-77
72.19000	-77
72.19167	-76
72.19333	-76
72.19500	-76
72.19667	-76
72.19833	-76
72.20000	-75
72.20167	-75
72.20333	-76
72.20500	-75
72.20667	-75
72.20833	-75
72.21000	-75
72.21167	-75
72.21333	-75
72.21500	-74
72.21667	-75
72.21833	-74
72.22000	-75
72.22167	-74
72.22333	-75
72.22500	-74
72.22667	-73
72.22833	-74
72.23000	-74
72.23167	-74
72.23333	-73
72.23500	-74
72.23667	-73
72.23833	-73
72.24000	-73
72.24167	-74
72.24333	-73
72.24500	-73
72.24667	-73
72.24833	-73
72.25000	-74
72.25167	-72
72.25333	-73
72.25500	-73
72.25667	-73
72.25833	-72
72.26000	-72
72.26167	-72
72.26333	-72
72.26500	-72
72.26667	-71
72.26833	-71
72.27000	-71
72.27167	-70
72.27333	-70
72.27500	-69
72.27667	-70
72.27833	-68
72.28000	-69
72.28167	-68
72.28333	-67
72.28500	-67
72.28667	-67
72.28833	-66
72.29000	-66
72.29167	-65
72.29333	-64
72.29500	-64
72.29667	-63
72.29833	-63
72.30000	-62
72.30167	-61
72.30333	-61
72.30500	-60
72.30667	-60
72.30833	-58
72.31000	-59
72.31167	-57
72.31333	-57
72.31500	-56
72.31667	-55
72.31833	-55
72.32000	-54
72.32167	-54
72.32333	-54
72.32500	-53
72.32667	-53
72.32833	-52
72.33000	-51
72.33167	-51
72.33333	-51
72.33500	-51
72.33667	-50
72.33833	-49
72.34000	-49
72.34167	-49
72.34333	-48
72.34500	-49
72.34667	-47
72.34833	-48
72.35000	-48
72.35167	-47
72.35333	-47
72.35500	-48
72.35667	-47
72.35833	-47
72.36000	-47
72.36167	-47
72.36333	-46
72.36500	-47
72.36667	-47
72.36833	-47
72.37000	-46
72.37167	-47
72.37333	-47
72.37500	-47
72.37667	-48
72.37833	-47
72.38000	-48
72.38167	-47
72.38333	-48
72.38500	-47
72.38667	-48
72.38833	-48
72.39000	-48
72.39167	-48
72.39333	-48
72.39500	-48
72.39667	-48
72.39833	-48
72.40000	-49
72.40167	-49
72.40333	-49
72.40500	-50
72.40667	-49
72.40833	-50
72.41000	-50
72.41167	-50
72.41333	-51
72.41500	-51
72.41667	-51
72.41833	-51
72.42000	-51
72.42167	-52
72.42333	-52
72.42500	-52
72.42667	-52
72.42833	-53
72.43000	-53
72.43167	-54
72.43333	-53
72.43500	-54
72.43667	-54
72.43833	-55
72.44000	-54
72.44167	-55
72.44333	-56
72.44500	-55
72.44667	-56
72.44833	-56
72.45000	-57
72.45167	-57
72.45333	-57
72.45500	-58
72.45667	-58
72.45833	-58
72.46000	-59
72.46167	-60
72.46333	-59
72.46500	-61
72.46667	-60
72.46833	-61
72.47000	-62
72.47167	-61
72.47333	-62
72.47500	-63
72.47667	-63
72.47833	-63
72.48000	-64
72.48167	-64
72.48333	-64
72.48500	-65
72.48667	-65
72.48833	-65
72.49000	-65
72.49167	-66
72.49333	-66
72.49500	-66
72.49667	-66
72.49833	-67
72.50000	-67
72.50167	-67
72.50333	-67
72.50500	-67
72.50667	-68
72.50833	-67
72.51000	-69
72.51167	-68
72.51333	-68
72.51500	-69
72.51667	-69
72.51833	-69
72.52000	-70
72.52167	-70
72.52333	-70
72.52500	-70
72.52667	-71
72.52833	-71
72.53000	-71
72.53167	-72
72.53333	-72
72.53500	-73
72.53667	-72
72.53833	-73
72.54000	-73
72.54167	-73
72.54333	-73
72.54500	-74
72.54667	-73
72.54833	-74
72.55000	-73
72.55167	-74
72.55333	-73
72.55500	-74
72.55667	-73
72.55833	-74
72.56000	-73
72.56167	-74
72.56333	-73
72.56500	-73
72.56667	-74
72.56833	-73
72.57000	-74
72.57167	-74
72.57333	-73
72.57500	-74
72.57667	-74
72.57833	-75
72.58000	-74
72.58167	-74
72.58333	-75
72.58500	-74
72.58667	-75
72.58833	-75
72.59000	-75
72.59167	-76
72.59333	-75
72.59500	-76
72.59667	-76
72.59833	-76
72.60000	-76
72.60167	-77
72.60333	-76
72.60500	-77
72.60667	-77
72.60833	-77
72.61000	-76
72.61167	-77
72.61333	-77
72.61500	-78
72.61667	-76
72.61833	-77
72.62000	-77
72.62167	-77
72.62333	-76
72.62500	-77
72.62667	-76
72.62833	-77
72.63000	-76
72.63167	-76
72.63333	-76
72.63500	-75
72.63667	-76
72.63833	-76
72.64000	-76
72.64167	-75
72.64333	-75
72.64500	-75
72.64667	-75
72.64833	-75
72.65000	-75
72.65167	-75
72.65333	-75
72.65500	-75
72.65667	-74
72.65833	-75
72.66000	-75
72.66167	-75
72.66333	-75
72.66500	-75
72.66667	-75
72.66833	-75
72.67000	-76
72.67167	-75
72.67333	-76
72.67500	-76
72.67667	-76
72.67833	-76
72.68000	-76
72.68167	-75
72.68333	-76
72.68500	-76
72.68667	-77
72.68833	-76
72.69000	-77
72.69167	-76
72.69333	-77
72.69500	-76
72.69667	-77
72.69833	-76
72.70000	-77
72.70167	-76
72.70333	-77
72.70500	-76
72.70667	-77
72.70833	-76
72.71000	-77
72.71167	-76
72.71333	-77
72.71500	-76
72.71667	-76
72.71833	-76
72.72000	-76
72.72167	-77
72.72333	-76
72.72500	-75
72.72667	-76
72.72833	-76
72.73000	-76
72.73167	-76
72.73333	-75
72.73500	-76
72.73667	-76
72.73833	-76
72.74000	-75
72.74167	-76
72.74333	-76
72.74500	-76
72.74667	-76
72.74833	-76
72.75000	-77
72.75167	-76
72.75333	-77
72.75500	-77
72.75667	-76
72.75833	-77
72.76000	-78
72.76167	-77
72.76333	-77
72.76500	-78
72.76667	-78
72.76833	-78
72.77000	-78
72.77167	-78
72.77333	-79
72.77500	-79
72.77667	-79
72.77833	-79
72.78000	-79
72.78167	-79
72.78333	-80
72.78500	-79
72.78667	-80
72.78833	-80
72.79000	-80
72.79167	-80
72.79333	-80
72.79500	-80
72.79667	-81
72.79833	-80
72.80000	-80
72.80167	-81
72.80333	-80
72.80500	-80
72.80667	-79
72.80833	-80
72.81000	-79
72.81167	-79
72.81333	-79
72.81500	-79
72.81667	-78
72.81833	-79
72.82000	-78
72.82167	-77
72.82333	-78
72.82500	-77
72.82667	-77
72.82833	-77
72.83000	-76
72.83167	-77
72.83333	-76
72.83500	-76
72.83667	-76
72.83833	-76
72.84000	-75
72.84167	-76
72.84333	-76
72.84500	-75
72.84667	-76
72.84833	-76
72.85000	-75
72.85167	-76
72.85333	-75
72.85500	-76
72.85667	-76
72.85833	-75
72.86000	-76
72.86167	-76
72.86333	-76
72.86500	-76
72.86667	-76
72.86833	-76
72.87000	-77
72.87167	-76
72.87333	-77
72.87500	-77
72.87667	-76
72.87833	-77
72.88000	-78
72.88167	-77
72.88333	-77
72.88500	-78
72.88667	-78
72.88833	-78
72.89000	-78
72.89167	-78
72.89333	-78
72.89500	-78
72.89667	-79
72.89833	-78
72.90000	-79
72.90167	-78
72.90333	-79
72.90500	-79
72.90667	-79
72.90833	-78
72.91000	-79
72.91167	-79
72.91333	-79
72.91500	-79
72.91667	-79
72.91833	-79
72.92000	-79
72.92167	-79
72.92333	-79
72.92500	-80
72.92667	-79
72.92833	-79
72.93000	-79
72.93167	-80
72.93333	-79
72.93500	-80
72.93667	-79
72.93833	-80
72.94000	-79
72.94167	-80
72.94333	-79
72.94500	-80
72.94667	-79
72.94833	-79
72.95000	-79
72.95167	-79
72.95333	-79
72.95500	-79
72.95667	-79
72.95833	-78
72.96000	-79
72.96167	-79
72.96333	-79
72.96500	-79
72.96667	-78
72.96833	-79
72.97000	-79
72.97167	-78
72.97333	-79
72.97500	-79
72.97667	-78
72.97833	-79
72.98000	-79
72.98167	-79
72.98333	-78
72.98500	-79
72.98667	-79
72.98833	-79
72.99000	-79
72.99167	-79
72.99333	-79
72.99500	-79
72.99667	-79
72.99833	-78
73.00000	-79
73.00167	-79
73.00333	-78
73.00500	-78
73.00667	-79
73.00833	-78
73.01000	-79
73.01167	-78
73.01333	-78
73.01500	-78
73.01667	-78
73.01833	-77
73.02000	-78
73.02167	-78
73.02333	-77
73.02500	-78
73.02667	-77
73.02833	-78
73.03000	-77
73.03167	-77
73.03333	-78
73.03500	-77
73.03667	-77
73.03833	-77
73.04000	-76
73.04167	-77
73.04333	-77
73.04500	-77
73.04667	-76
73.04833	-77
73.05000	-77
73.05167	-77
73.05333	-77
73.05500	-77
73.05667	-77
73.05833	-77
73.06000	-77
73.06167	-78
73.06333	-77
73.06500	-77
73.06667	-77
73.06833	-77
73.07000	-77
73.07167	-77
73.07333	-77
73.07500	-77
73.07667	-77
73.07833	-78
73.08000	-77
73.08167	-78
73.08333	-78
73.08500	-78
73.08667	-77
73.08833	-79
73.09000	-78
73.09167	-78
73.09333	-78
73.09500	-78
73.09667	-79
73.09833	-78
73.10000	-79
73.10167	-79
73.10333	-79
73.10500	-79
73.10667	-80
73.10833	-79
73.11000	-80
73.11167	-79
73.11333	-79
73.11500	-80
73.11667	-80
73.11833	-79
73.12000	-80
73.12167	-80
73.12333	-80
73.12500	-80
73.12667	-80
73.12833	-80
73.13000	-80
73.13167	-79
73.13333	-80
73.13500	-80
73.13667	-79
73.13833	-80
73.14000	-80
73.14167	-79
73.14333	-79
73.14500	-80
73.14667	-79
73.14833	-79
73.15000	-79
73.15167	-79
73.15333	-79
73.15500	-79
73.15667	-79
73.15833	-79
73.16000	-78
73.16167	-79
73.16333	-78
73.16500	-79
73.16667	-78
73.16833	-78
73.17000	-78
73.17167	-78
73.17333	-78
73.17500	-77
73.17667	-78
73.17833	-78
73.18000	-78
73.18167	-77
73.18333	-78
73.18500	-77
73.18667	-78
73.18833	-78
73.19000	-77
73.19167	-78
73.19333	-78
73.19500	-78
73.19667	-78
73.19833	-79
73.20000	-78
73.20167	-79
73.20333	-79
73.20500	-79
73.20667	-79
73.20833	-80
73.21000	-80
73.21167	-80
73.21333	-80
73.21500	-81
73.21667	-80
73.21833	-81
73.22000	-81
73.22167	-81
73.22333	-81
73.22500	-82
73.22667	-81
73.22833	-82
73.23000	-82
73.23167	-81
73.23333	-82
73.23500	-82
73.23667	-82
73.23833	-82
73.24000	-82
73.24167	-83
73.24333	-83
73.24500	-82
73.24667	-83
73.24833	-82
73.25000	-83
73.25167	-83
73.25333	-82
73.25500	-83
73.25667	-82
73.25833	-83
73.26000	-82
73.26167	-83
73.26333	-82
73.26500	-83
73.26667	-82
73.26833	-82
73.27000	-83
73.27167	-82
73.27333	-83
73.27500	-82
73.27667	-83
73.27833	-83
73.28000	-82
73.28167	-83
73.28333	-83
73.28500	-82
73.28667	-83
73.28833	-83
73.29000	-84
73.29167	-83
73.29333	-83
73.29500	-82
73.29667	-83
73.29833	-83
73.30000	-82
73.30167	-83
73.30333	-83
73.30500	-82
73.30667	-83
73.30833	-83
73.31000	-83
73.31167	-83
73.31333	-82
73.31500	-83
73.31667	-82
73.31833	-82
73.32000	-82
73.32167	-82
73.32333	-81
73.32500	-82
73.32667	-81
73.32833	-81
73.33000	-81
73.33167	-81
73.33333	-80
73.33500	-80
73.33667	-80
73.33833	-80
73.34000	-80
73.34167	-79
73.34333	-80
73.34500	-79
73.34667	-79
73.34833	-79
73.35000	-78
73.35167	-79
73.35333	-79
73.35500	-78
73.35667	-78
73.35833	-79
73.36000	-79
73.36167	-79
73.36333	-78
73.36500	-79
73.36667	-79
73.36833	-79
73.37000	-79
73.37167	-80
73.37333	-79
73.37500	-80
73.37667	-80
73.37833	-80
73.38000	-80
73.38167	-80
73.38333	-81
73.38500	-80
73.38667	-81
73.38833	-81
73.39000	-81
73.39167	-81
73.39333	-81
73.39500	-82
73.39667	-81
73.39833	-82
73.40000	-82
73.40167	-82
73.40333	-82
73.40500	-82
73.40667	-83
73.40833	-82
73.41000	-82
73.41167	-83
73.41333	-82
73.41500	-83
73.41667	-82
73.41833	-82
73.42000	-83
73.42167	-82
73.42333	-82
73.42500	-83
73.42667	-82
73.42833	-82
73.43000	-83
73.43167	-82
73.43333	-82
73.43500	-83
73.43667	-82
73.43833	-82
73.44000	-83
73.44167	-82
73.44333	-83
73.44500	-82
73.44667	-82
73.44833	-83
73.45000	-82
73.45167	-82
73.45333	-83
73.45500	-82
73.45667	-83
73.45833	-82
73.46000	-83
73.46167	-83
73.46333	-83
73.46500	-83
73.46667	-83
73.46833	-83
73.47000	-83
73.47167	-83
73.47333	-83
73.47500	-83
73.47667	-83
73.47833	-83
73.48000	-83
73.48167	-82
73.48333	-83
73.48500	-83
73.48667	-83
73.48833	-83
73.49000	-83
73.49167	-82
73.49333	-83
73.49500	-83
73.49667	-82
73.49833	-82
73.50000	-83
73.50167	-82
73.50333	-82
73.50500	-83
73.50667	-82
73.50833	-82
73.51000	-83
73.51167	-82
73.51333	-82
73.51500	-83
73.51667	-82
73.51833	-83
73.52000	-82
73.52167	-83
73.52333	-83
73.52500	-83
73.52667	-83
73.52833	-84
73.53000	-83
73.53167	-84
73.53333	-84
73.53500	-84
73.53667	-85
73.53833	-84
73.54000	-85
73.54167	-85
73.54333	-84
73.54500	-86
73.54667	-85
73.54833	-85
73.55000	-86
73.55167	-86
73.55333	-86
73.55500	-86
73.55667	-86
73.55833	-86
73.56000	-87
73.56167	-86
73.56333	-87
73.56500	-87
73.56667	-87
73.56833	-87
73.57000	-87
73.57167	-87
73.57333	-88
73.57500	-87
73.57667	-88
73.57833	-87
73.58000	-88
73.58167	-87
73.58333	-88
73.58500	-88
73.58667	-87
73.58833	-88
73.59000	-87
73.59167	-88
73.59333	-87
73.59500	-88
73.59667	-87
73.59833	-87
73.60000	-87
73.60167	-87
73.60333	-86
73.60500	-87
73.60667	-86
73.60833	-86
73.61000	-86
73.61167	-86
73.61333	-86
73.61500	-86
73.61667	-85
73.61833	-85
73.62000	-85
73.62167	-84
73.62333	-85
73.62500	-84
73.62667	-84
73.62833	-84
73.63000	-84
73.63167	-83
73.63333	-84
73.63500	-83
73.63667	-82
73.63833	-83
73.64000	-82
73.64167	-82
73.64333	-83
73.64500	-82
73.64667	-82
73.64833	-82
73.65000	-81
73.65167	-82
73.65333	-81
73.65500	-81
73.65667	-82
73.65833	-81
73.66000	-81
73.66167	-81
73.66333	-81
73.66500	-82
73.66667	-81
73.66833	-81
73.67000	-82
73.67167	-81
73.67333	-82
73.67500	-82
73.67667	-82
73.67833	-82
73.68000	-82
73.68167	-83
73.68333	-82
73.68500	-83
73.68667	-83
73.68833	-83
73.69000	-83
73.69167	-83
73.69333	-83
73.69500	-83
73.69667	-84
73.69833	-83
73.70000	-84
73.70167	-83
73.70333	-84
73.70500	-83
73.70667	-84
73.70833	-83
73.71000	-83
73.71167	-84
73.71333	-83
73.71500	-84
73.71667	-83
73.71833	-84
73.72000	-83
73.72167	-84
73.72333	-83
73.72500	-83
73.72667	-83
73.72833	-83
73.73000	-84
73.73167	-83
73.73333	-83
73.73500	-83
73.73667	-83
73.73833	-83
73.74000	-82
73.74167	-83
73.74333	-83
73.74500	-83
73.74667	-82
73.74833	-83
73.75000	-82
73.75167	-83
73.75333	-82
73.75500	-83
73.75667	-82
73.75833	-83
73.76000	-83
73.76167	-82
73.76333	-83
73.76500	-83
73.76667	-83
73.76833	-83
73.77000	-83
73.77167	-83
73.77333	-83
73.77500	-82
73.77667	-83
73.77833	-82
73.78000	-82
73.78167	-83
73.78333	-81
73.78500	-82
73.78667	-82
73.78833	-82
73.79000	-81
73.79167	-82
73.79333	-81
73.79500	-82
73.79667	-81
73.79833	-81
73.80000	-81
73.80167	-81
73.80333	-81
73.80500	-81
73.80667	-80
73.80833	-81
73.81000	-81
73.81167	-81
73.81333	-80
73.81500	-81
73.81667	-81
73.81833	-81
73.82000	-81
73.82167	-81
73.82333	-81
73.82500	-81
73.82667	-80
73.82833	-81
73.83000	-81
73.83167	-81
73.83333	-81
73.83500	-81
73.83667	-81
73.83833	-81
73.84000	-82
73.84167	-81
73.84333	-81
73.84500	-82
73.84667	-81
73.84833	-82
73.85000	-82
73.85167	-82
73.85333	-82
73.85500	-82
73.85667	-82
73.85833	-82
73.86000	-83
73.86167	-82
73.86333	-82
73.86500	-82
73.86667	-82
73.86833	-82
73.87000	-82
73.87167	-82
73.87333	-81
73.87500	-82
73.87667	-81
73.87833	-82
73.88000	-81
73.88167	-80
73.88333	-80
73.88500	-81
73.88667	-79
73.88833	-80
73.89000	-79
73.89167	-79
73.89333	-79
73.89500	-79
73.89667	-78
73.89833	-78
73.90000	-77
73.90167	-78
73.90333	-78
73.90500	-77
73.90667	-78
73.90833	-77
73.91000	-77
73.91167	-78
73.91333	-77
73.91500	-78
73.91667	-78
73.91833	-78
73.92000	-78
73.92167	-79
73.92333	-79
73.92500	-78
73.92667	-80
73.92833	-79
73.93000	-80
73.93167	-80
73.93333	-80
73.93500	-81
73.93667	-82
73.93833	-81
73.94000	-82
73.94167	-83
73.94333	-83
73.94500	-83
73.94667	-84
73.94833	-84
73.95000	-84
73.95167	-85
73.95333	-85
73.95500	-85
73.95667	-85
73.95833	-86
73.96000	-86
73.96167	-86
73.96333	-86
73.96500	-86
73.96667	-87
73.96833	-86
73.97000	-87
73.97167	-86
73.97333	-87
73.97500	-87
73.97667	-86
73.97833	-87
73.98000	-86
73.98167	-86
73.98333	-86
73.98500	-86
73.98667	-85
73.98833	-86
73.99000	-85
73.99167	-85
73.99333	-85
73.99500	-85
73.99667	-84
73.99833	-84
74.00000	-84
74.00167	-84
74.00333	-84
74.00500	-84
74.00667	-83
74.00833	-83
74.01000	-83
74.01167	-83
74.01333	-82
74.01500	-83
74.01667	-83
74.01833	-82
74.02000	-83
74.02167	-82
74.02333	-82
74.02500	-82
74.02667	-82
74.02833	-83
74.03000	-82
74.03167	-82
74.03333	-82
74.03500	-83
74.03667	-82
74.03833	-83
74.04000	-82
74.04167	-82
74.04333	-83
74.04500	-82
74.04667	-83
74.04833	-82
74.05000	-83
74.05167	-83
74.05333	-83
74.05500	-82
74.05667	-82
74.05833	-83
74.06000	-82
74.06167	-81
74.06333	-82
74.06500	-81
74.06667	-81
74.06833	-81
74.07000	-81
74.07167	-80
74.07333	-80
74.07500	-80
74.07667	-80
74.07833	-79
74.08000	-80
74.08167	-79
74.08333	-78
74.08500	-79
74.08667	-79
74.08833	-78
74.09000	-79
74.09167	-78
74.09333	-78
74.09500	-78
74.09667	-77
74.09833	-78
74.10000	-78
74.10167	-78
74.10333	-78
74.10500	-78
74.10667	-79
74.10833	-78
74.11000	-79
74.11167	-78
74.11333	-79
74.11500	-79
74.11667	-79
74.11833	-80
74.12000	-79
74.12167	-79
74.12333	-80
74.12500	-80
74.12667	-80
74.12833	-80
74.13000	-81
74.13167	-80
74.13333	-80
74.13500	-81
74.13667	-80
74.13833	-81
74.14000	-81
74.14167	-80
74.14333	-81
74.14500	-81
74.14667	-80
74.14833	-81
74.15000	-80
74.15167	-81
74.15333	-81
74.15500	-80
74.15667	-81
74.15833	-80
74.16000	-80
74.16167	-80
74.16333	-81
74.16500	-80
74.16667	-80
74.16833	-80
74.17000	-80
74.17167	-80
74.17333	-80
74.17500	-80
74.17667	-80
74.17833	-80
74.18000	-80
74.18167	-80
74.18333	-80
74.18500	-80
74.18667	-80
74.18833	-80
74.19000	-80
74.19167	-80
74.19333	-81
74.19500	-81
74.19667	-80
74.19833	-81
74.20000	-81
74.20167	-81
74.20333	-80
74.20500	-81
74.20667	-82
74.20833	-81
74.21000	-82
74.21167	-81
74.21333	-82
74.21500	-82
74.21667	-81
74.21833	-82
74.22000	-82
74.22167	-82
74.22333	-82
74.22500	-82
74.22667	-81
74.22833	-82
74.23000	-82
74.23167	-81
74.23333	-82
74.23500	-82
74.23667	-81
74.23833	-82
74.24000	-82
74.24167	-82
74.24333	-81
74.24500	-82
74.24667	-82
74.24833	-82
74.25000	-82
74.25167	-81
74.25333	-82
74.25500	-82
74.25667	-82
74.25833	-82
74.26000	-81
74.26167	-82
74.26333	-81
74.26500	-82
74.26667	-81
74.26833	-81
74.27000	-81
74.27167	-81
74.27333	-81
74.27500	-81
74.27667	-81
74.27833	-81
74.28000	-81
74.28167	-81
74.28333	-81
74.28500	-81
74.28667	-81
74.28833	-80
74.29000	-81
74.29167	-81
74.29333	-80
74.29500	-81
74.29667	-81
74.29833	-80
74.30000	-81
74.30167	-81
74.30333	-81
74.30500	-80
74.30667	-81
74.30833	-81
74.31000	-81
74.31167	-81
74.31333	-81
74.31500	-81
74.31667	-81
74.31833	-81
74.32000	-81
74.32167	-81
74.32333	-82
74.32500	-81
74.32667	-81
74.32833	-82
74.33000	-81
74.33167	-82
74.33333	-81
74.33500	-82
74.33667	-81
74.33833	-81
74.34000	-81
74.34167	-81
74.34333	-81
74.34500	-80
74.34667	-81
74.34833	-80
74.35000	-80
74.35167	-81
74.35333	-80
74.35500	-79
74.35667	-80
74.35833	-79
74.36000	-80
74.36167	-79
74.36333	-78
74.36500	-79
74.36667	-79
74.36833	-79
74.37000	-79
74.37167	-79
74.37333	-79
74.37500	-79
74.37667	-79
74.37833	-79
74.38000	-79
74.38167	-79
74.38333	-80
74.38500	-79
74.38667	-80
74.38833	-79
74.39000	-80
74.39167	-80
74.39333	-81
74.39500	-80
74.39667	-81
74.39833	-81
74.40000	-81
74.40167	-81
74.40333	-82
74.40500	-82
74.40667	-81
74.40833	-82
74.41000	-82
74.41167	-83
74.41333	-82
74.41500	-83
74.41667	-82
74.41833	-83
74.42000	-83
74.42167	-82
74.42333	-83
74.42500	-83
74.42667	-83
74.42833	-83
74.43000	-83
74.43167	-83
74.43333	-83
74.43500	-84
74.43667	-83
74.43833	-83
74.44000	-83
74.44167	-83
74.44333	-83
74.44500	-83
74.44667	-83
74.44833	-83
74.45000	-83
74.45167	-83
74.45333	-83
74.45500	-83
74.45667	-83
74.45833	-83
74.46000	-83
74.46167	-83
74.46333	-83
74.46500	-83
74.46667	-83
74.46833	-83
74.47000	-83
74.47167	-83
74.47333	-84
74.47500	-83
74.47667	-83
74.47833	-83
74.48000	-83
74.48167	-83
74.48333	-82
74.48500	-83
74.48667	-83
74.48833	-83
74.49000	-82
74.49167	-83
74.49333	-83
74.49500	-82
74.49667	-83
74.49833	-83
74.50000	-83
74.50167	-83
74.50333	-83
74.50500	-83
74.50667	-83
74.50833	-83
74.51000	-83
74.51167	-84
74.51333	-84
74.51500	-84
74.51667	-84
74.51833	-84
74.52000	-85
74.52167	-84
74.52333	-85
74.52500	-85
74.52667	-85
74.52833	-85
74.53000	-86
74.53167	-85
74.53333	-86
74.53500	-86
74.53667	-86
74.53833	-86
74.54000	-86
74.54167	-86
74.54333	-87
74.54500	-87
74.54667	-86
74.54833	-87
74.55000	-87
74.55167	-87
74.55333	-87
74.55500	-88
74.55667	-87
74.55833	-87
74.56000	-87
74.56167	-87
74.56333	-87
74.56500	-87
74.56667	-88
74.56833	-87
74.57000	-86
74.57167	-87
74.57333	-87
74.57500	-87
74.57667	-87
74.57833	-86
74.58000	-87
74.58167	-86
74.58333	-87
74.58500	-86
74.58667	-86
74.58833	-86
74.59000	-86
74.59167	-86
74.59333	-86
74.59500	-86
74.59667	-86
74.59833	-86
74.60000	-86
74.60167	-85
74.60333	-86
74.60500	-86
74.60667	-85
74.60833	-86
74.61000	-86
74.61167	-85
74.61333	-86
74.61500	-86
74.61667	-85
74.61833	-86
74.62000	-85
74.62167	-86
74.62333	-86
74.62500	-86
74.62667	-85
74.62833	-86
74.63000	-86
74.63167	-86
74.63333	-85
74.63500	-85
74.63667	-86
74.63833	-85
74.64000	-85
74.64167	-86
74.64333	-85
74.64500	-85
74.64667	-85
74.64833	-85
74.65000	-85
74.65167	-85
74.65333	-85
74.65500	-84
74.65667	-84
74.65833	-85
74.66000	-84
74.66167	-84
74.66333	-84
74.66500	-84
74.66667	-84
74.66833	-84
74.67000	-84
74.67167	-83
74.67333	-84
74.67500	-83
74.67667	-83
74.67833	-83
74.68000	-84
74.68167	-83
74.68333	-82
74.68500	-83
74.68667	-83
74.68833	-82
74.69000	-83
74.69167	-83
74.69333	-82
74.69500	-83
74.69667	-82
74.69833	-82
74.70000	-82
74.70167	-82
74.70333	-83
74.70500	-82
74.70667	-82
74.70833	-82
74.71000	-82
74.71167	-83
74.71333	-82
74.71500	-82
74.71667	-82
74.71833	-82
74.72000	-82
74.72167	-82
74.72333	-82
74.72500	-82
74.72667	-82
74.72833	-82
74.73000	-82
74.73167	-82
74.73333	-82
74.73500	-82
74.73667	-82
74.73833	-82
74.74000	-83
74.74167	-82
74.74333	-82
74.74500	-83
74.74667	-83
74.74833	-83
74.75000	-83
74.75167	-84
74.75333	-83
74.75500	-84
74.75667	-83
74.75833	-84
74.76000	-84
74.76167	-84
74.76333	-84
74.76500	-84
74.76667	-84
74.76833	-85
74.77000	-84
74.77167	-84
74.77333	-83
74.77500	-85
74.77667	-84
74.77833	-84
74.78000	-84
74.78167	-84
74.78333	-84
74.78500	-85
74.78667	-84
74.78833	-84
74.79000	-84
74.79167	-84
74.79333	-85
74.79500	-84
74.79667	-85
74.79833	-85
74.80000	-85
74.80167	-84
74.80333	-85
74.80500	-85
74.80667	-85
74.80833	-85
74.81000	-85
74.81167	-84
74.81333	-85
74.81500	-85
74.81667	-85
74.81833	-85
74.82000	-84
74.82167	-85
74.82333	-84
74.82500	-83
74.82667	-84
74.82833	-83
74.83000	-83
74.83167	-83
74.83333	-82
74.83500	-82
74.83667	-82
74.83833	-81
74.84000	-82
74.84167	-81
74.84333	-81
74.84500	-81
74.84667	-80
74.84833	-81
74.85000	-80
74.85167	-81
74.85333	-80
74.85500	-81
74.85667	-80
74.85833	-81
74.86000	-80
74.86167	-81
74.86333	-80
74.86500	-81
74.86667	-80
74.86833	-81
74.87000	-81
74.87167	-80
74.87333	-81
74.87500	-81
74.87667	-81
74.87833	-82
74.88000	-81
74.88167	-81
74.88333	-82
74.88500	-81
74.88667	-82
74.88833	-82
74.89000	-82
74.89167	-81
74.89333	-81
74.89500	-82
74.89667	-81
74.89833	-81
74.90000	-81
74.90167	-81
74.90333	-81
74.90500	-82
74.90667	-80
74.90833	-81
74.91000	-81
74.91167	-81
74.91333	-80
74.91500	-81
74.91667	-81
74.91833	-81
74.92000	-80
74.92167	-81
74.92333	-81
74.92500	-80
74.92667	-81
74.92833	-81
74.93000	-81
74.93167	-81
74.93333	-81
74.93500	-80
74.93667	-81
74.93833	-80
74.94000	-81
74.94167	-80
74.94333	-81
74.94500	-81
74.94667	-80
74.94833	-81
74.95000	-80
74.95167	-81
74.95333	-81
74.95500	-81
74.95667	-80
74.95833	-81
74.96000	-80
74.96167	-81
74.96333	-81
74.96500	-81
74.96667	-80
74.96833	-81
74.97000	-81
74.97167	-80
74.97333	-81
74.97500	-80
74.97667	-81
74.97833	-80
74.98000	-81
74.98167	-81
74.98333	-80
74.98500	-81
74.98667	-81
74.98833	-81
74.99000	-81
74.99167	-81
74.99333	-81
74.99500	-81
74.99667	-81
74.99833	-82
75.00000	-81
75.00167	-82
75.00333	-81
75.00500	-82
75.00667	-82
75.00833	-82
75.01000	-82
75.01167	-83
75.01333	-82
75.01500	-83
75.01667	-83
75.01833	-83
75.02000	-83
75.02167	-84
75.02333	-84
75.02500	-84
75.02667	-84
75.02833	-84
75.03000	-84
75.03167	-84
75.03333	-85
75.03500	-84
75.03667	-85
75.03833	-84
75.04000	-85
75.04167	-84
75.04333	-84
75.04500	-84
75.04667	-84
75.04833	-84
75.05000	-84
75.05167	-84
75.05333	-83
75.05500	-84
75.05667	-83
75.05833	-83
75.06000	-83
75.06167	-83
75.06333	-83
75.06500	-83
75.06667	-82
75.06833	-83
75.07000	-82
75.07167	-82
75.07333	-82
75.07500	-83
75.07667	-83
75.07833	-82
75.08000	-83
75.08167	-82
75.08333	-83
75.08500	-83
75.08667	-83
75.08833	-83
75.09000	-83
75.09167	-83
75.09333	-83
75.09500	-83
75.09667	-83
75.09833	-83
75.10000	-83
75.10167	-83
75.10333	-83
75.10500	-83
75.10667	-83
75.10833	-82
75.11000	-83
75.11167	-82
75.11333	-82
75.11500	-83
75.11667	-82
75.11833	-82
75.12000	-81
75.12167	-82
75.12333	-82
75.12500	-81
75.12667	-81
75.12833	-80
75.13000	-81
75.13167	-80
75.13333	-80
75.13500	-80
75.13667	-80
75.13833	-79
75.14000	-79
75.14167	-79
75.14333	-79
75.14500	-79
75.14667	-79
75.14833	-79
75.15000	-79
75.15167	-78
75.15333	-79
75.15500	-79
75.15667	-78
75.15833	-79
75.16000	-79
75.16167	-79
75.16333	-80
75.16500	-79
75.16667	-79
75.16833	-80
75.17000	-80
75.17167	-80
75.17333	-81
75.17500	-81
75.17667	-80
75.17833	-82
75.18000	-81
75.18167	-82
75.18333	-81
75.18500	-83
75.18667	-82
75.18833	-82
75.19000	-83
75.19167	-83
75.19333	-83
75.19500	-83
75.19667	-83
75.19833	-84
75.20000	-83
75.20167	-83
75.20333	-84
75.20500	-83
75.20667	-84
75.20833	-83
75.21000	-83
75.21167	-84
75.21333	-83
75.21500	-83
75.21667	-83
75.21833	-82
75.22000	-83
75.22167	-82
75.22333	-83
75.22500	-82
75.22667	-82
75.22833	-82
75.23000	-81
75.23167	-82
75.23333	-81
75.23500	-81
75.23667	-81
75.23833	-81
75.24000	-81
75.24167	-81
75.24333	-80
75.24500	-81
75.24667	-81
75.24833	-80
75.25000	-81
75.25167	-80
75.25333	-81
75.25500	-81
75.25667	-80
75.25833	-81
75.26000	-82
75.26167	-81
75.26333	-81
75.26500	-82
75.26667	-82
75.26833	-82
75.27000	-82
75.27167	-83
75.27333	-82
75.27500	-83
75.27667	-83
75.27833	-83
75.28000	-83
75.28167	-84
75.28333	-84
75.28500	-84
75.28667	-83
75.28833	-85
75.29000	-83
75.29167	-84
75.29333	-85
75.29500	-84
75.29667	-84
75.29833	-84
75.30000	-85
75.30167	-84
75.30333	-84
75.30500	-84
75.30667	-84
75.30833	-84
75.31000	-84
75.31167	-83
75.31333	-84
75.31500	-83
75.31667	-84
75.31833	-83
75.32000	-83
75.32167	-82
75.32333	-83
75.32500	-82
75.32667	-83
75.32833	-82
75.33000	-81
75.33167	-82
75.33333	-81
75.33500	-82
75.33667	-80
75.33833	-81
75.34000	-81
75.34167	-80
75.34333	-81
75.34500	-80
75.34667	-80
75.34833	-80
75.35000	-81
75.35167	-80
75.35333	-80
75.35500	-80
75.35667	-80
75.35833	-80
75.36000	-80
75.36167	-80
75.36333	-80
75.36500	-80
75.36667	-80
75.36833	-80
75.37000	-80
75.37167	-80
75.37333	-80
75.37500	-81
75.37667	-80
75.37833	-80
75.38000	-80
75.38167	-81
75.38333	-80
75.38500	-81
75.38667	-81
75.38833	-80
75.39000	-81
75.39167	-81
75.39333	-81
75.39500	-81
75.39667	-81
75.39833	-81
75.40000	-81
75.40167	-81
75.40333	-82
75.40500	-81
75.40667	-81
75.40833	-81
75.41000	-81
75.41167	-81
75.41333	-81
75.41500	-81
75.41667	-81
75.41833	-81
75.42000	-81
75.42167	-80
75.42333	-80
75.42500	-81
75.42667	-80
75.42833	-80
75.43000	-81
75.43167	-80
75.43333	-81
75.43500	-80
75.43667	-80
75.43833	-81
75.44000	-80
75.44167	-80
75.44333	-80
75.44500	-80
75.44667	-80
75.44833	-80
75.45000	-80
75.45167	-80
75.45333	-80
75.45500	-80
75.45667	-80
75.45833	-80
75.46000	-80
75.46167	-80
75.46333	-80
75.46500	-80
75.46667	-80
75.46833	-80
75.47000	-80
75.47167	-80
75.47333	-80
75.47500	-81
75.47667	-80
75.47833	-81
75.48000	-80
75.48167	-81
75.48333	-81
75.48500	-82
75.48667	-81
75.48833	-81
75.49000	-82
75.49167	-81
75.49333	-82
75.49500	-82
75.49667	-82
75.49833	-81
75.50000	-82
75.50167	-82
75.50333	-83
75.50500	-82
75.50667	-82
75.50833	-82
75.51000	-82
75.51167	-83
75.51333	-82
75.51500	-82
75.51667	-82
75.51833	-83
75.52000	-82
75.52167	-82
75.52333	-82
75.52500	-81
75.52667	-82
75.52833	-81
75.53000	-82
75.53167	-81
75.53333	-81
75.53500	-81
75.53667	-81
75.53833	-80
75.54000	-81
75.54167	-80
75.54333	-80
75.54500	-81
75.54667	-79
75.54833	-80
75.55000	-80
75.55167	-79
75.55333	-80
75.55500	-80
75.55667	-79
75.55833	-79
75.56000	-79
75.56167	-80
75.56333	-79
75.56500	-80
75.56667	-79
75.56833	-80
75.57000	-79
75.57167	-80
75.57333	-79
75.57500	-80
75.57667	-80
75.57833	-80
75.58000	-80
75.58167	-81
75.58333	-80
75.58500	-81
75.58667	-80
75.58833	-81
75.59000	-81
75.59167	-81
75.59333	-81
75.59500	-81
75.59667	-81
75.59833	-81
75.60000	-81
75.60167	-80
75.60333	-81
75.60500	-81
75.60667	-81
75.60833	-80
75.61000	-80
75.61167	-80
75.61333	-80
75.61500	-79
75.61667	-79
75.61833	-79
75.62000	-79
75.62167	-79
75.62333	-78
75.62500	-79
75.62667	-78
75.62833	-78
75.63000	-77
75.63167	-78
75.63333	-77
75.63500	-78
75.63667	-77
75.63833	-77
75.64000	-77
75.64167	-77
75.64333	-77
75.64500	-77
75.64667	-77
75.64833	-77
75.65000	-77
75.65167	-77
75.65333	-77
75.65500	-76
75.65667	-77
75.65833	-77
75.66000	-76
75.66167	-77
75.66333	-76
75.66500	-77
75.66667	-77
75.66833	-77
75.67000	-77
75.67167	-77
75.67333	-77
75.67500	-77
75.67667	-77
75.67833	-78
75.68000	-77
75.68167	-78
75.68333	-77
75.68500	-78
75.68667	-78
75.68833	-78
75.69000	-79
75.69167	-78
75.69333	-79
75.69500	-79
75.69667	-79
75.69833	-80
75.70000	-80
75.70167	-80
75.70333	-81
75.70500	-81
75.70667	-81
75.70833	-81
75.71000	-82
75.71167	-82
75.71333	-82
75.71500	-82
75.71667	-83
75.71833	-82
75.72000	-83
75.72167	-83
75.72333	-83
75.72500	-84
75.72667	-84
75.72833	-84
75.73000	-84
75.73167	-84
75.73333	-84
75.73500	-84
75.73667	-84
75.73833	-84
75.74000	-84
75.74167	-84
75.74333	-84
75.74500	-84
75.74667	-83
75.74833	-84
75.75000	-83
75.75167	-84
75.75333	-83
75.75500	-83
75.75667	-83
75.75833	-83
75.76000	-82
75.76167	-83
75.76333	-82
75.76500	-82
75.76667	-82
75.76833	-82
75.77000	-81
75.77167	-81
75.77333	-81
75.77500	-81
75.77667	-81
75.77833	-80
75.78000	-80
75.78167	-80
75.78333	-80
75.78500	-79
75.78667	-80
75.78833	-79
75.79000	-79
75.79167	-80
75.79333	-79
75.79500	-80
75.79667	-79
75.79833	-79
75.80000	-80
75.80167	-80
75.80333	-80
75.80500	-80
75.80667	-80
75.80833	-81
75.81000	-81
75.81167	-81
75.81333	-81
75.81500	-81
75.81667	-81
75.81833	-82
75.82000	-82
75.82167	-81
75.82333	-82
75.82500	-82
75.82667	-83
75.82833	-82
75.83000	-82
75.83167	-83
75.83333	-83
75.83500	-83
75.83667	-83
75.83833	-83
75.84000	-83
75.84167	-83
75.84333	-83
75.84500	-83
75.84667	-83
75.84833	-84
75.85000	-83
75.85167	-83
75.85333	-84
75.85500	-83
75.85667	-84
75.85833	-84
75.86000	-83
75.86167	-84
75.86333	-83
75.86500	-84
75.86667	-83
75.86833	-83
75.87000	-84
75.87167	-83
75.87333	-84
75.87500	-83
75.87667	-84
75.87833	-83
75.88000	-84
75.88167	-83
75.88333	-83
75.88500	-83
75.88667	-84
75.88833	-83
75.89000	-83
75.89167	-83
75.89333	-83
75.89500	-83
75.89667	-82
75.89833	-83
75.90000	-83
75.90167	-82
75.90333	-83
75.90500	-82
75.90667	-82
75.90833	-82
75.91000	-83
75.91167	-82
75.91333	-82
75.91500	-83
75.91667	-82
75.91833	-82
75.92000	-83
75.92167	-82
75.92333	-83
75.92500	-83
75.92667	-82
75.92833	-83
75.93000	-83
75.93167	-83
75.93333	-83
75.93500	-84
75.93667	-83
75.93833	-83
75.94000	-84
75.94167	-84
75.94333	-84
75.94500	-84
75.94667	-84
75.94833	-84
75.95000	-84
75.95167	-85
75.95333	-84
75.95500	-85
75.95667	-84
75.95833	-85
75.96000	-84
75.96167	-85
75.96333	-85
75.96500	-84
75.96667	-85
75.96833	-84
75.97000	-85
75.97167	-84
75.97333	-85
75.97500	-84
75.97667	-84
75.97833	-85
75.98000	-84
75.98167	-84
75.98333	-83
75.98500	-84
75.98667	-83
75.98833	-83
75.99000	-83
75.99167	-83
75.99333	-82
75.99500	-83
75.99667	-83
75.99833	-83
76.00000	-82
76.00167	-83
76.00333	-82
76.00500	-83
76.00667	-82
76.00833	-82
76.01000	-82
76.01167	-81
76.01333	-82
76.01500	-82
76.01667	-82
76.01833	-82
76.02000	-81
76.02167	-82
76.02333	-82
76.02500	-81
76.02667	-82
76.02833	-81
76.03000	-82
76.03167	-81
76.03333	-81
76.03500	-81
76.03667	-81
76.03833	-81
76.04000	-81
76.04167	-81
76.04333	-81
76.04500	-81
76.04667	-81
76.04833	-81
76.05000	-81
76.05167	-81
76.05333	-81
76.05500	-81
76.05667	-82
76.05833	-81
76.06000	-81
76.06167	-81
76.06333	-81
76.06500	-82
76.06667	-82
76.06833	-81
76.07000	-82
76.07167	-82
76.07333	-83
76.07500	-82
76.07667	-82
76.07833	-83
76.08000	-83
76.08167	-82
76.08333	-83
76.08500	-83
76.08667	-83
76.08833	-83
76.09000	-84
76.09167	-83
76.09333	-83
76.09500	-84
76.09667	-83
76.09833	-83
76.10000	-84
76.10167	-83
76.10333	-83
76.10500	-83
76.10667	-83
76.10833	-83
76.11000	-83
76.11167	-83
76.11333	-83
76.11500	-83
76.11667	-83
76.11833	-82
76.12000	-83
76.12167	-83
76.12333	-82
76.12500	-83
76.12667	-82
76.12833	-83
76.13000	-82
76.13167	-82
76.13333	-82
76.13500	-82
76.13667	-82
76.13833	-81
76.14000	-81
76.14167	-81
76.14333	-81
76.14500	-81
76.14667	-80
76.14833	-81
76.15000	-80
76.15167	-80
76.15333	-80
76.15500	-80
76.15667	-80
76.15833	-80
76.16000	-80
76.16167	-80
76.16333	-79
76.16500	-80
76.16667	-79
76.16833	-80
76.17000	-80
76.17167	-79
76.17333	-80
76.17500	-80
76.17667	-79
76.17833	-80
76.18000	-81
76.18167	-80
76.18333	-80
76.18500	-81
76.18667	-80
76.18833	-81
76.19000	-81
76.19167	-81
76.19333	-80
76.19500	-81
76.19667	-81
76.19833	-81
76.20000	-81
76.20167	-81
76.20333	-81
76.20500	-80
76.20667	-81
76.20833	-81
76.21000	-80
76.21167	-81
76.21333	-80
76.21500	-81
76.21667	-80
76.21833	-80
76.22000	-80
76.22167	-80
76.22333	-80
76.22500	-80
76.22667	-80
76.22833	-79
76.23000	-80
76.23167	-80
76.23333	-79
76.23500	-80
76.23667	-80
76.23833	-80
76.24000	-80
76.24167	-79
76.24333	-81
76.24500	-80
76.24667	-80
76.24833	-80
76.25000	-81
76.25167	-80
76.25333	-81
76.25500	-81
76.25667	-82
76.25833	-81
76.26000	-82
76.26167	-82
76.26333	-82
76.26500	-82
76.26667	-82
76.26833	-83
76.27000	-82
76.27167	-83
76.27333	-83
76.27500	-83
76.27667	-83
76.27833	-84
76.28000	-83
76.28167	-84
76.28333	-84
76.28500	-84
76.28667	-84
76.28833	-85
76.29000	-84
76.29167	-85
76.29333	-85
76.29500	-85
76.29667	-84
76.29833	-86
76.30000	-85
76.30167	-86
76.30333	-85
76.30500	-86
76.30667	-86
76.30833	-86
76.31000	-86
76.31167	-85
76.31333	-86
76.31500	-86
76.31667	-85
76.31833	-85
76.32000	-85
76.32167	-85
76.32333	-85
76.32500	-85
76.32667	-85
76.32833	-84
76.33000	-84
76.33167	-85
76.33333	-84
76.33500	-84
76.33667	-83
76.33833	-84
76.34000	-83
76.34167	-84
76.34333	-83
76.34500	-83
76.34667	-82
76.34833	-83
76.35000	-82
76.35167	-83
76.35333	-82
76.35500	-82
76.35667	-82
76.35833	-82
76.36000	-83
76.36167	-81
76.36333	-82
76.36500	-82
76.36667	-82
76.36833	-81
76.37000	-82
76.37167	-82
76.37333	-82
76.37500	-82
76.37667	-82
76.37833	-82
76.38000	-83
76.38167	-82
76.38333	-83
76.38500	-82
76.38667	-83
76.38833	-83
76.39000	-83
76.39167	-83
76.39333	-83
76.39500	-83
76.39667	-83
76.39833	-83
76.40000	-83
76.40167	-84
76.40333	-83
76.40500	-83
76.40667	-83
76.40833	-84
76.41000	-83
76.41167	-82
76.41333	-83
76.41500	-83
76.41667	-82
76.41833	-82
76.42000	-83
76.42167	-82
76.42333	-82
76.42500	-83
76.42667	-82
76.42833	-82
76.43000	-82
76.43167	-82
76.43333	-82
76.43500	-82
76.43667	-83
76.43833	-82
76.44000	-83
76.44167	-82
76.44333	-83
76.44500	-82
76.44667	-83
76.44833	-82
76.45000	-83
76.45167	-83
76.45333	-83
76.45500	-84
76.45667	-83
76.45833	-84
76.46000	-83
76.46167	-84
76.46333	-84
76.46500	-84
76.46667	-84
76.46833	-84
76.47000	-85
76.47167	-84
76.47333	-85
76.47500	-84
76.47667	-85
76.47833	-85
76.48000	-84
76.48167	-85
76.48333	-85
76.48500	-85
76.48667	-85
76.48833	-85
76.49000	-85
76.49167	-84
76.49333	-85
76.49500	-85
76.49667	-84
76.49833	-85
76.50000	-84
76.50167	-85
76.50333	-84
76.50500	-84
76.50667	-85
76.50833	-84
76.51000	-84
76.51167	-84
76.51333	-84
76.51500	-85
76.51667	-84
76.51833	-84
76.52000	-85
76.52167	-84
76.52333	-84
76.52500	-84
76.52667	-84
76.52833	-84
76.53000	-85
76.53167	-84
76.53333	-84
76.53500	-84
76.53667	-84
76.53833	-84
76.54000	-84
76.54167	-84
76.54333	-83
76.54500	-84
76.54667	-83
76.54833	-83
76.55000	-83
76.55167	-83
76.55333	-83
76.55500	-83
76.55667	-82
76.55833	-82
76.56000	-82
76.56167	-82
76.56333	-82
76.56500	-82
76.56667	-81
76.56833	-82
76.57000	-81
76.57167	-82
76.57333	-82
76.57500	-82
76.57667	-81
76.57833	-82
76.58000	-82
76.58167	-82
76.58333	-82
76.58500	-81
76.58667	-82
76.58833	-82
76.59000	-81
76.59167	-82
76.59333	-82
76.59500	-82
76.59667	-82
76.59833	-82
76.60000	-82
76.60167	-82
76.60333	-81
76.60500	-82
76.60667	-82
76.60833	-82
76.61000	-82
76.61167	-82
76.61333	-82
76.61500	-83
76.61667	-82
76.61833	-82
76.62000	-82
76.62167	-82
76.62333	-83
76.62500	-82
76.62667	-82
76.62833	-83
76.63000	-82
76.63167	-83
76.63333	-83
76.63500	-83
76.63667	-82
76.63833	-83
76.64000	-83
76.64167	-83
76.64333	-83
76.64500	-84
76.64667	-83
76.64833	-84
76.65000	-84
76.65167	-84
76.65333	-84
76.65500	-84
76.65667	-85
76.65833	-84
76.66000	-85
76.66167	-85
76.66333	-85
76.66500	-86
76.66667	-85
76.66833	-85
76.67000	-85
76.67167	-86
76.67333	-86
76.67500	-86
76.67667	-85
76.67833	-86
76.68000	-85
76.68167	-86
76.68333	-85
76.68500	-86
76.68667	-85
76.68833	-86
76.69000	-85
76.69167	-85
76.69333	-86
76.69500	-85
76.69667	-85
76.69833	-86
76.70000	-85
76.70167	-85
76.70333	-85
76.70500	-85
76.70667	-85
76.70833	-85
76.71000	-85
76.71167	-85
76.71333	-85
76.71500	-85
76.71667	-85
76.71833	-85
76.72000	-85
76.72167	-85
76.72333	-85
76.72500	-84
76.72667	-85
76.72833	-84
76.73000	-85
76.73167	-84
76.73333	-84
76.73500	-84
76.73667	-84
76.73833	-84
76.74000	-84
76.74167	-83
76.74333	-84
76.74500	-83
76.74667	-83
76.74833	-84
76.75000	-83
76.75167	-82
76.75333	-83
76.75500	-83
76.75667	-83
76.75833	-82
76.76000	-83
76.76167	-82
76.76333	-82
76.76500	-82
76.76667	-81
76.76833	-82
76.77000	-81
76.77167	-81
76.77333	-82
76.77500	-81
76.77667	-81
76.77833	-81
76.78000	-81
76.78167	-81
76.78333	-80
76.78500	-81
76.78667	-80
76.78833	-81
76.79000	-81
76.79167	-80
76.79333	-81
76.79500	-80
76.79667	-81
76.79833	-80
76.80000	-81
76.80167	-81
76.80333	-80
76.80500	-80
76.80667	-81
76.80833	-80
76.81000	-81
76.81167	-81
76.81333	-80
76.81500	-81
76.81667	-81
76.81833	-81
76.82000	-81
76.82167	-81
76.82333	-80
76.82500	-81
76.82667	-81
76.82833	-80
76.83000	-81
76.83167	-81
76.83333	-81
76.83500	-81
76.83667	-81
76.83833	-81
76.84000	-81
76.84167	-81
76.84333	-81
76.84500	-82
76.84667	-81
76.84833	-81
76.85000	-81
76.85167	-81
76.85333	-81
76.85500	-82
76.85667	-81
76.85833	-82
76.86000	-81
76.86167	-82
76.86333	-81
76.86500	-82
76.86667	-82
76.86833	-81
76.87000	-82
76.87167	-81
76.87333	-82
76.87500	-81
76.87667	-82
76.87833	-81
76.88000	-82
76.88167	-81
76.88333	-81
76.88500	-81
76.88667	-82
76.88833	-80
76.89000	-81
76.89167	-80
76.89333	-81
76.89500	-80
76.89667	-81
76.89833	-80
76.90000	-80
76.90167	-80
76.90333	-80
76.90500	-80
76.90667	-80
76.90833	-81
76.91000	-80
76.91167	-80
76.91333	-81
76.91500	-80
76.91667	-81
76.91833	-81
76.92000	-81
76.92167	-81
76.92333	-81
76.92500	-81
76.92667	-81
76.92833	-81
76.93000	-82
76.93167	-81
76.93333	-81
76.93500	-82
76.93667	-81
76.93833	-82
76.94000	-81
76.94167	-82
76.94333	-82
76.94500	-81
76.94667	-82
76.94833	-83
76.95000	-82
76.95167	-82
76.95333	-83
76.95500	-82
76.95667	-83
76.95833	-83
76.96000	-83
76.96167	-83
76.96333	-84
76.96500	-83
76.96667	-84
76.96833	-84
76.97000	-84
76.97167	-84
76.97333	-84
76.97500	-84
76.97667	-84
76.97833	-85
76.98000	-84
76.98167	-85
76.98333	-85
76.98500	-84
76.98667	-85
76.98833	-84
76.99000	-85
76.99167	-84
76.99333	-85
76.99500	-84
76.99667	-85
76.99833	-84
77.00000	-84
77.00167	-85
77.00333	-85
77.00500	-85
77.00667	-85
77.00833	-84
77.01000	-85
77.01167	-86
77.01333	-85
77.01500	-85
77.01667	-85
77.01833	-85
77.02000	-86
77.02167	-86
77.02333	-85
77.02500	-86
77.02667	-86
77.02833	-85
77.03000	-86
77.03167	-86
77.03333	-87
77.03500	-86
77.03667	-87
77.03833	-86
77.04000	-87
77.04167	-87
77.04333	-87
77.04500	-86
77.04667	-87
77.04833	-87
77.05000	-87
77.05167	-86
77.05333	-87
77.05500	-87
77.05667	-86
77.05833	-86
77.06000	-86
77.06167	-86
77.06333	-86
77.06500	-85
77.06667	-86
77.06833	-85
77.07000	-85
77.07167	-85
77.07333	-85
77.07500	-84
77.07667	-85
77.07833	-84
77.08000	-84
77.08167	-84
77.08333	-83
77.08500	-84
77.08667	-83
77.08833	-83
77.09000	-83
77.09167	-83
77.09333	-83
77.09500	-82
77.09667	-83
77.09833	-82
77.10000	-82
77.10167	-83
77.10333	-82
77.10500	-82
77.10667	-82
77.10833	-82
77.11000	-82
77.11167	-82
77.11333	-81
77.11500	-82
77.11667	-81
77.11833	-81
77.12000	-81
77.12167	-81
77.12333	-81
77.12500	-81
77.12667	-81
77.12833	-81
77.13000	-81
77.13167	-81
77.13333	-80
77.13500	-81
77.13667	-81
77.13833	-81
77.14000	-80
77.14167	-81
77.14333	-81
77.14500	-80
77.14667	-81
77.14833	-80
77.15000	-81
77.15167	-80
77.15333	-81
77.15500	-80
77.15667	-81
77.15833	-80
77.16000	-81
77.16167	-80
77.16333	-81
77.16500	-81
77.16667	-81
77.16833	-81
77.17000	-81
77.17167	-81
77.17333	-82
77.17500	-81
77.17667	-81
77.17833	-81
77.18000	-82
77.18167	-81
77.18333	-82
77.18500	-82
77.18667	-82
77.18833	-82
77.19000	-82
77.19167	-82
77.19333	-82
77.19500	-83
77.19667	-82
77.19833	-83
77.20000	-82
77.20167	-83
77.20333	-82
77.20500	-83
77.20667	-82
77.20833	-82
77.21000	-83
77.21167	-82
77.21333	-82
77.21500	-82
77.21667	-83
77.21833	-82
77.22000	-82
77.22167	-82
77.22333	-82
77.22500	-82
77.22667	-82
77.22833	-82
77.23000	-82
77.23167	-82
77.23333	-82
77.23500	-82
77.23667	-82
77.23833	-82
77.24000	-82
77.24167	-81
77.24333	-82
77.24500	-82
77.24667	-82
77.24833	-82
77.25000	-81
77.25167	-82
77.25333	-82
77.25500	-81
77.25667	-82
77.25833	-81
77.26000	-82
77.26167	-81
77.26333	-82
77.26500	-82
77.26667	-81
77.26833	-82
77.27000	-82
77.27167	-82
77.27333	-82
77.27500	-82
77.27667	-82
77.27833	-82
77.28000	-83
77.28167	-82
77.28333	-83
77.28500	-82
77.28667	-83
77.28833	-83
77.29000	-82
77.29167	-83
77.29333	-83
77.29500	-83
77.29667	-83
77.29833	-84
77.30000	-83
77.30167	-83
77.30333	-83
77.30500	-84
77.30667	-84
77.30833	-83
77.31000	-84
77.31167	-83
77.31333	-83
77.31500	-84
77.31667	-83
77.31833	-83
77.32000	-83
77.32167	-83
77.32333	-83
77.32500	-82
77.32667	-83
77.32833	-82
77.33000	-82
77.33167	-83
77.33333	-82
77.33500	-82
77.33667	-82
77.33833	-82
77.34000	-82
77.34167	-82
77.34333	-82
77.34500	-83
77.34667	-82
77.34833	-82
77.35000	-82
77.35167	-82
77.35333	-83
77.35500	-82
77.35667	-82
77.35833	-83
77.36000	-82
77.36167	-83
77.36333	-83
77.36500	-83
77.36667	-83
77.36833	-83
77.37000	-83
77.37167	-83
77.37333	-83
77.37500	-84
77.37667	-83
77.37833	-83
77.38000	-84
77.38167	-83
77.38333	-83
77.38500	-84
77.38667	-83
77.38833	-84
77.39000	-83
77.39167	-84
77.39333	-83
77.39500	-83
77.39667	-83
77.39833	-84
77.40000	-83
77.40167	-83
77.40333	-83
77.40500	-83
77.40667	-82
77.40833	-83
77.41000	-82
77.41167	-83
77.41333	-82
77.41500	-83
77.41667	-82
77.41833	-83
77.42000	-82
77.42167	-83
77.42333	-82
77.42500	-83
77.42667	-82
77.42833	-82
77.43000	-82
77.43167	-82
77.43333	-81
77.43500	-82
77.43667	-82
77.43833	-81
77.44000	-82
77.44167	-82
77.44333	-82
77.44500	-81
77.44667	-81
77.44833	-82
77.45000	-81
77.45167	-81
77.45333	-81
77.45500	-81
77.45667	-81
77.45833	-82
77.46000	-81
77.46167	-81
77.46333	-82
77.46500	-81
77.46667	-82
77.46833	-82
77.47000	-82
77.47167	-82
77.47333	-82
77.47500	-82
77.47667	-83
77.47833	-82
77.48000	-83
77.48167	-82
77.48333	-83
77.48500	-84
77.48667	-83
77.48833	-83
77.49000	-84
77.49167	-83
77.49333	-83
77.49500	-84
77.49667	-84
77.49833	-83
77.50000	-84
77.50167	-83
77.50333	-83
77.50500	-84
77.50667	-83
77.50833	-84
77.51000	-83
77.51167	-83
77.51333	-84
77.51500	-83
77.51667	-83
77.51833	-83
77.52000	-82
77.52167	-83
77.52333	-82
77.52500	-82
77.52667	-82
77.52833	-82
77.53000	-81
77.53167	-82
77.53333	-81
77.53500	-81
77.53667	-81
77.53833	-81
77.54000	-80
77.54167	-81
77.54333	-80
77.54500	-80
77.54667	-80
77.54833	-80
77.55000	-80
77.55167	-79
77.55333	-80
77.55500	-80
77.55667	-79
77.55833	-80
77.56000	-80
77.56167	-79
77.56333	-80
77.56500	-79
77.56667	-80
77.56833	-80
77.57000	-80
77.57167	-79
77.57333	-80
77.57500	-79
77.57667	-80
77.57833	-80
77.58000	-79
77.58167	-80
77.58333	-80
77.58500	-79
77.58667	-80
77.58833	-79
77.59000	-80
77.59167	-80
77.59333	-79
77.59500	-80
77.59667	-80
77.59833	-80
77.60000	-80
77.60167	-80
77.60333	-81
77.60500	-80
77.60667	-80
77.60833	-80
77.61000	-80
77.61167	-81
77.61333	-80
77.61500	-80
77.61667	-81
77.61833	-80
77.62000	-80
77.62167	-81
77.62333	-80
77.62500	-81
77.62667	-80
77.62833	-81
77.63000	-80
77.63167	-80
77.63333	-81
77.63500	-80
77.63667	-80
77.63833	-80
77.64000	-80
77.64167	-80
77.64333	-80
77.64500	-80
77.64667	-79
77.64833	-80
77.65000	-80
77.65167	-79
77.65333	-80
77.65500	-81
77.65667	-80
77.65833	-80
77.66000	-80
77.66167	-81
77.66333	-80
77.66500	-81
77.66667	-81
77.66833	-81
77.67000	-82
77.67167	-81
77.67333	-82
77.67500	-81
77.67667	-82
77.67833	-82
77.68000	-82
77.68167	-82
77.68333	-82
77.68500	-82
77.68667	-83
77.68833	-82
77.69000	-82
77.69167	-82
77.69333	-82
77.69500	-82
77.69667	-82
77.69833	-82
77.70000	-82
77.70167	-82
77.70333	-81
77.70500	-82
77.70667	-81
77.70833	-82
77.71000	-81
77.71167	-82
77.71333	-82
77.71500	-81
77.71667	-82
77.71833	-81
77.72000	-82
77.72167	-82
77.72333	-81
77.72500	-82
77.72667	-82
77.72833	-82
77.73000	-82
77.73167	-82
77.73333	-82
77.73500	-81
77.73667	-82
77.73833	-82
77.74000	-81
77.74167	-82
77.74333	-82
77.74500	-81
77.74667	-81
77.74833	-81
77.75000	-81
77.75167	-80
77.75333	-80
77.75500	-80
77.75667	-80
77.75833	-79
77.76000	-79
77.76167	-80
77.76333	-78
77.76500	-79
77.76667	-79
77.76833	-78
77.77000	-78
77.77167	-78
77.77333	-77
77.77500	-78
77.77667	-77
77.77833	-78
77.78000	-77
77.78167	-78
77.78333	-77
77.78500	-78
77.78667	-77
77.78833	-77
77.79000	-78
77.79167	-78
77.79333	-78
77.79500	-77
77.79667	-78
77.79833	-78
77.80000	-78
77.80167	-78
77.80333	-79
77.80500	-78
77.80667	-79
77.80833	-79
77.81000	-79
77.81167	-79
77.81333	-80
77.81500	-79
77.81667	-80
77.81833	-79
77.82000	-80
77.82167	-81
77.82333	-80
77.82500	-81
77.82667	-80
77.82833	-81
77.83000	-81
77.83167	-81
77.83333	-81
77.83500	-81
77.83667	-82
77.83833	-81
77.84000	-81
77.84167	-81
77.84333	-81
77.84500	-81
77.84667	-81
77.84833	-81
77.85000	-81
77.85167	-81
77.85333	-80
77.85500	-81
77.85667	-81
77.85833	-81
77.86000	-81
77.86167	-81
77.86333	-81
77.86500	-81
77.86667	-80
77.86833	-81
77.87000	-81
77.87167	-81
77.87333	-81
77.87500	-81
77.87667	-81
77.87833	-81
77.88000	-81
77.88167	-82
77.88333	-81
77.88500	-81
77.88667	-82
77.88833	-81
77.89000	-82
77.89167	-82
77.89333	-82
77.89500	-82
77.89667	-82
77.89833	-82
77.90000	-82
77.90167	-82
77.90333	-83
77.90500	-82
77.90667	-82
77.90833	-83
77.91000	-82
77.91167	-83
77.91333	-83
77.91500	-83
77.91667	-83
77.91833	-83
77.92000	-84
77.92167	-83
77.92333	-84
77.92500	-83
77.92667	-84
77.92833	-84
77.93000	-84
77.93167	-84
77.93333	-84
77.93500	-84
77.93667	-84
77.93833	-84
77.94000	-83
77.94167	-84
77.94333	-84
77.94500	-84
77.94667	-83
77.94833	-83
77.95000	-84
77.95167	-83
77.95333	-83
77.95500	-83
77.95667	-82
77.95833	-83
77.96000	-83
77.96167	-82
77.96333	-83
77.96500	-82
77.96667	-82
77.96833	-82
77.97000	-82
77.97167	-81
77.97333	-82
77.97500	-81
77.97667	-81
77.97833	-81
77.98000	-80
77.98167	-81
77.98333	-80
77.98500	-81
77.98667	-80
77.98833	-79
77.99000	-80
77.99167	-80
77.99333	-79
77.99500	-80
77.99667	-79
77.99833	-79
78.00000	-79
78.00167	-79
78.00333	-79
78.00500	-79
78.00667	-79
78.00833	-79
78.01000	-79
78.01167	-78
78.01333	-79
78.01500	-79
78.01667	-79
78.01833	-79
78.02000	-79
78.02167	-79
78.02333	-80
78.02500	-79
78.02667	-79
78.02833	-80
78.03000	-80
78.03167	-80
78.03333	-80
78.03500	-80
78.03667	-81
78.03833	-81
78.04000	-81
78.04167	-81
78.04333	-81
78.04500	-81
78.04667	-81
78.04833	-82
78.05000	-81
78.05167	-82
78.05333	-81
78.05500	-81
78.05667	-82
78.05833	-81
78.06000	-81
78.06167	-82
78.06333	-81
78.06500	-82
78.06667	-81
78.06833	-81
78.07000	-81
78.07167	-81
78.07333	-81
78.07500	-81
78.07667	-81
78.07833	-81
78.08000	-80
78.08167	-81
78.08333	-80
78.08500	-81
78.08667	-80
78.08833	-81
78.09000	-80
78.09167	-81
78.09333	-80
78.09500	-81
78.09667	-80
78.09833	-80
78.10000	-80
78.10167	-81
78.10333	-80
78.10500	-81
78.10667	-80
78.10833	-81
78.11000	-81
78.11167	-80
78.11333	-81
78.11500	-81
78.11667	-82
78.11833	-81
78.12000	-82
78.12167	-82
78.12333	-82
78.12500	-82
78.12667	-83
78.12833	-82
78.13000	-83
78.13167	-83
78.13333	-83
78.13500	-84
78.13667	-84
78.13833	-83
78.14000	-84
78.14167	-85
78.14333	-84
78.14500	-84
78.14667	-85
78.14833	-84
78.15000	-85
78.15167	-85
78.15333	-85
78.15500	-85
78.15667	-86
78.15833	-85
78.16000	-85
78.16167	-86
78.16333	-85
78.16500	-86
78.16667	-85
78.16833	-86
78.17000	-85
78.17167	-86
78.17333	-85
78.17500	-86
78.17667	-85
78.17833	-85
78.18000	-85
78.18167	-85
78.18333	-85
78.18500	-85
78.18667	-85
78.18833	-85
78.19000	-85
78.19167	-85
78.19333	-85
78.19500	-84
78.19667	-85
78.19833	-85
78.20000	-85
78.20167	-84
78.20333	-85
78.20500	-85
78.20667	-84
78.20833	-85
78.21000	-85
78.21167	-84
78.21333	-84
78.21500	-85
78.21667	-84
78.21833	-84
78.22000	-84
78.22167	-84
78.22333	-84
78.22500	-84
78.22667	-84
78.22833	-84
78.23000	-84
78.23167	-84
78.23333	-83
78.23500	-84
78.23667	-84
78.23833	-83
78.24000	-84
78.24167	-83
78.24333	-84
78.24500	-83
78.24667	-83
78.24833	-83
78.25000	-82
78.25167	-83
78.25333	-83
78.25500	-83
78.25667	-83
78.25833	-82
78.26000	-83
78.26167	-82
78.26333	-83
78.26500	-82
78.26667	-82
78.26833	-82
78.27000	-83
78.27167	-82
78.27333	-82
78.27500	-83
78.27667	-82
78.27833	-83
78.28000	-83
78.28167	-83
78.28333	-83
78.28500	-83
78.28667	-84
78.28833	-84
78.29000	-84
78.29167	-84
78.29333	-85
78.29500	-84
78.29667	-85
78.29833	-86
78.30000	-85
78.30167	-86
78.30333	-85
78.30500	-86
78.30667	-86
78.30833	-86
78.31000	-86
78.31167	-86
78.31333	-86
78.31500	-87
78.31667	-86
78.31833	-87
78.32000	-86
78.32167	-86
78.32333	-86
78.32500	-86
78.32667	-86
78.32833	-86
78.33000	-85
78.33167	-86
78.33333	-85
78.33500	-85
78.33667	-85
78.33833	-85
78.34000	-85
78.34167	-85
78.34333	-84
78.34500	-85
78.34667	-84
78.34833	-85
78.35000	-84
78.35167	-84
78.35333	-85
78.35500	-84
78.35667	-84
78.35833	-84
78.36000	-85
78.36167	-84
78.36333	-85
78.36500	-84
78.36667	-85
78.36833	-85
78.37000	-84
78.37167	-85
78.37333	-85
78.37500	-84
78.37667	-85
78.37833	-85
78.38000	-85
78.38167	-85
78.38333	-84
78.38500	-85
78.38667	-85
78.38833	-84
78.39000	-85
78.39167	-84
78.39333	-84
78.39500	-84
78.39667	-84
78.39833	-83
78.40000	-84
78.40167	-83
78.40333	-84
78.40500	-83
78.40667	-83
78.40833	-83
78.41000	-83
78.41167	-84
78.41333	-83
78.41500	-83
78.41667	-83
78.41833	-83
78.42000	-83
78.42167	-83
78.42333	-83
78.42500	-83
78.42667	-83
78.42833	-84
78.43000	-83
78.43167	-84
78.43333	-84
78.43500	-84
78.43667	-84
78.43833	-84
78.44000	-85
78.44167	-84
78.44333	-85
78.44500	-84
78.44667	-85
78.44833	-85
78.45000	-85
78.45167	-85
78.45333	-85
78.45500	-85
78.45667	-85
78.45833	-85
78.46000	-85
78.46167	-85
78.46333	-86
78.46500	-85
78.46667	-85
78.46833	-85
78.47000	-85
78.47167	-86
78.47333	-85
78.47500	-85
78.47667	-85
78.47833	-85
78.48000	-85
78.48167	-85
78.48333	-85
78.48500	-86
78.48667	-85
78.48833	-85
78.49000	-85
78.49167	-85
78.49333	-85
78.49500	-85
78.49667	-85
78.49833	-85
78.50000	-85
78.50167	-85
78.50333	-85
78.50500	-85
78.50667	-84
78.50833	-85
78.51000	-84
78.51167	-84
78.51333	-84
78.51500	-84
78.51667	-84
78.51833	-83
78.52000	-84
78.52167	-83
78.52333	-84
78.52500	-83
78.52667	-82
78.52833	-83
78.53000	-83
78.53167	-83
78.53333	-82
78.53500	-82
78.53667	-83
78.53833	-82
78.54000	-81
78.54167	-83
78.54333	-82
78.54500	-82
78.54667	-82
78.54833	-81
78.55000	-82
78.55167	-82
78.55333	-82
78.55500	-82
78.55667	-82
78.55833	-83
78.56000	-82
78.56167	-82
78.56333	-82
78.56500	-83
78.56667	-82
78.56833	-83
78.57000	-82
78.57167	-83
78.57333	-83
78.57500	-83
78.57667	-83
78.57833	-83
78.58000	-83
78.58167	-84
78.58333	-83
78.58500	-84
78.58667	-83
78.58833	-84
78.59000	-84
78.59167	-84
78.59333	-84
78.59500	-83
78.59667	-84
78.59833	-84
78.60000	-84
78.60167	-83
78.60333	-84
78.60500	-84
78.60667	-83
78.60833	-83
78.61000	-83
78.61167	-84
78.61333	-83
78.61500	-83
78.61667	-83
78.61833	-82
78.62000	-83
78.62167	-83
78.62333	-82
78.62500	-83
78.62667	-82
78.62833	-83
78.63000	-82
78.63167	-82
78.63333	-83
78.63500	-82
78.63667	-82
78.63833	-82
78.64000	-82
78.64167	-82
78.64333	-82
78.64500	-82
78.64667	-82
78.64833	-83
78.65000	-82
78.65167	-82
78.65333	-81
78.65500	-82
78.65667	-82
78.65833	-82
78.66000	-82
78.66167	-82
78.66333	-82
78.66500	-82
78.66667	-82
78.66833	-82
78.67000	-82
78.67167	-83
78.67333	-82
78.67500	-82
78.67667	-82
78.67833	-83
78.68000	-82
78.68167	-82
78.68333	-82
78.68500	-83
78.68667	-82
78.68833	-82
78.69000	-83
78.69167	-82
78.69333	-83
78.69500	-82
78.69667	-82
78.69833	-82
78.70000	-82
78.70167	-82
78.70333	-82
78.70500	-82
78.70667	-82
78.70833	-82
78.71000	-81
78.71167	-82
78.71333	-81
78.71500	-82
78.71667	-81
78.71833	-80
78.72000	-81
78.72167	-81
78.72333	-80
78.72500	-81
78.72667	-80
78.72833	-81
78.73000	-80
78.73167	-80
78.73333	-80
78.73500	-80
78.73667	-80
78.73833	-80
78.74000	-80
78.74167	-80
78.74333	-80
78.74500	-80
78.74667	-80
78.74833	-79
78.75000	-80
78.75167	-79
78.75333	-80
78.75500	-79
78.75667	-80
78.75833	-80
78.76000	-79
78.76167	-80
78.76333	-80
78.76500	-79
78.76667	-80
78.76833	-80
78.77000	-79
78.77167	-80
78.77333	-79
78.77500	-80
78.77667	-79
78.77833	-80
78.78000	-79
78.78167	-80
78.78333	-80
78.78500	-79
78.78667	-81
78.78833	-80
78.79000	-80
78.79167	-81
78.79333	-81
78.79500	-80
78.79667	-81
78.79833	-82
78.80000	-81
78.80167	-82
78.80333	-81
78.80500	-82
78.80667	-82
78.80833	-82
78.81000	-83
78.81167	-82
78.81333	-82
78.81500	-83
78.81667	-82
78.81833	-83
78.82000	-82
78.82167	-83
78.82333	-83
78.82500	-82
78.82667	-83
78.82833	-82
78.83000	-83
78.83167	-83
78.83333	-83
78.83500	-83
78.83667	-82
78.83833	-83
78.84000	-82
78.84167	-83
78.84333	-83
78.84500	-82
78.84667	-83
78.84833	-82
78.85000	-82
78.85167	-82
78.85333	-82
78.85500	-82
78.85667	-82
78.85833	-82
78.86000	-81
78.86167	-81
78.86333	-81
78.86500	-81
78.86667	-81
78.86833	-81
78.87000	-80
78.87167	-81
78.87333	-80
78.87500	-80
78.87667	-80
78.87833	-81
78.88000	-79
78.88167	-80
78.88333	-80
78.88500	-79
78.88667	-80
78.88833	-79
78.89000	-80
78.89167	-79
78.89333	-79
78.89500	-80
78.89667	-79
78.89833	-80
78.90000	-80
78.90167	-79
78.90333	-79
78.90500	-80
78.90667	-80
78.90833	-79
78.91000	-80
78.91167	-80
78.91333	-80
78.91500	-80
78.91667	-80
78.91833	-80
78.92000	-80
78.92167	-79
78.92333	-80
78.92500	-80
78.92667	-80
78.92833	-80
78.93000	-79
78.93167	-80
78.93333	-79
78.93500	-79
78.93667	-79
78.93833	-78
78.94000	-78
78.94167	-79
78.94333	-78
78.94500	-78
78.94667	-77
78.94833	-78
78.95000	-77
78.95167	-77
78.95333	-77
78.95500	-77
78.95667	-76
78.95833	-76
78.96000	-76
78.96167	-77
78.96333	-75
78.96500	-76
78.96667	-76
78.96833	-75
78.97000	-76
78.97167	-75
78.97333	-76
78.97500	-75
78.97667	-76
78.97833	-75
78.98000	-76
78.98167	-75
78.98333	-75
78.98500	-76
78.98667	-75
78.98833	-76
78.99000	-75
78.99167	-76
78.99333	-75
78.99500	-76
78.99667	-76
78.99833	-76
79.00000	-75
79.00167	-76
79.00333	-76
79.00500	-75
79.00667	-76
79.00833	-76
79.01000	-75
79.01167	-76
79.01333	-76
79.01500	-76
79.01667	-76
79.01833	-76
79.02000	-76
79.02167	-75
79.02333	-76
79.02500	-76
79.02667	-76
79.02833	-76
79.03000	-76
79.03167	-76
79.03333	-76
79.03500	-76
79.03667	-76
79.03833	-77
79.04000	-76
79.04167	-77
79.04333	-76
79.04500	-76
79.04667	-77
79.04833	-76
79.05000	-77
79.05167	-77
79.05333	-76
79.05500	-77
79.05667	-77
79.05833	-77
79.06000	-78
79.06167	-77
79.06333	-77
79.06500	-77
79.06667	-78
79.06833	-77
79.07000	-77
79.07167	-78
79.07333	-77
79.07500	-78
79.07667	-77
79.07833	-77
79.08000	-78
79.08167	-77
79.08333	-77
79.08500	-77
79.08667	-78
79.08833	-77
79.09000	-76
79.09167	-77
79.09333	-77
79.09500	-76
79.09667	-76
79.09833	-76
79.10000	-76
79.10167	-75
79.10333	-76
79.10500	-75
79.10667	-75
79.10833	-74
79.11000	-74
79.11167	-73
79.11333	-74
79.11500	-73
79.11667	-72
79.11833	-73
79.12000	-72
79.12167	-72
79.12333	-72
79.12500	-71
79.12667	-72
79.12833	-71
79.13000	-70
79.13167	-71
79.13333	-71
79.13500	-70
79.13667	-71
79.13833	-70
79.14000	-71
79.14167	-70
79.14333	-71
79.14500	-71
79.14667	-70
79.14833	-71
79.15000	-71
79.15167	-71
79.15333	-71
79.15500	-71
79.15667	-71
79.15833	-71
79.16000	-72
79.16167	-71
79.16333	-71
79.16500	-71
79.16667	-72
79.16833	-71
79.17000	-72
79.17167	-71
79.17333	-71
79.17500	-72
79.17667	-71
79.17833	-72
79.18000	-71
79.18167	-72
79.18333	-71
79.18500	-71
79.18667	-71
79.18833	-72
79.19000	-71
79.19167	-71
79.19333	-71
79.19500	-71
79.19667	-71
79.19833	-70
79.20000	-71
79.20167	-71
79.20333	-70
79.20500	-70
79.20667	-70
79.20833	-71
79.21000	-69
79.21167	-70
79.21333	-70
79.21500	-69
79.21667	-70
79.21833	-69
79.22000	-69
79.22167	-69
79.22333	-69
79.22500	-69
79.22667	-68
79.22833	-69
79.23000	-68
79.23167	-68
79.23333	-68
79.23500	-68
79.23667	-67
79.23833	-68
79.24000	-67
79.24167	-66
79.24333	-67
79.24500	-67
79.24667	-67
79.24833	-66
79.25000	-66
79.25167	-66
79.25333	-66
79.25500	-66
79.25667	-65
79.25833	-65
79.26000	-65
79.26167	-65
79.26333	-64
79.26500	-64
79.26667	-64
79.26833	-64
79.27000	-64
79.27167	-64
79.27333	-63
79.27500	-63
79.27667	-63
79.27833	-63
79.28000	-63
79.28167	-62
79.28333	-63
79.28500	-62
79.28667	-62
79.28833	-62
79.29000	-62
79.29167	-62
79.29333	-62
79.29500	-61
79.29667	-62
79.29833	-61
79.30000	-61
79.30167	-61
79.30333	-61
79.30500	-61
79.30667	-61
79.30833	-60
79.31000	-60
79.31167	-61
79.31333	-60
79.31500	-60
79.31667	-60
79.31833	-59
79.32000	-60
79.32167	-59
79.32333	-60
79.32500	-59
79.32667	-59
79.32833	-59
79.33000	-59
79.33167	-60
79.33333	-59
79.33500	-59
79.33667	-59
79.33833	-59
79.34000	-59
79.34167	-58
79.34333	-59
79.34500	-59
79.34667	-59
79.34833	-58
79.35000	-58
79.35167	-59
79.35333	-58
79.35500	-58
79.35667	-58
79.35833	-58
79.36000	-58
79.36167	-58
79.36333	-57
79.36500	-57
79.36667	-57
79.36833	-57
79.37000	-56
79.37167	-57
79.37333	-56
79.37500	-57
79.37667	-56
79.37833	-56
79.38000	-56
79.38167	-55
79.38333	-55
79.38500	-56
79.38667	-55
79.38833	-56
79.39000	-55
79.39167	-55
79.39333	-54
79.39500	-55
79.39667	-55
79.39833	-54
79.40000	-54
79.40167	-54
79.40333	-55
79.40500	-54
79.40667	-53
79.40833	-54
79.41000	-54
79.41167	-53
79.41333	-54
79.41500	-53
79.41667	-53
79.41833	-53
79.42000	-53
79.42167	-52
79.42333	-53
79.42500	-52
79.42667	-51
79.42833	-52
79.43000	-52
79.43167	-51
79.43333	-51
79.43500	-51
79.43667	-50
79.43833	-50
79.44000	-50
79.44167	-50
79.44333	-49
79.44500	-49
79.44667	-49
79.44833	-49
79.45000	-48
79.45167	-47
79.45333	-48
79.45500	-47
79.45667	-48
79.45833	-47
79.46000	-47
79.46167	-47
79.46333	-46
79.46500	-47
79.46667	-46
79.46833	-46
79.47000	-46
79.47167	-46
79.47333	-46
79.47500	-45
79.47667	-46
79.47833	-45
79.48000	-45
79.48167	-45
79.48333	-44
79.48500	-45
79.48667	-44
79.48833	-44
79.49000	-44
79.49167	-44
79.49333	-44
79.49500	-44
79.49667	-44
79.49833	-43
79.50000	-43
79.50167	-44
79.50333	-43
79.50500	-43
79.50667	-42
79.50833	-43
79.51000	-41
79.51167	-42
79.51333	-41
79.51500	-41
79.51667	-41
79.51833	-41
79.52000	-40
79.52167	-40
79.52333	-40
79.52500	-40
79.52667	-39
79.52833	-39
79.53000	-39
79.53167	-38
79.53333	-39
79.53500	-38
79.53667	-37
79.53833	-38
79.54000	-37
79.54167	-36
79.54333	-36
79.54500	-35
79.54667	-35
79.54833	-33
79.55000	-33
79.55167	-33
79.55333	-31
79.55500	-30
79.55667	-29
79.55833	-28
79.56000	-27
79.56167	-25
79.56333	-25
79.56500	-23
79.56667	-21
79.56833	-20
79.57000	-19
79.57167	-17
79.57333	-15
79.57500	-14
79.57667	-12
79.57833	-11
79.58000	-9
79.58167	-8
79.58333	-7
79.58500	-5
79.58667	-3
79.58833	-2
79.59000	-1
79.59167	0
79.59333	2
79.59500	2
79.59667	4
79.59833	5
79.60000	6
79.60167	7
79.60333	8
79.60500	9
79.60667	10
79.60833	10
79.61000	12
79.61167	12
79.61333	13
79.61500	14
79.61667	15
79.61833	16
79.62000	17
79.62167	17
79.62333	19
79.62500	19
79.62667	21
79.62833	21
79.63000	22
79.63167	24
79.63333	24
79.63500	25
79.63667	27
79.63833	27
79.64000	29
79.64167	30
79.64333	31
79.64500	32
79.64667	33
79.64833	34
79.65000	36
79.65167	37
79.65333	38
79.65500	40
79.65667	40
79.65833	42
79.66000	43
79.66167	44
79.66333	46
79.66500	46
79.66667	48
79.66833	48
79.67000	50
79.67167	51
79.67333	51
79.67500	53
79.67667	54
79.67833	55
79.68000	55
79.68167	57
79.68333	57
79.68500	59
79.68667	58
79.68833	60
79.69000	60
79.69167	61
79.69333	62
79.69500	62
79.69667	62
79.69833	63
79.70000	63
79.70167	63
79.70333	63
79.70500	63
79.70667	64
79.70833	63
79.71000	63
79.71167	63
79.71333	62
79.71500	62
79.71667	62
79.71833	60
79.72000	60
79.72167	59
79.72333	58
79.72500	58
79.72667	56
79.72833	54
79.73000	54
79.73167	53
79.73333	51
79.73500	50
79.73667	48
79.73833	47
79.74000	45
79.74167	44
79.74333	42
79.74500	41
79.74667	39
79.74833	38
79.75000	36
79.75167	34
79.75333	33
79.75500	32
79.75667	29
79.75833	29
79.76000	26
79.76167	26
79.76333	24
79.76500	23
79.76667	22
79.76833	20
79.77000	18
79.77167	18
79.77333	16
79.77500	15
79.77667	14
79.77833	13
79.78000	12
79.78167	11
79.78333	10
79.78500	8
79.78667	8
79.78833	6
79.79000	5
79.79167	4
79.79333	4
79.79500	2
79.79667	2
79.79833	0
79.80000	0
79.80167	-1
79.80333	-2
79.80500	-3
79.80667	-3
79.80833	-4
79.81000	-5
79.81167	-5
79.81333	-6
79.81500	-6
79.81667	-7
79.81833	-8
79.82000	-8
79.82167	-9
79.82333	-9
79.82500	-9
79.82667	-10
79.82833	-9
79.83000	-11
79.83167	-10
79.83333	-11
79.83500	-12
79.83667	-11
79.83833	-12
79.84000	-13
79.84167	-12
79.84333	-13
79.84500	-13
79.84667	-13
79.84833	-13
79.85000	-15
79.85167	-14
79.85333	-16
79.85500	-15
79.85667	-16
79.85833	-16
79.86000	-17
79.86167	-17
79.86333	-18
79.86500	-17
79.86667	-18
79.86833	-19
79.87000	-19
79.87167	-19
79.87333	-19
79.87500	-21
79.87667	-21
79.87833	-21
79.88000	-22
79.88167	-23
79.88333	-23
79.88500	-23
79.88667	-23
79.88833	-24
79.89000	-25
79.89167	-24
79.89333	-25
79.89500	-26
79.89667	-26
79.89833	-26
79.90000	-27
79.90167	-27
79.90333	-27
79.90500	-27
79.90667	-27
79.90833	-28
79.91000	-28
79.91167	-28
79.91333	-28
79.91500	-28
79.91667	-29
79.91833	-28
79.92000	-29
79.92167	-29
79.92333	-29
79.92500	-30
79.92667	-29
79.92833	-29
79.93000	-30
79.93167	-29
79.93333	-30
79.93500	-30
79.93667	-29
79.93833	-30
79.94000	-29
79.94167	-29
79.94333	-29
79.94500	-30
79.94667	-28
79.94833	-29
79.95000	-30
79.95167	-28
79.95333	-29
79.95500	-29
79.95667	-29
79.95833	-29
79.96000	-28
79.96167	-29
79.96333	-29
79.96500	-28
79.96667	-29
79.96833	-28
79.97000	-29
79.97167	-28
79.97333	-28
79.97500	-28
79.97667	-29
79.97833	-27
79.98000	-28
79.98167	-28
79.98333	-28
79.98500	-28
79.98667	-28
79.98833	-28
79.99000	-27
79.99167	-28
79.99333	-27
79.99500	-28
79.99667	-28
79.99833	-27
80.00000	-28
80.00167	-27
80.00333	-27
80.00500	-27
80.00667	-27
80.00833	-26
80.01000	-27
80.01167	-27
80.01333	-26
80.01500	-27
80.01667	-26
80.01833	-26
80.02000	-26
80.02167	-27
80.02333	-26
80.02500	-26
80.02667	-26
80.02833	-26
80.03000	-26
80.03167	-26
80.03333	-26
80.03500	-25
80.03667	-26
80.03833	-25
80.04000	-25
80.04167	-26
80.04333	-25
80.04500	-25
80.04667	-25
80.04833	-25
80.05000	-24
80.05167	-25
80.05333	-24
80.05500	-24
80.05667	-24
80.05833	-24
80.06000	-24
80.06167	-23
80.06333	-23
80.06500	-23
80.06667	-23
80.06833	-23
80.07000	-22
80.07167	-22
80.07333	-22
80.07500	-22
80.07667	-21
80.07833	-21
80.08000	-21
80.08167	-21
80.08333	-20
80.08500	-20
80.08667	-19
80.08833	-19
80.09000	-18
80.09167	-19
80.09333	-17
80.09500	-18
80.09667	-17
80.09833	-17
80.10000	-16
80.10167	-16
80.10333	-15
80.10500	-15
80.10667	-15
80.10833	-14
80.11000	-13
80.11167	-14
80.11333	-13
80.11500	-12
80.11667	-12
80.11833	-11
80.12000	-11
80.12167	-10
80.12333	-9
80.12500	-9
80.12667	-9
80.12833	-7
80.13000	-7
80.13167	-6
80.13333	-5
80.13500	-5
80.13667	-3
80.13833	-3
80.14000	-1
80.14167	-1
80.14333	1
80.14500	2
80.14667	3
80.14833	4
80.15000	6
80.15167	7
80.15333	9
80.15500	10
80.15667	12
80.15833	13
80.16000	15
80.16167	17
80.16333	18
80.16500	20
80.16667	22
80.16833	24
80.17000	27
80.17167	28
80.17333	30
80.17500	32
80.17667	35
80.17833	36
80.18000	39
80.18167	41
80.18333	44
80.18500	46
80.18667	48
80.18833	50
80.19000	53
80.19167	56
80.19333	59
80.19500	61
80.19667	65
80.19833	66
80.20000	70
80.20167	72
80.20333	75
80.20500	78
80.20667	80
80.20833	83
80.21000	86
80.21167	89
80.21333	92
80.21500	94
80.21667	97
80.21833	100
80.22000	103
80.22167	106
80.22333	108
80.22500	111
80.22667	114
80.22833	117
80.23000	120
80.23167	122
80.23333	125
80.23500	129
80.23667	131
80.23833	133
80.24000	137
80.24167	139
80.24333	142
80.24500	144
80.24667	148
80.24833	149
80.25000	153
80.25167	155
80.25333	158
80.25500	161
80.25667	162
80.25833	166
80.26000	167
80.26167	170
80.26333	172
80.26500	174
80.26667	176
80.26833	178
80.27000	181
80.27167	183
80.27333	185
80.27500	186
80.27667	189
80.27833	190
80.28000	193
80.28167	194
80.28333	196
80.28500	198
80.28667	199
80.28833	200
80.29000	203
80.29167	204
80.29333	205
80.29500	206
80.29667	208
80.29833	210
80.30000	210
80.30167	212
80.30333	214
80.30500	214
80.30667	216
80.30833	216
80.31000	218
80.31167	219
80.31333	220
80.31500	220
80.31667	222
80.31833	222
80.32000	224
80.32167	225
80.32333	225
80.32500	226
80.32667	227
80.32833	229
80.33000	228
80.33167	230
80.33333	231
80.33500	231
80.33667	231
80.33833	233
80.34000	233
80.34167	234
80.34333	234
80.34500	235
80.34667	236
80.34833	237
80.35000	237
80.35167	238
80.35333	238
80.35500	240
80.35667	240
80.35833	240
80.36000	242
80.36167	241
80.36333	243
80.36500	243
80.36667	244
80.36833	245
80.37000	245
80.37167	246
80.37333	246
80.37500	247
80.37667	248
80.37833	249
80.38000	249
80.38167	249
80.38333	250
80.38500	251
80.38667	252
80.38833	252
80.39000	253
80.39167	253
80.39333	254
80.39500	254
80.39667	255
80.39833	255
80.40000	256
80.40167	256
80.40333	257
80.40500	257
80.40667	257
80.40833	258
80.41000	259
80.41167	259
80.41333	259
80.41500	260
80.41667	260
80.41833	260
80.42000	261
80.42167	261
80.42333	261
80.42500	261
80.42667	262
80.42833	262
80.43000	263
80.43167	263
80.43333	262
80.43500	263
80.43667	263
80.43833	264
80.44000	263
80.44167	264
80.44333	264
80.44500	264
80.44667	264
80.44833	265
80.45000	264
80.45167	265
80.45333	264
80.45500	265
80.45667	264
80.45833	265
80.46000	265
80.46167	264
80.46333	265
80.46500	265
80.46667	265
80.46833	264
80.47000	265
80.47167	264
80.47333	265
80.47500	264
80.47667	265
80.47833	264
80.48000	264
80.48167	264
80.48333	265
80.48500	264
80.48667	264
80.48833	263
80.49000	264
80.49167	263
80.49333	263
80.49500	264
80.49667	263
80.49833	263
80.50000	263
80.50167	263
80.50333	263
80.50500	263
80.50667	263
80.50833	262
80.51000	262
80.51167	262
80.51333	262
80.51500	262
80.51667	261
80.51833	261
80.52000	260
80.52167	261
80.52333	260
80.52500	260
80.52667	259
80.52833	259
80.53000	259
80.53167	258
80.53333	258
80.53500	257
80.53667	258
80.53833	256
80.54000	256
80.54167	256
80.54333	255
80.54500	255
80.54667	254
80.54833	254
80.55000	253
80.55167	253
80.55333	252
80.55500	252
80.55667	251
80.55833	250
80.56000	250
80.56167	250
80.56333	249
80.56500	248
80.56667	248
80.56833	247
80.57000	246
80.57167	246
80.57333	245
80.57500	244
80.57667	244
80.57833	243
80.58000	242
80.58167	241
80.58333	241
80.58500	240
80.58667	240
80.58833	238
80.59000	238
80.59167	237
80.59333	237
80.59500	235
80.59667	235
80.59833	234
80.60000	233
80.60167	233
80.60333	232
80.60500	231
80.60667	230
80.60833	230
80.61000	228
80.61167	229
80.61333	227
80.61500	227
80.61667	227
80.61833	225
80.62000	225
80.62167	225
80.62333	224
80.62500	222
80.62667	223
80.62833	221
80.63000	221
80.63167	220
80.63333	220
80.63500	219
80.63667	218
80.63833	217
80.64000	217
80.64167	216
80.64333	215
80.64500	215
80.64667	214
80.64833	213
80.65000	213
80.65167	212
80.65333	211
80.65500	210
80.65667	210
80.65833	210
80.66000	208
80.66167	208
80.66333	208
80.66500	206
80.66667	207
80.66833	206
80.67000	205
80.67167	205
80.67333	204
80.67500	203
80.67667	203
80.67833	202
80.68000	202
80.68167	202
80.68333	200
80.68500	200
80.68667	200
80.68833	198
80.69000	199
80.69167	197
80.69333	198
80.69500	196
80.69667	196
80.69833	196
80.70000	195
80.70167	195
80.70333	193
80.70500	194
80.70667	192
80.70833	192
80.71000	191
80.71167	191
80.71333	190
80.71500	189
80.71667	189
80.71833	188
80.72000	187
80.72167	187
80.72333	186
80.72500	185
80.72667	185
80.72833	184
80.73000	183
80.73167	182
80.73333	182
80.73500	180
80.73667	181
80.73833	179
80.74000	179
80.74167	178
80.74333	177
80.74500	177
80.74667	176
80.74833	175
80.75000	175
80.75167	174
80.75333	173
80.75500	172
80.75667	172
80.75833	171
80.76000	170
80.76167	170
80.76333	169
80.76500	168
80.76667	168
80.76833	167
80.77000	167
80.77167	167
80.77333	166
80.77500	165
80.77667	165
80.77833	164
80.78000	164
80.78167	163
80.78333	162
80.78500	162
80.78667	162
80.78833	161
80.79000	161
80.79167	160
80.79333	160
80.79500	160
80.79667	159
80.79833	159
80.80000	158
80.80167	158
80.80333	158
80.80500	157
80.80667	157
80.80833	157
80.81000	156
80.81167	156
80.81333	155
80.81500	155
80.81667	155
80.81833	154
80.82000	154
80.82167	153
80.82333	154
80.82500	152
80.82667	153
80.82833	151
80.83000	152
80.83167	151
80.83333	150
80.83500	150
80.83667	149
80.83833	149
80.84000	148
80.84167	148
80.84333	148
80.84500	147
80.84667	146
80.84833	146
80.85000	145
80.85167	145
80.85333	144
80.85500	144
80.85667	143
80.85833	142
80.86000	142
80.86167	142
80.86333	141
80.86500	140
80.86667	140
80.86833	139
80.87000	138
80.87167	139
80.87333	138
80.87500	137
80.87667	137
80.87833	136
80.88000	136
80.88167	135
80.88333	135
80.88500	134
80.88667	134
80.88833	133
80.89000	133
80.89167	132
80.89333	132
80.89500	132
80.89667	131
80.89833	131
80.90000	129
80.90167	130
80.90333	129
80.90500	128
80.90667	128
80.90833	127
80.91000	127
80.91167	126
80.91333	126
80.91500	125
80.91667	125
80.91833	124
80.92000	124
80.92167	123
80.92333	123
80.92500	122
80.92667	122
80.92833	121
80.93000	121
80.93167	121
80.93333	120
80.93500	119
80.93667	119
80.93833	118
80.94000	118
80.94167	117
80.94333	117
80.94500	117
80.94667	116
80.94833	116
80.95000	115
80.95167	115
80.95333	114
80.95500	113
80.95667	113
80.95833	113
80.96000	112
80.96167	112
80.96333	111
80.96500	111
80.96667	110
80.96833	110
80.97000	109
80.97167	109
80.97333	108
80.97500	108
80.97667	107
80.97833	107
80.98000	106
80.98167	106
80.98333	106
80.98500	105
80.98667	105
80.98833	104
80.99000	104
80.99167	103
80.99333	103
80.99500	103
80.99667	102
80.99833	103
81.00000	102
81.00167	101
81.00333	101
81.00500	101
81.00667	101
81.00833	101
81.01000	100
81.01167	99
81.01333	100
81.01500	99
81.01667	99
81.01833	99
81.02000	98
81.02167	98
81.02333	98
81.02500	98
81.02667	98
81.02833	97
81.03000	97
81.03167	96
81.03333	97
81.03500	96
81.03667	96
81.03833	96
81.04000	95
81.04167	95
81.04333	95
81.04500	95
81.04667	94
81.04833	94
81.05000	94
81.05167	94
81.05333	93
81.05500	93
81.05667	92
81.05833	92
81.06000	92
81.06167	91
81.06333	91
81.06500	91
81.06667	90
81.06833	90
81.07000	89
81.07167	89
81.07333	89
81.07500	88
81.07667	88
81.07833	88
81.08000	87
81.08167	86
81.08333	87
81.08500	85
81.08667	86
81.08833	85
81.09000	84
81.09167	85
81.09333	83
81.09500	84
81.09667	83
81.09833	82
81.10000	82
81.10167	82
81.10333	81
81.10500	80
81.10667	80
81.10833	80
81.11000	79
81.11167	78
81.11333	78
81.11500	77
81.11667	77
81.11833	77
81.12000	77
81.12167	76
81.12333	75
81.12500	75
81.12667	75
81.12833	74
81.13000	74
81.13167	73
81.13333	73
81.13500	73
81.13667	73
81.13833	72
81.14000	72
81.14167	72
81.14333	72
81.14500	71
81.14667	72
81.14833	71
81.15000	70
81.15167	71
81.15333	70
81.15500	69
81.15667	70
81.15833	69
81.16000	69
81.16167	68
81.16333	68
81.16500	68
81.16667	68
81.16833	67
81.17000	67
81.17167	66
81.17333	66
81.17500	66
81.17667	65
81.17833	65
81.18000	65
81.18167	64
81.18333	63
81.18500	64
81.18667	62
81.18833	63
81.19000	62
81.19167	61
81.19333	61
81.19500	61
81.19667	60
81.19833	60
81.20000	59
81.20167	59
81.20333	58
81.20500	58
81.20667	58
81.20833	57
81.21000	57
81.21167	56
81.21333	56
81.21500	56
81.21667	55
81.21833	55
81.22000	55
81.22167	54
81.22333	54
81.22500	53
81.22667	53
81.22833	53
81.23000	52
81.23167	51
81.23333	51
81.23500	51
81.23667	50
81.23833	50
81.24000	50
81.24167	49
81.24333	48
81.24500	49
81.24667	48
81.24833	47
81.25000	47
81.25167	47
81.25333	47
81.25500	46
81.25667	46
81.25833	46
81.26000	45
81.26167	46
81.26333	44
81.26500	45
81.26667	44
81.26833	45
81.27000	44
81.27167	44
81.27333	44
81.27500	43
81.27667	44
81.27833	43
81.28000	43
81.28167	44
81.28333	43
81.28500	43
81.28667	42
81.28833	43
81.29000	43
81.29167	43
81.29333	42
81.29500	43
81.29667	42
81.29833	42
81.30000	43
81.30167	42
81.30333	42
81.30500	41
81.30667	42
81.30833	41
81.31000	41
81.31167	41
81.31333	41
81.31500	40
81.31667	40
81.31833	40
81.32000	40
81.32167	39
81.32333	39
81.32500	39
81.32667	39
81.32833	39
81.33000	38
81.33167	38
81.33333	38
81.33500	37
81.33667	37
81.33833	37
81.34000	37
81.34167	36
81.34333	36
81.34500	35
81.34667	35
81.34833	35
81.35000	35
81.35167	34
81.35333	34
81.35500	33
81.35667	33
81.35833	33
81.36000	33
81.36167	32
81.36333	32
81.36500	31
81.36667	32
81.36833	31
81.37000	31
81.37167	30
81.37333	31
81.37500	30
81.37667	29
81.37833	29
81.38000	29
81.38167	29
81.38333	28
81.38500	28
81.38667	27
81.38833	27
81.39000	27
81.39167	26
81.39333	26
81.39500	26
81.39667	25
81.39833	25
81.40000	25
81.40167	23
81.40333	24
81.40500	23
81.40667	22
81.40833	23
81.41000	22
81.41167	22
81.41333	21
81.41500	21
81.41667	21
81.41833	20
81.42000	20
81.42167	20
81.42333	20
81.42500	19
81.42667	19
81.42833	19
81.43000	18
81.43167	18
81.43333	18
81.43500	18
81.43667	17
81.43833	18
81.44000	17
81.44167	17
81.44333	16
81.44500	17
81.44667	16
81.44833	16
81.45000	16
81.45167	16
81.45333	15
81.45500	15
81.45667	15
81.45833	14
81.46000	15
81.46167	13
81.46333	14
81.46500	14
81.46667	13
81.46833	13
81.47000	12
81.47167	13
81.47333	12
81.47500	11
81.47667	12
81.47833	11
81.48000	10
81.48167	11
81.48333	10
81.48500	10
81.48667	10
81.48833	9
81.49000	10
81.49167	9
81.49333	8
81.49500	9
81.49667	8
81.49833	9
81.50000	8
81.50167	7
81.50333	8
81.50500	7
81.50667	7
81.50833	7
81.51000	6
81.51167	7
81.51333	6
81.51500	6
81.51667	6
81.51833	5
81.52000	6
81.52167	5
81.52333	6
81.52500	5
81.52667	5
81.52833	5
81.53000	4
81.53167	5
81.53333	4
81.53500	4
81.53667	4
81.53833	4
81.54000	4
81.54167	4
81.54333	3
81.54500	4
81.54667	3
81.54833	3
81.55000	3
81.55167	3
81.55333	3
81.55500	2
81.55667	2
81.55833	2
81.56000	2
81.56167	1
81.56333	2
81.56500	1
81.56667	1
81.56833	1
81.57000	0
81.57167	0
81.57333	0
81.57500	0
81.57667	0
81.57833	-1
81.58000	-1
81.58167	-1
81.58333	-1
81.58500	-1
81.58667	-1
81.58833	-2
81.59000	-1
81.59167	-2
81.59333	-1
81.59500	-2
81.59667	-1
81.59833	-2
81.60000	-1
81.60167	-2
81.60333	-1
81.60500	-2
81.60667	-2
81.60833	-2
81.61000	-2
81.61167	-2
81.61333	-3
81.61500	-3
81.61667	-3
81.61833	-3
81.62000	-4
81.62167	-4
81.62333	-5
81.62500	-5
81.62667	-5
81.62833	-6
81.63000	-6
81.63167	-6
81.63333	-6
81.63500	-7
81.63667	-8
81.63833	-8
81.64000	-8
81.64167	-9
81.64333	-9
81.64500	-9
81.64667	-10
81.64833	-11
81.65000	-10
81.65167	-11
81.65333	-11
81.65500	-12
81.65667	-12
81.65833	-12
81.66000	-12
81.66167	-12
81.66333	-12
81.66500	-13
81.66667	-12
81.66833	-13
81.67000	-13
81.67167	-13
81.67333	-13
81.67500	-14
81.67667	-13
81.67833	-14
81.68000	-13
81.68167	-14
81.68333	-13
81.68500	-14
81.68667	-14
81.68833	-13
81.69000	-14
81.69167	-14
81.69333	-15
81.69500	-14
81.69667	-15
81.69833	-14
81.70000	-15
81.70167	-14
81.70333	-15
81.70500	-15
81.70667	-15
81.70833	-15
81.71000	-15
81.71167	-15
81.71333	-15
81.71500	-16
81.71667	-16
81.71833	-16
81.72000	-16
81.72167	-17
81.72333	-16
81.72500	-18
81.72667	-17
81.72833	-18
81.73000	-18
81.73167	-19
81.73333	-19
81.73500	-19
81.73667	-20
81.73833	-20
81.74000	-21
81.74167	-22
81.74333	-22
81.74500	-22
81.74667	-23
81.74833	-23
81.75000	-24
81.75167	-24
81.75333	-25
81.75500	-25
81.75667	-26
81.75833	-27
81.76000	-27
81.76167	-27
81.76333	-28
81.76500	-28
81.76667	-28
81.76833	-29
81.77000	-29
81.77167	-29
81.77333	-30
81.77500	-30
81.77667	-30
81.77833	-30
81.78000	-31
81.78167	-30
81.78333	-31
81.78500	-31
81.78667	-32
81.78833	-31
81.79000	-32
81.79167	-31
81.79333	-32
81.79500	-32
81.79667	-33
81.79833	-32
81.80000	-33
81.80167	-32
81.80333	-33
81.80500	-32
81.80667	-33
81.80833	-33
81.81000	-33
81.81167	-33
81.81333	-34
81.81500	-33
81.81667	-33
81.81833	-33
81.82000	-33
81.82167	-34
81.82333	-33
81.82500	-33
81.82667	-34
81.82833	-33
81.83000	-34
81.83167	-33
81.83333	-34
81.83500	-33
81.83667	-34
81.83833	-34
81.84000	-34
81.84167	-34
81.84333	-34
81.84500	-35
81.84667	-34
81.84833	-35
81.85000	-35
81.85167	-35
81.85333	-35
81.85500	-35
81.85667	-35
81.85833	-36
81.86000	-36
81.86167	-36
81.86333	-36
81.86500	-37
81.86667	-36
81.86833	-37
81.87000	-37
81.87167	-37
81.87333	-38
81.87500	-38
81.87667	-38
81.87833	-38
81.88000	-38
81.88167	-39
81.88333	-38
81.88500	-39
81.88667	-40
81.88833	-39
81.89000	-40
81.89167	-40
81.89333	-40
81.89500	-41
81.89667	-41
81.89833	-41
81.90000	-41
81.90167	-41
81.90333	-42
81.90500	-42
81.90667	-42
81.90833	-43
81.91000	-43
81.91167	-43
81.91333	-43
81.91500	-44
81.91667	-43
81.91833	-44
81.92000	-44
81.92167	-45
81.92333	-45
81.92500	-45
81.92667	-45
81.92833	-46
81.93000	-46
81.93167	-46
81.93333	-47
81.93500	-47
81.93667	-47
81.93833	-48
81.94000	-48
81.94167	-49
81.94333	-48
81.94500	-49
81.94667	-49
81.94833	-50
81.95000	-49
81.95167	-51
81.95333	-50
81.95500	-50
81.95667	-52
81.95833	-51
81.96000	-52
81.96167	-52
81.96333	-52
81.96500	-52
81.96667	-53
81.96833	-53
81.97000	-53
81.97167	-53
81.97333	-53
81.97500	-54
81.97667	-54
81.97833	-54
81.98000	-54
81.98167	-55
81.98333	-55
81.98500	-55
81.98667	-55
81.98833	-55
81.99000	-56
81.99167	-55
81.99333	-56
81.99500	-56
81.99667	-56
81.99833	-57
82.00000	-57
82.00167	-57
82.00333	-57
82.00500	-57
82.00667	-58
82.00833	-58
82.01000	-59
82.01167	-58
82.01333	-59
82.01500	-60
82.01667	-59
82.01833	-60
82.02000	-60
82.02167	-61
82.02333	-61
82.02500	-61
82.02667	-62
82.02833	-61
82.03000	-62
82.03167	-62
82.03333	-63
82.03500	-62
82.03667	-63
82.03833	-63
82.04000	-64
82.04167	-63
82.04333	-63
82.04500	-64
82.04667	-64
82.04833	-63
82.05000	-64
82.05167	-64
82.05333	-64
82.05500	-64
82.05667	-65
82.05833	-64
82.06000	-64
82.06167	-64
82.06333	-65
82.06500	-64
82.06667	-64
82.06833	-64
82.07000	-65
82.07167	-65
82.07333	-64
82.07500	-65
82.07667	-64
82.07833	-65
82.08000	-65
82.08167	-65
82.08333	-65
82.08500	-65
82.08667	-65
82.08833	-65
82.09000	-66
82.09167	-66
82.09333	-66
82.09500	-66
82.09667	-66
82.09833	-66
82.10000	-66
82.10167	-67
82.10333	-67
82.10500	-66
82.10667	-67
82.10833	-67
82.11000	-67
82.11167	-67
82.11333	-67
82.11500	-67
82.11667	-66
82.11833	-67
82.12000	-67
82.12167	-67
82.12333	-67
82.12500	-67
82.12667	-66
82.12833	-67
82.13000	-66
82.13167	-67
82.13333	-67
82.13500	-66
82.13667	-67
82.13833	-66
82.14000	-67
82.14167	-66
82.14333	-67
82.14500	-67
82.14667	-67
82.14833	-67
82.15000	-67
82.15167	-68
82.15333	-68
82.15500	-68
82.15667	-68
82.15833	-69
82.16000	-68
82.16167	-69
82.16333	-70
82.16500	-69
82.16667	-70
82.16833	-71
82.17000	-71
82.17167	-71
82.17333	-71
82.17500	-72
82.17667	-73
82.17833	-73
82.18000	-73
82.18167	-74
82.18333	-74
82.18500	-75
82.18667	-75
82.18833	-76
82.19000	-76
82.19167	-76
82.19333	-77
82.19500	-77
82.19667	-78
82.19833	-78
82.20000	-78
82.20167	-79
82.20333	-80
82.20500	-80
82.20667	-80
82.20833	-81
82.21000	-81
82.21167	-82
82.21333	-82
82.21500	-83
82.21667	-83
82.21833	-83
82.22000	-84
82.22167	-84
82.22333	-85
82.22500	-85
82.22667	-86
82.22833	-86
82.23000	-86
82.23167	-87
82.23333	-86
82.23500	-87
82.23667	-88
82.23833	-87
82.24000	-87
82.24167	-88
82.24333	-87
82.24500	-88
82.24667	-87
82.24833	-88
82.25000	-87
82.25167	-88
82.25333	-87
82.25500	-87
82.25667	-88
82.25833	-87
82.26000	-87
82.26167	-87
82.26333	-87
82.26500	-87
82.26667	-87
82.26833	-87
82.27000	-87
82.27167	-86
82.27333	-87
82.27500	-87
82.27667	-87
82.27833	-86
82.28000	-87
82.28167	-86
82.28333	-87
82.28500	-86
82.28667	-87
82.28833	-87
82.29000	-87
82.29167	-87
82.29333	-87
82.29500	-87
82.29667	-87
82.29833	-87
82.30000	-88
82.30167	-88
82.30333	-88
82.30500	-88
82.30667	-89
82.30833	-88
82.31000	-89
82.31167	-89
82.31333	-90
82.31500	-90
82.31667	-90
82.31833	-91
82.32000	-91
82.32167	-91
82.32333	-91
82.32500	-92
82.32667	-93
82.32833	-92
82.33000	-93
82.33167	-94
82.33333	-93
82.33500	-95
82.33667	-95
82.33833	-95
82.34000	-96
82.34167	-96
82.34333	-96
82.34500	-97
82.34667	-96
82.34833	-98
82.35000	-97
82.35167	-98
82.35333	-98
82.35500	-98
82.35667	-98
82.35833	-98
82.36000	-99
82.36167	-99
82.36333	-98
82.36500	-99
82.36667	-99
82.36833	-98
82.37000	-99
82.37167	-99
82.37333	-99
82.37500	-99
82.37667	-99
82.37833	-99
82.38000	-99
82.38167	-99
82.38333	-99
82.38500	-99
82.38667	-99
82.38833	-100
82.39000	-99
82.39167	-99
82.39333	-100
82.39500	-99
82.39667	-101
82.39833	-100
82.40000	-100
82.40167	-100
82.40333	-101
82.40500	-101
82.40667	-101
82.40833	-101
82.41000	-102
82.41167	-101
82.41333	-102
82.41500	-103
82.41667	-102
82.41833	-103
82.42000	-102
82.42167	-103
82.42333	-103
82.42500	-103
82.42667	-103
82.42833	-103
82.43000	-104
82.43167	-103
82.43333	-104
82.43500	-103
82.43667	-104
82.43833	-104
82.44000	-105
82.44167	-104
82.44333	-104
82.44500	-104
82.44667	-104
82.44833	-104
82.45000	-104
82.45167	-104
82.45333	-104
82.45500	-104
82.45667	-104
82.45833	-103
82.46000	-104
82.46167	-104
82.46333	-104
82.46500	-105
82.46667	-104
82.46833	-104
82.47000	-105
82.47167	-104
82.47333	-105
82.47500	-105
82.47667	-105
82.47833	-105
82.48000	-105
82.48167	-106
82.48333	-105
82.48500	-105
82.48667	-106
82.48833	-105
82.49000	-106
82.49167	-106
82.49333	-106
82.49500	-105
82.49667	-106
82.49833	-106
82.50000	-106
82.50167	-106
82.50333	-106
82.50500	-106
82.50667	-107
82.50833	-106
82.51000	-106
82.51167	-106
82.51333	-106
82.51500	-106
82.51667	-107
82.51833	-107
82.52000	-107
82.52167	-107
82.52333	-107
82.52500	-107
82.52667	-108
82.52833	-107
82.53000	-108
82.53167	-108
82.53333	-108
82.53500	-108
82.53667	-108
82.53833	-108
82.54000	-109
82.54167	-109
82.54333	-108
82.54500	-109
82.54667	-108
82.54833	-109
82.55000	-109
82.55167	-109
82.55333	-110
82.55500	-109
82.55667	-109
82.55833	-110
82.56000	-110
82.56167	-109
82.56333	-110
82.56500	-110
82.56667	-111
82.56833	-110
82.57000	-110
82.57167	-111
82.57333	-111
82.57500	-111
82.57667	-111
82.57833	-111
82.58000	-111
82.58167	-112
82.58333	-112
82.58500	-112
82.58667	-112
82.58833	-112
82.59000	-112
82.59167	-112
82.59333	-113
82.59500	-113
82.59667	-113
82.59833	-114
82.60000	-113
82.60167	-114
82.60333	-114
82.60500	-113
82.60667	-114
82.60833	-114
82.61000	-115
82.61167	-114
82.61333	-115
82.61500	-115
82.61667	-116
82.61833	-115
82.62000	-116
82.62167	-116
82.62333	-116
82.62500	-116
82.62667	-117
82.62833	-117
82.63000	-117
82.63167	-118
82.63333	-118
82.63500	-118
82.63667	-118
82.63833	-118
82.64000	-119
82.64167	-119
82.64333	-119
82.64500	-120
82.64667	-120
82.64833	-120
82.65000	-120
82.65167	-121
82.65333	-121
82.65500	-121
82.65667	-121
82.65833	-122
82.66000	-121
82.66167	-122
82.66333	-122
82.66500	-122
82.66667	-122
82.66833	-123
82.67000	-122
82.67167	-123
82.67333	-123
82.67500	-123
82.67667	-123
82.67833	-124
82.68000	-124
82.68167	-123
82.68333	-125
82.68500	-124
82.68667	-124
82.68833	-125
82.69000	-124
82.69167	-124
82.69333	-124
82.69500	-124
82.69667	-125
82.69833	-124
82.70000	-124
82.70167	-124
82.70333	-125
82.70500	-124
82.70667	-124
82.70833	-125
82.71000	-124
82.71167	-124
82.71333	-125
82.71500	-124
82.71667	-124
82.71833	-125
82.72000	-124
82.72167	-125
82.72333	-124
82.72500	-124
82.72667	-125
82.72833	-124
82.73000	-125
82.73167	-124
82.73333	-125
82.73500	-124
82.73667	-125
82.73833	-125
82.74000	-125
82.74167	-125
82.74333	-125
82.74500	-125
82.74667	-125
82.74833	-126
82.75000	-125
82.75167	-125
82.75333	-126
82.75500	-125
82.75667	-126
82.75833	-126
82.76000	-126
82.76167	-126
82.76333	-126
82.76500	-126
82.76667	-126
82.76833	-126
82.77000	-126
82.77167	-126
82.77333	-127
82.77500	-126
82.77667	-127
82.77833	-127
82.78000	-127
82.78167	-127
82.78333	-127
82.78500	-128
82.78667	-127
82.78833	-128
82.79000	-127
82.79167	-128
82.79333	-128
82.79500	-128
82.79667	-129
82.79833	-128
82.80000	-128
82.80167	-128
82.80333	-128
82.80500	-129
82.80667	-129
82.80833	-129
82.81000	-129
82.81167	-129
82.81333	-129
82.81500	-129
82.81667	-129
82.81833	-130
82.82000	-129
82.82167	-130
82.82333	-129
82.82500	-130
82.82667	-130
82.82833	-129
82.83000	-130
82.83167	-129
82.83333	-130
82.83500	-130
82.83667	-129
82.83833	-130
82.84000	-130
82.84167	-130
82.84333	-130
82.84500	-131
82.84667	-130
82.84833	-131
82.85000	-131
82.85167	-131
82.85333	-132
82.85500	-132
82.85667	-132
82.85833	-133
82.86000	-133
82.86167	-132
82.86333	-134
82.86500	-134
82.86667	-133
82.86833	-134
82.87000	-134
82.87167	-135
82.87333	-135
82.87500	-135
82.87667	-135
82.87833	-136
82.88000	-135
82.88167	-136
82.88333	-136
82.88500	-136
82.88667	-137
82.88833	-136
82.89000	-137
82.89167	-136
82.89333	-136
82.89500	-137
82.89667	-136
82.89833	-136
82.90000	-136
82.90167	-136
82.90333	-136
82.90500	-136
82.90667	-136
82.90833	-136
82.91000	-136
82.91167	-135
82.91333	-136
82.91500	-135
82.91667	-136
82.91833	-135
82.92000	-136
82.92167	-135
82.92333	-135
82.92500	-135
82.92667	-135
82.92833	-135
82.93000	-134
82.93167	-135
82.93333	-135
82.93500	-135
82.93667	-136
82.93833	-135
82.94000	-136
82.94167	-135
82.94333	-136
82.94500	-136
82.94667	-136
82.94833	-136
82.95000	-137
82.95167	-137
82.95333	-137
82.95500	-137
82.95667	-138
82.95833	-138
82.96000	-138
82.96167	-138
82.96333	-139
82.96500	-138
82.96667	-140
82.96833	-139
82.97000	-139
82.97167	-140
82.97333	-140
82.97500	-140
82.97667	-140
82.97833	-140
82.98000	-141
82.98167	-140
82.98333	-141
82.98500	-141
82.98667	-141
82.98833	-141
82.99000	-142
82.99167	-141
82.99333	-141
82.99500	-142
82.99667	-141
82.99833	-142
83.00000	-141
83.00167	-142
83.00333	-141
83.00500	-142
83.00667	-141
83.00833	-142
83.01000	-142
83.01167	-142
83.01333	-142
83.01500	-143
83.01667	-142
83.01833	-143
83.02000	-142
83.02167	-143
83.02333	-143
83.02500	-143
83.02667	-144
83.02833	-143
83.03000	-144
83.03167	-144
83.03333	-144
83.03500	-145
83.03667	-145
83.03833	-145
83.04000	-146
83.04167	-145
83.04333	-147
83.04500	-146
83.04667	-146
83.04833	-147
83.05000	-147
83.05167	-147
83.05333	-148
83.05500	-147
83.05667	-148
83.05833	-148
83.06000	-149
83.06167	-148
83.06333	-149
83.06500	-149
83.06667	-149
83.06833	-149
83.07000	-150
83.07167	-149
83.07333	-150
83.07500	-150
83.07667	-149
83.07833	-150
83.08000	-150
83.08167	-149
83.08333	-150
83.08500	-149
83.08667	-150
83.08833	-149
83.09000	-150
83.09167	-149
83.09333	-149
83.09500	-149
83.09667	-149
83.09833	-148
83.10000	-149
83.10167	-148
83.10333	-148
83.10500	-148
83.10667	-148
83.10833	-148
83.11000	-147
83.11167	-148
83.11333	-148
83.11500	-148
83.11667	-147
83.11833	-148
83.12000	-148
83.12167	-148
83.12333	-149
83.12500	-148
83.12667	-149
83.12833	-149
83.13000	-149
83.13167	-149
83.13333	-149
83.13500	-150
83.13667	-150
83.13833	-150
83.14000	-150
83.14167	-151
83.14333	-150
83.14500	-151
83.14667	-152
83.14833	-151
83.15000	-152
83.15167	-152
83.15333	-152
83.15500	-152
83.15667	-153
83.15833	-152
83.16000	-154
83.16167	-153
83.16333	-153
83.16500	-154
83.16667	-154
83.16833	-154
83.17000	-153
83.17167	-154
83.17333	-154
83.17500	-154
83.17667	-154
83.17833	-153
83.18000	-154
83.18167	-154
83.18333	-154
83.18500	-154
83.18667	-154
83.18833	-154
83.19000	-154
83.19167	-155
83.19333	-154
83.19500	-155
83.19667	-154
83.19833	-155
83.20000	-155
83.20167	-154
83.20333	-155
83.20500	-155
83.20667	-155
83.20833	-155
83.21000	-155
83.21167	-155
83.21333	-155
83.21500	-155
83.21667	-155
83.21833	-155
83.22000	-155
83.22167	-155
83.22333	-154
83.22500	-155
83.22667	-155
83.22833	-154
83.23000	-155
83.23167	-154
83.23333	-154
83.23500	-154
83.23667	-154
83.23833	-154
83.24000	-153
83.24167	-154
83.24333	-153
83.24500	-153
83.24667	-154
83.24833	-153
83.25000	-153
83.25167	-153
83.25333	-153
83.25500	-154
83.25667	-153
83.25833	-153
83.26000	-153
83.26167	-153
83.26333	-153
83.26500	-153
83.26667	-153
83.26833	-153
83.27000	-154
83.27167	-153
83.27333	-154
83.27500	-153
83.27667	-154
83.27833	-154
83.28000	-154
83.28167	-155
83.28333	-154
83.28500	-155
83.28667	-154
83.28833	-155
83.29000	-155
83.29167	-155
83.29333	-155
83.29500	-155
83.29667	-155
83.29833	-156
83.30000	-156
83.30167	-156
83.30333	-157
83.30500	-156
83.30667	-157
83.30833	-156
83.31000	-157
83.31167	-157
83.31333	-157
83.31500	-157
83.31667	-157
83.31833	-158
83.32000	-157
83.32167	-158
83.32333	-158
83.32500	-159
83.32667	-159
83.32833	-158
83.33000	-159
83.33167	-159
83.33333	-159
83.33500	-159
83.33667	-159
83.33833	-159
83.34000	-159
83.34167	-159
83.34333	-160
83.34500	-159
83.34667	-160
83.34833	-160
83.35000	-160
83.35167	-160
83.35333	-160
83.35500	-161
83.35667	-161
83.35833	-160
83.36000	-161
83.36167	-161
83.36333	-161
83.36500	-162
83.36667	-161
83.36833	-162
83.37000	-161
83.37167	-162
83.37333	-162
83.37500	-162
83.37667	-162
83.37833	-162
83.38000	-163
83.38167	-162
83.38333	-163
83.38500	-162
83.38667	-163
83.38833	-163
83.39000	-163
83.39167	-164
83.39333	-163
83.39500	-164
83.39667	-164
83.39833	-164
83.40000	-164
83.40167	-164
83.40333	-165
83.40500	-165
83.40667	-165
83.40833	-165
83.41000	-166
83.41167	-165
83.41333	-166
83.41500	-166
83.41667	-167
83.41833	-166
83.42000	-166
83.42167	-166
83.42333	-166
83.42500	-167
83.42667	-166
83.42833	-166
83.43000	-166
83.43167	-166
83.43333	-166
83.43500	-166
83.43667	-166
83.43833	-166
83.44000	-166
83.44167	-166
83.44333	-165
83.44500	-166
83.44667	-166
83.44833	-166
83.45000	-166
83.45167	-166
83.45333	-167
83.45500	-167
83.45667	-167
83.45833	-167
83.46000	-167
83.46167	-168
83.46333	-168
83.46500	-168
83.46667	-169
83.46833	-168
83.47000	-169
83.47167	-170
83.47333	-170
83.47500	-170
83.47667	-170
83.47833	-171
83.48000	-171
83.48167	-171
83.48333	-172
83.48500	-172
83.48667	-172
83.48833	-171
83.49000	-172
83.49167	-172
83.49333	-173
83.49500	-172
83.49667	-172
83.49833	-173
83.50000	-172
83.50167	-172
83.50333	-172
83.50500	-172
83.50667	-172
83.50833	-172
83.51000	-172
83.51167	-173
83.51333	-172
83.51500	-172
83.51667	-172
83.51833	-172
83.52000	-171
83.52167	-172
83.52333	-171
83.52500	-172
83.52667	-171
83.52833	-172
83.53000	-171
83.53167	-171
83.53333	-171
83.53500	-172
83.53667	-171
83.53833	-171
83.54000	-171
83.54167	-172
83.54333	-171
83.54500	-171
83.54667	-172
83.54833	-171
83.55000	-171
83.55167	-171
83.55333	-171
83.55500	-172
83.55667	-171
83.55833	-171
83.56000	-171
83.56167	-171
83.56333	-171
83.56500	-171
83.56667	-171
83.56833	-171
83.57000	-171
83.57167	-171
83.57333	-172
83.57500	-171
83.57667	-171
83.57833	-171
83.58000	-171
83.58167	-171
83.58333	-171
83.58500	-172
83.58667	-171
83.58833	-171
83.59000	-171
83.59167	-171
83.59333	-172
83.59500	-171
83.59667	-172
83.59833	-171
83.60000	-172
83.60167	-171
83.60333	-172
83.60500	-172
83.60667	-172
83.60833	-172
83.61000	-172
83.61167	-172
83.61333	-173
83.61500	-173
83.61667	-172
83.61833	-173
83.62000	-173
83.62167	-173
83.62333	-173
83.62500	-174
83.62667	-174
83.62833	-173
83.63000	-174
83.63167	-174
83.63333	-175
83.63500	-174
83.63667	-174
83.63833	-175
83.64000	-175
83.64167	-175
83.64333	-175
83.64500	-176
83.64667	-175
83.64833	-176
83.65000	-176
83.65167	-176
83.65333	-177
83.65500	-177
83.65667	-177
83.65833	-177
83.66000	-178
83.66167	-177
83.66333	-178
83.66500	-178
83.66667	-179
83.66833	-178
83.67000	-179
83.67167	-179
83.67333	-180
83.67500	-179
83.67667	-179
83.67833	-180
83.68000	-179
83.68167	-180
83.68333	-180
83.68500	-180
83.68667	-180
83.68833	-180
83.69000	-181
83.69167	-180
83.69333	-181
83.69500	-180
83.69667	-180
83.69833	-181
83.70000	-180
83.70167	-180
83.70333	-180
83.70500	-180
83.70667	-180
83.70833	-180
83.71000	-181
83.71167	-180
83.71333	-180
83.71500	-180
83.71667	-181
83.71833	-180
83.72000	-181
83.72167	-180
83.72333	-181
83.72500	-181
83.72667	-181
83.72833	-181
83.73000	-181
83.73167	-181
83.73333	-181
83.73500	-181
83.73667	-181
83.73833	-180
83.74000	-182
83.74167	-181
83.74333	-181
83.74500	-181
83.74667	-182
83.74833	-182
83.75000	-182
83.75167	-181
83.75333	-182
83.75500	-182
83.75667	-182
83.75833	-183
83.76000	-182
83.76167	-182
83.76333	-183
83.76500	-182
83.76667	-183
83.76833	-182
83.77000	-183
83.77167	-182
83.77333	-183
83.77500	-182
83.77667	-183
83.77833	-182
83.78000	-183
83.78167	-182
83.78333	-183
83.78500	-182
83.78667	-182
83.78833	-182
83.79000	-181
83.79167	-182
83.79333	-182
83.79500	-182
83.79667	-181
83.79833	-182
83.80000	-181
83.80167	-181
83.80333	-182
83.80500	-181
83.80667	-180
83.80833	-181
83.81000	-181
83.81167	-180
83.81333	-181
83.81500	-180
83.81667	-181
83.81833	-180
83.82000	-181
83.82167	-180
83.82333	-180
83.82500	-181
83.82667	-180
83.82833	-180
83.83000	-181
83.83167	-180
83.83333	-181
83.83500	-180
83.83667	-181
83.83833	-180
83.84000	-181
83.84167	-181
83.84333	-181
83.84500	-181
83.84667	-181
83.84833	-181
83.85000	-182
83.85167	-182
83.85333	-182
83.85500	-182
83.85667	-182
83.85833	-183
83.86000	-182
83.86167	-183
83.86333	-183
83.86500	-184
83.86667	-183
83.86833	-184
83.87000	-184
83.87167	-184
83.87333	-184
83.87500	-185
83.87667	-184
83.87833	-185
83.88000	-185
83.88167	-184
83.88333	-185
83.88500	-185
83.88667	-185
83.88833	-185
83.89000	-184
83.89167	-185
83.89333	-185
83.89500	-184
83.89667	-184
83.89833	-185
83.90000	-184
83.90167	-184
83.90333	-184
83.90500	-183
83.90667	-184
83.90833	-183
83.91000	-183
83.91167	-183
83.91333	-183
83.91500	-183
83.91667	-183
83.91833	-183
83.92000	-182
83.92167	-182
83.92333	-183
83.92500	-182
83.92667	-183
83.92833	-182
83.93000	-182
83.93167	-183
83.93333	-182
83.93500	-183
83.93667	-182
83.93833	-183
83.94000	-182
83.94167	-183
83.94333	-183
83.94500	-182
83.94667	-183
83.94833	-183
83.95000	-183
83.95167	-183
83.95333	-183
83.95500	-183
83.95667	-183
83.95833	-184
83.96000	-183
83.96167	-184
83.96333	-183
83.96500	-184
83.96667	-183
83.96833	-184
83.97000	-183
83.97167	-184
83.97333	-184
83.97500	-183
83.97667	-184
83.97833	-183
83.98000	-184
83.98167	-183
83.98333	-183
83.98500	-184
83.98667	-183
83.98833	-183
83.99000	-183
83.99167	-183
83.99333	-183
83.99500	-182
83.99667	-183
83.99833	-183
84.00000	-182
84.00167	-183
84.00333	-183
84.00500	-182
84.00667	-183
84.00833	-182
84.01000	-183
84.01167	-182
84.01333	-183
84.01500	-182
84.01667	-183
84.01833	-183
84.02000	-183
84.02167	-183
84.02333	-184
84.02500	-183
84.02667	-184
84.02833	-184
84.03000	-183
84.03167	-184
84.03333	-184
84.03500	-185
84.03667	-184
84.03833	-185
84.04000	-185
84.04167	-185
84.04333	-185
84.04500	-186
84.04667	-186
84.04833	-186
84.05000	-187
84.05167	-186
84.05333	-186
84.05500	-187
84.05667	-187
84.05833	-187
84.06000	-187
84.06167	-187
84.06333	-187
84.06500	-187
84.06667	-187
84.06833	-187
84.07000	-188
84.07167	-187
84.07333	-188
84.07500	-187
84.07667	-188
84.07833	-187
84.08000	-188
84.08167	-187
84.08333	-188
84.08500	-188
84.08667	-187
84.08833	-188
84.09000	-187
84.09167	-188
84.09333	-187
84.09500	-188
84.09667	-187
84.09833	-188
84.10000	-187
84.10167	-187
84.10333	-188
84.10500	-187
84.10667	-188
84.10833	-187
84.11000	-188
84.11167	-187
84.11333	-188
84.11500	-188
84.11667	-188
84.11833	-188
84.12000	-188
84.12167	-188
84.12333	-188
84.12500	-188
84.12667	-189
84.12833	-188
84.13000	-188
84.13167	-189
84.13333	-189
84.13500	-189
84.13667	-189
84.13833	-189
84.14000	-189
84.14167	-190
84.14333	-190
84.14500	-190
84.14667	-190
84.14833	-189
84.15000	-190
84.15167	-190
84.15333	-189
84.15500	-190
84.15667	-189
84.15833	-190
84.16000	-189
84.16167	-189
84.16333	-189
84.16500	-189
84.16667	-190
84.16833	-189
84.17000	-188
84.17167	-189
84.17333	-189
84.17500	-189
84.17667	-189
84.17833	-188
84.18000	-188
84.18167	-189
84.18333	-188
84.18500	-188
84.18667	-188
84.18833	-188
84.19000	-188
84.19167	-187
84.19333	-188
84.19500	-188
84.19667	-188
84.19833	-188
84.20000	-188
84.20167	-188
84.20333	-189
84.20500	-188
84.20667	-189
84.20833	-189
84.21000	-189
84.21167	-190
84.21333	-189
84.21500	-190
84.21667	-190
84.21833	-190
84.22000	-190
84.22167	-191
84.22333	-190
84.22500	-191
84.22667	-192
84.22833	-191
84.23000	-192
84.23167	-192
84.23333	-191
84.23500	-192
84.23667	-193
84.23833	-193
84.24000	-192
84.24167	-193
84.24333	-193
84.24500	-194
84.24667	-193
84.24833	-193
84.25000	-193
84.25167	-194
84.25333	-193
84.25500	-194
84.25667	-193
84.25833	-194
84.26000	-193
84.26167	-194
84.26333	-193
84.26500	-193
84.26667	-193
84.26833	-193
84.27000	-193
84.27167	-193
84.27333	-193
84.27500	-192
84.27667	-193
84.27833	-193
84.28000	-193
84.28167	-192
84.28333	-193
84.28500	-192
84.28667	-192
84.28833	-192
84.29000	-192
84.29167	-192
84.29333	-192
84.29500	-192
84.29667	-192
84.29833	-192
84.30000	-192
84.30167	-192
84.30333	-192
84.30500	-192
84.30667	-191
84.30833	-192
84.31000	-192
84.31167	-192
84.31333	-192
84.31500	-192
84.31667	-193
84.31833	-192
84.32000	-192
84.32167	-193
84.32333	-193
84.32500	-193
84.32667	-193
84.32833	-193
84.33000	-193
84.33167	-194
84.33333	-193
84.33500	-193
84.33667	-194
84.33833	-194
84.34000	-194
84.34167	-193
84.34333	-194
84.34500	-194
84.34667	-195
84.34833	-194
84.35000	-194
84.35167	-194
84.35333	-194
84.35500	-195
84.35667	-194
84.35833	-195
84.36000	-195
84.36167	-195
84.36333	-195
84.36500	-196
84.36667	-195
84.36833	-196
84.37000	-195
84.37167	-196
84.37333	-196
84.37500	-196
84.37667	-196
84.37833	-197
84.38000	-196
84.38167	-197
84.38333	-197
84.38500	-197
84.38667	-197
84.38833	-198
84.39000	-197
84.39167	-198
84.39333	-197
84.39500	-198
84.39667	-198
84.39833	-198
84.40000	-198
84.40167	-198
84.40333	-198
84.40500	-197
84.40667	-198
84.40833	-198
84.41000	-198
84.41167	-198
84.41333	-198
84.41500	-197
84.41667	-198
84.41833	-198
84.42000	-198
84.42167	-198
84.42333	-197
84.42500	-198
84.42667	-198
84.42833	-197
84.43000	-198
84.43167	-198
84.43333	-198
84.43500	-198
84.43667	-198
84.43833	-198
84.44000	-198
84.44167	-198
84.44333	-198
84.44500	-198
84.44667	-198
84.44833	-198
84.45000	-199
84.45167	-198
84.45333	-197
84.45500	-198
84.45667	-198
84.45833	-198
84.46000	-198
84.46167	-199
84.46333	-198
84.46500	-198
84.46667	-199
84.46833	-198
84.47000	-198
84.47167	-198
84.47333	-199
84.47500	-198
84.47667	-198
84.47833	-197
84.48000	-198
84.48167	-198
84.48333	-198
84.48500	-198
84.48667	-198
84.48833	-198
84.49000	-198
84.49167	-199
84.49333	-198
84.49500	-199
84.49667	-198
84.49833	-199
84.50000	-198
84.50167	-199
84.50333	-198
84.50500	-198
84.50667	-199
84.50833	-198
84.51000	-198
84.51167	-199
84.51333	-198
84.51500	-198
84.51667	-198
84.51833	-198
84.52000	-197
84.52167	-197
84.52333	-198
84.52500	-197
84.52667	-197
84.52833	-197
84.53000	-197
84.53167	-197
84.53333	-197
84.53500	-197
84.53667	-197
84.53833	-197
84.54000	-196
84.54167	-197
84.54333	-196
84.54500	-196
84.54667	-197
84.54833	-196
84.55000	-197
84.55167	-197
84.55333	-197
84.55500	-196
84.55667	-197
84.55833	-197
84.56000	-196
84.56167	-197
84.56333	-197
84.56500	-197
84.56667	-197
84.56833	-197
84.57000	-198
84.57167	-197
84.57333	-198
84.57500	-198
84.57667	-198
84.57833	-198
84.58000	-199
84.58167	-198
84.58333	-199
84.58500	-199
84.58667	-200
84.58833	-199
84.59000	-200
84.59167	-200
84.59333	-200
84.59500	-201
84.59667	-201
84.59833	-201
84.60000	-202
84.60167	-201
84.60333	-202
84.60500	-202
84.60667	-202
84.60833	-202
84.61000	-202
84.61167	-202
84.61333	-202
84.61500	-202
84.61667	-202
84.61833	-202
84.62000	-202
84.62167	-202
84.62333	-201
84.62500	-201
84.62667	-202
84.62833	-201
84.63000	-201
84.63167	-201
84.63333	-201
84.63500	-201
84.63667	-200
84.63833	-201
84.64000	-199
84.64167	-200
84.64333	-200
84.64500	-199
84.64667	-200
84.64833	-199
84.65000	-198
84.65167	-199
84.65333	-198
84.65500	-199
84.65667	-198
84.65833	-198
84.66000	-199
84.66167	-198
84.66333	-199
84.66500	-198
84.66667	-199
84.66833	-198
84.67000	-198
84.67167	-199
84.67333	-199
84.67500	-198
84.67667	-199
84.67833	-199
84.68000	-199
84.68167	-199
84.68333	-199
84.68500	-199
84.68667	-199
84.68833	-198
84.69000	-199
84.69167	-199
84.69333	-199
84.69500	-199
84.69667	-199
84.69833	-198
84.70000	-199
84.70167	-198
84.70333	-199
84.70500	-198
84.70667	-198
84.70833	-198
84.71000	-199
84.71167	-198
84.71333	-198
84.71500	-198
84.71667	-198
84.71833	-198
84.72000	-198
84.72167	-198
84.72333	-198
84.72500	-198
84.72667	-199
84.72833	-198
84.73000	-198
84.73167	-198
84.73333	-198
84.73500	-199
84.73667	-198
84.73833	-198
84.74000	-199
84.74167	-198
84.74333	-198
84.74500	-199
84.74667	-198
84.74833	-199
84.75000	-199
84.75167	-199
84.75333	-199
84.75500	-199
84.75667	-199
84.75833	-199
84.76000	-199
84.76167	-199
84.76333	-199
84.76500	-199
84.76667	-199
84.76833	-199
84.77000	-200
84.77167	-199
84.77333	-199
84.77500	-200
84.77667	-199
84.77833	-200
84.78000	-199
84.78167	-200
84.78333	-199
84.78500	-200
84.78667	-200
84.78833	-200
84.79000	-200
84.79167	-200
84.79333	-201
84.79500	-200
84.79667	-200
84.79833	-201
84.80000	-200
84.80167	-200
84.80333	-201
84.80500	-200
84.80667	-201
84.80833	-200
84.81000	-201
84.81167	-201
84.81333	-200
84.81500	-201
84.81667	-201
84.81833	-201
84.82000	-201
84.82167	-201
84.82333	-200
84.82500	-201
84.82667	-200
84.82833	-200
84.83000	-200
84.83167	-200
84.83333	-199
84.83500	-200
84.83667	-200
84.83833	-199
84.84000	-199
84.84167	-199
84.84333	-199
84.84500	-199
84.84667	-198
84.84833	-199
84.85000	-198
84.85167	-198
84.85333	-198
84.85500	-199
84.85667	-198
84.85833	-198
84.86000	-198
84.86167	-198
84.86333	-197
84.86500	-198
84.86667	-199
84.86833	-198
84.87000	-198
84.87167	-198
84.87333	-198
84.87500	-199
84.87667	-198
84.87833	-199
84.88000	-198
84.88167	-199
84.88333	-198
84.88500	-199
84.88667	-199
84.88833	-199
84.89000	-200
84.89167	-200
84.89333	-200
84.89500	-201
84.89667	-201
84.89833	-201
84.90000	-201
84.90167	-202
84.90333	-202
84.90500	-202
84.90667	-203
84.90833	-203
84.91000	-203
84.91167	-203
84.91333	-203
84.91500	-204
84.91667	-204
84.91833	-204
84.92000	-204
84.92167	-204
84.92333	-205
84.92500	-205
84.92667	-205
84.92833	-205
84.93000	-205
84.93167	-205
84.93333	-205
84.93500	-204
84.93667	-205
84.93833	-205
84.94000	-205
84.94167	-204
84.94333	-205
84.94500	-204
84.94667	-204
84.94833	-204
84.95000	-204
84.95167	-203
84.95333	-204
84.95500	-203
84.95667	-203
84.95833	-203
84.96000	-202
84.96167	-202
84.96333	-202
84.96500	-202
84.96667	-202
84.96833	-201
84.97000	-202
84.97167	-201
84.97333	-201
84.97500	-201
84.97667	-200
84.97833	-201
84.98000	-201
84.98167	-200
84.98333	-201
84.98500	-200
84.98667	-201
84.98833	-200
84.99000	-201
84.99167	-200
84.99333	-201
84.99500	-201
84.99667	-202
84.99833	-201
85.00000	-202
85.00167	-201
85.00333	-202
85.00500	-202
85.00667	-202
85.00833	-203
85.01000	-202
85.01167	-203
85.01333	-202
85.01500	-203
85.01667	-203
85.01833	-202
85.02000	-203
85.02167	-204
85.02333	-203
85.02500	-203
85.02667	-203
85.02833	-203
85.03000	-203
85.03167	-203
85.03333	-203
85.03500	-204
85.03667	-203
85.03833	-203
85.04000	-203
85.04167	-204
85.04333	-203
85.04500	-204
85.04667	-204
85.04833	-203
85.05000	-204
85.05167	-204
85.05333	-204
85.05500	-203
85.05667	-204
85.05833	-204
85.06000	-204
85.06167	-204
85.06333	-203
85.06500	-204
85.06667	-204
85.06833	-204
85.07000	-204
85.07167	-204
85.07333	-205
85.07500	-204
85.07667	-205
85.07833	-204
85.08000	-205
85.08167	-205
85.08333	-205
85.08500	-205
85.08667	-204
85.08833	-205
85.09000	-205
85.09167	-205
85.09333	-205
85.09500	-205
85.09667	-205
85.09833	-205
85.10000	-205
85.10167	-205
85.10333	-205
85.10500	-205
85.10667	-205
85.10833	-205
85.11000	-204
85.11167	-205
85.11333	-205
85.11500	-204
85.11667	-205
85.11833	-204
85.12000	-205
85.12167	-204
85.12333	-204
85.12500	-205
85.12667	-204
85.12833	-204
85.13000	-205
85.13167	-204
85.13333	-204
85.13500	-204
85.13667	-204
85.13833	-205
85.14000	-204
85.14167	-204
85.14333	-204
85.14500	-204
85.14667	-205
85.14833	-204
85.15000	-204
85.15167	-204
85.15333	-205
85.15500	-205
85.15667	-204
85.15833	-205
85.16000	-205
85.16167	-204
85.16333	-206
85.16500	-205
85.16667	-205
85.16833	-205
85.17000	-205
85.17167	-205
85.17333	-205
85.17500	-205
85.17667	-206
85.17833	-205
85.18000	-206
85.18167	-206
85.18333	-205
85.18500	-206
85.18667	-207
85.18833	-206
85.19000	-206
85.19167	-207
85.19333	-208
85.19500	-207
85.19667	-207
85.19833	-207
85.20000	-208
85.20167	-208
85.20333	-208
85.20500	-208
85.20667	-208
85.20833	-208
85.21000	-209
85.21167	-208
85.21333	-209
85.21500	-208
85.21667	-209
85.21833	-209
85.22000	-210
85.22167	-209
85.22333	-210
85.22500	-209
85.22667	-210
85.22833	-210
85.23000	-209
85.23167	-210
85.23333	-209
85.23500	-209
85.23667	-209
85.23833	-209
85.24000	-209
85.24167	-208
85.24333	-209
85.24500	-208
85.24667	-208
85.24833	-207
85.25000	-208
85.25167	-207
85.25333	-208
85.25500	-207
85.25667	-207
85.25833	-207
85.26000	-207
85.26167	-207
85.26333	-206
85.26500	-206
85.26667	-207
85.26833	-205
85.27000	-206
85.27167	-205
85.27333	-206
85.27500	-205
85.27667	-206
85.27833	-205
85.28000	-205
85.28167	-206
85.28333	-205
85.28500	-205
85.28667	-205
85.28833	-205
85.29000	-206
85.29167	-205
85.29333	-206
85.29500	-206
85.29667	-205
85.29833	-206
85.30000	-206
85.30167	-206
85.30333	-207
85.30500	-207
85.30667	-207
85.30833	-207
85.31000	-207
85.31167	-207
85.31333	-207
85.31500	-208
85.31667	-207
85.31833	-207
85.32000	-208
85.32167	-207
85.32333	-208
85.32500	-207
85.32667	-207
85.32833	-208
85.33000	-207
85.33167	-207
85.33333	-207
85.33500	-207
85.33667	-207
85.33833	-207
85.34000	-207
85.34167	-208
85.34333	-207
85.34500	-207
85.34667	-207
85.34833	-208
85.35000	-207
85.35167	-207
85.35333	-208
85.35500	-208
85.35667	-207
85.35833	-208
85.36000	-208
85.36167	-208
85.36333	-208
85.36500	-208
85.36667	-208
85.36833	-208
85.37000	-208
85.37167	-208
85.37333	-208
85.37500	-208
85.37667	-208
85.37833	-207
85.38000	-208
85.38167	-208
85.38333	-208
85.38500	-207
85.38667	-208
85.38833	-207
85.39000	-207
85.39167	-208
85.39333	-207
85.39500	-207
85.39667	-207
85.39833	-207
85.40000	-207
85.40167	-206
85.40333	-207
85.40500	-207
85.40667	-207
85.40833	-207
85.41000	-208
85.41167	-207
85.41333	-207
85.41500	-207
85.41667	-207
85.41833	-208
85.42000	-207
85.42167	-207
85.42333	-208
85.42500	-207
85.42667	-207
85.42833	-207
85.43000	-207
85.43167	-207
85.43333	-207
85.43500	-207
85.43667	-206
85.43833	-207
85.44000	-206
85.44167	-207
85.44333	-206
85.44500	-206
85.44667	-206
85.44833	-206
85.45000	-206
85.45167	-206
85.45333	-206
85.45500	-206
85.45667	-206
85.45833	-206
85.46000	-206
85.46167	-206
85.46333	-206
85.46500	-206
85.46667	-206
85.46833	-206
85.47000	-206
85.47167	-206
85.47333	-207
85.47500	-206
85.47667	-207
85.47833	-206
85.48000	-207
85.48167	-206
85.48333	-207
85.48500	-206
85.48667	-207
85.48833	-207
85.49000	-207
85.49167	-207
85.49333	-207
85.49500	-207
85.49667	-207
85.49833	-207
85.50000	-207
85.50167	-207
85.50333	-208
85.50500	-207
85.50667	-207
85.50833	-208
85.51000	-208
85.51167	-208
85.51333	-208
85.51500	-208
85.51667	-208
85.51833	-208
85.52000	-208
85.52167	-209
85.52333	-208
85.52500	-208
85.52667	-208
85.52833	-208
85.53000	-208
85.53167	-209
85.53333	-208
85.53500	-208
85.53667	-208
85.53833	-209
85.54000	-208
85.54167	-209
85.54333	-208
85.54500	-208
85.54667	-209
85.54833	-208
85.55000	-208
85.55167	-208
85.55333	-209
85.55500	-208
85.55667	-208
85.55833	-208
85.56000	-208
85.56167	-209
85.56333	-208
85.56500	-209
85.56667	-208
85.56833	-209
85.57000	-209
85.57167	-210
85.57333	-210
85.57500	-209
85.57667	-210
85.57833	-210
85.58000	-210
85.58167	-210
85.58333	-211
85.58500	-210
85.58667	-211
85.58833	-211
85.59000	-211
85.59167	-211
85.59333	-211
85.59500	-211
85.59667	-211
85.59833	-212
85.60000	-211
85.60167	-211
85.60333	-212
85.60500	-211
85.60667	-211
85.60833	-211
85.61000	-210
85.61167	-211
85.61333	-211
85.61500	-210
85.61667	-210
85.61833	-210
85.62000	-209
85.62167	-210
85.62333	-209
85.62500	-209
85.62667	-209
85.62833	-209
85.63000	-208
85.63167	-209
85.63333	-208
85.63500	-208
85.63667	-207
85.63833	-208
85.64000	-208
85.64167	-207
85.64333	-207
85.64500	-207
85.64667	-207
85.64833	-207
85.65000	-207
85.65167	-207
85.65333	-206
85.65500	-207
85.65667	-206
85.65833	-207
85.66000	-206
85.66167	-207
85.66333	-206
85.66500	-207
85.66667	-206
85.66833	-207
85.67000	-207
85.67167	-206
85.67333	-207
85.67500	-207
85.67667	-207
85.67833	-207
85.68000	-208
85.68167	-207
85.68333	-207
85.68500	-207
85.68667	-208
85.68833	-207
85.69000	-208
85.69167	-207
85.69333	-208
85.69500	-208
85.69667	-208
85.69833	-208
85.70000	-208
85.70167	-208
85.70333	-208
85.70500	-208
85.70667	-209
85.70833	-208
85.71000	-208
85.71167	-209
85.71333	-208
85.71500	-208
85.71667	-209
85.71833	-208
85.72000	-208
85.72167	-208
85.72333	-209
85.72500	-208
85.72667	-208
85.72833	-208
85.73000	-208
85.73167	-207
85.73333	-208
85.73500	-208
85.73667	-207
85.73833	-208
85.74000	-207
85.74167	-208
85.74333	-208
85.74500	-208
85.74667	-207
85.74833	-208
85.75000	-208
85.75167	-208
85.75333	-208
85.75500	-208
85.75667	-209
85.75833	-208
85.76000	-208
85.76167	-209
85.76333	-209
85.76500	-209
85.76667	-209
85.76833	-209
85.77000	-209
85.77167	-210
85.77333	-209
85.77500	-210
85.77667	-210
85.77833	-210
85.78000	-210
85.78167	-211
85.78333	-210
85.78500	-210
85.78667	-211
85.78833	-210
85.79000	-211
85.79167	-211
85.79333	-210
85.79500	-211
85.79667	-211
85.79833	-210
85.80000	-211
85.80167	-211
85.80333	-211
85.80500	-210
85.80667	-211
85.80833	-210
85.81000	-211
85.81167	-210
85.81333	-211
85.81500	-210
85.81667	-210
85.81833	-211
85.82000	-210
85.82167	-210
85.82333	-210
85.82500	-211
85.82667	-210
85.82833	-210
85.83000	-210
85.83167	-210
85.83333	-211
85.83500	-210
85.83667	-210
85.83833	-211
85.84000	-210
85.84167	-210
85.84333	-211
85.84500	-210
85.84667	-210
85.84833	-211
85.85000	-210
85.85167	-211
85.85333	-210
85.85500	-211
85.85667	-211
85.85833	-211
85.86000	-211
85.86167	-212
85.86333	-211
85.86500	-211
85.86667	-211
85.86833	-212
85.87000	-211
85.87167	-211
85.87333	-212
85.87500	-211
85.87667	-211
85.87833	-212
85.88000	-212
85.88167	-211
85.88333	-212
85.88500	-211
85.88667	-212
85.88833	-211
85.89000	-211
85.89167	-212
85.89333	-211
85.89500	-211
85.89667	-211
85.89833	-210
85.90000	-211
85.90167	-210
85.90333	-211
85.90500	-210
85.90667	-210
85.90833	-210
85.91000	-210
85.91167	-210
85.91333	-210
85.91500	-210
85.91667	-209
85.91833	-209
85.92000	-209
85.92167	-209
85.92333	-209
85.92500	-209
85.92667	-208
85.92833	-209
85.93000	-209
85.93167	-209
85.93333	-209
85.93500	-208
85.93667	-209
85.93833	-208
85.94000	-209
85.94167	-208
85.94333	-209
85.94500	-209
85.94667	-209
85.94833	-209
85.95000	-208
85.95167	-210
85.95333	-209
85.95500	-209
85.95667	-209
85.95833	-209
85.96000	-210
85.96167	-209
85.96333	-210
85.96500	-209
85.96667	-210
85.96833	-210
85.97000	-210
85.97167	-209
85.97333	-210
85.97500	-210
85.97667	-210
85.97833	-210
85.98000	-209
85.98167	-210
85.98333	-210
85.98500	-209
85.98667	-210
85.98833	-209
85.99000	-209
85.99167	-209
85.99333	-209
85.99500	-209
85.99667	-209
85.99833	-208
86.00000	-209
86.00167	-208
86.00333	-208
86.00500	-208
86.00667	-208
86.00833	-208
86.01000	-208
86.01167	-208
86.01333	-207
86.01500	-208
86.01667	-207
86.01833	-207
86.02000	-207
86.02167	-208
86.02333	-207
86.02500	-207
86.02667	-207
86.02833	-207
86.03000	-207
86.03167	-207
86.03333	-208
86.03500	-207
86.03667	-208
86.03833	-208
86.04000	-208
86.04167	-208
86.04333	-208
86.04500	-209
86.04667	-208
86.04833	-209
86.05000	-210
86.05167	-209
86.05333	-209
86.05500	-210
86.05667	-210
86.05833	-210
86.06000	-211
86.06167	-210
86.06333	-210
86.06500	-211
86.06667	-211
86.06833	-210
86.07000	-211
86.07167	-211
86.07333	-211
86.07500	-211
86.07667	-211
86.07833	-210
86.08000	-211
86.08167	-211
86.08333	-210
86.08500	-211
86.08667	-210
86.08833	-210
86.09000	-211
86.09167	-209
86.09333	-210
86.09500	-210
86.09667	-210
86.09833	-209
86.10000	-210
86.10167	-209
86.10333	-209
86.10500	-209
86.10667	-208
86.10833	-209
86.11000	-209
86.11167	-209
86.11333	-209
86.11500	-208
86.11667	-209
86.11833	-208
86.12000	-209
86.12167	-209
86.12333	-208
86.12500	-209
86.12667	-208
86.12833	-209
86.13000	-209
86.13167	-208
86.13333	-209
86.13500	-208
86.13667	-209
86.13833	-208
86.14000	-209
86.14167	-209
86.14333	-209
86.14500	-209
86.14667	-209
86.14833	-209
86.15000	-209
86.15167	-209
86.15333	-209
86.15500	-210
86.15667	-209
86.15833	-210
86.16000	-209
86.16167	-210
86.16333	-210
86.16500	-210
86.16667	-210
86.16833	-210
86.17000	-210
86.17167	-210
86.17333	-210
86.17500	-211
86.17667	-210
86.17833	-211
86.18000	-210
86.18167	-211
86.18333	-210
86.18500	-211
86.18667	-210
86.18833	-211
86.19000	-210
86.19167	-210
86.19333	-211
86.19500	-210
86.19667	-211
86.19833	-210
86.20000	-211
86.20167	-210
86.20333	-210
86.20500	-211
86.20667	-210
86.20833	-210
86.21000	-210
86.21167	-210
86.21333	-210
86.21500	-209
86.21667	-210
86.21833	-210
86.22000	-209
86.22167	-209
86.22333	-209
86.22500	-209
86.22667	-209
86.22833	-209
86.23000	-208
86.23167	-208
86.23333	-208
86.23500	-208
86.23667	-207
86.23833	-208
86.24000	-207
86.24167	-207
86.24333	-207
86.24500	-207
86.24667	-206
86.24833	-207
86.25000	-206
86.25167	-206
86.25333	-205
86.25500	-206
86.25667	-206
86.25833	-206
86.26000	-205
86.26167	-206
86.26333	-205
86.26500	-206
86.26667	-205
86.26833	-206
86.27000	-205
86.27167	-205
86.27333	-205
86.27500	-206
86.27667	-205
86.27833	-206
86.28000	-206
86.28167	-206
86.28333	-206
86.28500	-207
86.28667	-206
86.28833	-207
86.29000	-207
86.29167	-208
86.29333	-207
86.29500	-208
86.29667	-208
86.29833	-209
86.30000	-208
86.30167	-209
86.30333	-209
86.30500	-210
86.30667	-209
86.30833	-209
86.31000	-210
86.31167	-209
86.31333	-210
86.31500	-210
86.31667	-210
86.31833	-210
86.32000	-210
86.32167	-210
86.32333	-210
86.32500	-209
86.32667	-210
86.32833	-210
86.33000	-210
86.33167	-210
86.33333	-209
86.33500	-210
86.33667	-210
86.33833	-210
86.34000	-210
86.34167	-210
86.34333	-210
86.34500	-210
86.34667	-210
86.34833	-209
86.35000	-210
86.35167	-210
86.35333	-210
86.35500	-210
86.35667	-210
86.35833	-210
86.36000	-210
86.36167	-210
86.36333	-210
86.36500	-210
86.36667	-211
86.36833	-210
86.37000	-211
86.37167	-210
86.37333	-211
86.37500	-210
86.37667	-211
86.37833	-211
86.38000	-210
86.38167	-211
86.38333	-211
86.38500	-211
86.38667	-211
86.38833	-211
86.39000	-211
86.39167	-212
86.39333	-211
86.39500	-212
86.39667	-212
86.39833	-212
86.40000	-211
86.40167	-212
86.40333	-212
86.40500	-212
86.40667	-211
86.40833	-212
86.41000	-212
86.41167	-212
86.41333	-212
86.41500	-213
86.41667	-212
86.41833	-212
86.42000	-213
86.42167	-212
86.42333	-212
86.42500	-213
86.42667	-212
86.42833	-212
86.43000	-213
86.43167	-212
86.43333	-213
86.43500	-212
86.43667	-213
86.43833	-212
86.44000	-212
86.44167	-213
86.44333	-212
86.44500	-213
86.44667	-212
86.44833	-213
86.45000	-212
86.45167	-212
86.45333	-212
86.45500	-212
86.45667	-212
86.45833	-212
86.46000	-212
86.46167	-212
86.46333	-212
86.46500	-212
86.46667	-211
86.46833	-212
86.47000	-212
86.47167	-211
86.47333	-212
86.47500	-211
86.47667	-211
86.47833	-210
86.48000	-211
86.48167	-211
86.48333	-210
86.48500	-210
86.48667	-209
86.48833	-210
86.49000	-209
86.49167	-209
86.49333	-209
86.49500	-209
86.49667	-209
86.49833	-209
86.50000	-208
86.50167	-208
86.50333	-209
86.50500	-208
86.50667	-208
86.50833	-208
86.51000	-208
86.51167	-208
86.51333	-209
86.51500	-208
86.51667	-208
86.51833	-208
86.52000	-208
86.52167	-208
86.52333	-208
86.52500	-208
86.52667	-209
86.52833	-208
86.53000	-208
86.53167	-208
86.53333	-208
86.53500	-208
86.53667	-208
86.53833	-208
86.54000	-208
86.54167	-207
86.54333	-208
86.54500	-208
86.54667	-207
86.54833	-208
86.55000	-207
86.55167	-207
86.55333	-208
86.55500	-207
86.55667	-208
86.55833	-208
86.56000	-207
86.56167	-208
86.56333	-208
86.56500	-208
86.56667	-208
86.56833	-208
86.57000	-209
86.57167	-208
86.57333	-208
86.57500	-208
86.57667	-209
86.57833	-208
86.58000	-209
86.58167	-208
86.58333	-208
86.58500	-209
86.58667	-208
86.58833	-209
86.59000	-208
86.59167	-208
86.59333	-208
86.59500	-208
86.59667	-208
86.59833	-208
86.60000	-207
86.60167	-208
86.60333	-207
86.60500	-206
86.60667	-207
86.60833	-206
86.61000	-206
86.61167	-206
86.61333	-206
86.61500	-206
86.61667	-205
86.61833	-205
86.62000	-205
86.62167	-205
86.62333	-205
86.62500	-204
86.62667	-205
86.62833	-204
86.63000	-205
86.63167	-204
86.63333	-205
86.63500	-204
86.63667	-205
86.63833	-205
86.64000	-204
86.64167	-205
86.64333	-205
86.64500	-205
86.64667	-206
86.64833	-205
86.65000	-206
86.65167	-205
86.65333	-206
86.65500	-206
86.65667	-206
86.65833	-207
86.66000	-207
86.66167	-207
86.66333	-207
86.66500	-208
86.66667	-208
86.66833	-208
86.67000	-208
86.67167	-208
86.67333	-208
86.67500	-209
86.67667	-208
86.67833	-209
86.68000	-208
86.68167	-210
86.68333	-209
86.68500	-209
86.68667	-209
86.68833	-210
86.69000	-209
86.69167	-209
86.69333	-209
86.69500	-210
86.69667	-209
86.69833	-209
86.70000	-209
86.70167	-209
86.70333	-209
86.70500	-208
86.70667	-209
86.70833	-208
86.71000	-209
86.71167	-208
86.71333	-207
86.71500	-208
86.71667	-208
86.71833	-207
86.72000	-207
86.72167	-207
86.72333	-207
86.72500	-206
86.72667	-207
86.72833	-206
86.73000	-206
86.73167	-205
86.73333	-206
86.73500	-205
86.73667	-205
86.73833	-206
86.74000	-205
86.74167	-205
86.74333	-205
86.74500	-205
86.74667	-205
86.74833	-205
86.75000	-204
86.75167	-205
86.75333	-205
86.75500	-204
86.75667	-205
86.75833	-204
86.76000	-205
86.76167	-204
86.76333	-204
86.76500	-205
86.76667	-204
86.76833	-205
86.77000	-204
86.77167	-205
86.77333	-204
86.77500	-205
86.77667	-205
86.77833	-205
86.78000	-204
86.78167	-205
86.78333	-205
86.78500	-205
86.78667	-205
86.78833	-205
86.79000	-205
86.79167	-205
86.79333	-205
86.79500	-205
86.79667	-205
86.79833	-205
86.80000	-205
86.80167	-205
86.80333	-205
86.80500	-205
86.80667	-205
86.80833	-205
86.81000	-205
86.81167	-205
86.81333	-205
86.81500	-204
86.81667	-205
86.81833	-204
86.82000	-204
86.82167	-204
86.82333	-204
86.82500	-204
86.82667	-204
86.82833	-204
86.83000	-204
86.83167	-203
86.83333	-204
86.83500	-204
86.83667	-203
86.83833	-204
86.84000	-203
86.84167	-204
86.84333	-204
86.84500	-204
86.84667	-203
86.84833	-204
86.85000	-204
86.85167	-204
86.85333	-203
86.85500	-204
86.85667	-203
86.85833	-204
86.86000	-203
86.86167	-204
86.86333	-203
86.86500	-204
86.86667	-203
86.86833	-203
86.87000	-203
86.87167	-204
86.87333	-203
86.87500	-204
86.87667	-204
86.87833	-203
86.88000	-204
86.88167	-204
86.88333	-205
86.88500	-204
86.88667	-204
86.88833	-205
86.89000	-204
86.89167	-205
86.89333	-204
86.89500	-205
86.89667	-206
86.89833	-205
86.90000	-205
86.90167	-206
86.90333	-206
86.90500	-205
86.90667	-206
86.90833	-205
86.91000	-206
86.91167	-205
86.91333	-205
86.91500	-205
86.91667	-205
86.91833	-205
86.92000	-205
86.92167	-204
86.92333	-205
86.92500	-203
86.92667	-205
86.92833	-203
86.93000	-204
86.93167	-203
86.93333	-203
86.93500	-202
86.93667	-203
86.93833	-202
86.94000	-202
86.94167	-202
86.94333	-202
86.94500	-201
86.94667	-202
86.94833	-201
86.95000	-202
86.95167	-201
86.95333	-201
86.95500	-201
86.95667	-201
86.95833	-202
86.96000	-201
86.96167	-201
86.96333	-201
86.96500	-202
86.96667	-201
86.96833	-202
86.97000	-201
86.97167	-201
86.97333	-201
86.97500	-202
86.97667	-201
86.97833	-202
86.98000	-201
86.98167	-202
86.98333	-201
86.98500	-202
86.98667	-202
86.98833	-201
86.99000	-202
86.99167	-202
86.99333	-202
86.99500	-201
86.99667	-202
86.99833	-202
87.00000	-202
87.00167	-201
87.00333	-202
87.00500	-202
87.00667	-202
87.00833	-202
87.01000	-202
87.01167	-203
87.01333	-202
87.01500	-202
87.01667	-203
87.01833	-202
87.02000	-203
87.02167	-203
87.02333	-202
87.02500	-203
87.02667	-203
87.02833	-203
87.03000	-203
87.03167	-203
87.03333	-203
87.03500	-204
87.03667	-202
87.03833	-203
87.04000	-203
87.04167	-203
87.04333	-203
87.04500	-203
87.04667	-202
87.04833	-203
87.05000	-203
87.05167	-202
87.05333	-203
87.05500	-202
87.05667	-202
87.05833	-202
87.06000	-202
87.06167	-202
87.06333	-201
87.06500	-202
87.06667	-201
87.06833	-201
87.07000	-201
87.07167	-201
87.07333	-201
87.07500	-201
87.07667	-200
87.07833	-200
87.08000	-201
87.08167	-200
87.08333	-200
87.08500	-200
87.08667	-200
87.08833	-200
87.09000	-200
87.09167	-200
87.09333	-199
87.09500	-199
87.09667	-199
87.09833	-199
87.10000	-199
87.10167	-199
87.10333	-199
87.10500	-198
87.10667	-198
87.10833	-199
87.11000	-198
87.11167	-199
87.11333	-198
87.11500	-199
87.11667	-199
87.11833	-199
87.12000	-199
87.12167	-200
87.12333	-199
87.12500	-200
87.12667	-200
87.12833	-200
87.13000	-200
87.13167	-200
87.13333	-201
87.13500	-201
87.13667	-201
87.13833	-201
87.14000	-201
87.14167	-202
87.14333	-201
87.14500	-202
87.14667	-202
87.14833	-201
87.15000	-202
87.15167	-203
87.15333	-202
87.15500	-203
87.15667	-202
87.15833	-203
87.16000	-202
87.16167	-202
87.16333	-202
87.16500	-202
87.16667	-202
87.16833	-201
87.17000	-202
87.17167	-202
87.17333	-202
87.17500	-201
87.17667	-202
87.17833	-201
87.18000	-202
87.18167	-201
87.18333	-201
87.18500	-201
87.18667	-200
87.18833	-201
87.19000	-200
87.19167	-200
87.19333	-201
87.19500	-200
87.19667	-200
87.19833	-200
87.20000	-199
87.20167	-200
87.20333	-199
87.20500	-200
87.20667	-199
87.20833	-199
87.21000	-199
87.21167	-199
87.21333	-199
87.21500	-199
87.21667	-198
87.21833	-198
87.22000	-198
87.22167	-198
87.22333	-198
87.22500	-198
87.22667	-198
87.22833	-198
87.23000	-197
87.23167	-198
87.23333	-197
87.23500	-197
87.23667	-197
87.23833	-197
87.24000	-197
87.24167	-196
87.24333	-197
87.24500	-196
87.24667	-196
87.24833	-196
87.25000	-197
87.25167	-195
87.25333	-196
87.25500	-196
87.25667	-196
87.25833	-196
87.26000	-196
87.26167	-196
87.26333	-196
87.26500	-196
87.26667	-195
87.26833	-196
87.27000	-196
87.27167	-196
87.27333	-196
87.27500	-196
87.27667	-196
87.27833	-196
87.28000	-197
87.28167	-196
87.28333	-197
87.28500	-196
87.28667	-197
87.28833	-196
87.29000	-197
87.29167	-197
87.29333	-197
87.29500	-197
87.29667	-197
87.29833	-197
87.30000	-197
87.30167	-197
87.30333	-197
87.30500	-197
87.30667	-197
87.30833	-197
87.31000	-197
87.31167	-197
87.31333	-197
87.31500	-197
87.31667	-197
87.31833	-196
87.32000	-197
87.32167	-196
87.32333	-196
87.32500	-197
87.32667	-196
87.32833	-196
87.33000	-195
87.33167	-196
87.33333	-196
87.33500	-195
87.33667	-196
87.33833	-195
87.34000	-196
87.34167	-196
87.34333	-196
87.34500	-196
87.34667	-196
87.34833	-196
87.35000	-196
87.35167	-196
87.35333	-196
87.35500	-196
87.35667	-196
87.35833	-196
87.36000	-197
87.36167	-196
87.36333	-196
87.36500	-197
87.36667	-196
87.36833	-196
87.37000	-197
87.37167	-196
87.37333	-197
87.37500	-196
87.37667	-197
87.37833	-196
87.38000	-196
87.38167	-196
87.38333	-197
87.38500	-196
87.38667	-196
87.38833	-195
87.39000	-196
87.39167	-196
87.39333	-195
87.39500	-195
87.39667	-195
87.39833	-195
87.40000	-194
87.40167	-195
87.40333	-195
87.40500	-195
87.40667	-194
87.40833	-195
87.41000	-194
87.41167	-195
87.41333	-194
87.41500	-195
87.41667	-195
87.41833	-195
87.42000	-195
87.42167	-196
87.42333	-195
87.42500	-196
87.42667	-196
87.42833	-196
87.43000	-197
87.43167	-196
87.43333	-197
87.43500	-197
87.43667	-197
87.43833	-198
87.44000	-198
87.44167	-198
87.44333	-198
87.44500	-199
87.44667	-198
87.44833	-199
87.45000	-199
87.45167	-199
87.45333	-199
87.45500	-200
87.45667	-199
87.45833	-199
87.46000	-200
87.46167	-200
87.46333	-199
87.46500	-200
87.46667	-200
87.46833	-199
87.47000	-200
87.47167	-199
87.47333	-200
87.47500	-199
87.47667	-199
87.47833	-200
87.48000	-199
87.48167	-199
87.48333	-199
87.48500	-200
87.48667	-198
87.48833	-199
87.49000	-199
87.49167	-198
87.49333	-198
87.49500	-198
87.49667	-198
87.49833	-197
87.50000	-197
87.50167	-198
87.50333	-197
87.50500	-197
87.50667	-196
87.50833	-196
87.51000	-197
87.51167	-196
87.51333	-196
87.51500	-196
87.51667	-196
87.51833	-196
87.52000	-196
87.52167	-196
87.52333	-196
87.52500	-195
87.52667	-196
87.52833	-195
87.53000	-196
87.53167	-196
87.53333	-195
87.53500	-196
87.53667	-195
87.53833	-195
87.54000	-195
87.54167	-195
87.54333	-195
87.54500	-195
87.54667	-194
87.54833	-195
87.55000	-195
87.55167	-194
87.55333	-195
87.55500	-194
87.55667	-194
87.55833	-194
87.56000	-194
87.56167	-193
87.56333	-193
87.56500	-194
87.56667	-193
87.56833	-193
87.57000	-193
87.57167	-194
87.57333	-193
87.57500	-193
87.57667	-193
87.57833	-193
87.58000	-193
87.58167	-194
87.58333	-193
87.58500	-193
87.58667	-194
87.58833	-193
87.59000	-194
87.59167	-193
87.59333	-194
87.59500	-193
87.59667	-194
87.59833	-194
87.60000	-193
87.60167	-194
87.60333	-194
87.60500	-193
87.60667	-193
87.60833	-194
87.61000	-193
87.61167	-193
87.61333	-193
87.61500	-193
87.61667	-193
87.61833	-193
87.62000	-193
87.62167	-192
87.62333	-192
87.62500	-193
87.62667	-191
87.62833	-192
87.63000	-192
87.63167	-192
87.63333	-192
87.63500	-191
87.63667	-192
87.63833	-191
87.64000	-192
87.64167	-192
87.64333	-192
87.64500	-191
87.64667	-192
87.64833	-191
87.65000	-192
87.65167	-191
87.65333	-191
87.65500	-191
87.65667	-192
87.65833	-191
87.66000	-191
87.66167	-191
87.66333	-191
87.66500	-191
87.66667	-191
87.66833	-191
87.67000	-190
87.67167	-191
87.67333	-190
87.67500	-191
87.67667	-190
87.67833	-190
87.68000	-189
87.68167	-190
87.68333	-189
87.68500	-189
87.68667	-189
87.68833	-189
87.69000	-188
87.69167	-189
87.69333	-188
87.69500	-188
87.69667	-187
87.69833	-188
87.70000	-187
87.70167	-187
87.70333	-187
87.70500	-187
87.70667	-187
87.70833	-186
87.71000	-187
87.71167	-186
87.71333	-186
87.71500	-186
87.71667	-186
87.71833	-186
87.72000	-186
87.72167	-186
87.72333	-186
87.72500	-185
87.72667	-186
87.72833	-186
87.73000	-186
87.73167	-186
87.73333	-185
87.73500	-186
87.73667	-187
87.73833	-186
87.74000	-187
87.74167	-186
87.74333	-187
87.74500	-187
87.74667	-187
87.74833	-187
87.75000	-187
87.75167	-187
87.75333	-187
87.75500	-187
87.75667	-187
87.75833	-188
87.76000	-187
87.76167	-187
87.76333	-187
87.76500	-186
87.76667	-187
87.76833	-186
87.77000	-186
87.77167	-186
87.77333	-186
87.77500	-186
87.77667	-185
87.77833	-186
87.78000	-185
87.78167	-185
87.78333	-185
87.78500	-185
87.78667	-185
87.78833	-185
87.79000	-184
87.79167	-184
87.79333	-184
87.79500	-184
87.79667	-184
87.79833	-183
87.80000	-184
87.80167	-184
87.80333	-183
87.80500	-183
87.80667	-184
87.80833	-183
87.81000	-183
87.81167	-184
87.81333	-183
87.81500	-184
87.81667	-183
87.81833	-184
87.82000	-183
87.82167	-184
87.82333	-183
87.82500	-183
87.82667	-183
87.82833	-183
87.83000	-184
87.83167	-183
87.83333	-183
87.83500	-183
87.83667	-184
87.83833	-183
87.84000	-184
87.84167	-183
87.84333	-184
87.84500	-184
87.84667	-184
87.84833	-184
87.85000	-184
87.85167	-184
87.85333	-184
87.85500	-185
87.85667	-185
87.85833	-184
87.86000	-185
87.86167	-185
87.86333	-185
87.86500	-185
87.86667	-186
87.86833	-185
87.87000	-186
87.87167	-185
87.87333	-185
87.87500	-186
87.87667	-185
87.87833	-185
87.88000	-185
87.88167	-185
87.88333	-185
87.88500	-185
87.88667	-185
87.88833	-185
87.89000	-185
87.89167	-184
87.89333	-185
87.89500	-184
87.89667	-185
87.89833	-184
87.90000	-184
87.90167	-184
87.90333	-184
87.90500	-184
87.90667	-184
87.90833	-184
87.91000	-183
87.91167	-183
87.91333	-183
87.91500	-184
87.91667	-183
87.91833	-182
87.92000	-183
87.92167	-183
87.92333	-182
87.92500	-183
87.92667	-182
87.92833	-182
87.93000	-182
87.93167	-182
87.93333	-182
87.93500	-182
87.93667	-181
87.93833	-182
87.94000	-181
87.94167	-181
87.94333	-180
87.94500	-181
87.94667	-181
87.94833	-180
87.95000	-181
87.95167	-180
87.95333	-180
87.95500	-180
87.95667	-181
87.95833	-180
87.96000	-179
87.96167	-180
87.96333	-180
87.96500	-179
87.96667	-180
87.96833	-180
87.97000	-179
87.97167	-180
87.97333	-179
87.97500	-180
87.97667	-179
87.97833	-180
87.98000	-179
87.98167	-180
87.98333	-179
87.98500	-180
87.98667	-179
87.98833	-179
87.99000	-180
87.99167	-179
87.99333	-179
87.99500	-179
87.99667	-178
87.99833	-179
88.00000	-178
88.00167	-179
88.00333	-178
88.00500	-178
88.00667	-177
88.00833	-178
88.01000	-178
88.01167	-178
88.01333	-178
88.01500	-177
88.01667	-178
88.01833	-177
88.02000	-177
88.02167	-177
88.02333	-177
88.02500	-177
88.02667	-176
88.02833	-177
88.03000	-176
88.03167	-175
88.03333	-176
88.03500	-176
88.03667	-175
88.03833	-176
88.04000	-175
88.04167	-175
88.04333	-174
88.04500	-174
88.04667	-174
88.04833	-174
88.05000	-174
88.05167	-173
88.05333	-173
88.05500	-173
88.05667	-173
88.05833	-172
88.06000	-172
88.06167	-172
88.06333	-172
88.06500	-172
88.06667	-172
88.06833	-171
88.07000	-171
88.07167	-171
88.07333	-171
88.07500	-170
88.07667	-171
88.07833	-171
88.08000	-170
88.08167	-170
88.08333	-171
88.08500	-169
88.08667	-170
88.08833	-170
88.09000	-169
88.09167	-170
88.09333	-170
88.09500	-169
88.09667	-170
88.09833	-170
88.10000	-169
88.10167	-170
88.10333	-170
88.10500	-169
88.10667	-170
88.10833	-170
88.11000	-170
88.11167	-170
88.11333	-170
88.11500	-169
88.11667	-170
88.11833	-170
88.12000	-170
88.12167	-170
88.12333	-170
88.12500	-169
88.12667	-169
88.12833	-170
88.13000	-169
88.13167	-170
88.13333	-169
88.13500	-169
88.13667	-169
88.13833	-169
88.14000	-169
88.14167	-168
88.14333	-169
88.14500	-168
88.14667	-169
88.14833	-168
88.15000	-168
88.15167	-168
88.15333	-168
88.15500	-168
88.15667	-168
88.15833	-168
88.16000	-168
88.16167	-167
88.16333	-167
88.16500	-167
88.16667	-167
88.16833	-167
88.17000	-166
88.17167	-166
88.17333	-166
88.17500	-166
88.17667	-166
88.17833	-165
88.18000	-165
88.18167	-164
88.18333	-165
88.18500	-165
88.18667	-164
88.18833	-164
88.19000	-164
88.19167	-164
88.19333	-163
88.19500	-164
88.19667	-163
88.19833	-163
88.20000	-163
88.20167	-163
88.20333	-163
88.20500	-163
88.20667	-162
88.20833	-163
88.21000	-163
88.21167	-163
88.21333	-162
88.21500	-163
88.21667	-163
88.21833	-162
88.22000	-163
88.22167	-162
88.22333	-163
88.22500	-162
88.22667	-163
88.22833	-162
88.23000	-163
88.23167	-163
88.23333	-163
88.23500	-162
88.23667	-163
88.23833	-163
88.24000	-162
88.24167	-163
88.24333	-163
88.24500	-162
88.24667	-162
88.24833	-162
88.25000	-162
88.25167	-162
88.25333	-162
88.25500	-161
88.25667	-161
88.25833	-161
88.26000	-160
88.26167	-161
88.26333	-159
88.26500	-159
88.26667	-159
88.26833	-159
88.27000	-157
88.27167	-158
88.27333	-157
88.27500	-156
88.27667	-156
88.27833	-155
88.28000	-155
88.28167	-155
88.28333	-154
88.28500	-154
88.28667	-153
88.28833	-153
88.29000	-153
88.29167	-152
88.29333	-152
88.29500	-151
88.29667	-152
88.29833	-151
88.30000	-151
88.30167	-151
88.30333	-150
88.30500	-150
88.30667	-151
88.30833	-150
88.31000	-150
88.31167	-150
88.31333	-149
88.31500	-150
88.31667	-150
88.31833	-150
88.32000	-149
88.32167	-150
88.32333	-149
88.32500	-149
88.32667	-149
88.32833	-149
88.33000	-148
88.33167	-149
88.33333	-149
88.33500	-148
88.33667	-149
88.33833	-148
88.34000	-147
88.34167	-148
88.34333	-147
88.34500	-147
88.34667	-147
88.34833	-147
88.35000	-146
88.35167	-147
88.35333	-146
88.35500	-146
88.35667	-146
88.35833	-146
88.36000	-145
88.36167	-146
88.36333	-145
88.36500	-145
88.36667	-145
88.36833	-145
88.37000	-144
88.37167	-145
88.37333	-145
88.37500	-145
88.37667	-144
88.37833	-144
88.38000	-145
88.38167	-144
88.38333	-144
88.38500	-144
88.38667	-144
88.38833	-144
88.39000	-143
88.39167	-144
88.39333	-143
88.39500	-144
88.39667	-143
88.39833	-143
88.40000	-143
88.40167	-143
88.40333	-143
88.40500	-142
88.40667	-143
88.40833	-142
88.41000	-142
88.41167	-141
88.41333	-142
88.41500	-141
88.41667	-141
88.41833	-140
88.42000	-140
88.42167	-139
88.42333	-139
88.42500	-139
88.42667	-139
88.42833	-138
88.43000	-138
88.43167	-138
88.43333	-137
88.43500	-137
88.43667	-136
88.43833	-136
88.44000	-136
88.44167	-136
88.44333	-135
88.44500	-135
88.44667	-134
88.44833	-135
88.45000	-134
88.45167	-133
88.45333	-134
88.45500	-133
88.45667	-132
88.45833	-133
88.46000	-132
88.46167	-132
88.46333	-132
88.46500	-131
88.46667	-131
88.46833	-131
88.47000	-131
88.47167	-130
88.47333	-131
88.47500	-130
88.47667	-130
88.47833	-129
88.48000	-129
88.48167	-129
88.48333	-129
88.48500	-128
88.48667	-128
88.48833	-128
88.49000	-127
88.49167	-128
88.49333	-126
88.49500	-127
88.49667	-126
88.49833	-126
88.50000	-125
88.50167	-125
88.50333	-125
88.50500	-124
88.50667	-124
88.50833	-124
88.51000	-123
88.51167	-123
88.51333	-123
88.51500	-122
88.51667	-122
88.51833	-122
88.52000	-121
88.52167	-122
88.52333	-121
88.52500	-120
88.52667	-121
88.52833	-120
88.53000	-120
88.53167	-120
88.53333	-120
88.53500	-119
88.53667	-119
88.53833	-119
88.54000	-119
88.54167	-118
88.54333	-118
88.54500	-118
88.54667	-118
88.54833	-117
88.55000	-117
88.55167	-117
88.55333	-116
88.55500	-117
88.55667	-116
88.55833	-115
88.56000	-116
88.56167	-115
88.56333	-114
88.56500	-115
88.56667	-114
88.56833	-114
88.57000	-114
88.57167	-113
88.57333	-113
88.57500	-113
88.57667	-113
88.57833	-112
88.58000	-112
88.58167	-112
88.58333	-112
88.58500	-111
88.58667	-112
88.58833	-110
88.59000	-111
88.59167	-111
88.59333	-110
88.59500	-110
88.59667	-110
88.59833	-110
88.60000	-109
88.60167	-110
88.60333	-109
88.60500	-109
88.60667	-108
88.60833	-109
88.61000	-108
88.61167	-107
88.61333	-108
88.61500	-107
88.61667	-107
88.61833	-106
88.62000	-106
88.62167	-106
88.62333	-106
88.62500	-106
88.62667	-105
88.62833	-104
88.63000	-105
88.63167	-104
88.63333	-103
88.63500	-104
88.63667	-103
88.63833	-103
88.64000	-102
88.64167	-102
88.64333	-102
88.64500	-102
88.64667	-101
88.64833	-101
88.65000	-101
88.65167	-101
88.65333	-100
88.65500	-101
88.65667	-99
88.65833	-100
88.66000	-100
88.66167	-99
88.66333	-99
88.66500	-98
88.66667	-99
88.66833	-98
88.67000	-98
88.67167	-98
88.67333	-97
88.67500	-98
88.67667	-96
88.67833	-97
88.68000	-96
88.68167	-96
88.68333	-96
88.68500	-95
88.68667	-96
88.68833	-94
88.69000	-95
88.69167	-93
88.69333	-94
88.69500	-93
88.69667	-93
88.69833	-93
88.70000	-92
88.70167	-92
88.70333	-92
88.70500	-92
88.70667	-91
88.70833	-91
88.71000	-91
88.71167	-90
88.71333	-91
88.71500	-90
88.71667	-90
88.71833	-89
88.72000	-90
88.72167	-89
88.72333	-89
88.72500	-88
88.72667	-89
88.72833	-88
88.73000	-87
88.73167	-88
88.73333	-87
88.73500	-87
88.73667	-86
88.73833	-86
88.74000	-85
88.74167	-86
88.74333	-85
88.74500	-84
88.74667	-84
88.74833	-83
88.75000	-83
88.75167	-83
88.75333	-82
88.75500	-82
88.75667	-81
88.75833	-80
88.76000	-81
88.76167	-80
88.76333	-79
88.76500	-79
88.76667	-79
88.76833	-78
88.77000	-78
88.77167	-77
88.77333	-77
88.77500	-76
88.77667	-76
88.77833	-76
88.78000	-75
88.78167	-74
88.78333	-75
88.78500	-74
88.78667	-73
88.78833	-73
88.79000	-73
88.79167	-72
88.79333	-71
88.79500	-71
88.79667	-71
88.79833	-69
88.80000	-70
88.80167	-68
88.80333	-68
88.80500	-68
88.80667	-66
88.80833	-67
88.81000	-65
88.81167	-65
88.81333	-65
88.81500	-64
88.81667	-63
88.81833	-63
88.82000	-62
88.82167	-62
88.82333	-61
88.82500	-61
88.82667	-60
88.82833	-60
88.83000	-59
88.83167	-59
88.83333	-58
88.83500	-58
88.83667	-57
88.83833	-56
88.84000	-56
88.84167	-56
88.84333	-55
88.84500	-54
88.84667	-54
88.84833	-54
88.85000	-53
88.85167	-53
88.85333	-52
88.85500	-51
88.85667	-51
88.85833	-51
88.86000	-50
88.86167	-49
88.86333	-49
88.86500	-49
88.86667	-48
88.86833	-48
88.87000	-47
88.87167	-47
88.87333	-46
88.87500	-47
88.87667	-45
88.87833	-45
88.88000	-45
88.88167	-45
88.88333	-44
88.88500	-43
88.88667	-44
88.88833	-43
88.89000	-42
88.89167	-42
88.89333	-42
88.89500	-41
88.89667	-40
88.89833	-40
88.90000	-40
88.90167	-39
88.90333	-38
88.90500	-39
88.90667	-38
88.90833	-37
88.91000	-38
88.91167	-36
88.91333	-37
88.91500	-35
88.91667	-36
88.91833	-34
88.92000	-35
88.92167	-34
88.92333	-33
88.92500	-33
88.92667	-32
88.92833	-32
88.93000	-31
88.93167	-31
88.93333	-30
88.93500	-30
88.93667	-30
88.93833	-28
88.94000	-29
88.94167	-28
88.94333	-27
88.94500	-27
88.94667	-27
88.94833	-25
88.95000	-26
88.95167	-25
88.95333	-24
88.95500	-24
88.95667	-24
88.95833	-23
88.96000	-23
88.96167	-22
88.96333	-22
88.96500	-21
88.96667	-21
88.96833	-20
88.97000	-20
88.97167	-20
88.97333	-19
88.97500	-18
88.97667	-19
88.97833	-17
88.98000	-18
88.98167	-16
88.98333	-17
88.98500	-16
88.98667	-15
88.98833	-15
88.99000	-15
88.99167	-14
88.99333	-13
88.99500	-13
88.99667	-13
88.99833	-12
89.00000	-12
89.00167	-11
89.00333	-10
89.00500	-10
89.00667	-10
89.00833	-8
89.01000	-9
89.01167	-8
89.01333	-7
89.01500	-7
89.01667	-6
89.01833	-6
89.02000	-5
89.02167	-4
89.02333	-4
89.02500	-4
89.02667	-3
89.02833	-3
89.03000	-2
89.03167	-2
89.03333	-1
89.03500	-1
89.03667	0
89.03833	0
89.04000	0
89.04167	1
89.04333	2
89.04500	2
89.04667	2
89.04833	2
89.05000	3
89.05167	4
89.05333	3
89.05500	4
89.05667	4
89.05833	4
89.06000	5
89.06167	5
89.06333	6
89.06500	6
89.06667	7
89.06833	7
89.07000	7
89.07167	9
89.07333	8
89.07500	10
89.07667	9
89.07833	11
89.08000	11
89.08167	11
89.08333	12
89.08500	13
89.08667	14
89.08833	15
89.09000	14
89.09167	16
89.09333	16
89.09500	17
89.09667	17
89.09833	18
89.10000	19
89.10167	20
89.10333	20
89.10500	21
89.10667	21
89.10833	22
89.11000	23
89.11167	23
89.11333	24
89.11500	25
89.11667	25
89.11833	25
89.12000	26
89.12167	26
89.12333	27
89.12500	28
89.12667	28
89.12833	29
89.13000	29
89.13167	30
89.13333	31
89.13500	31
89.13667	31
89.13833	33
89.14000	33
89.14167	33
89.14333	34
89.14500	35
89.14667	35
89.14833	36
89.15000	36
89.15167	37
89.15333	37
89.15500	38
89.15667	38
89.15833	39
89.16000	39
89.16167	40
89.16333	40
89.16500	41
89.16667	42
89.16833	41
89.17000	43
89.17167	43
89.17333	44
89.17500	44
89.17667	45
89.17833	45
89.18000	47
89.18167	46
89.18333	47
89.18500	48
89.18667	48
89.18833	49
89.19000	50
89.19167	51
89.19333	51
89.19500	52
89.19667	52
89.19833	54
89.20000	53
89.20167	55
89.20333	55
89.20500	57
89.20667	57
89.20833	58
89.21000	58
89.21167	60
89.21333	60
89.21500	61
89.21667	62
89.21833	63
89.22000	63
89.22167	65
89.22333	65
89.22500	66
89.22667	67
89.22833	67
89.23000	69
89.23167	69
89.23333	70
89.23500	70
89.23667	72
89.23833	72
89.24000	74
89.24167	74
89.24333	74
89.24500	76
89.24667	76
89.24833	77
89.25000	77
89.25167	78
89.25333	79
89.25500	79
89.25667	80
89.25833	80
89.26000	81
89.26167	82
89.26333	82
89.26500	83
89.26667	83
89.26833	83
89.27000	85
89.27167	85
89.27333	85
89.27500	86
89.27667	86
89.27833	87
89.28000	88
89.28167	88
89.28333	88
89.28500	90
89.28667	89
89.28833	91
89.29000	91
89.29167	91
89.29333	93
89.29500	93
89.29667	94
89.29833	94
89.30000	96
89.30167	96
89.30333	97
89.30500	98
89.30667	98
89.30833	99
89.31000	100
89.31167	101
89.31333	102
89.31500	102
89.31667	104
89.31833	104
89.32000	105
89.32167	106
89.32333	106
89.32500	108
89.32667	108
89.32833	109
89.33000	110
89.33167	112
89.33333	111
89.33500	113
89.33667	114
89.33833	114
89.34000	115
89.34167	117
89.34333	117
89.34500	117
89.34667	119
89.34833	119
89.35000	119
89.35167	121
89.35333	120
89.35500	122
89.35667	122
89.35833	124
89.36000	124
89.36167	124
89.36333	125
89.36500	126
89.36667	127
89.36833	127
89.37000	128
89.37167	128
89.37333	130
89.37500	129
89.37667	131
89.37833	131
89.38000	132
89.38167	133
89.38333	133
89.38500	134
89.38667	134
89.38833	135
89.39000	136
89.39167	137
89.39333	138
89.39500	138
89.39667	139
89.39833	141
89.40000	141
89.40167	142
89.40333	142
89.40500	144
89.40667	145
89.40833	145
89.41000	147
89.41167	147
89.41333	148
89.41500	150
89.41667	150
89.41833	152
89.42000	153
89.42167	153
89.42333	155
89.42500	155
89.42667	156
89.42833	158
89.43000	158
89.43167	159
89.43333	160
89.43500	161
89.43667	162
89.43833	162
89.44000	164
89.44167	164
89.44333	165
89.44500	166
89.44667	166
89.44833	168
89.45000	168
89.45167	170
89.45333	170
89.45500	171
89.45667	172
89.45833	172
89.46000	174
89.46167	175
89.46333	175
89.46500	176
89.46667	177
89.46833	178
89.47000	179
89.47167	180
89.47333	181
89.47500	181
89.47667	183
89.47833	183
89.48000	185
89.48167	185
89.48333	186
89.48500	187
89.48667	188
89.48833	189
89.49000	190
89.49167	191
89.49333	192
89.49500	193
89.49667	194
89.49833	195
89.50000	196
89.50167	197
89.50333	198
89.50500	199
89.50667	200
89.50833	200
89.51000	202
89.51167	203
89.51333	203
89.51500	205
89.51667	206
89.51833	207
89.52000	209
89.52167	209
89.52333	211
89.52500	211
89.52667	212
89.52833	213
89.53000	215
89.53167	215
89.53333	217
89.53500	218
89.53667	218
89.53833	220
89.54000	221
89.54167	222
89.54333	223
89.54500	224
89.54667	225
89.54833	226
89.55000	228
89.55167	228
89.55333	229
89.55500	231
89.55667	232
89.55833	233
89.56000	234
89.56167	236
89.56333	237
89.56500	237
89.56667	239
89.56833	240
89.57000	241
89.57167	243
89.57333	244
89.57500	244
89.57667	246
89.57833	247
89.58000	248
89.58167	250
89.58333	250
89.58500	252
89.58667	252
89.58833	254
89.59000	256
89.59167	256
89.59333	258
89.59500	258
89.59667	260
89.59833	262
89.60000	262
89.60167	264
89.60333	266
89.60500	266
89.60667	268
89.60833	270
89.61000	271
89.61167	272
89.61333	273
89.61500	276
89.61667	276
89.61833	278
89.62000	280
89.62167	281
89.62333	282
89.62500	284
89.62667	285
89.62833	286
89.63000	288
89.63167	289
89.63333	291
89.63500	293
89.63667	294
89.63833	296
89.64000	297
89.64167	299
89.64333	300
89.64500	303
89.64667	304
89.64833	305
89.65000	308
89.65167	310
89.65333	311
89.65500	313
89.65667	315
89.65833	318
89.66000	318
89.66167	321
89.66333	323
89.66500	325
89.66667	326
89.66833	329
89.67000	331
89.67167	333
89.67333	334
89.67500	337
89.67667	338
89.67833	339
89.68000	342
89.68167	344
89.68333	345
89.68500	347
89.68667	349
89.68833	350
89.69000	353
89.69167	354
89.69333	356
89.69500	358
89.69667	360
89.69833	361
89.70000	364
89.70167	365
89.70333	368
89.70500	368
89.70667	371
89.70833	373
89.71000	374
89.71167	376
89.71333	378
89.71500	380
89.71667	383
89.71833	384
89.72000	386
89.72167	388
89.72333	390
89.72500	393
89.72667	394
89.72833	396
89.73000	399
89.73167	400
89.73333	404
89.73500	405
89.73667	407
89.73833	410
89.74000	411
89.74167	414
89.74333	416
89.74500	419
89.74667	420
89.74833	423
89.75000	424
89.75167	428
89.75333	429
89.75500	431
89.75667	434
89.75833	437
89.76000	438
89.76167	440
89.76333	443
89.76500	445
89.76667	448
89.76833	450
89.77000	453
89.77167	454
89.77333	457
89.77500	460
89.77667	462
89.77833	464
89.78000	466
89.78167	469
89.78333	471
89.78500	473
89.78667	476
89.78833	478
89.79000	480
89.79167	484
89.79333	485
89.79500	489
89.79667	490
89.79833	494
89.80000	496
89.80167	498
89.80333	501
89.80500	503
89.80667	507
89.80833	508
89.81000	512
89.81167	514
89.81333	517
89.81500	519
89.81667	522
89.81833	525
89.82000	528
89.82167	530
89.82333	533
89.82500	536
89.82667	538
89.82833	541
89.83000	544
89.83167	547
89.83333	550
89.83500	552
89.83667	556
89.83833	558
89.84000	561
89.84167	565
89.84333	567
89.84500	570
89.84667	573
89.84833	576
89.85000	579
89.85167	582
89.85333	585
89.85500	587
89.85667	591
89.85833	594
89.86000	596
89.86167	599
89.86333	602
89.86500	605
89.86667	607
89.86833	611
89.87000	613
89.87167	617
89.87333	619
89.87500	622
89.87667	625
89.87833	628
89.88000	631
89.88167	634
89.88333	637
89.88500	640
89.88667	643
89.88833	646
89.89000	649
89.89167	653
89.89333	655
89.89500	659
89.89667	662
89.89833	666
89.90000	669
89.90167	672
89.90333	676
89.90500	679
89.90667	682
89.90833	686
89.91000	690
89.91167	693
89.91333	697
89.91500	701
89.91667	704
89.91833	707
89.92000	711
89.92167	715
89.92333	718
89.92500	721
89.92667	725
89.92833	729
89.93000	732
89.93167	735
89.93333	740
89.93500	742
89.93667	746
89.93833	749
89.94000	753
89.94167	757
89.94333	760
89.94500	763
89.94667	767
89.94833	771
89.95000	774
89.95167	778
89.95333	782
89.95500	786
89.95667	789
89.95833	793
89.96000	796
89.96167	801
89.96333	803
89.96500	808
89.96667	811
89.96833	816
89.97000	819
89.97167	824
89.97333	827
89.97500	832
89.97667	835
89.97833	839
89.98000	844
89.98167	847
89.98333	851
89.98500	856
89.98667	859
89.98833	863
89.99000	868
89.99167	871
89.99333	876
89.99500	880
89.99667	884
89.99833	888
90.00000	892
90.00167	896

[Chromatogram Additional (Ch1)]
Maximum	170360
Minimum	-213

