[Header]
Data File Name	C:\PACsolution\Data1\Ch1\2026_05_07\225120.gcd
Output Date	2026/05/08
Output Time	0:53:53

[File Information]
Type	ÃÞ°ÀÌ§²Ù
Generated	2026/05/07 22:51:21
Generated by	
Modified	2026/05/07 22:51:21
Modified by	

[Sample Information]
Operator Name	System Administrator
Acquisition Date	2026/05/07 21:19:10
Type	
Level	0
Sample Name	
Sample ID	
ISTD Amount1	1
ISTD Amount2	0
ISTD Amount3	0
ISTD Amount4	0
ISTD Amount5	0
ISTD Amount6	0
ISTD Amount7	0
ISTD Amount8	0
ISTD Amount9	0
ISTD Amount10	0
ISTD Amount11	0
ISTD Amount12	0
ISTD Amount13	0
ISTD Amount14	0
ISTD Amount15	0
ISTD Amount16	0
Sample Amount	100
Dilution Factor	1
Vial#	-1
Injection Volume	9.18356e-039
Injection Count	1
Bar Code	

[Original Files]
Data File	C:\PACsolution\WORK\PAC1\@CHRM1.D03
Method File	225120.GCM
Batch File	
Report Format File	C:\PACsolution\SYSTEM\DEFAULT.gcr

[File Comment]


[Configration]
Instrument Name	‘•’u–¼1
Instrument #	1
Line #	1

[Peak Table (Ch1)]
# of Peaks	8
Peak#	R.Time	I.Time	F.Time	Area	Height	A/H	Conc.	Mark	ID#	Name	k'	Plate #	Plate Ht.	Tailing	Resolution	Sep.Factor
1	3.672	3.495	3.930	32939	4364	7.00	38.11791	   			0.000	0.000	0.000	0.000	0.000	0.000
2	4.196	4.107	4.427	1030	104	9.00	1.19135	   			0.000	0.000	0.000	0.000	0.000	0.000
3	4.653	4.570	4.707	1195	230	5.00	1.38299	   			0.000	0.000	0.000	0.000	0.000	0.000
4	4.777	4.707	5.040	2505	343	7.00	2.89824	 V 			0.000	0.000	0.000	0.000	0.000	0.000
5	5.315	5.165	5.858	36274	1908	19.00	41.97687	   			0.000	0.000	0.000	0.000	0.000	0.000
6	27.752	27.545	27.942	2045	202	10.00	2.36673	   			0.000	0.000	0.000	0.000	0.000	0.000
7	30.984	30.732	31.222	3631	286	12.00	4.20161	   			0.000	0.000	0.000	0.000	0.000	0.000
8	54.592	54.140	55.012	6796	282	24.00	7.86431	   			0.000	0.000	0.000	0.000	0.000	0.000

[Compound Results (Ch1)]
# of IDs	0

[Group Results (Ch1)]
# of Groups	0

[Chromatogram (Ch1)]
Interval(msec)	100
# of Points	54001
Start Time(min)	0.000
End Time(min)	90.002
R.Time	Intensity
0.00000	1325
0.00167	1325
0.00333	1324
0.00500	1326
0.00667	1325
0.00833	1325
0.01000	1325
0.01167	1325
0.01333	1326
0.01500	1325
0.01667	1325
0.01833	1325
0.02000	1324
0.02167	1326
0.02333	1324
0.02500	1325
0.02667	1324
0.02833	1325
0.03000	1323
0.03167	1324
0.03333	1324
0.03500	1324
0.03667	1324
0.03833	1324
0.04000	1323
0.04167	1324
0.04333	1324
0.04500	1323
0.04667	1324
0.04833	1323
0.05000	1324
0.05167	1324
0.05333	1323
0.05500	1324
0.05667	1323
0.05833	1324
0.06000	1323
0.06167	1324
0.06333	1324
0.06500	1323
0.06667	1323
0.06833	1324
0.07000	1323
0.07167	1324
0.07333	1323
0.07500	1323
0.07667	1323
0.07833	1323
0.08000	1323
0.08167	1322
0.08333	1323
0.08500	1322
0.08667	1323
0.08833	1322
0.09000	1321
0.09167	1322
0.09333	1322
0.09500	1321
0.09667	1321
0.09833	1320
0.10000	1321
0.10167	1321
0.10333	1320
0.10500	1321
0.10667	1320
0.10833	1320
0.11000	1319
0.11167	1320
0.11333	1320
0.11500	1319
0.11667	1320
0.11833	1319
0.12000	1319
0.12167	1320
0.12333	1319
0.12500	1319
0.12667	1319
0.12833	1319
0.13000	1319
0.13167	1319
0.13333	1319
0.13500	1319
0.13667	1319
0.13833	1320
0.14000	1319
0.14167	1319
0.14333	1320
0.14500	1320
0.14667	1319
0.14833	1320
0.15000	1320
0.15167	1320
0.15333	1321
0.15500	1320
0.15667	1320
0.15833	1321
0.16000	1321
0.16167	1320
0.16333	1321
0.16500	1321
0.16667	1321
0.16833	1320
0.17000	1321
0.17167	1321
0.17333	1320
0.17500	1321
0.17667	1320
0.17833	1321
0.18000	1320
0.18167	1320
0.18333	1320
0.18500	1320
0.18667	1319
0.18833	1319
0.19000	1319
0.19167	1318
0.19333	1318
0.19500	1318
0.19667	1317
0.19833	1318
0.20000	1317
0.20167	1316
0.20333	1317
0.20500	1316
0.20667	1316
0.20833	1315
0.21000	1316
0.21167	1315
0.21333	1315
0.21500	1315
0.21667	1315
0.21833	1315
0.22000	1314
0.22167	1314
0.22333	1315
0.22500	1314
0.22667	1314
0.22833	1314
0.23000	1314
0.23167	1314
0.23333	1314
0.23500	1314
0.23667	1314
0.23833	1314
0.24000	1314
0.24167	1314
0.24333	1313
0.24500	1314
0.24667	1314
0.24833	1314
0.25000	1314
0.25167	1315
0.25333	1314
0.25500	1315
0.25667	1314
0.25833	1315
0.26000	1315
0.26167	1315
0.26333	1315
0.26500	1315
0.26667	1315
0.26833	1316
0.27000	1315
0.27167	1315
0.27333	1316
0.27500	1316
0.27667	1315
0.27833	1316
0.28000	1316
0.28167	1316
0.28333	1316
0.28500	1317
0.28667	1316
0.28833	1316
0.29000	1316
0.29167	1317
0.29333	1316
0.29500	1316
0.29667	1317
0.29833	1316
0.30000	1316
0.30167	1316
0.30333	1316
0.30500	1316
0.30667	1316
0.30833	1316
0.31000	1315
0.31167	1316
0.31333	1315
0.31500	1315
0.31667	1315
0.31833	1315
0.32000	1315
0.32167	1315
0.32333	1315
0.32500	1314
0.32667	1314
0.32833	1314
0.33000	1313
0.33167	1313
0.33333	1313
0.33500	1313
0.33667	1313
0.33833	1313
0.34000	1313
0.34167	1312
0.34333	1313
0.34500	1313
0.34667	1313
0.34833	1312
0.35000	1313
0.35167	1313
0.35333	1312
0.35500	1313
0.35667	1313
0.35833	1313
0.36000	1313
0.36167	1313
0.36333	1313
0.36500	1313
0.36667	1313
0.36833	1313
0.37000	1313
0.37167	1314
0.37333	1313
0.37500	1314
0.37667	1314
0.37833	1314
0.38000	1314
0.38167	1315
0.38333	1314
0.38500	1315
0.38667	1314
0.38833	1315
0.39000	1315
0.39167	1315
0.39333	1316
0.39500	1315
0.39667	1315
0.39833	1316
0.40000	1316
0.40167	1316
0.40333	1317
0.40500	1316
0.40667	1317
0.40833	1316
0.41000	1317
0.41167	1317
0.41333	1317
0.41500	1317
0.41667	1317
0.41833	1317
0.42000	1318
0.42167	1317
0.42333	1317
0.42500	1317
0.42667	1317
0.42833	1317
0.43000	1316
0.43167	1317
0.43333	1317
0.43500	1317
0.43667	1316
0.43833	1317
0.44000	1316
0.44167	1317
0.44333	1316
0.44500	1316
0.44667	1316
0.44833	1316
0.45000	1315
0.45167	1316
0.45333	1315
0.45500	1315
0.45667	1315
0.45833	1315
0.46000	1315
0.46167	1314
0.46333	1314
0.46500	1314
0.46667	1314
0.46833	1314
0.47000	1313
0.47167	1313
0.47333	1314
0.47500	1313
0.47667	1313
0.47833	1313
0.48000	1312
0.48167	1313
0.48333	1312
0.48500	1312
0.48667	1312
0.48833	1312
0.49000	1312
0.49167	1311
0.49333	1312
0.49500	1311
0.49667	1311
0.49833	1311
0.50000	1311
0.50167	1311
0.50333	1310
0.50500	1311
0.50667	1310
0.50833	1310
0.51000	1310
0.51167	1310
0.51333	1309
0.51500	1309
0.51667	1310
0.51833	1309
0.52000	1308
0.52167	1309
0.52333	1308
0.52500	1309
0.52667	1308
0.52833	1308
0.53000	1308
0.53167	1307
0.53333	1308
0.53500	1308
0.53667	1307
0.53833	1308
0.54000	1307
0.54167	1308
0.54333	1307
0.54500	1308
0.54667	1307
0.54833	1308
0.55000	1308
0.55167	1307
0.55333	1308
0.55500	1308
0.55667	1308
0.55833	1308
0.56000	1308
0.56167	1308
0.56333	1308
0.56500	1309
0.56667	1308
0.56833	1309
0.57000	1308
0.57167	1309
0.57333	1309
0.57500	1308
0.57667	1309
0.57833	1308
0.58000	1309
0.58167	1308
0.58333	1308
0.58500	1309
0.58667	1308
0.58833	1308
0.59000	1308
0.59167	1308
0.59333	1307
0.59500	1308
0.59667	1308
0.59833	1307
0.60000	1307
0.60167	1308
0.60333	1307
0.60500	1307
0.60667	1307
0.60833	1307
0.61000	1307
0.61167	1306
0.61333	1307
0.61500	1306
0.61667	1306
0.61833	1306
0.62000	1305
0.62167	1306
0.62333	1305
0.62500	1305
0.62667	1305
0.62833	1305
0.63000	1305
0.63167	1304
0.63333	1304
0.63500	1304
0.63667	1304
0.63833	1304
0.64000	1304
0.64167	1303
0.64333	1303
0.64500	1303
0.64667	1304
0.64833	1303
0.65000	1303
0.65167	1303
0.65333	1303
0.65500	1303
0.65667	1303
0.65833	1304
0.66000	1303
0.66167	1303
0.66333	1303
0.66500	1303
0.66667	1303
0.66833	1302
0.67000	1303
0.67167	1304
0.67333	1303
0.67500	1303
0.67667	1304
0.67833	1303
0.68000	1303
0.68167	1304
0.68333	1303
0.68500	1304
0.68667	1303
0.68833	1303
0.69000	1303
0.69167	1303
0.69333	1303
0.69500	1303
0.69667	1302
0.69833	1302
0.70000	1303
0.70167	1302
0.70333	1302
0.70500	1302
0.70667	1302
0.70833	1302
0.71000	1301
0.71167	1302
0.71333	1301
0.71500	1301
0.71667	1301
0.71833	1301
0.72000	1300
0.72167	1301
0.72333	1300
0.72500	1301
0.72667	1300
0.72833	1300
0.73000	1300
0.73167	1299
0.73333	1300
0.73500	1300
0.73667	1300
0.73833	1300
0.74000	1300
0.74167	1301
0.74333	1300
0.74500	1300
0.74667	1300
0.74833	1300
0.75000	1300
0.75167	1300
0.75333	1300
0.75500	1299
0.75667	1300
0.75833	1299
0.76000	1299
0.76167	1300
0.76333	1299
0.76500	1299
0.76667	1298
0.76833	1299
0.77000	1299
0.77167	1298
0.77333	1298
0.77500	1299
0.77667	1298
0.77833	1297
0.78000	1298
0.78167	1298
0.78333	1297
0.78500	1298
0.78667	1297
0.78833	1298
0.79000	1297
0.79167	1297
0.79333	1298
0.79500	1297
0.79667	1298
0.79833	1298
0.80000	1297
0.80167	1298
0.80333	1298
0.80500	1298
0.80667	1298
0.80833	1299
0.81000	1298
0.81167	1299
0.81333	1298
0.81500	1299
0.81667	1298
0.81833	1299
0.82000	1299
0.82167	1299
0.82333	1299
0.82500	1299
0.82667	1299
0.82833	1299
0.83000	1299
0.83167	1299
0.83333	1299
0.83500	1299
0.83667	1299
0.83833	1299
0.84000	1298
0.84167	1299
0.84333	1299
0.84500	1299
0.84667	1298
0.84833	1299
0.85000	1298
0.85167	1299
0.85333	1298
0.85500	1298
0.85667	1299
0.85833	1298
0.86000	1299
0.86167	1298
0.86333	1299
0.86500	1298
0.86667	1298
0.86833	1299
0.87000	1298
0.87167	1298
0.87333	1298
0.87500	1298
0.87667	1298
0.87833	1298
0.88000	1298
0.88167	1298
0.88333	1298
0.88500	1297
0.88667	1298
0.88833	1298
0.89000	1298
0.89167	1297
0.89333	1298
0.89500	1298
0.89667	1297
0.89833	1297
0.90000	1297
0.90167	1297
0.90333	1297
0.90500	1297
0.90667	1296
0.90833	1297
0.91000	1296
0.91167	1296
0.91333	1296
0.91500	1296
0.91667	1296
0.91833	1295
0.92000	1296
0.92167	1295
0.92333	1295
0.92500	1295
0.92667	1295
0.92833	1295
0.93000	1294
0.93167	1294
0.93333	1294
0.93500	1295
0.93667	1294
0.93833	1294
0.94000	1294
0.94167	1294
0.94333	1294
0.94500	1294
0.94667	1294
0.94833	1294
0.95000	1294
0.95167	1294
0.95333	1293
0.95500	1293
0.95667	1293
0.95833	1293
0.96000	1293
0.96167	1293
0.96333	1293
0.96500	1292
0.96667	1293
0.96833	1292
0.97000	1292
0.97167	1292
0.97333	1291
0.97500	1292
0.97667	1291
0.97833	1292
0.98000	1291
0.98167	1290
0.98333	1291
0.98500	1290
0.98667	1290
0.98833	1290
0.99000	1289
0.99167	1290
0.99333	1289
0.99500	1289
0.99667	1289
0.99833	1289
1.00000	1288
1.00167	1289
1.00333	1288
1.00500	1288
1.00667	1288
1.00833	1287
1.01000	1288
1.01167	1288
1.01333	1287
1.01500	1288
1.01667	1287
1.01833	1288
1.02000	1287
1.02167	1287
1.02333	1287
1.02500	1287
1.02667	1286
1.02833	1287
1.03000	1287
1.03167	1287
1.03333	1287
1.03500	1287
1.03667	1287
1.03833	1287
1.04000	1287
1.04167	1288
1.04333	1287
1.04500	1287
1.04667	1288
1.04833	1287
1.05000	1288
1.05167	1287
1.05333	1288
1.05500	1288
1.05667	1287
1.05833	1288
1.06000	1288
1.06167	1288
1.06333	1289
1.06500	1288
1.06667	1288
1.06833	1288
1.07000	1289
1.07167	1288
1.07333	1289
1.07500	1288
1.07667	1289
1.07833	1288
1.08000	1288
1.08167	1288
1.08333	1288
1.08500	1289
1.08667	1288
1.08833	1288
1.09000	1288
1.09167	1289
1.09333	1288
1.09500	1289
1.09667	1288
1.09833	1288
1.10000	1289
1.10167	1288
1.10333	1288
1.10500	1289
1.10667	1288
1.10833	1289
1.11000	1289
1.11167	1288
1.11333	1289
1.11500	1289
1.11667	1289
1.11833	1289
1.12000	1289
1.12167	1289
1.12333	1289
1.12500	1289
1.12667	1288
1.12833	1289
1.13000	1289
1.13167	1289
1.13333	1288
1.13500	1288
1.13667	1289
1.13833	1288
1.14000	1288
1.14167	1287
1.14333	1288
1.14500	1288
1.14667	1288
1.14833	1287
1.15000	1287
1.15167	1288
1.15333	1286
1.15500	1287
1.15667	1287
1.15833	1286
1.16000	1287
1.16167	1286
1.16333	1286
1.16500	1285
1.16667	1286
1.16833	1285
1.17000	1285
1.17167	1286
1.17333	1285
1.17500	1285
1.17667	1285
1.17833	1285
1.18000	1284
1.18167	1285
1.18333	1285
1.18500	1284
1.18667	1285
1.18833	1285
1.19000	1284
1.19167	1285
1.19333	1285
1.19500	1284
1.19667	1284
1.19833	1285
1.20000	1284
1.20167	1284
1.20333	1284
1.20500	1284
1.20667	1284
1.20833	1283
1.21000	1284
1.21167	1283
1.21333	1284
1.21500	1283
1.21667	1283
1.21833	1283
1.22000	1283
1.22167	1283
1.22333	1284
1.22500	1283
1.22667	1283
1.22833	1282
1.23000	1283
1.23167	1283
1.23333	1282
1.23500	1283
1.23667	1282
1.23833	1283
1.24000	1282
1.24167	1283
1.24333	1283
1.24500	1283
1.24667	1282
1.24833	1284
1.25000	1282
1.25167	1283
1.25333	1284
1.25500	1283
1.25667	1283
1.25833	1283
1.26000	1283
1.26167	1284
1.26333	1283
1.26500	1283
1.26667	1284
1.26833	1283
1.27000	1283
1.27167	1284
1.27333	1283
1.27500	1283
1.27667	1282
1.27833	1283
1.28000	1282
1.28167	1283
1.28333	1282
1.28500	1282
1.28667	1282
1.28833	1282
1.29000	1282
1.29167	1282
1.29333	1281
1.29500	1282
1.29667	1282
1.29833	1281
1.30000	1282
1.30167	1281
1.30333	1282
1.30500	1281
1.30667	1281
1.30833	1282
1.31000	1281
1.31167	1281
1.31333	1282
1.31500	1281
1.31667	1281
1.31833	1281
1.32000	1281
1.32167	1281
1.32333	1281
1.32500	1281
1.32667	1281
1.32833	1281
1.33000	1280
1.33167	1281
1.33333	1280
1.33500	1279
1.33667	1280
1.33833	1280
1.34000	1280
1.34167	1279
1.34333	1280
1.34500	1279
1.34667	1279
1.34833	1279
1.35000	1279
1.35167	1278
1.35333	1278
1.35500	1278
1.35667	1278
1.35833	1279
1.36000	1277
1.36167	1278
1.36333	1278
1.36500	1278
1.36667	1278
1.36833	1277
1.37000	1278
1.37167	1277
1.37333	1278
1.37500	1277
1.37667	1278
1.37833	1277
1.38000	1277
1.38167	1278
1.38333	1278
1.38500	1278
1.38667	1278
1.38833	1278
1.39000	1278
1.39167	1278
1.39333	1278
1.39500	1278
1.39667	1278
1.39833	1278
1.40000	1278
1.40167	1278
1.40333	1279
1.40500	1278
1.40667	1279
1.40833	1279
1.41000	1278
1.41167	1279
1.41333	1278
1.41500	1279
1.41667	1279
1.41833	1278
1.42000	1279
1.42167	1279
1.42333	1278
1.42500	1279
1.42667	1278
1.42833	1278
1.43000	1278
1.43167	1278
1.43333	1278
1.43500	1277
1.43667	1278
1.43833	1277
1.44000	1277
1.44167	1277
1.44333	1277
1.44500	1276
1.44667	1276
1.44833	1277
1.45000	1276
1.45167	1276
1.45333	1275
1.45500	1276
1.45667	1276
1.45833	1275
1.46000	1276
1.46167	1275
1.46333	1275
1.46500	1275
1.46667	1275
1.46833	1275
1.47000	1274
1.47167	1275
1.47333	1275
1.47500	1275
1.47667	1274
1.47833	1275
1.48000	1274
1.48167	1274
1.48333	1274
1.48500	1275
1.48667	1274
1.48833	1274
1.49000	1275
1.49167	1274
1.49333	1274
1.49500	1274
1.49667	1274
1.49833	1274
1.50000	1273
1.50167	1274
1.50333	1273
1.50500	1274
1.50667	1273
1.50833	1273
1.51000	1273
1.51167	1272
1.51333	1273
1.51500	1272
1.51667	1272
1.51833	1272
1.52000	1271
1.52167	1272
1.52333	1271
1.52500	1272
1.52667	1270
1.52833	1271
1.53000	1271
1.53167	1271
1.53333	1271
1.53500	1270
1.53667	1271
1.53833	1270
1.54000	1270
1.54167	1271
1.54333	1270
1.54500	1270
1.54667	1270
1.54833	1271
1.55000	1270
1.55167	1269
1.55333	1270
1.55500	1270
1.55667	1270
1.55833	1270
1.56000	1270
1.56167	1270
1.56333	1270
1.56500	1270
1.56667	1270
1.56833	1271
1.57000	1270
1.57167	1270
1.57333	1270
1.57500	1270
1.57667	1270
1.57833	1271
1.58000	1270
1.58167	1270
1.58333	1271
1.58500	1270
1.58667	1271
1.58833	1270
1.59000	1271
1.59167	1270
1.59333	1271
1.59500	1271
1.59667	1270
1.59833	1271
1.60000	1271
1.60167	1271
1.60333	1271
1.60500	1270
1.60667	1271
1.60833	1271
1.61000	1271
1.61167	1271
1.61333	1271
1.61500	1272
1.61667	1271
1.61833	1271
1.62000	1271
1.62167	1272
1.62333	1272
1.62500	1271
1.62667	1272
1.62833	1272
1.63000	1272
1.63167	1272
1.63333	1272
1.63500	1272
1.63667	1272
1.63833	1272
1.64000	1272
1.64167	1273
1.64333	1272
1.64500	1272
1.64667	1273
1.64833	1272
1.65000	1272
1.65167	1273
1.65333	1272
1.65500	1272
1.65667	1273
1.65833	1272
1.66000	1272
1.66167	1272
1.66333	1272
1.66500	1272
1.66667	1272
1.66833	1271
1.67000	1272
1.67167	1271
1.67333	1272
1.67500	1270
1.67667	1271
1.67833	1271
1.68000	1270
1.68167	1270
1.68333	1269
1.68500	1270
1.68667	1269
1.68833	1269
1.69000	1269
1.69167	1268
1.69333	1269
1.69500	1268
1.69667	1268
1.69833	1268
1.70000	1268
1.70167	1267
1.70333	1267
1.70500	1267
1.70667	1267
1.70833	1267
1.71000	1267
1.71167	1266
1.71333	1267
1.71500	1266
1.71667	1267
1.71833	1266
1.72000	1266
1.72167	1267
1.72333	1266
1.72500	1266
1.72667	1266
1.72833	1266
1.73000	1266
1.73167	1266
1.73333	1265
1.73500	1266
1.73667	1266
1.73833	1266
1.74000	1265
1.74167	1266
1.74333	1265
1.74500	1265
1.74667	1266
1.74833	1265
1.75000	1265
1.75167	1265
1.75333	1265
1.75500	1265
1.75667	1265
1.75833	1264
1.76000	1265
1.76167	1265
1.76333	1264
1.76500	1265
1.76667	1265
1.76833	1264
1.77000	1265
1.77167	1264
1.77333	1265
1.77500	1264
1.77667	1265
1.77833	1264
1.78000	1265
1.78167	1265
1.78333	1264
1.78500	1265
1.78667	1264
1.78833	1264
1.79000	1264
1.79167	1264
1.79333	1265
1.79500	1264
1.79667	1264
1.79833	1264
1.80000	1264
1.80167	1264
1.80333	1264
1.80500	1264
1.80667	1264
1.80833	1264
1.81000	1264
1.81167	1263
1.81333	1264
1.81500	1264
1.81667	1263
1.81833	1264
1.82000	1264
1.82167	1263
1.82333	1264
1.82500	1264
1.82667	1264
1.82833	1264
1.83000	1263
1.83167	1264
1.83333	1264
1.83500	1264
1.83667	1265
1.83833	1264
1.84000	1264
1.84167	1265
1.84333	1264
1.84500	1265
1.84667	1265
1.84833	1265
1.85000	1265
1.85167	1265
1.85333	1265
1.85500	1265
1.85667	1265
1.85833	1265
1.86000	1266
1.86167	1265
1.86333	1265
1.86500	1266
1.86667	1265
1.86833	1265
1.87000	1265
1.87167	1265
1.87333	1265
1.87500	1265
1.87667	1264
1.87833	1265
1.88000	1265
1.88167	1264
1.88333	1264
1.88500	1264
1.88667	1264
1.88833	1264
1.89000	1263
1.89167	1263
1.89333	1263
1.89500	1263
1.89667	1262
1.89833	1263
1.90000	1262
1.90167	1262
1.90333	1261
1.90500	1261
1.90667	1261
1.90833	1261
1.91000	1260
1.91167	1260
1.91333	1259
1.91500	1259
1.91667	1259
1.91833	1258
1.92000	1258
1.92167	1258
1.92333	1257
1.92500	1257
1.92667	1257
1.92833	1257
1.93000	1256
1.93167	1256
1.93333	1256
1.93500	1255
1.93667	1256
1.93833	1255
1.94000	1255
1.94167	1255
1.94333	1255
1.94500	1254
1.94667	1255
1.94833	1255
1.95000	1254
1.95167	1255
1.95333	1254
1.95500	1255
1.95667	1255
1.95833	1254
1.96000	1255
1.96167	1255
1.96333	1255
1.96500	1255
1.96667	1255
1.96833	1255
1.97000	1255
1.97167	1256
1.97333	1255
1.97500	1256
1.97667	1256
1.97833	1256
1.98000	1256
1.98167	1256
1.98333	1256
1.98500	1257
1.98667	1256
1.98833	1256
1.99000	1256
1.99167	1257
1.99333	1256
1.99500	1257
1.99667	1256
1.99833	1256
2.00000	1257
2.00167	1257
2.00333	1256
2.00500	1257
2.00667	1256
2.00833	1256
2.01000	1257
2.01167	1256
2.01333	1256
2.01500	1255
2.01667	1256
2.01833	1256
2.02000	1255
2.02167	1255
2.02333	1255
2.02500	1255
2.02667	1254
2.02833	1255
2.03000	1254
2.03167	1255
2.03333	1254
2.03500	1254
2.03667	1254
2.03833	1254
2.04000	1253
2.04167	1253
2.04333	1253
2.04500	1253
2.04667	1253
2.04833	1252
2.05000	1253
2.05167	1252
2.05333	1253
2.05500	1252
2.05667	1253
2.05833	1253
2.06000	1253
2.06167	1252
2.06333	1253
2.06500	1254
2.06667	1253
2.06833	1253
2.07000	1253
2.07167	1253
2.07333	1254
2.07500	1253
2.07667	1254
2.07833	1254
2.08000	1253
2.08167	1254
2.08333	1254
2.08500	1254
2.08667	1253
2.08833	1254
2.09000	1254
2.09167	1253
2.09333	1254
2.09500	1254
2.09667	1254
2.09833	1253
2.10000	1254
2.10167	1253
2.10333	1254
2.10500	1253
2.10667	1253
2.10833	1254
2.11000	1253
2.11167	1253
2.11333	1253
2.11500	1253
2.11667	1254
2.11833	1253
2.12000	1253
2.12167	1253
2.12333	1253
2.12500	1253
2.12667	1253
2.12833	1253
2.13000	1253
2.13167	1253
2.13333	1253
2.13500	1253
2.13667	1253
2.13833	1253
2.14000	1253
2.14167	1253
2.14333	1253
2.14500	1253
2.14667	1253
2.14833	1252
2.15000	1253
2.15167	1252
2.15333	1252
2.15500	1253
2.15667	1252
2.15833	1252
2.16000	1252
2.16167	1252
2.16333	1252
2.16500	1251
2.16667	1252
2.16833	1251
2.17000	1251
2.17167	1251
2.17333	1251
2.17500	1251
2.17667	1250
2.17833	1251
2.18000	1251
2.18167	1251
2.18333	1250
2.18500	1251
2.18667	1250
2.18833	1250
2.19000	1250
2.19167	1251
2.19333	1250
2.19500	1250
2.19667	1251
2.19833	1250
2.20000	1251
2.20167	1250
2.20333	1251
2.20500	1251
2.20667	1251
2.20833	1251
2.21000	1251
2.21167	1252
2.21333	1251
2.21500	1252
2.21667	1251
2.21833	1252
2.22000	1252
2.22167	1251
2.22333	1251
2.22500	1252
2.22667	1251
2.22833	1251
2.23000	1251
2.23167	1251
2.23333	1251
2.23500	1251
2.23667	1251
2.23833	1251
2.24000	1250
2.24167	1251
2.24333	1250
2.24500	1250
2.24667	1251
2.24833	1250
2.25000	1250
2.25167	1249
2.25333	1250
2.25500	1249
2.25667	1250
2.25833	1249
2.26000	1250
2.26167	1249
2.26333	1250
2.26500	1249
2.26667	1249
2.26833	1249
2.27000	1250
2.27167	1249
2.27333	1249
2.27500	1250
2.27667	1249
2.27833	1250
2.28000	1249
2.28167	1249
2.28333	1250
2.28500	1249
2.28667	1250
2.28833	1250
2.29000	1250
2.29167	1250
2.29333	1250
2.29500	1250
2.29667	1250
2.29833	1250
2.30000	1251
2.30167	1251
2.30333	1250
2.30500	1251
2.30667	1250
2.30833	1251
2.31000	1251
2.31167	1251
2.31333	1251
2.31500	1251
2.31667	1252
2.31833	1251
2.32000	1251
2.32167	1251
2.32333	1251
2.32500	1251
2.32667	1252
2.32833	1251
2.33000	1251
2.33167	1251
2.33333	1251
2.33500	1250
2.33667	1251
2.33833	1250
2.34000	1251
2.34167	1250
2.34333	1250
2.34500	1249
2.34667	1250
2.34833	1249
2.35000	1249
2.35167	1248
2.35333	1249
2.35500	1248
2.35667	1248
2.35833	1247
2.36000	1247
2.36167	1247
2.36333	1247
2.36500	1247
2.36667	1246
2.36833	1246
2.37000	1245
2.37167	1246
2.37333	1245
2.37500	1244
2.37667	1245
2.37833	1244
2.38000	1245
2.38167	1244
2.38333	1244
2.38500	1244
2.38667	1243
2.38833	1244
2.39000	1243
2.39167	1243
2.39333	1243
2.39500	1243
2.39667	1242
2.39833	1243
2.40000	1243
2.40167	1243
2.40333	1243
2.40500	1243
2.40667	1243
2.40833	1243
2.41000	1243
2.41167	1243
2.41333	1244
2.41500	1243
2.41667	1243
2.41833	1244
2.42000	1243
2.42167	1243
2.42333	1244
2.42500	1243
2.42667	1244
2.42833	1244
2.43000	1244
2.43167	1244
2.43333	1243
2.43500	1244
2.43667	1244
2.43833	1244
2.44000	1243
2.44167	1244
2.44333	1244
2.44500	1243
2.44667	1244
2.44833	1244
2.45000	1244
2.45167	1244
2.45333	1244
2.45500	1244
2.45667	1244
2.45833	1245
2.46000	1245
2.46167	1245
2.46333	1244
2.46500	1245
2.46667	1245
2.46833	1245
2.47000	1245
2.47167	1246
2.47333	1244
2.47500	1246
2.47667	1245
2.47833	1245
2.48000	1246
2.48167	1245
2.48333	1246
2.48500	1245
2.48667	1246
2.48833	1246
2.49000	1246
2.49167	1246
2.49333	1246
2.49500	1246
2.49667	1246
2.49833	1246
2.50000	1246
2.50167	1246
2.50333	1246
2.50500	1247
2.50667	1246
2.50833	1246
2.51000	1246
2.51167	1246
2.51333	1247
2.51500	1246
2.51667	1246
2.51833	1245
2.52000	1246
2.52167	1246
2.52333	1246
2.52500	1245
2.52667	1246
2.52833	1245
2.53000	1245
2.53167	1245
2.53333	1244
2.53500	1245
2.53667	1245
2.53833	1244
2.54000	1244
2.54167	1245
2.54333	1244
2.54500	1244
2.54667	1244
2.54833	1244
2.55000	1244
2.55167	1244
2.55333	1245
2.55500	1244
2.55667	1244
2.55833	1244
2.56000	1244
2.56167	1244
2.56333	1245
2.56500	1244
2.56667	1244
2.56833	1245
2.57000	1244
2.57167	1245
2.57333	1244
2.57500	1245
2.57667	1244
2.57833	1244
2.58000	1244
2.58167	1244
2.58333	1244
2.58500	1244
2.58667	1243
2.58833	1244
2.59000	1243
2.59167	1243
2.59333	1243
2.59500	1243
2.59667	1242
2.59833	1243
2.60000	1243
2.60167	1242
2.60333	1242
2.60500	1242
2.60667	1242
2.60833	1241
2.61000	1242
2.61167	1242
2.61333	1241
2.61500	1241
2.61667	1242
2.61833	1241
2.62000	1241
2.62167	1242
2.62333	1241
2.62500	1241
2.62667	1242
2.62833	1241
2.63000	1241
2.63167	1242
2.63333	1241
2.63500	1242
2.63667	1241
2.63833	1242
2.64000	1241
2.64167	1241
2.64333	1241
2.64500	1242
2.64667	1241
2.64833	1241
2.65000	1241
2.65167	1241
2.65333	1240
2.65500	1241
2.65667	1241
2.65833	1241
2.66000	1241
2.66167	1242
2.66333	1241
2.66500	1240
2.66667	1241
2.66833	1241
2.67000	1241
2.67167	1241
2.67333	1241
2.67500	1241
2.67667	1241
2.67833	1241
2.68000	1241
2.68167	1241
2.68333	1241
2.68500	1242
2.68667	1241
2.68833	1241
2.69000	1241
2.69167	1240
2.69333	1241
2.69500	1241
2.69667	1240
2.69833	1241
2.70000	1240
2.70167	1241
2.70333	1240
2.70500	1240
2.70667	1240
2.70833	1241
2.71000	1240
2.71167	1239
2.71333	1240
2.71500	1240
2.71667	1239
2.71833	1240
2.72000	1239
2.72167	1239
2.72333	1239
2.72500	1240
2.72667	1238
2.72833	1239
2.73000	1239
2.73167	1239
2.73333	1239
2.73500	1238
2.73667	1239
2.73833	1239
2.74000	1238
2.74167	1239
2.74333	1239
2.74500	1238
2.74667	1239
2.74833	1238
2.75000	1239
2.75167	1239
2.75333	1239
2.75500	1239
2.75667	1239
2.75833	1239
2.76000	1239
2.76167	1239
2.76333	1240
2.76500	1239
2.76667	1239
2.76833	1240
2.77000	1240
2.77167	1239
2.77333	1239
2.77500	1240
2.77667	1239
2.77833	1240
2.78000	1239
2.78167	1240
2.78333	1240
2.78500	1239
2.78667	1239
2.78833	1239
2.79000	1239
2.79167	1239
2.79333	1239
2.79500	1238
2.79667	1238
2.79833	1238
2.80000	1238
2.80167	1237
2.80333	1238
2.80500	1237
2.80667	1236
2.80833	1237
2.81000	1237
2.81167	1236
2.81333	1236
2.81500	1237
2.81667	1235
2.81833	1236
2.82000	1235
2.82167	1235
2.82333	1235
2.82500	1235
2.82667	1235
2.82833	1235
2.83000	1234
2.83167	1234
2.83333	1235
2.83500	1234
2.83667	1234
2.83833	1234
2.84000	1234
2.84167	1234
2.84333	1234
2.84500	1234
2.84667	1233
2.84833	1234
2.85000	1233
2.85167	1233
2.85333	1233
2.85500	1233
2.85667	1233
2.85833	1233
2.86000	1233
2.86167	1232
2.86333	1233
2.86500	1232
2.86667	1233
2.86833	1232
2.87000	1233
2.87167	1232
2.87333	1232
2.87500	1233
2.87667	1232
2.87833	1233
2.88000	1232
2.88167	1232
2.88333	1232
2.88500	1233
2.88667	1232
2.88833	1233
2.89000	1233
2.89167	1233
2.89333	1232
2.89500	1233
2.89667	1233
2.89833	1232
2.90000	1233
2.90167	1233
2.90333	1232
2.90500	1233
2.90667	1232
2.90833	1232
2.91000	1232
2.91167	1232
2.91333	1232
2.91500	1232
2.91667	1232
2.91833	1231
2.92000	1231
2.92167	1231
2.92333	1231
2.92500	1231
2.92667	1231
2.92833	1231
2.93000	1230
2.93167	1230
2.93333	1231
2.93500	1230
2.93667	1230
2.93833	1230
2.94000	1229
2.94167	1230
2.94333	1229
2.94500	1230
2.94667	1229
2.94833	1230
2.95000	1229
2.95167	1230
2.95333	1230
2.95500	1229
2.95667	1230
2.95833	1230
2.96000	1229
2.96167	1230
2.96333	1231
2.96500	1230
2.96667	1230
2.96833	1230
2.97000	1230
2.97167	1231
2.97333	1230
2.97500	1231
2.97667	1230
2.97833	1230
2.98000	1231
2.98167	1230
2.98333	1230
2.98500	1230
2.98667	1230
2.98833	1230
2.99000	1230
2.99167	1230
2.99333	1230
2.99500	1229
2.99667	1230
2.99833	1229
3.00000	1229
3.00167	1229
3.00333	1229
3.00500	1228
3.00667	1229
3.00833	1228
3.01000	1228
3.01167	1228
3.01333	1228
3.01500	1227
3.01667	1228
3.01833	1227
3.02000	1227
3.02167	1227
3.02333	1226
3.02500	1227
3.02667	1226
3.02833	1226
3.03000	1227
3.03167	1226
3.03333	1226
3.03500	1227
3.03667	1226
3.03833	1226
3.04000	1227
3.04167	1226
3.04333	1226
3.04500	1227
3.04667	1227
3.04833	1226
3.05000	1226
3.05167	1227
3.05333	1226
3.05500	1227
3.05667	1226
3.05833	1227
3.06000	1226
3.06167	1226
3.06333	1226
3.06500	1226
3.06667	1226
3.06833	1226
3.07000	1226
3.07167	1226
3.07333	1225
3.07500	1226
3.07667	1226
3.07833	1225
3.08000	1226
3.08167	1226
3.08333	1226
3.08500	1225
3.08667	1226
3.08833	1225
3.09000	1226
3.09167	1225
3.09333	1225
3.09500	1226
3.09667	1225
3.09833	1225
3.10000	1226
3.10167	1225
3.10333	1225
3.10500	1225
3.10667	1225
3.10833	1225
3.11000	1225
3.11167	1225
3.11333	1225
3.11500	1225
3.11667	1225
3.11833	1224
3.12000	1225
3.12167	1224
3.12333	1225
3.12500	1224
3.12667	1224
3.12833	1224
3.13000	1224
3.13167	1225
3.13333	1224
3.13500	1224
3.13667	1224
3.13833	1224
3.14000	1224
3.14167	1224
3.14333	1224
3.14500	1223
3.14667	1224
3.14833	1224
3.15000	1224
3.15167	1224
3.15333	1224
3.15500	1224
3.15667	1224
3.15833	1224
3.16000	1225
3.16167	1224
3.16333	1224
3.16500	1225
3.16667	1224
3.16833	1224
3.17000	1223
3.17167	1224
3.17333	1224
3.17500	1224
3.17667	1224
3.17833	1224
3.18000	1223
3.18167	1224
3.18333	1224
3.18500	1223
3.18667	1223
3.18833	1224
3.19000	1223
3.19167	1223
3.19333	1223
3.19500	1224
3.19667	1223
3.19833	1223
3.20000	1223
3.20167	1224
3.20333	1223
3.20500	1224
3.20667	1223
3.20833	1224
3.21000	1223
3.21167	1224
3.21333	1224
3.21500	1224
3.21667	1223
3.21833	1224
3.22000	1224
3.22167	1223
3.22333	1223
3.22500	1224
3.22667	1223
3.22833	1222
3.23000	1223
3.23167	1223
3.23333	1223
3.23500	1222
3.23667	1222
3.23833	1222
3.24000	1221
3.24167	1222
3.24333	1222
3.24500	1221
3.24667	1221
3.24833	1221
3.25000	1221
3.25167	1221
3.25333	1221
3.25500	1221
3.25667	1221
3.25833	1220
3.26000	1220
3.26167	1221
3.26333	1220
3.26500	1221
3.26667	1220
3.26833	1220
3.27000	1221
3.27167	1220
3.27333	1220
3.27500	1221
3.27667	1220
3.27833	1220
3.28000	1220
3.28167	1220
3.28333	1219
3.28500	1220
3.28667	1220
3.28833	1220
3.29000	1219
3.29167	1220
3.29333	1220
3.29500	1219
3.29667	1220
3.29833	1219
3.30000	1220
3.30167	1219
3.30333	1219
3.30500	1219
3.30667	1220
3.30833	1219
3.31000	1219
3.31167	1219
3.31333	1219
3.31500	1219
3.31667	1219
3.31833	1219
3.32000	1220
3.32167	1219
3.32333	1219
3.32500	1219
3.32667	1219
3.32833	1219
3.33000	1220
3.33167	1219
3.33333	1219
3.33500	1219
3.33667	1219
3.33833	1220
3.34000	1219
3.34167	1219
3.34333	1219
3.34500	1219
3.34667	1218
3.34833	1219
3.35000	1219
3.35167	1218
3.35333	1219
3.35500	1218
3.35667	1218
3.35833	1218
3.36000	1218
3.36167	1217
3.36333	1218
3.36500	1217
3.36667	1217
3.36833	1217
3.37000	1217
3.37167	1217
3.37333	1217
3.37500	1217
3.37667	1216
3.37833	1217
3.38000	1216
3.38167	1217
3.38333	1216
3.38500	1217
3.38667	1216
3.38833	1216
3.39000	1216
3.39167	1216
3.39333	1216
3.39500	1216
3.39667	1216
3.39833	1216
3.40000	1216
3.40167	1215
3.40333	1216
3.40500	1215
3.40667	1215
3.40833	1215
3.41000	1215
3.41167	1215
3.41333	1214
3.41500	1215
3.41667	1214
3.41833	1215
3.42000	1214
3.42167	1215
3.42333	1214
3.42500	1214
3.42667	1214
3.42833	1215
3.43000	1214
3.43167	1214
3.43333	1214
3.43500	1214
3.43667	1214
3.43833	1214
3.44000	1214
3.44167	1214
3.44333	1213
3.44500	1214
3.44667	1214
3.44833	1213
3.45000	1214
3.45167	1214
3.45333	1213
3.45500	1213
3.45667	1213
3.45833	1213
3.46000	1213
3.46167	1213
3.46333	1212
3.46500	1213
3.46667	1213
3.46833	1212
3.47000	1213
3.47167	1213
3.47333	1212
3.47500	1213
3.47667	1213
3.47833	1213
3.48000	1214
3.48167	1213
3.48333	1214
3.48500	1214
3.48667	1214
3.48833	1214
3.49000	1215
3.49167	1215
3.49333	1215
3.49500	1215
3.49667	1216
3.49833	1216
3.50000	1216
3.50167	1217
3.50333	1217
3.50500	1218
3.50667	1219
3.50833	1219
3.51000	1219
3.51167	1221
3.51333	1221
3.51500	1222
3.51667	1223
3.51833	1224
3.52000	1225
3.52167	1227
3.52333	1227
3.52500	1230
3.52667	1231
3.52833	1234
3.53000	1235
3.53167	1238
3.53333	1240
3.53500	1243
3.53667	1247
3.53833	1249
3.54000	1254
3.54167	1257
3.54333	1261
3.54500	1265
3.54667	1271
3.54833	1275
3.55000	1280
3.55167	1287
3.55333	1293
3.55500	1300
3.55667	1307
3.55833	1314
3.56000	1322
3.56167	1331
3.56333	1340
3.56500	1350
3.56667	1359
3.56833	1371
3.57000	1383
3.57167	1396
3.57333	1409
3.57500	1424
3.57667	1439
3.57833	1457
3.58000	1474
3.58167	1493
3.58333	1514
3.58500	1536
3.58667	1560
3.58833	1587
3.59000	1614
3.59167	1644
3.59333	1677
3.59500	1713
3.59667	1749
3.59833	1790
3.60000	1832
3.60167	1879
3.60333	1927
3.60500	1980
3.60667	2037
3.60833	2098
3.61000	2164
3.61167	2236
3.61333	2311
3.61500	2391
3.61667	2475
3.61833	2562
3.62000	2653
3.62167	2745
3.62333	2842
3.62500	2940
3.62667	3041
3.62833	3147
3.63000	3254
3.63167	3366
3.63333	3481
3.63500	3597
3.63667	3714
3.63833	3829
3.64000	3945
3.64167	4056
3.64333	4166
3.64500	4272
3.64667	4374
3.64833	4471
3.65000	4565
3.65167	4654
3.65333	4739
3.65500	4817
3.65667	4890
3.65833	4957
3.66000	5017
3.66167	5072
3.66333	5118
3.66500	5157
3.66667	5188
3.66833	5213
3.67000	5227
3.67167	5235
3.67333	5235
3.67500	5226
3.67667	5211
3.67833	5191
3.68000	5164
3.68167	5133
3.68333	5096
3.68500	5055
3.68667	5009
3.68833	4958
3.69000	4902
3.69167	4843
3.69333	4779
3.69500	4712
3.69667	4641
3.69833	4570
3.70000	4496
3.70167	4422
3.70333	4345
3.70500	4270
3.70667	4194
3.70833	4116
3.71000	4037
3.71167	3959
3.71333	3879
3.71500	3799
3.71667	3721
3.71833	3643
3.72000	3566
3.72167	3489
3.72333	3415
3.72500	3341
3.72667	3269
3.72833	3197
3.73000	3128
3.73167	3058
3.73333	2990
3.73500	2923
3.73667	2857
3.73833	2794
3.74000	2732
3.74167	2670
3.74333	2612
3.74500	2554
3.74667	2498
3.74833	2443
3.75000	2390
3.75167	2338
3.75333	2286
3.75500	2236
3.75667	2188
3.75833	2140
3.76000	2095
3.76167	2050
3.76333	2007
3.76500	1965
3.76667	1924
3.76833	1885
3.77000	1845
3.77167	1808
3.77333	1772
3.77500	1735
3.77667	1700
3.77833	1666
3.78000	1634
3.78167	1601
3.78333	1570
3.78500	1540
3.78667	1511
3.78833	1483
3.79000	1454
3.79167	1428
3.79333	1401
3.79500	1374
3.79667	1349
3.79833	1325
3.80000	1301
3.80167	1277
3.80333	1255
3.80500	1232
3.80667	1211
3.80833	1190
3.81000	1169
3.81167	1149
3.81333	1129
3.81500	1110
3.81667	1091
3.81833	1072
3.82000	1054
3.82167	1037
3.82333	1019
3.82500	1003
3.82667	986
3.82833	970
3.83000	954
3.83167	938
3.83333	923
3.83500	908
3.83667	894
3.83833	878
3.84000	865
3.84167	850
3.84333	837
3.84500	824
3.84667	810
3.84833	798
3.85000	785
3.85167	773
3.85333	760
3.85500	748
3.85667	736
3.85833	724
3.86000	712
3.86167	701
3.86333	690
3.86500	679
3.86667	668
3.86833	658
3.87000	647
3.87167	636
3.87333	625
3.87500	616
3.87667	605
3.87833	594
3.88000	584
3.88167	574
3.88333	564
3.88500	554
3.88667	544
3.88833	534
3.89000	524
3.89167	515
3.89333	506
3.89500	496
3.89667	488
3.89833	480
3.90000	471
3.90167	464
3.90333	455
3.90500	449
3.90667	441
3.90833	435
3.91000	428
3.91167	421
3.91333	416
3.91500	410
3.91667	404
3.91833	399
3.92000	394
3.92167	388
3.92333	385
3.92500	379
3.92667	376
3.92833	372
3.93000	368
3.93167	365
3.93333	361
3.93500	359
3.93667	356
3.93833	353
3.94000	350
3.94167	349
3.94333	346
3.94500	344
3.94667	343
3.94833	341
3.95000	339
3.95167	338
3.95333	336
3.95500	335
3.95667	333
3.95833	333
3.96000	331
3.96167	330
3.96333	329
3.96500	328
3.96667	326
3.96833	325
3.97000	324
3.97167	322
3.97333	321
3.97500	319
3.97667	318
3.97833	315
3.98000	314
3.98167	312
3.98333	310
3.98500	308
3.98667	305
3.98833	303
3.99000	301
3.99167	298
3.99333	295
3.99500	292
3.99667	289
3.99833	286
4.00000	283
4.00167	279
4.00333	276
4.00500	273
4.00667	269
4.00833	265
4.01000	261
4.01167	258
4.01333	254
4.01500	250
4.01667	246
4.01833	241
4.02000	238
4.02167	233
4.02333	230
4.02500	225
4.02667	222
4.02833	217
4.03000	212
4.03167	209
4.03333	204
4.03500	201
4.03667	196
4.03833	192
4.04000	188
4.04167	184
4.04333	180
4.04500	176
4.04667	172
4.04833	169
4.05000	165
4.05167	162
4.05333	157
4.05500	155
4.05667	150
4.05833	147
4.06000	144
4.06167	141
4.06333	138
4.06500	135
4.06667	132
4.06833	129
4.07000	126
4.07167	124
4.07333	121
4.07500	119
4.07667	117
4.07833	115
4.08000	112
4.08167	111
4.08333	109
4.08500	108
4.08667	106
4.08833	105
4.09000	103
4.09167	103
4.09333	101
4.09500	101
4.09667	101
4.09833	100
4.10000	100
4.10167	100
4.10333	99
4.10500	99
4.10667	99
4.10833	100
4.11000	100
4.11167	101
4.11333	102
4.11500	102
4.11667	103
4.11833	104
4.12000	105
4.12167	106
4.12333	108
4.12500	108
4.12667	110
4.12833	111
4.13000	113
4.13167	114
4.13333	116
4.13500	117
4.13667	120
4.13833	121
4.14000	122
4.14167	124
4.14333	127
4.14500	127
4.14667	130
4.14833	131
4.15000	132
4.15167	134
4.15333	136
4.15500	137
4.15667	138
4.15833	140
4.16000	142
4.16167	143
4.16333	144
4.16500	146
4.16667	147
4.16833	148
4.17000	150
4.17167	151
4.17333	151
4.17500	153
4.17667	153
4.17833	155
4.18000	154
4.18167	155
4.18333	156
4.18500	156
4.18667	157
4.18833	156
4.19000	157
4.19167	158
4.19333	157
4.19500	157
4.19667	158
4.19833	157
4.20000	156
4.20167	157
4.20333	156
4.20500	155
4.20667	156
4.20833	154
4.21000	154
4.21167	153
4.21333	153
4.21500	151
4.21667	151
4.21833	150
4.22000	148
4.22167	148
4.22333	147
4.22500	146
4.22667	144
4.22833	144
4.23000	142
4.23167	140
4.23333	140
4.23500	137
4.23667	137
4.23833	134
4.24000	133
4.24167	131
4.24333	130
4.24500	128
4.24667	126
4.24833	125
4.25000	122
4.25167	121
4.25333	118
4.25500	116
4.25667	115
4.25833	112
4.26000	110
4.26167	108
4.26333	106
4.26500	103
4.26667	102
4.26833	99
4.27000	97
4.27167	95
4.27333	92
4.27500	90
4.27667	88
4.27833	86
4.28000	83
4.28167	81
4.28333	79
4.28500	76
4.28667	75
4.28833	73
4.29000	70
4.29167	68
4.29333	67
4.29500	64
4.29667	62
4.29833	61
4.30000	58
4.30167	57
4.30333	55
4.30500	54
4.30667	52
4.30833	49
4.31000	49
4.31167	46
4.31333	45
4.31500	43
4.31667	41
4.31833	40
4.32000	38
4.32167	36
4.32333	34
4.32500	33
4.32667	30
4.32833	29
4.33000	27
4.33167	25
4.33333	23
4.33500	22
4.33667	19
4.33833	18
4.34000	15
4.34167	14
4.34333	12
4.34500	10
4.34667	9
4.34833	6
4.35000	5
4.35167	3
4.35333	1
4.35500	-1
4.35667	-2
4.35833	-4
4.36000	-6
4.36167	-8
4.36333	-9
4.36500	-10
4.36667	-13
4.36833	-14
4.37000	-16
4.37167	-17
4.37333	-20
4.37500	-21
4.37667	-22
4.37833	-24
4.38000	-26
4.38167	-28
4.38333	-29
4.38500	-31
4.38667	-32
4.38833	-34
4.39000	-36
4.39167	-37
4.39333	-39
4.39500	-40
4.39667	-42
4.39833	-43
4.40000	-44
4.40167	-46
4.40333	-47
4.40500	-48
4.40667	-50
4.40833	-50
4.41000	-52
4.41167	-53
4.41333	-54
4.41500	-55
4.41667	-56
4.41833	-57
4.42000	-58
4.42167	-59
4.42333	-60
4.42500	-61
4.42667	-62
4.42833	-62
4.43000	-63
4.43167	-63
4.43333	-65
4.43500	-65
4.43667	-65
4.43833	-66
4.44000	-67
4.44167	-67
4.44333	-68
4.44500	-68
4.44667	-69
4.44833	-69
4.45000	-69
4.45167	-69
4.45333	-70
4.45500	-70
4.45667	-71
4.45833	-71
4.46000	-71
4.46167	-71
4.46333	-72
4.46500	-71
4.46667	-72
4.46833	-72
4.47000	-72
4.47167	-72
4.47333	-72
4.47500	-72
4.47667	-72
4.47833	-72
4.48000	-72
4.48167	-71
4.48333	-72
4.48500	-71
4.48667	-71
4.48833	-71
4.49000	-71
4.49167	-70
4.49333	-71
4.49500	-69
4.49667	-70
4.49833	-69
4.50000	-69
4.50167	-69
4.50333	-68
4.50500	-68
4.50667	-68
4.50833	-68
4.51000	-68
4.51167	-67
4.51333	-67
4.51500	-67
4.51667	-67
4.51833	-67
4.52000	-67
4.52167	-68
4.52333	-67
4.52500	-68
4.52667	-68
4.52833	-68
4.53000	-68
4.53167	-70
4.53333	-69
4.53500	-71
4.53667	-71
4.53833	-71
4.54000	-73
4.54167	-73
4.54333	-75
4.54500	-75
4.54667	-76
4.54833	-77
4.55000	-78
4.55167	-79
4.55333	-79
4.55500	-81
4.55667	-81
4.55833	-83
4.56000	-83
4.56167	-84
4.56333	-85
4.56500	-85
4.56667	-85
4.56833	-85
4.57000	-85
4.57167	-84
4.57333	-84
4.57500	-83
4.57667	-83
4.57833	-80
4.58000	-80
4.58167	-77
4.58333	-75
4.58500	-72
4.58667	-70
4.58833	-66
4.59000	-62
4.59167	-59
4.59333	-53
4.59500	-48
4.59667	-43
4.59833	-37
4.60000	-32
4.60167	-25
4.60333	-19
4.60500	-12
4.60667	-6
4.60833	1
4.61000	9
4.61167	16
4.61333	23
4.61500	31
4.61667	39
4.61833	47
4.62000	53
4.62167	61
4.62333	68
4.62500	74
4.62667	82
4.62833	87
4.63000	94
4.63167	99
4.63333	105
4.63500	109
4.63667	113
4.63833	118
4.64000	121
4.64167	124
4.64333	127
4.64500	130
4.64667	131
4.64833	132
4.65000	133
4.65167	133
4.65333	133
4.65500	133
4.65667	132
4.65833	131
4.66000	128
4.66167	128
4.66333	125
4.66500	122
4.66667	121
4.66833	117
4.67000	115
4.67167	111
4.67333	108
4.67500	105
4.67667	101
4.67833	98
4.68000	94
4.68167	92
4.68333	88
4.68500	85
4.68667	81
4.68833	79
4.69000	76
4.69167	73
4.69333	70
4.69500	68
4.69667	66
4.69833	63
4.70000	62
4.70167	60
4.70333	59
4.70500	58
4.70667	57
4.70833	57
4.71000	58
4.71167	57
4.71333	59
4.71500	60
4.71667	62
4.71833	64
4.72000	66
4.72167	68
4.72333	72
4.72500	75
4.72667	79
4.72833	84
4.73000	87
4.73167	94
4.73333	98
4.73500	105
4.73667	111
4.73833	117
4.74000	124
4.74167	131
4.74333	137
4.74500	144
4.74667	150
4.74833	158
4.75000	163
4.75167	171
4.75333	177
4.75500	184
4.75667	190
4.75833	196
4.76000	201
4.76167	206
4.76333	211
4.76500	216
4.76667	219
4.76833	221
4.77000	225
4.77167	226
4.77333	227
4.77500	227
4.77667	227
4.77833	227
4.78000	225
4.78167	224
4.78333	221
4.78500	219
4.78667	214
4.78833	211
4.79000	207
4.79167	201
4.79333	197
4.79500	190
4.79667	184
4.79833	177
4.80000	171
4.80167	164
4.80333	157
4.80500	150
4.80667	143
4.80833	136
4.81000	129
4.81167	122
4.81333	115
4.81500	108
4.81667	101
4.81833	94
4.82000	87
4.82167	80
4.82333	74
4.82500	68
4.82667	62
4.82833	55
4.83000	50
4.83167	44
4.83333	38
4.83500	33
4.83667	28
4.83833	23
4.84000	18
4.84167	14
4.84333	9
4.84500	4
4.84667	1
4.84833	-4
4.85000	-7
4.85167	-11
4.85333	-14
4.85500	-18
4.85667	-21
4.85833	-25
4.86000	-27
4.86167	-31
4.86333	-34
4.86500	-36
4.86667	-39
4.86833	-41
4.87000	-44
4.87167	-46
4.87333	-49
4.87500	-51
4.87667	-53
4.87833	-55
4.88000	-58
4.88167	-59
4.88333	-61
4.88500	-63
4.88667	-65
4.88833	-67
4.89000	-69
4.89167	-70
4.89333	-71
4.89500	-73
4.89667	-75
4.89833	-76
4.90000	-78
4.90167	-79
4.90333	-80
4.90500	-82
4.90667	-83
4.90833	-84
4.91000	-86
4.91167	-87
4.91333	-88
4.91500	-90
4.91667	-90
4.91833	-92
4.92000	-93
4.92167	-95
4.92333	-95
4.92500	-97
4.92667	-98
4.92833	-98
4.93000	-100
4.93167	-101
4.93333	-103
4.93500	-103
4.93667	-105
4.93833	-105
4.94000	-107
4.94167	-108
4.94333	-109
4.94500	-110
4.94667	-112
4.94833	-112
4.95000	-113
4.95167	-115
4.95333	-115
4.95500	-117
4.95667	-118
4.95833	-118
4.96000	-119
4.96167	-121
4.96333	-121
4.96500	-122
4.96667	-123
4.96833	-124
4.97000	-125
4.97167	-125
4.97333	-126
4.97500	-127
4.97667	-128
4.97833	-129
4.98000	-129
4.98167	-130
4.98333	-131
4.98500	-132
4.98667	-132
4.98833	-134
4.99000	-134
4.99167	-134
4.99333	-136
4.99500	-136
4.99667	-138
4.99833	-138
5.00000	-139
5.00167	-140
5.00333	-141
5.00500	-141
5.00667	-142
5.00833	-144
5.01000	-143
5.01167	-145
5.01333	-145
5.01500	-146
5.01667	-147
5.01833	-147
5.02000	-148
5.02167	-149
5.02333	-149
5.02500	-150
5.02667	-151
5.02833	-151
5.03000	-152
5.03167	-152
5.03333	-153
5.03500	-153
5.03667	-154
5.03833	-155
5.04000	-155
5.04167	-155
5.04333	-156
5.04500	-156
5.04667	-157
5.04833	-156
5.05000	-158
5.05167	-157
5.05333	-158
5.05500	-159
5.05667	-159
5.05833	-160
5.06000	-160
5.06167	-160
5.06333	-161
5.06500	-161
5.06667	-161
5.06833	-162
5.07000	-162
5.07167	-163
5.07333	-163
5.07500	-163
5.07667	-164
5.07833	-165
5.08000	-164
5.08167	-165
5.08333	-165
5.08500	-166
5.08667	-166
5.08833	-166
5.09000	-167
5.09167	-167
5.09333	-167
5.09500	-168
5.09667	-168
5.09833	-168
5.10000	-169
5.10167	-169
5.10333	-170
5.10500	-171
5.10667	-171
5.10833	-171
5.11000	-173
5.11167	-173
5.11333	-173
5.11500	-175
5.11667	-175
5.11833	-175
5.12000	-177
5.12167	-177
5.12333	-178
5.12500	-179
5.12667	-180
5.12833	-182
5.13000	-181
5.13167	-184
5.13333	-184
5.13500	-185
5.13667	-186
5.13833	-188
5.14000	-188
5.14167	-190
5.14333	-190
5.14500	-192
5.14667	-193
5.14833	-194
5.15000	-195
5.15167	-197
5.15333	-197
5.15500	-198
5.15667	-199
5.15833	-198
5.16000	-199
5.16167	-198
5.16333	-196
5.16500	-194
5.16667	-190
5.16833	-186
5.17000	-181
5.17167	-175
5.17333	-166
5.17500	-158
5.17667	-148
5.17833	-135
5.18000	-123
5.18167	-109
5.18333	-93
5.18500	-76
5.18667	-57
5.18833	-35
5.19000	-13
5.19167	13
5.19333	39
5.19500	69
5.19667	99
5.19833	131
5.20000	164
5.20167	198
5.20333	234
5.20500	269
5.20667	308
5.20833	345
5.21000	385
5.21167	427
5.21333	468
5.21500	511
5.21667	554
5.21833	599
5.22000	642
5.22167	687
5.22333	731
5.22500	775
5.22667	818
5.22833	862
5.23000	906
5.23167	950
5.23333	993
5.23500	1037
5.23667	1079
5.23833	1121
5.24000	1163
5.24167	1204
5.24333	1244
5.24500	1282
5.24667	1321
5.24833	1358
5.25000	1395
5.25167	1430
5.25333	1465
5.25500	1499
5.25667	1532
5.25833	1563
5.26000	1594
5.26167	1623
5.26333	1652
5.26500	1679
5.26667	1704
5.26833	1729
5.27000	1753
5.27167	1776
5.27333	1797
5.27500	1818
5.27667	1837
5.27833	1855
5.28000	1872
5.28167	1889
5.28333	1904
5.28500	1917
5.28667	1932
5.28833	1943
5.29000	1954
5.29167	1965
5.29333	1974
5.29500	1983
5.29667	1991
5.29833	1998
5.30000	2004
5.30167	2010
5.30333	2015
5.30500	2019
5.30667	2023
5.30833	2026
5.31000	2028
5.31167	2031
5.31333	2031
5.31500	2033
5.31667	2033
5.31833	2032
5.32000	2033
5.32167	2031
5.32333	2030
5.32500	2028
5.32667	2027
5.32833	2024
5.33000	2022
5.33167	2018
5.33333	2016
5.33500	2011
5.33667	2007
5.33833	2003
5.34000	1999
5.34167	1994
5.34333	1989
5.34500	1984
5.34667	1979
5.34833	1973
5.35000	1968
5.35167	1961
5.35333	1956
5.35500	1950
5.35667	1943
5.35833	1937
5.36000	1931
5.36167	1924
5.36333	1917
5.36500	1911
5.36667	1905
5.36833	1898
5.37000	1891
5.37167	1884
5.37333	1878
5.37500	1871
5.37667	1863
5.37833	1857
5.38000	1850
5.38167	1844
5.38333	1837
5.38500	1830
5.38667	1824
5.38833	1817
5.39000	1812
5.39167	1804
5.39333	1799
5.39500	1792
5.39667	1786
5.39833	1780
5.40000	1773
5.40167	1768
5.40333	1762
5.40500	1756
5.40667	1751
5.40833	1745
5.41000	1739
5.41167	1735
5.41333	1729
5.41500	1724
5.41667	1719
5.41833	1714
5.42000	1709
5.42167	1704
5.42333	1700
5.42500	1695
5.42667	1690
5.42833	1687
5.43000	1682
5.43167	1678
5.43333	1673
5.43500	1670
5.43667	1665
5.43833	1662
5.44000	1658
5.44167	1654
5.44333	1651
5.44500	1647
5.44667	1644
5.44833	1641
5.45000	1637
5.45167	1635
5.45333	1631
5.45500	1629
5.45667	1625
5.45833	1622
5.46000	1620
5.46167	1616
5.46333	1614
5.46500	1611
5.46667	1608
5.46833	1605
5.47000	1603
5.47167	1601
5.47333	1598
5.47500	1595
5.47667	1592
5.47833	1590
5.48000	1588
5.48167	1585
5.48333	1583
5.48500	1581
5.48667	1578
5.48833	1576
5.49000	1574
5.49167	1571
5.49333	1569
5.49500	1567
5.49667	1565
5.49833	1562
5.50000	1559
5.50167	1558
5.50333	1555
5.50500	1552
5.50667	1550
5.50833	1549
5.51000	1546
5.51167	1543
5.51333	1542
5.51500	1539
5.51667	1537
5.51833	1534
5.52000	1532
5.52167	1530
5.52333	1527
5.52500	1525
5.52667	1522
5.52833	1520
5.53000	1518
5.53167	1516
5.53333	1514
5.53500	1512
5.53667	1509
5.53833	1508
5.54000	1505
5.54167	1502
5.54333	1501
5.54500	1499
5.54667	1496
5.54833	1495
5.55000	1492
5.55167	1490
5.55333	1488
5.55500	1486
5.55667	1485
5.55833	1482
5.56000	1480
5.56167	1478
5.56333	1477
5.56500	1474
5.56667	1472
5.56833	1471
5.57000	1468
5.57167	1467
5.57333	1465
5.57500	1463
5.57667	1461
5.57833	1459
5.58000	1457
5.58167	1455
5.58333	1454
5.58500	1453
5.58667	1450
5.58833	1449
5.59000	1447
5.59167	1445
5.59333	1443
5.59500	1441
5.59667	1440
5.59833	1438
5.60000	1436
5.60167	1434
5.60333	1433
5.60500	1431
5.60667	1429
5.60833	1428
5.61000	1426
5.61167	1424
5.61333	1423
5.61500	1421
5.61667	1420
5.61833	1418
5.62000	1416
5.62167	1414
5.62333	1413
5.62500	1411
5.62667	1409
5.62833	1407
5.63000	1406
5.63167	1404
5.63333	1403
5.63500	1401
5.63667	1400
5.63833	1398
5.64000	1397
5.64167	1395
5.64333	1394
5.64500	1393
5.64667	1392
5.64833	1390
5.65000	1390
5.65167	1388
5.65333	1387
5.65500	1385
5.65667	1385
5.65833	1384
5.66000	1382
5.66167	1382
5.66333	1380
5.66500	1380
5.66667	1378
5.66833	1378
5.67000	1376
5.67167	1376
5.67333	1375
5.67500	1373
5.67667	1373
5.67833	1372
5.68000	1371
5.68167	1369
5.68333	1369
5.68500	1367
5.68667	1367
5.68833	1366
5.69000	1364
5.69167	1364
5.69333	1363
5.69500	1361
5.69667	1361
5.69833	1359
5.70000	1358
5.70167	1356
5.70333	1356
5.70500	1355
5.70667	1353
5.70833	1352
5.71000	1352
5.71167	1350
5.71333	1349
5.71500	1348
5.71667	1347
5.71833	1346
5.72000	1345
5.72167	1343
5.72333	1343
5.72500	1341
5.72667	1340
5.72833	1339
5.73000	1338
5.73167	1337
5.73333	1336
5.73500	1335
5.73667	1334
5.73833	1333
5.74000	1332
5.74167	1331
5.74333	1330
5.74500	1330
5.74667	1328
5.74833	1328
5.75000	1326
5.75167	1326
5.75333	1325
5.75500	1324
5.75667	1323
5.75833	1322
5.76000	1321
5.76167	1320
5.76333	1319
5.76500	1319
5.76667	1318
5.76833	1316
5.77000	1316
5.77167	1315
5.77333	1314
5.77500	1314
5.77667	1312
5.77833	1312
5.78000	1311
5.78167	1310
5.78333	1309
5.78500	1309
5.78667	1307
5.78833	1307
5.79000	1306
5.79167	1306
5.79333	1305
5.79500	1304
5.79667	1303
5.79833	1302
5.80000	1302
5.80167	1301
5.80333	1300
5.80500	1300
5.80667	1298
5.80833	1298
5.81000	1297
5.81167	1297
5.81333	1295
5.81500	1295
5.81667	1295
5.81833	1293
5.82000	1293
5.82167	1292
5.82333	1292
5.82500	1290
5.82667	1290
5.82833	1290
5.83000	1289
5.83167	1289
5.83333	1288
5.83500	1288
5.83667	1287
5.83833	1286
5.84000	1286
5.84167	1286
5.84333	1285
5.84500	1285
5.84667	1285
5.84833	1284
5.85000	1284
5.85167	1284
5.85333	1284
5.85500	1284
5.85667	1283
5.85833	1283
5.86000	1283
5.86167	1282
5.86333	1283
5.86500	1282
5.86667	1283
5.86833	1282
5.87000	1282
5.87167	1283
5.87333	1282
5.87500	1283
5.87667	1282
5.87833	1282
5.88000	1282
5.88167	1282
5.88333	1283
5.88500	1282
5.88667	1282
5.88833	1282
5.89000	1282
5.89167	1282
5.89333	1281
5.89500	1282
5.89667	1282
5.89833	1281
5.90000	1281
5.90167	1281
5.90333	1280
5.90500	1281
5.90667	1280
5.90833	1280
5.91000	1279
5.91167	1280
5.91333	1279
5.91500	1280
5.91667	1279
5.91833	1279
5.92000	1279
5.92167	1279
5.92333	1279
5.92500	1279
5.92667	1279
5.92833	1278
5.93000	1278
5.93167	1278
5.93333	1278
5.93500	1278
5.93667	1278
5.93833	1277
5.94000	1277
5.94167	1277
5.94333	1278
5.94500	1276
5.94667	1277
5.94833	1276
5.95000	1276
5.95167	1276
5.95333	1276
5.95500	1275
5.95667	1275
5.95833	1275
5.96000	1274
5.96167	1274
5.96333	1274
5.96500	1273
5.96667	1274
5.96833	1273
5.97000	1273
5.97167	1272
5.97333	1273
5.97500	1272
5.97667	1272
5.97833	1272
5.98000	1272
5.98167	1272
5.98333	1272
5.98500	1272
5.98667	1272
5.98833	1272
5.99000	1272
5.99167	1272
5.99333	1272
5.99500	1272
5.99667	1272
5.99833	1272
6.00000	1271
6.00167	1272
6.00333	1272
6.00500	1271
6.00667	1271
6.00833	1271
6.01000	1272
6.01167	1271
6.01333	1271
6.01500	1270
6.01667	1271
6.01833	1270
6.02000	1271
6.02167	1270
6.02333	1270
6.02500	1271
6.02667	1269
6.02833	1270
6.03000	1270
6.03167	1269
6.03333	1269
6.03500	1270
6.03667	1269
6.03833	1269
6.04000	1269
6.04167	1269
6.04333	1268
6.04500	1269
6.04667	1269
6.04833	1269
6.05000	1268
6.05167	1269
6.05333	1269
6.05500	1268
6.05667	1269
6.05833	1268
6.06000	1268
6.06167	1269
6.06333	1268
6.06500	1268
6.06667	1268
6.06833	1268
6.07000	1268
6.07167	1268
6.07333	1268
6.07500	1268
6.07667	1269
6.07833	1268
6.08000	1268
6.08167	1268
6.08333	1268
6.08500	1269
6.08667	1268
6.08833	1269
6.09000	1268
6.09167	1269
6.09333	1268
6.09500	1269
6.09667	1269
6.09833	1269
6.10000	1270
6.10167	1270
6.10333	1270
6.10500	1270
6.10667	1271
6.10833	1271
6.11000	1271
6.11167	1272
6.11333	1272
6.11500	1273
6.11667	1273
6.11833	1273
6.12000	1274
6.12167	1273
6.12333	1275
6.12500	1274
6.12667	1275
6.12833	1276
6.13000	1275
6.13167	1276
6.13333	1276
6.13500	1276
6.13667	1277
6.13833	1277
6.14000	1277
6.14167	1278
6.14333	1277
6.14500	1278
6.14667	1279
6.14833	1278
6.15000	1279
6.15167	1279
6.15333	1279
6.15500	1279
6.15667	1280
6.15833	1279
6.16000	1280
6.16167	1280
6.16333	1280
6.16500	1280
6.16667	1280
6.16833	1281
6.17000	1280
6.17167	1281
6.17333	1281
6.17500	1281
6.17667	1281
6.17833	1281
6.18000	1282
6.18167	1282
6.18333	1282
6.18500	1283
6.18667	1282
6.18833	1283
6.19000	1284
6.19167	1284
6.19333	1284
6.19500	1284
6.19667	1285
6.19833	1286
6.20000	1285
6.20167	1287
6.20333	1286
6.20500	1288
6.20667	1287
6.20833	1288
6.21000	1289
6.21167	1288
6.21333	1290
6.21500	1290
6.21667	1291
6.21833	1291
6.22000	1292
6.22167	1292
6.22333	1293
6.22500	1293
6.22667	1295
6.22833	1294
6.23000	1295
6.23167	1296
6.23333	1296
6.23500	1297
6.23667	1298
6.23833	1298
6.24000	1300
6.24167	1300
6.24333	1301
6.24500	1301
6.24667	1303
6.24833	1303
6.25000	1305
6.25167	1305
6.25333	1306
6.25500	1306
6.25667	1308
6.25833	1310
6.26000	1310
6.26167	1310
6.26333	1313
6.26500	1313
6.26667	1315
6.26833	1315
6.27000	1317
6.27167	1318
6.27333	1318
6.27500	1320
6.27667	1321
6.27833	1323
6.28000	1323
6.28167	1324
6.28333	1326
6.28500	1326
6.28667	1328
6.28833	1328
6.29000	1330
6.29167	1330
6.29333	1332
6.29500	1332
6.29667	1333
6.29833	1334
6.30000	1335
6.30167	1335
6.30333	1336
6.30500	1337
6.30667	1337
6.30833	1337
6.31000	1339
6.31167	1339
6.31333	1339
6.31500	1340
6.31667	1340
6.31833	1340
6.32000	1341
6.32167	1341
6.32333	1341
6.32500	1341
6.32667	1342
6.32833	1342
6.33000	1341
6.33167	1342
6.33333	1341
6.33500	1342
6.33667	1341
6.33833	1342
6.34000	1341
6.34167	1341
6.34333	1341
6.34500	1342
6.34667	1341
6.34833	1340
6.35000	1340
6.35167	1340
6.35333	1339
6.35500	1339
6.35667	1339
6.35833	1339
6.36000	1338
6.36167	1337
6.36333	1338
6.36500	1337
6.36667	1337
6.36833	1336
6.37000	1336
6.37167	1336
6.37333	1336
6.37500	1335
6.37667	1335
6.37833	1334
6.38000	1334
6.38167	1333
6.38333	1333
6.38500	1333
6.38667	1332
6.38833	1332
6.39000	1331
6.39167	1332
6.39333	1331
6.39500	1331
6.39667	1330
6.39833	1330
6.40000	1331
6.40167	1329
6.40333	1330
6.40500	1329
6.40667	1329
6.40833	1329
6.41000	1328
6.41167	1329
6.41333	1328
6.41500	1328
6.41667	1328
6.41833	1328
6.42000	1328
6.42167	1327
6.42333	1328
6.42500	1327
6.42667	1327
6.42833	1327
6.43000	1327
6.43167	1327
6.43333	1327
6.43500	1327
6.43667	1327
6.43833	1327
6.44000	1327
6.44167	1327
6.44333	1327
6.44500	1326
6.44667	1327
6.44833	1327
6.45000	1327
6.45167	1328
6.45333	1327
6.45500	1327
6.45667	1327
6.45833	1328
6.46000	1327
6.46167	1328
6.46333	1327
6.46500	1328
6.46667	1328
6.46833	1328
6.47000	1328
6.47167	1329
6.47333	1328
6.47500	1328
6.47667	1328
6.47833	1329
6.48000	1328
6.48167	1329
6.48333	1329
6.48500	1329
6.48667	1329
6.48833	1328
6.49000	1329
6.49167	1330
6.49333	1329
6.49500	1329
6.49667	1330
6.49833	1329
6.50000	1330
6.50167	1330
6.50333	1330
6.50500	1329
6.50667	1330
6.50833	1331
6.51000	1330
6.51167	1331
6.51333	1331
6.51500	1331
6.51667	1331
6.51833	1331
6.52000	1331
6.52167	1332
6.52333	1332
6.52500	1332
6.52667	1332
6.52833	1332
6.53000	1333
6.53167	1333
6.53333	1333
6.53500	1334
6.53667	1334
6.53833	1333
6.54000	1335
6.54167	1334
6.54333	1335
6.54500	1335
6.54667	1335
6.54833	1336
6.55000	1335
6.55167	1336
6.55333	1336
6.55500	1337
6.55667	1336
6.55833	1336
6.56000	1337
6.56167	1337
6.56333	1337
6.56500	1337
6.56667	1337
6.56833	1338
6.57000	1338
6.57167	1339
6.57333	1338
6.57500	1339
6.57667	1339
6.57833	1340
6.58000	1339
6.58167	1340
6.58333	1341
6.58500	1340
6.58667	1341
6.58833	1341
6.59000	1342
6.59167	1342
6.59333	1342
6.59500	1343
6.59667	1343
6.59833	1343
6.60000	1344
6.60167	1344
6.60333	1345
6.60500	1345
6.60667	1345
6.60833	1346
6.61000	1347
6.61167	1347
6.61333	1348
6.61500	1347
6.61667	1348
6.61833	1349
6.62000	1349
6.62167	1349
6.62333	1349
6.62500	1351
6.62667	1350
6.62833	1351
6.63000	1352
6.63167	1351
6.63333	1352
6.63500	1353
6.63667	1353
6.63833	1353
6.64000	1354
6.64167	1354
6.64333	1354
6.64500	1355
6.64667	1355
6.64833	1355
6.65000	1355
6.65167	1356
6.65333	1356
6.65500	1356
6.65667	1356
6.65833	1357
6.66000	1357
6.66167	1357
6.66333	1358
6.66500	1358
6.66667	1358
6.66833	1358
6.67000	1359
6.67167	1359
6.67333	1359
6.67500	1359
6.67667	1360
6.67833	1360
6.68000	1361
6.68167	1360
6.68333	1361
6.68500	1361
6.68667	1362
6.68833	1362
6.69000	1362
6.69167	1362
6.69333	1364
6.69500	1363
6.69667	1364
6.69833	1364
6.70000	1365
6.70167	1365
6.70333	1366
6.70500	1366
6.70667	1367
6.70833	1367
6.71000	1368
6.71167	1368
6.71333	1369
6.71500	1370
6.71667	1370
6.71833	1371
6.72000	1371
6.72167	1372
6.72333	1373
6.72500	1373
6.72667	1374
6.72833	1375
6.73000	1375
6.73167	1376
6.73333	1377
6.73500	1378
6.73667	1378
6.73833	1379
6.74000	1379
6.74167	1380
6.74333	1380
6.74500	1381
6.74667	1382
6.74833	1382
6.75000	1382
6.75167	1383
6.75333	1384
6.75500	1384
6.75667	1385
6.75833	1385
6.76000	1385
6.76167	1387
6.76333	1386
6.76500	1387
6.76667	1388
6.76833	1387
6.77000	1389
6.77167	1388
6.77333	1389
6.77500	1390
6.77667	1389
6.77833	1390
6.78000	1390
6.78167	1391
6.78333	1390
6.78500	1391
6.78667	1391
6.78833	1392
6.79000	1392
6.79167	1393
6.79333	1392
6.79500	1393
6.79667	1394
6.79833	1393
6.80000	1394
6.80167	1394
6.80333	1395
6.80500	1394
6.80667	1396
6.80833	1395
6.81000	1396
6.81167	1396
6.81333	1397
6.81500	1398
6.81667	1398
6.81833	1398
6.82000	1400
6.82167	1399
6.82333	1401
6.82500	1400
6.82667	1402
6.82833	1402
6.83000	1403
6.83167	1403
6.83333	1404
6.83500	1404
6.83667	1405
6.83833	1405
6.84000	1406
6.84167	1407
6.84333	1407
6.84500	1408
6.84667	1408
6.84833	1408
6.85000	1410
6.85167	1409
6.85333	1410
6.85500	1411
6.85667	1411
6.85833	1411
6.86000	1412
6.86167	1412
6.86333	1413
6.86500	1412
6.86667	1413
6.86833	1413
6.87000	1414
6.87167	1414
6.87333	1414
6.87500	1414
6.87667	1415
6.87833	1415
6.88000	1415
6.88167	1416
6.88333	1415
6.88500	1416
6.88667	1416
6.88833	1416
6.89000	1416
6.89167	1416
6.89333	1417
6.89500	1417
6.89667	1417
6.89833	1417
6.90000	1417
6.90167	1417
6.90333	1417
6.90500	1418
6.90667	1418
6.90833	1418
6.91000	1418
6.91167	1419
6.91333	1419
6.91500	1419
6.91667	1419
6.91833	1420
6.92000	1419
6.92167	1420
6.92333	1420
6.92500	1420
6.92667	1421
6.92833	1421
6.93000	1420
6.93167	1421
6.93333	1421
6.93500	1422
6.93667	1421
6.93833	1421
6.94000	1422
6.94167	1422
6.94333	1422
6.94500	1423
6.94667	1423
6.94833	1423
6.95000	1423
6.95167	1424
6.95333	1424
6.95500	1424
6.95667	1424
6.95833	1424
6.96000	1425
6.96167	1425
6.96333	1425
6.96500	1426
6.96667	1425
6.96833	1426
6.97000	1426
6.97167	1427
6.97333	1427
6.97500	1427
6.97667	1427
6.97833	1427
6.98000	1428
6.98167	1428
6.98333	1428
6.98500	1428
6.98667	1429
6.98833	1428
6.99000	1429
6.99167	1430
6.99333	1429
6.99500	1429
6.99667	1430
6.99833	1431
7.00000	1430
7.00167	1430
7.00333	1430
7.00500	1431
7.00667	1431
7.00833	1431
7.01000	1432
7.01167	1431
7.01333	1432
7.01500	1432
7.01667	1433
7.01833	1433
7.02000	1433
7.02167	1434
7.02333	1433
7.02500	1434
7.02667	1434
7.02833	1434
7.03000	1435
7.03167	1435
7.03333	1435
7.03500	1435
7.03667	1436
7.03833	1436
7.04000	1436
7.04167	1436
7.04333	1436
7.04500	1437
7.04667	1437
7.04833	1437
7.05000	1437
7.05167	1438
7.05333	1438
7.05500	1438
7.05667	1438
7.05833	1439
7.06000	1438
7.06167	1438
7.06333	1439
7.06500	1439
7.06667	1439
7.06833	1440
7.07000	1439
7.07167	1440
7.07333	1439
7.07500	1440
7.07667	1440
7.07833	1441
7.08000	1440
7.08167	1441
7.08333	1441
7.08500	1440
7.08667	1441
7.08833	1440
7.09000	1441
7.09167	1441
7.09333	1441
7.09500	1441
7.09667	1441
7.09833	1441
7.10000	1442
7.10167	1441
7.10333	1442
7.10500	1442
7.10667	1442
7.10833	1441
7.11000	1442
7.11167	1442
7.11333	1442
7.11500	1442
7.11667	1442
7.11833	1442
7.12000	1442
7.12167	1443
7.12333	1442
7.12500	1442
7.12667	1443
7.12833	1442
7.13000	1443
7.13167	1442
7.13333	1443
7.13500	1442
7.13667	1443
7.13833	1443
7.14000	1442
7.14167	1443
7.14333	1443
7.14500	1443
7.14667	1443
7.14833	1443
7.15000	1443
7.15167	1444
7.15333	1443
7.15500	1444
7.15667	1444
7.15833	1445
7.16000	1444
7.16167	1445
7.16333	1445
7.16500	1445
7.16667	1445
7.16833	1446
7.17000	1446
7.17167	1446
7.17333	1446
7.17500	1447
7.17667	1446
7.17833	1448
7.18000	1447
7.18167	1448
7.18333	1448
7.18500	1448
7.18667	1448
7.18833	1449
7.19000	1449
7.19167	1449
7.19333	1449
7.19500	1450
7.19667	1450
7.19833	1450
7.20000	1451
7.20167	1450
7.20333	1451
7.20500	1451
7.20667	1451
7.20833	1451
7.21000	1452
7.21167	1452
7.21333	1452
7.21500	1452
7.21667	1452
7.21833	1453
7.22000	1453
7.22167	1453
7.22333	1454
7.22500	1454
7.22667	1453
7.22833	1454
7.23000	1454
7.23167	1455
7.23333	1454
7.23500	1455
7.23667	1455
7.23833	1455
7.24000	1455
7.24167	1455
7.24333	1456
7.24500	1455
7.24667	1456
7.24833	1456
7.25000	1455
7.25167	1457
7.25333	1456
7.25500	1456
7.25667	1456
7.25833	1457
7.26000	1456
7.26167	1457
7.26333	1457
7.26500	1457
7.26667	1457
7.26833	1457
7.27000	1458
7.27167	1458
7.27333	1458
7.27500	1458
7.27667	1458
7.27833	1459
7.28000	1458
7.28167	1459
7.28333	1459
7.28500	1460
7.28667	1459
7.28833	1460
7.29000	1460
7.29167	1460
7.29333	1460
7.29500	1460
7.29667	1461
7.29833	1460
7.30000	1460
7.30167	1461
7.30333	1460
7.30500	1461
7.30667	1460
7.30833	1461
7.31000	1461
7.31167	1460
7.31333	1461
7.31500	1460
7.31667	1461
7.31833	1460
7.32000	1461
7.32167	1460
7.32333	1461
7.32500	1461
7.32667	1461
7.32833	1461
7.33000	1461
7.33167	1462
7.33333	1461
7.33500	1462
7.33667	1462
7.33833	1462
7.34000	1463
7.34167	1462
7.34333	1463
7.34500	1463
7.34667	1463
7.34833	1463
7.35000	1464
7.35167	1464
7.35333	1464
7.35500	1463
7.35667	1465
7.35833	1464
7.36000	1464
7.36167	1465
7.36333	1465
7.36500	1464
7.36667	1465
7.36833	1465
7.37000	1465
7.37167	1465
7.37333	1466
7.37500	1465
7.37667	1465
7.37833	1465
7.38000	1465
7.38167	1465
7.38333	1465
7.38500	1465
7.38667	1465
7.38833	1465
7.39000	1466
7.39167	1465
7.39333	1465
7.39500	1465
7.39667	1466
7.39833	1465
7.40000	1466
7.40167	1465
7.40333	1466
7.40500	1465
7.40667	1466
7.40833	1466
7.41000	1466
7.41167	1466
7.41333	1467
7.41500	1467
7.41667	1466
7.41833	1467
7.42000	1468
7.42167	1467
7.42333	1468
7.42500	1468
7.42667	1469
7.42833	1468
7.43000	1469
7.43167	1469
7.43333	1470
7.43500	1470
7.43667	1469
7.43833	1471
7.44000	1470
7.44167	1470
7.44333	1471
7.44500	1472
7.44667	1471
7.44833	1472
7.45000	1472
7.45167	1472
7.45333	1472
7.45500	1473
7.45667	1472
7.45833	1473
7.46000	1474
7.46167	1473
7.46333	1473
7.46500	1473
7.46667	1473
7.46833	1474
7.47000	1473
7.47167	1473
7.47333	1473
7.47500	1473
7.47667	1474
7.47833	1473
7.48000	1473
7.48167	1473
7.48333	1474
7.48500	1473
7.48667	1473
7.48833	1473
7.49000	1473
7.49167	1473
7.49333	1474
7.49500	1472
7.49667	1473
7.49833	1473
7.50000	1473
7.50167	1474
7.50333	1473
7.50500	1473
7.50667	1474
7.50833	1473
7.51000	1474
7.51167	1473
7.51333	1474
7.51500	1474
7.51667	1474
7.51833	1474
7.52000	1474
7.52167	1475
7.52333	1475
7.52500	1474
7.52667	1476
7.52833	1475
7.53000	1475
7.53167	1476
7.53333	1476
7.53500	1476
7.53667	1476
7.53833	1476
7.54000	1477
7.54167	1476
7.54333	1477
7.54500	1478
7.54667	1477
7.54833	1478
7.55000	1477
7.55167	1479
7.55333	1478
7.55500	1478
7.55667	1478
7.55833	1479
7.56000	1478
7.56167	1479
7.56333	1479
7.56500	1478
7.56667	1479
7.56833	1479
7.57000	1478
7.57167	1478
7.57333	1479
7.57500	1478
7.57667	1478
7.57833	1478
7.58000	1478
7.58167	1478
7.58333	1477
7.58500	1478
7.58667	1477
7.58833	1477
7.59000	1477
7.59167	1477
7.59333	1478
7.59500	1477
7.59667	1477
7.59833	1477
7.60000	1477
7.60167	1477
7.60333	1477
7.60500	1477
7.60667	1477
7.60833	1477
7.61000	1476
7.61167	1477
7.61333	1477
7.61500	1477
7.61667	1477
7.61833	1477
7.62000	1477
7.62167	1477
7.62333	1477
7.62500	1477
7.62667	1476
7.62833	1477
7.63000	1477
7.63167	1476
7.63333	1477
7.63500	1477
7.63667	1477
7.63833	1477
7.64000	1477
7.64167	1477
7.64333	1477
7.64500	1477
7.64667	1477
7.64833	1477
7.65000	1477
7.65167	1477
7.65333	1478
7.65500	1478
7.65667	1478
7.65833	1478
7.66000	1478
7.66167	1479
7.66333	1478
7.66500	1479
7.66667	1478
7.66833	1479
7.67000	1479
7.67167	1480
7.67333	1479
7.67500	1479
7.67667	1480
7.67833	1479
7.68000	1480
7.68167	1479
7.68333	1480
7.68500	1479
7.68667	1480
7.68833	1479
7.69000	1480
7.69167	1479
7.69333	1479
7.69500	1480
7.69667	1479
7.69833	1480
7.70000	1479
7.70167	1480
7.70333	1479
7.70500	1480
7.70667	1479
7.70833	1480
7.71000	1479
7.71167	1480
7.71333	1479
7.71500	1480
7.71667	1479
7.71833	1480
7.72000	1480
7.72167	1479
7.72333	1480
7.72500	1479
7.72667	1480
7.72833	1480
7.73000	1480
7.73167	1480
7.73333	1480
7.73500	1481
7.73667	1480
7.73833	1481
7.74000	1481
7.74167	1481
7.74333	1482
7.74500	1482
7.74667	1481
7.74833	1482
7.75000	1482
7.75167	1483
7.75333	1482
7.75500	1483
7.75667	1483
7.75833	1482
7.76000	1483
7.76167	1483
7.76333	1483
7.76500	1484
7.76667	1483
7.76833	1483
7.77000	1483
7.77167	1483
7.77333	1484
7.77500	1483
7.77667	1484
7.77833	1483
7.78000	1484
7.78167	1483
7.78333	1484
7.78500	1483
7.78667	1484
7.78833	1483
7.79000	1483
7.79167	1484
7.79333	1483
7.79500	1483
7.79667	1484
7.79833	1483
7.80000	1483
7.80167	1484
7.80333	1483
7.80500	1483
7.80667	1483
7.80833	1483
7.81000	1483
7.81167	1483
7.81333	1483
7.81500	1482
7.81667	1484
7.81833	1483
7.82000	1483
7.82167	1483
7.82333	1483
7.82500	1482
7.82667	1483
7.82833	1483
7.83000	1483
7.83167	1483
7.83333	1483
7.83500	1484
7.83667	1483
7.83833	1483
7.84000	1483
7.84167	1484
7.84333	1483
7.84500	1483
7.84667	1484
7.84833	1484
7.85000	1484
7.85167	1484
7.85333	1484
7.85500	1484
7.85667	1485
7.85833	1484
7.86000	1485
7.86167	1485
7.86333	1486
7.86500	1485
7.86667	1486
7.86833	1486
7.87000	1486
7.87167	1486
7.87333	1487
7.87500	1487
7.87667	1487
7.87833	1487
7.88000	1488
7.88167	1488
7.88333	1488
7.88500	1488
7.88667	1489
7.88833	1488
7.89000	1489
7.89167	1489
7.89333	1489
7.89500	1490
7.89667	1489
7.89833	1489
7.90000	1490
7.90167	1490
7.90333	1489
7.90500	1490
7.90667	1490
7.90833	1489
7.91000	1490
7.91167	1490
7.91333	1490
7.91500	1489
7.91667	1490
7.91833	1489
7.92000	1489
7.92167	1489
7.92333	1490
7.92500	1489
7.92667	1490
7.92833	1489
7.93000	1489
7.93167	1489
7.93333	1489
7.93500	1489
7.93667	1489
7.93833	1489
7.94000	1489
7.94167	1488
7.94333	1488
7.94500	1489
7.94667	1488
7.94833	1488
7.95000	1488
7.95167	1488
7.95333	1488
7.95500	1488
7.95667	1488
7.95833	1488
7.96000	1487
7.96167	1488
7.96333	1488
7.96500	1487
7.96667	1488
7.96833	1487
7.97000	1488
7.97167	1487
7.97333	1487
7.97500	1488
7.97667	1487
7.97833	1487
7.98000	1487
7.98167	1487
7.98333	1487
7.98500	1487
7.98667	1487
7.98833	1486
7.99000	1487
7.99167	1487
7.99333	1486
7.99500	1487
7.99667	1486
7.99833	1487
8.00000	1487
8.00167	1486
8.00333	1487
8.00500	1487
8.00667	1487
8.00833	1487
8.01000	1487
8.01167	1488
8.01333	1487
8.01500	1488
8.01667	1488
8.01833	1488
8.02000	1489
8.02167	1488
8.02333	1489
8.02500	1489
8.02667	1489
8.02833	1489
8.03000	1489
8.03167	1489
8.03333	1490
8.03500	1489
8.03667	1490
8.03833	1489
8.04000	1490
8.04167	1489
8.04333	1490
8.04500	1490
8.04667	1490
8.04833	1490
8.05000	1490
8.05167	1490
8.05333	1490
8.05500	1491
8.05667	1490
8.05833	1491
8.06000	1491
8.06167	1491
8.06333	1491
8.06500	1492
8.06667	1491
8.06833	1491
8.07000	1492
8.07167	1491
8.07333	1492
8.07500	1492
8.07667	1492
8.07833	1493
8.08000	1493
8.08167	1492
8.08333	1494
8.08500	1493
8.08667	1493
8.08833	1494
8.09000	1494
8.09167	1494
8.09333	1495
8.09500	1494
8.09667	1494
8.09833	1495
8.10000	1495
8.10167	1494
8.10333	1495
8.10500	1495
8.10667	1496
8.10833	1495
8.11000	1495
8.11167	1496
8.11333	1495
8.11500	1495
8.11667	1496
8.11833	1495
8.12000	1495
8.12167	1495
8.12333	1496
8.12500	1495
8.12667	1496
8.12833	1495
8.13000	1496
8.13167	1495
8.13333	1496
8.13500	1496
8.13667	1496
8.13833	1496
8.14000	1496
8.14167	1496
8.14333	1496
8.14500	1495
8.14667	1496
8.14833	1496
8.15000	1496
8.15167	1495
8.15333	1496
8.15500	1496
8.15667	1495
8.15833	1496
8.16000	1495
8.16167	1495
8.16333	1495
8.16500	1495
8.16667	1494
8.16833	1495
8.17000	1494
8.17167	1494
8.17333	1494
8.17500	1494
8.17667	1493
8.17833	1494
8.18000	1493
8.18167	1493
8.18333	1493
8.18500	1493
8.18667	1492
8.18833	1493
8.19000	1491
8.19167	1492
8.19333	1491
8.19500	1491
8.19667	1491
8.19833	1491
8.20000	1491
8.20167	1491
8.20333	1491
8.20500	1491
8.20667	1490
8.20833	1491
8.21000	1490
8.21167	1490
8.21333	1490
8.21500	1490
8.21667	1491
8.21833	1490
8.22000	1491
8.22167	1491
8.22333	1490
8.22500	1491
8.22667	1492
8.22833	1491
8.23000	1492
8.23167	1491
8.23333	1493
8.23500	1492
8.23667	1492
8.23833	1493
8.24000	1493
8.24167	1494
8.24333	1494
8.24500	1494
8.24667	1494
8.24833	1495
8.25000	1494
8.25167	1495
8.25333	1495
8.25500	1495
8.25667	1495
8.25833	1496
8.26000	1496
8.26167	1496
8.26333	1496
8.26500	1496
8.26667	1496
8.26833	1497
8.27000	1496
8.27167	1497
8.27333	1496
8.27500	1497
8.27667	1497
8.27833	1496
8.28000	1497
8.28167	1497
8.28333	1496
8.28500	1497
8.28667	1497
8.28833	1497
8.29000	1497
8.29167	1496
8.29333	1497
8.29500	1497
8.29667	1497
8.29833	1496
8.30000	1497
8.30167	1497
8.30333	1496
8.30500	1497
8.30667	1496
8.30833	1497
8.31000	1496
8.31167	1497
8.31333	1496
8.31500	1496
8.31667	1497
8.31833	1496
8.32000	1497
8.32167	1496
8.32333	1497
8.32500	1496
8.32667	1497
8.32833	1497
8.33000	1497
8.33167	1497
8.33333	1497
8.33500	1497
8.33667	1498
8.33833	1497
8.34000	1497
8.34167	1498
8.34333	1498
8.34500	1498
8.34667	1498
8.34833	1498
8.35000	1499
8.35167	1498
8.35333	1499
8.35500	1499
8.35667	1499
8.35833	1500
8.36000	1500
8.36167	1499
8.36333	1500
8.36500	1501
8.36667	1500
8.36833	1501
8.37000	1501
8.37167	1501
8.37333	1502
8.37500	1501
8.37667	1501
8.37833	1501
8.38000	1501
8.38167	1501
8.38333	1501
8.38500	1501
8.38667	1500
8.38833	1501
8.39000	1501
8.39167	1500
8.39333	1500
8.39500	1500
8.39667	1500
8.39833	1500
8.40000	1499
8.40167	1499
8.40333	1499
8.40500	1498
8.40667	1499
8.40833	1498
8.41000	1498
8.41167	1498
8.41333	1498
8.41500	1498
8.41667	1497
8.41833	1498
8.42000	1498
8.42167	1497
8.42333	1497
8.42500	1497
8.42667	1498
8.42833	1497
8.43000	1497
8.43167	1497
8.43333	1496
8.43500	1497
8.43667	1497
8.43833	1497
8.44000	1497
8.44167	1497
8.44333	1497
8.44500	1497
8.44667	1497
8.44833	1497
8.45000	1497
8.45167	1497
8.45333	1497
8.45500	1497
8.45667	1497
8.45833	1498
8.46000	1497
8.46167	1498
8.46333	1497
8.46500	1498
8.46667	1499
8.46833	1498
8.47000	1498
8.47167	1498
8.47333	1499
8.47500	1498
8.47667	1499
8.47833	1499
8.48000	1499
8.48167	1499
8.48333	1499
8.48500	1500
8.48667	1499
8.48833	1500
8.49000	1500
8.49167	1500
8.49333	1500
8.49500	1500
8.49667	1500
8.49833	1500
8.50000	1500
8.50167	1500
8.50333	1501
8.50500	1500
8.50667	1501
8.50833	1500
8.51000	1501
8.51167	1500
8.51333	1501
8.51500	1501
8.51667	1500
8.51833	1501
8.52000	1501
8.52167	1501
8.52333	1501
8.52500	1501
8.52667	1501
8.52833	1501
8.53000	1502
8.53167	1501
8.53333	1502
8.53500	1501
8.53667	1501
8.53833	1502
8.54000	1501
8.54167	1501
8.54333	1501
8.54500	1501
8.54667	1501
8.54833	1502
8.55000	1501
8.55167	1501
8.55333	1501
8.55500	1500
8.55667	1501
8.55833	1501
8.56000	1501
8.56167	1501
8.56333	1501
8.56500	1501
8.56667	1501
8.56833	1501
8.57000	1501
8.57167	1501
8.57333	1502
8.57500	1501
8.57667	1502
8.57833	1501
8.58000	1502
8.58167	1502
8.58333	1502
8.58500	1503
8.58667	1502
8.58833	1503
8.59000	1503
8.59167	1503
8.59333	1504
8.59500	1503
8.59667	1504
8.59833	1504
8.60000	1504
8.60167	1504
8.60333	1505
8.60500	1504
8.60667	1505
8.60833	1505
8.61000	1504
8.61167	1505
8.61333	1505
8.61500	1505
8.61667	1505
8.61833	1505
8.62000	1505
8.62167	1505
8.62333	1504
8.62500	1505
8.62667	1505
8.62833	1505
8.63000	1504
8.63167	1505
8.63333	1504
8.63500	1504
8.63667	1504
8.63833	1503
8.64000	1504
8.64167	1503
8.64333	1504
8.64500	1503
8.64667	1503
8.64833	1503
8.65000	1503
8.65167	1503
8.65333	1503
8.65500	1502
8.65667	1503
8.65833	1502
8.66000	1503
8.66167	1502
8.66333	1502
8.66500	1502
8.66667	1502
8.66833	1502
8.67000	1502
8.67167	1502
8.67333	1502
8.67500	1503
8.67667	1502
8.67833	1503
8.68000	1502
8.68167	1503
8.68333	1502
8.68500	1503
8.68667	1503
8.68833	1504
8.69000	1503
8.69167	1504
8.69333	1504
8.69500	1504
8.69667	1504
8.69833	1505
8.70000	1504
8.70167	1505
8.70333	1505
8.70500	1505
8.70667	1506
8.70833	1506
8.71000	1505
8.71167	1506
8.71333	1507
8.71500	1506
8.71667	1506
8.71833	1506
8.72000	1507
8.72167	1506
8.72333	1506
8.72500	1507
8.72667	1506
8.72833	1507
8.73000	1506
8.73167	1506
8.73333	1507
8.73500	1506
8.73667	1507
8.73833	1506
8.74000	1506
8.74167	1506
8.74333	1506
8.74500	1506
8.74667	1505
8.74833	1506
8.75000	1506
8.75167	1505
8.75333	1506
8.75500	1505
8.75667	1506
8.75833	1505
8.76000	1505
8.76167	1506
8.76333	1505
8.76500	1505
8.76667	1506
8.76833	1506
8.77000	1505
8.77167	1506
8.77333	1506
8.77500	1506
8.77667	1506
8.77833	1506
8.78000	1507
8.78167	1506
8.78333	1507
8.78500	1506
8.78667	1507
8.78833	1507
8.79000	1507
8.79167	1507
8.79333	1508
8.79500	1508
8.79667	1507
8.79833	1508
8.80000	1508
8.80167	1508
8.80333	1509
8.80500	1508
8.80667	1508
8.80833	1509
8.81000	1508
8.81167	1509
8.81333	1508
8.81500	1509
8.81667	1508
8.81833	1509
8.82000	1508
8.82167	1508
8.82333	1507
8.82500	1508
8.82667	1508
8.82833	1507
8.83000	1507
8.83167	1508
8.83333	1507
8.83500	1506
8.83667	1507
8.83833	1506
8.84000	1506
8.84167	1506
8.84333	1505
8.84500	1506
8.84667	1505
8.84833	1505
8.85000	1505
8.85167	1505
8.85333	1505
8.85500	1504
8.85667	1505
8.85833	1505
8.86000	1504
8.86167	1505
8.86333	1504
8.86500	1505
8.86667	1504
8.86833	1505
8.87000	1504
8.87167	1505
8.87333	1504
8.87500	1504
8.87667	1505
8.87833	1504
8.88000	1504
8.88167	1504
8.88333	1505
8.88500	1504
8.88667	1504
8.88833	1504
8.89000	1505
8.89167	1504
8.89333	1504
8.89500	1505
8.89667	1504
8.89833	1504
8.90000	1504
8.90167	1505
8.90333	1504
8.90500	1504
8.90667	1505
8.90833	1504
8.91000	1504
8.91167	1505
8.91333	1504
8.91500	1505
8.91667	1505
8.91833	1504
8.92000	1505
8.92167	1504
8.92333	1505
8.92500	1505
8.92667	1504
8.92833	1504
8.93000	1505
8.93167	1505
8.93333	1504
8.93500	1504
8.93667	1505
8.93833	1504
8.94000	1504
8.94167	1504
8.94333	1504
8.94500	1504
8.94667	1504
8.94833	1504
8.95000	1503
8.95167	1504
8.95333	1503
8.95500	1503
8.95667	1504
8.95833	1503
8.96000	1503
8.96167	1503
8.96333	1504
8.96500	1503
8.96667	1503
8.96833	1503
8.97000	1503
8.97167	1504
8.97333	1503
8.97500	1503
8.97667	1504
8.97833	1503
8.98000	1503
8.98167	1504
8.98333	1503
8.98500	1503
8.98667	1504
8.98833	1503
8.99000	1504
8.99167	1503
8.99333	1504
8.99500	1504
8.99667	1504
8.99833	1504
9.00000	1504
9.00167	1504
9.00333	1504
9.00500	1504
9.00667	1505
9.00833	1504
9.01000	1504
9.01167	1505
9.01333	1505
9.01500	1504
9.01667	1505
9.01833	1505
9.02000	1505
9.02167	1505
9.02333	1505
9.02500	1505
9.02667	1505
9.02833	1505
9.03000	1505
9.03167	1506
9.03333	1506
9.03500	1505
9.03667	1506
9.03833	1505
9.04000	1506
9.04167	1505
9.04333	1506
9.04500	1505
9.04667	1505
9.04833	1505
9.05000	1506
9.05167	1505
9.05333	1505
9.05500	1505
9.05667	1505
9.05833	1505
9.06000	1505
9.06167	1504
9.06333	1505
9.06500	1504
9.06667	1505
9.06833	1504
9.07000	1504
9.07167	1504
9.07333	1504
9.07500	1504
9.07667	1504
9.07833	1504
9.08000	1503
9.08167	1504
9.08333	1503
9.08500	1504
9.08667	1503
9.08833	1503
9.09000	1503
9.09167	1503
9.09333	1502
9.09500	1503
9.09667	1502
9.09833	1502
9.10000	1503
9.10167	1502
9.10333	1502
9.10500	1502
9.10667	1501
9.10833	1502
9.11000	1502
9.11167	1501
9.11333	1502
9.11500	1502
9.11667	1501
9.11833	1502
9.12000	1501
9.12167	1502
9.12333	1501
9.12500	1502
9.12667	1501
9.12833	1502
9.13000	1502
9.13167	1502
9.13333	1502
9.13500	1502
9.13667	1502
9.13833	1502
9.14000	1501
9.14167	1502
9.14333	1501
9.14500	1502
9.14667	1501
9.14833	1501
9.15000	1501
9.15167	1501
9.15333	1501
9.15500	1501
9.15667	1500
9.15833	1501
9.16000	1500
9.16167	1500
9.16333	1500
9.16500	1499
9.16667	1500
9.16833	1500
9.17000	1499
9.17167	1499
9.17333	1499
9.17500	1499
9.17667	1499
9.17833	1499
9.18000	1499
9.18167	1499
9.18333	1499
9.18500	1499
9.18667	1499
9.18833	1499
9.19000	1499
9.19167	1499
9.19333	1500
9.19500	1499
9.19667	1499
9.19833	1499
9.20000	1500
9.20167	1499
9.20333	1500
9.20500	1499
9.20667	1500
9.20833	1500
9.21000	1500
9.21167	1500
9.21333	1500
9.21500	1499
9.21667	1500
9.21833	1500
9.22000	1499
9.22167	1499
9.22333	1500
9.22500	1499
9.22667	1500
9.22833	1499
9.23000	1499
9.23167	1499
9.23333	1499
9.23500	1499
9.23667	1499
9.23833	1499
9.24000	1499
9.24167	1498
9.24333	1499
9.24500	1499
9.24667	1499
9.24833	1499
9.25000	1499
9.25167	1499
9.25333	1499
9.25500	1499
9.25667	1499
9.25833	1498
9.26000	1499
9.26167	1499
9.26333	1499
9.26500	1499
9.26667	1499
9.26833	1499
9.27000	1499
9.27167	1500
9.27333	1499
9.27500	1500
9.27667	1499
9.27833	1500
9.28000	1500
9.28167	1500
9.28333	1500
9.28500	1501
9.28667	1501
9.28833	1501
9.29000	1500
9.29167	1501
9.29333	1502
9.29500	1501
9.29667	1502
9.29833	1502
9.30000	1502
9.30167	1502
9.30333	1502
9.30500	1502
9.30667	1502
9.30833	1502
9.31000	1503
9.31167	1502
9.31333	1502
9.31500	1503
9.31667	1502
9.31833	1502
9.32000	1503
9.32167	1502
9.32333	1502
9.32500	1503
9.32667	1502
9.32833	1502
9.33000	1502
9.33167	1502
9.33333	1502
9.33500	1502
9.33667	1502
9.33833	1502
9.34000	1501
9.34167	1502
9.34333	1502
9.34500	1501
9.34667	1502
9.34833	1502
9.35000	1502
9.35167	1502
9.35333	1502
9.35500	1501
9.35667	1501
9.35833	1502
9.36000	1502
9.36167	1501
9.36333	1501
9.36500	1501
9.36667	1502
9.36833	1501
9.37000	1501
9.37167	1500
9.37333	1501
9.37500	1501
9.37667	1500
9.37833	1500
9.38000	1500
9.38167	1500
9.38333	1500
9.38500	1500
9.38667	1500
9.38833	1499
9.39000	1500
9.39167	1499
9.39333	1500
9.39500	1500
9.39667	1499
9.39833	1500
9.40000	1499
9.40167	1500
9.40333	1500
9.40500	1500
9.40667	1500
9.40833	1500
9.41000	1499
9.41167	1500
9.41333	1501
9.41500	1500
9.41667	1501
9.41833	1501
9.42000	1501
9.42167	1501
9.42333	1501
9.42500	1502
9.42667	1501
9.42833	1502
9.43000	1502
9.43167	1502
9.43333	1502
9.43500	1503
9.43667	1502
9.43833	1502
9.44000	1503
9.44167	1502
9.44333	1502
9.44500	1502
9.44667	1503
9.44833	1502
9.45000	1502
9.45167	1503
9.45333	1502
9.45500	1503
9.45667	1502
9.45833	1502
9.46000	1503
9.46167	1502
9.46333	1502
9.46500	1503
9.46667	1502
9.46833	1503
9.47000	1502
9.47167	1502
9.47333	1503
9.47500	1502
9.47667	1503
9.47833	1503
9.48000	1502
9.48167	1503
9.48333	1502
9.48500	1502
9.48667	1502
9.48833	1503
9.49000	1502
9.49167	1502
9.49333	1503
9.49500	1502
9.49667	1502
9.49833	1502
9.50000	1502
9.50167	1502
9.50333	1502
9.50500	1502
9.50667	1502
9.50833	1502
9.51000	1501
9.51167	1502
9.51333	1502
9.51500	1501
9.51667	1501
9.51833	1502
9.52000	1501
9.52167	1501
9.52333	1501
9.52500	1501
9.52667	1501
9.52833	1500
9.53000	1501
9.53167	1500
9.53333	1500
9.53500	1500
9.53667	1499
9.53833	1500
9.54000	1500
9.54167	1499
9.54333	1500
9.54500	1499
9.54667	1499
9.54833	1499
9.55000	1499
9.55167	1498
9.55333	1499
9.55500	1498
9.55667	1499
9.55833	1498
9.56000	1498
9.56167	1498
9.56333	1498
9.56500	1498
9.56667	1497
9.56833	1498
9.57000	1497
9.57167	1497
9.57333	1498
9.57500	1496
9.57667	1497
9.57833	1498
9.58000	1497
9.58167	1496
9.58333	1498
9.58500	1497
9.58667	1496
9.58833	1497
9.59000	1497
9.59167	1496
9.59333	1497
9.59500	1497
9.59667	1497
9.59833	1497
9.60000	1497
9.60167	1496
9.60333	1497
9.60500	1497
9.60667	1497
9.60833	1497
9.61000	1497
9.61167	1497
9.61333	1498
9.61500	1497
9.61667	1498
9.61833	1497
9.62000	1498
9.62167	1497
9.62333	1498
9.62500	1497
9.62667	1498
9.62833	1497
9.63000	1498
9.63167	1497
9.63333	1497
9.63500	1497
9.63667	1497
9.63833	1497
9.64000	1498
9.64167	1497
9.64333	1497
9.64500	1497
9.64667	1496
9.64833	1496
9.65000	1497
9.65167	1496
9.65333	1496
9.65500	1496
9.65667	1496
9.65833	1496
9.66000	1496
9.66167	1496
9.66333	1495
9.66500	1496
9.66667	1495
9.66833	1496
9.67000	1495
9.67167	1496
9.67333	1495
9.67500	1496
9.67667	1495
9.67833	1495
9.68000	1495
9.68167	1495
9.68333	1495
9.68500	1495
9.68667	1495
9.68833	1495
9.69000	1494
9.69167	1494
9.69333	1495
9.69500	1494
9.69667	1494
9.69833	1494
9.70000	1493
9.70167	1494
9.70333	1494
9.70500	1493
9.70667	1494
9.70833	1493
9.71000	1493
9.71167	1493
9.71333	1494
9.71500	1493
9.71667	1493
9.71833	1493
9.72000	1493
9.72167	1493
9.72333	1493
9.72500	1493
9.72667	1493
9.72833	1493
9.73000	1493
9.73167	1492
9.73333	1493
9.73500	1493
9.73667	1493
9.73833	1493
9.74000	1493
9.74167	1492
9.74333	1493
9.74500	1492
9.74667	1493
9.74833	1492
9.75000	1492
9.75167	1492
9.75333	1492
9.75500	1492
9.75667	1491
9.75833	1492
9.76000	1491
9.76167	1491
9.76333	1492
9.76500	1491
9.76667	1492
9.76833	1491
9.77000	1492
9.77167	1491
9.77333	1491
9.77500	1491
9.77667	1490
9.77833	1491
9.78000	1491
9.78167	1491
9.78333	1492
9.78500	1491
9.78667	1491
9.78833	1491
9.79000	1491
9.79167	1491
9.79333	1491
9.79500	1490
9.79667	1491
9.79833	1491
9.80000	1490
9.80167	1490
9.80333	1490
9.80500	1490
9.80667	1490
9.80833	1490
9.81000	1490
9.81167	1489
9.81333	1490
9.81500	1489
9.81667	1489
9.81833	1489
9.82000	1489
9.82167	1488
9.82333	1488
9.82500	1489
9.82667	1488
9.82833	1487
9.83000	1488
9.83167	1487
9.83333	1488
9.83500	1487
9.83667	1488
9.83833	1487
9.84000	1488
9.84167	1487
9.84333	1487
9.84500	1488
9.84667	1487
9.84833	1487
9.85000	1487
9.85167	1488
9.85333	1487
9.85500	1487
9.85667	1488
9.85833	1487
9.86000	1487
9.86167	1486
9.86333	1488
9.86500	1487
9.86667	1487
9.86833	1486
9.87000	1487
9.87167	1487
9.87333	1486
9.87500	1487
9.87667	1487
9.87833	1486
9.88000	1487
9.88167	1486
9.88333	1487
9.88500	1487
9.88667	1486
9.88833	1487
9.89000	1487
9.89167	1487
9.89333	1487
9.89500	1488
9.89667	1487
9.89833	1488
9.90000	1488
9.90167	1488
9.90333	1489
9.90500	1489
9.90667	1489
9.90833	1489
9.91000	1489
9.91167	1490
9.91333	1489
9.91500	1490
9.91667	1490
9.91833	1490
9.92000	1490
9.92167	1491
9.92333	1490
9.92500	1491
9.92667	1490
9.92833	1490
9.93000	1490
9.93167	1490
9.93333	1490
9.93500	1490
9.93667	1490
9.93833	1490
9.94000	1489
9.94167	1490
9.94333	1489
9.94500	1489
9.94667	1489
9.94833	1488
9.95000	1489
9.95167	1488
9.95333	1487
9.95500	1488
9.95667	1487
9.95833	1487
9.96000	1486
9.96167	1487
9.96333	1486
9.96500	1486
9.96667	1485
9.96833	1485
9.97000	1485
9.97167	1485
9.97333	1485
9.97500	1484
9.97667	1483
9.97833	1484
9.98000	1483
9.98167	1483
9.98333	1483
9.98500	1482
9.98667	1482
9.98833	1482
9.99000	1482
9.99167	1481
9.99333	1481
9.99500	1481
9.99667	1481
9.99833	1481
10.00000	1480
10.00167	1481
10.00333	1480
10.00500	1480
10.00667	1480
10.00833	1480
10.01000	1480
10.01167	1479
10.01333	1479
10.01500	1480
10.01667	1479
10.01833	1479
10.02000	1479
10.02167	1479
10.02333	1479
10.02500	1479
10.02667	1479
10.02833	1479
10.03000	1478
10.03167	1479
10.03333	1478
10.03500	1479
10.03667	1478
10.03833	1479
10.04000	1478
10.04167	1479
10.04333	1478
10.04500	1479
10.04667	1479
10.04833	1478
10.05000	1479
10.05167	1479
10.05333	1478
10.05500	1479
10.05667	1480
10.05833	1479
10.06000	1479
10.06167	1480
10.06333	1480
10.06500	1479
10.06667	1480
10.06833	1480
10.07000	1480
10.07167	1480
10.07333	1480
10.07500	1480
10.07667	1481
10.07833	1480
10.08000	1480
10.08167	1481
10.08333	1481
10.08500	1481
10.08667	1480
10.08833	1481
10.09000	1481
10.09167	1481
10.09333	1481
10.09500	1481
10.09667	1481
10.09833	1481
10.10000	1481
10.10167	1480
10.10333	1481
10.10500	1480
10.10667	1481
10.10833	1480
10.11000	1480
10.11167	1481
10.11333	1480
10.11500	1479
10.11667	1480
10.11833	1479
10.12000	1479
10.12167	1479
10.12333	1479
10.12500	1478
10.12667	1479
10.12833	1478
10.13000	1477
10.13167	1478
10.13333	1477
10.13500	1477
10.13667	1477
10.13833	1476
10.14000	1476
10.14167	1476
10.14333	1476
10.14500	1475
10.14667	1475
10.14833	1476
10.15000	1475
10.15167	1474
10.15333	1475
10.15500	1475
10.15667	1474
10.15833	1475
10.16000	1474
10.16167	1475
10.16333	1475
10.16500	1474
10.16667	1475
10.16833	1475
10.17000	1475
10.17167	1475
10.17333	1475
10.17500	1475
10.17667	1475
10.17833	1476
10.18000	1476
10.18167	1475
10.18333	1476
10.18500	1476
10.18667	1476
10.18833	1476
10.19000	1476
10.19167	1476
10.19333	1476
10.19500	1476
10.19667	1475
10.19833	1476
10.20000	1476
10.20167	1475
10.20333	1475
10.20500	1476
10.20667	1475
10.20833	1475
10.21000	1475
10.21167	1475
10.21333	1475
10.21500	1475
10.21667	1475
10.21833	1475
10.22000	1475
10.22167	1474
10.22333	1475
10.22500	1475
10.22667	1475
10.22833	1474
10.23000	1476
10.23167	1475
10.23333	1475
10.23500	1475
10.23667	1476
10.23833	1475
10.24000	1475
10.24167	1475
10.24333	1476
10.24500	1475
10.24667	1475
10.24833	1475
10.25000	1475
10.25167	1474
10.25333	1475
10.25500	1475
10.25667	1475
10.25833	1475
10.26000	1475
10.26167	1475
10.26333	1474
10.26500	1475
10.26667	1475
10.26833	1474
10.27000	1474
10.27167	1474
10.27333	1473
10.27500	1474
10.27667	1473
10.27833	1473
10.28000	1473
10.28167	1473
10.28333	1472
10.28500	1472
10.28667	1472
10.28833	1471
10.29000	1472
10.29167	1471
10.29333	1470
10.29500	1471
10.29667	1470
10.29833	1470
10.30000	1469
10.30167	1470
10.30333	1469
10.30500	1469
10.30667	1469
10.30833	1468
10.31000	1468
10.31167	1468
10.31333	1468
10.31500	1468
10.31667	1467
10.31833	1468
10.32000	1467
10.32167	1467
10.32333	1467
10.32500	1467
10.32667	1467
10.32833	1466
10.33000	1467
10.33167	1466
10.33333	1467
10.33500	1466
10.33667	1466
10.33833	1467
10.34000	1466
10.34167	1466
10.34333	1466
10.34500	1467
10.34667	1466
10.34833	1467
10.35000	1466
10.35167	1467
10.35333	1466
10.35500	1467
10.35667	1466
10.35833	1467
10.36000	1466
10.36167	1467
10.36333	1466
10.36500	1467
10.36667	1466
10.36833	1467
10.37000	1466
10.37167	1466
10.37333	1466
10.37500	1466
10.37667	1465
10.37833	1466
10.38000	1466
10.38167	1465
10.38333	1465
10.38500	1465
10.38667	1464
10.38833	1465
10.39000	1464
10.39167	1464
10.39333	1464
10.39500	1464
10.39667	1464
10.39833	1463
10.40000	1464
10.40167	1463
10.40333	1464
10.40500	1463
10.40667	1463
10.40833	1462
10.41000	1463
10.41167	1462
10.41333	1462
10.41500	1462
10.41667	1462
10.41833	1462
10.42000	1462
10.42167	1462
10.42333	1461
10.42500	1462
10.42667	1461
10.42833	1461
10.43000	1461
10.43167	1462
10.43333	1461
10.43500	1462
10.43667	1461
10.43833	1461
10.44000	1462
10.44167	1461
10.44333	1462
10.44500	1462
10.44667	1462
10.44833	1461
10.45000	1462
10.45167	1463
10.45333	1462
10.45500	1462
10.45667	1462
10.45833	1462
10.46000	1462
10.46167	1462
10.46333	1463
10.46500	1462
10.46667	1462
10.46833	1462
10.47000	1463
10.47167	1462
10.47333	1462
10.47500	1462
10.47667	1463
10.47833	1462
10.48000	1462
10.48167	1462
10.48333	1462
10.48500	1462
10.48667	1462
10.48833	1462
10.49000	1463
10.49167	1462
10.49333	1462
10.49500	1462
10.49667	1462
10.49833	1462
10.50000	1462
10.50167	1462
10.50333	1462
10.50500	1462
10.50667	1461
10.50833	1462
10.51000	1462
10.51167	1461
10.51333	1462
10.51500	1461
10.51667	1461
10.51833	1462
10.52000	1461
10.52167	1461
10.52333	1462
10.52500	1461
10.52667	1461
10.52833	1462
10.53000	1461
10.53167	1461
10.53333	1461
10.53500	1461
10.53667	1461
10.53833	1461
10.54000	1461
10.54167	1460
10.54333	1461
10.54500	1460
10.54667	1460
10.54833	1460
10.55000	1460
10.55167	1460
10.55333	1459
10.55500	1459
10.55667	1460
10.55833	1458
10.56000	1459
10.56167	1458
10.56333	1458
10.56500	1458
10.56667	1457
10.56833	1457
10.57000	1457
10.57167	1457
10.57333	1457
10.57500	1456
10.57667	1456
10.57833	1456
10.58000	1456
10.58167	1456
10.58333	1456
10.58500	1456
10.58667	1455
10.58833	1456
10.59000	1455
10.59167	1455
10.59333	1455
10.59500	1454
10.59667	1455
10.59833	1454
10.60000	1455
10.60167	1454
10.60333	1453
10.60500	1454
10.60667	1454
10.60833	1453
10.61000	1453
10.61167	1453
10.61333	1453
10.61500	1453
10.61667	1454
10.61833	1453
10.62000	1453
10.62167	1453
10.62333	1454
10.62500	1453
10.62667	1453
10.62833	1454
10.63000	1453
10.63167	1453
10.63333	1453
10.63500	1454
10.63667	1453
10.63833	1454
10.64000	1453
10.64167	1454
10.64333	1453
10.64500	1454
10.64667	1453
10.64833	1454
10.65000	1454
10.65167	1453
10.65333	1454
10.65500	1453
10.65667	1454
10.65833	1454
10.66000	1453
10.66167	1454
10.66333	1453
10.66500	1454
10.66667	1453
10.66833	1453
10.67000	1453
10.67167	1454
10.67333	1453
10.67500	1453
10.67667	1453
10.67833	1453
10.68000	1453
10.68167	1452
10.68333	1453
10.68500	1452
10.68667	1453
10.68833	1452
10.69000	1453
10.69167	1452
10.69333	1452
10.69500	1453
10.69667	1452
10.69833	1452
10.70000	1452
10.70167	1451
10.70333	1452
10.70500	1452
10.70667	1452
10.70833	1451
10.71000	1452
10.71167	1452
10.71333	1451
10.71500	1451
10.71667	1451
10.71833	1451
10.72000	1451
10.72167	1450
10.72333	1451
10.72500	1450
10.72667	1450
10.72833	1449
10.73000	1450
10.73167	1450
10.73333	1449
10.73500	1449
10.73667	1450
10.73833	1449
10.74000	1449
10.74167	1449
10.74333	1449
10.74500	1449
10.74667	1449
10.74833	1449
10.75000	1449
10.75167	1449
10.75333	1448
10.75500	1449
10.75667	1449
10.75833	1449
10.76000	1450
10.76167	1448
10.76333	1449
10.76500	1450
10.76667	1449
10.76833	1450
10.77000	1449
10.77167	1450
10.77333	1449
10.77500	1450
10.77667	1450
10.77833	1449
10.78000	1450
10.78167	1449
10.78333	1449
10.78500	1449
10.78667	1449
10.78833	1449
10.79000	1448
10.79167	1448
10.79333	1449
10.79500	1447
10.79667	1448
10.79833	1447
10.80000	1447
10.80167	1447
10.80333	1446
10.80500	1446
10.80667	1446
10.80833	1445
10.81000	1445
10.81167	1445
10.81333	1444
10.81500	1444
10.81667	1444
10.81833	1444
10.82000	1443
10.82167	1444
10.82333	1442
10.82500	1443
10.82667	1442
10.82833	1443
10.83000	1442
10.83167	1442
10.83333	1443
10.83500	1442
10.83667	1442
10.83833	1443
10.84000	1442
10.84167	1443
10.84333	1443
10.84500	1442
10.84667	1443
10.84833	1444
10.85000	1443
10.85167	1443
10.85333	1444
10.85500	1443
10.85667	1444
10.85833	1444
10.86000	1444
10.86167	1444
10.86333	1444
10.86500	1444
10.86667	1445
10.86833	1444
10.87000	1444
10.87167	1444
10.87333	1444
10.87500	1445
10.87667	1444
10.87833	1443
10.88000	1444
10.88167	1444
10.88333	1444
10.88500	1443
10.88667	1444
10.88833	1443
10.89000	1443
10.89167	1444
10.89333	1443
10.89500	1442
10.89667	1443
10.89833	1443
10.90000	1442
10.90167	1443
10.90333	1442
10.90500	1443
10.90667	1443
10.90833	1442
10.91000	1442
10.91167	1442
10.91333	1443
10.91500	1442
10.91667	1442
10.91833	1442
10.92000	1443
10.92167	1442
10.92333	1443
10.92500	1442
10.92667	1443
10.92833	1442
10.93000	1443
10.93167	1443
10.93333	1443
10.93500	1443
10.93667	1443
10.93833	1443
10.94000	1444
10.94167	1443
10.94333	1444
10.94500	1443
10.94667	1444
10.94833	1444
10.95000	1444
10.95167	1444
10.95333	1444
10.95500	1444
10.95667	1444
10.95833	1444
10.96000	1443
10.96167	1444
10.96333	1444
10.96500	1444
10.96667	1443
10.96833	1444
10.97000	1443
10.97167	1443
10.97333	1443
10.97500	1443
10.97667	1443
10.97833	1442
10.98000	1442
10.98167	1442
10.98333	1442
10.98500	1441
10.98667	1441
10.98833	1441
10.99000	1441
10.99167	1441
10.99333	1440
10.99500	1440
10.99667	1440
10.99833	1440
11.00000	1440
11.00167	1440
11.00333	1440
11.00500	1440
11.00667	1440
11.00833	1440
11.01000	1440
11.01167	1440
11.01333	1440
11.01500	1439
11.01667	1440
11.01833	1440
11.02000	1440
11.02167	1440
11.02333	1440
11.02500	1440
11.02667	1440
11.02833	1440
11.03000	1440
11.03167	1440
11.03333	1441
11.03500	1440
11.03667	1440
11.03833	1440
11.04000	1440
11.04167	1440
11.04333	1440
11.04500	1439
11.04667	1440
11.04833	1439
11.05000	1440
11.05167	1439
11.05333	1439
11.05500	1439
11.05667	1439
11.05833	1438
11.06000	1439
11.06167	1438
11.06333	1438
11.06500	1438
11.06667	1438
11.06833	1438
11.07000	1437
11.07167	1438
11.07333	1438
11.07500	1438
11.07667	1438
11.07833	1437
11.08000	1438
11.08167	1437
11.08333	1437
11.08500	1438
11.08667	1437
11.08833	1437
11.09000	1438
11.09167	1437
11.09333	1437
11.09500	1437
11.09667	1437
11.09833	1437
11.10000	1437
11.10167	1437
11.10333	1437
11.10500	1437
11.10667	1437
11.10833	1437
11.11000	1437
11.11167	1437
11.11333	1437
11.11500	1437
11.11667	1438
11.11833	1437
11.12000	1438
11.12167	1438
11.12333	1438
11.12500	1438
11.12667	1439
11.12833	1438
11.13000	1439
11.13167	1439
11.13333	1439
11.13500	1439
11.13667	1439
11.13833	1439
11.14000	1440
11.14167	1439
11.14333	1440
11.14500	1440
11.14667	1440
11.14833	1441
11.15000	1440
11.15167	1441
11.15333	1440
11.15500	1441
11.15667	1441
11.15833	1441
11.16000	1440
11.16167	1441
11.16333	1441
11.16500	1440
11.16667	1441
11.16833	1440
11.17000	1440
11.17167	1440
11.17333	1440
11.17500	1440
11.17667	1439
11.17833	1440
11.18000	1439
11.18167	1439
11.18333	1440
11.18500	1439
11.18667	1438
11.18833	1439
11.19000	1438
11.19167	1439
11.19333	1438
11.19500	1438
11.19667	1439
11.19833	1438
11.20000	1438
11.20167	1439
11.20333	1438
11.20500	1438
11.20667	1438
11.20833	1439
11.21000	1438
11.21167	1439
11.21333	1438
11.21500	1439
11.21667	1439
11.21833	1440
11.22000	1439
11.22167	1440
11.22333	1440
11.22500	1440
11.22667	1440
11.22833	1441
11.23000	1441
11.23167	1441
11.23333	1441
11.23500	1442
11.23667	1442
11.23833	1442
11.24000	1442
11.24167	1442
11.24333	1443
11.24500	1443
11.24667	1443
11.24833	1443
11.25000	1443
11.25167	1444
11.25333	1443
11.25500	1444
11.25667	1444
11.25833	1444
11.26000	1444
11.26167	1444
11.26333	1445
11.26500	1444
11.26667	1445
11.26833	1444
11.27000	1444
11.27167	1445
11.27333	1445
11.27500	1444
11.27667	1445
11.27833	1445
11.28000	1445
11.28167	1445
11.28333	1444
11.28500	1445
11.28667	1445
11.28833	1445
11.29000	1445
11.29167	1445
11.29333	1445
11.29500	1444
11.29667	1444
11.29833	1444
11.30000	1444
11.30167	1443
11.30333	1444
11.30500	1443
11.30667	1442
11.30833	1443
11.31000	1442
11.31167	1442
11.31333	1442
11.31500	1441
11.31667	1441
11.31833	1441
11.32000	1441
11.32167	1441
11.32333	1440
11.32500	1441
11.32667	1440
11.32833	1440
11.33000	1439
11.33167	1440
11.33333	1440
11.33500	1439
11.33667	1440
11.33833	1439
11.34000	1439
11.34167	1439
11.34333	1439
11.34500	1438
11.34667	1439
11.34833	1439
11.35000	1438
11.35167	1438
11.35333	1439
11.35500	1438
11.35667	1438
11.35833	1439
11.36000	1438
11.36167	1438
11.36333	1438
11.36500	1437
11.36667	1438
11.36833	1438
11.37000	1437
11.37167	1438
11.37333	1438
11.37500	1437
11.37667	1437
11.37833	1437
11.38000	1437
11.38167	1437
11.38333	1437
11.38500	1437
11.38667	1436
11.38833	1437
11.39000	1437
11.39167	1437
11.39333	1436
11.39500	1437
11.39667	1436
11.39833	1437
11.40000	1436
11.40167	1436
11.40333	1437
11.40500	1436
11.40667	1436
11.40833	1437
11.41000	1436
11.41167	1436
11.41333	1436
11.41500	1437
11.41667	1436
11.41833	1436
11.42000	1437
11.42167	1437
11.42333	1436
11.42500	1437
11.42667	1437
11.42833	1437
11.43000	1437
11.43167	1437
11.43333	1437
11.43500	1437
11.43667	1437
11.43833	1437
11.44000	1438
11.44167	1437
11.44333	1438
11.44500	1437
11.44667	1438
11.44833	1437
11.45000	1438
11.45167	1437
11.45333	1437
11.45500	1437
11.45667	1437
11.45833	1437
11.46000	1437
11.46167	1437
11.46333	1436
11.46500	1437
11.46667	1436
11.46833	1436
11.47000	1436
11.47167	1436
11.47333	1436
11.47500	1435
11.47667	1436
11.47833	1435
11.48000	1435
11.48167	1436
11.48333	1435
11.48500	1435
11.48667	1435
11.48833	1434
11.49000	1435
11.49167	1435
11.49333	1434
11.49500	1435
11.49667	1434
11.49833	1435
11.50000	1434
11.50167	1434
11.50333	1434
11.50500	1434
11.50667	1434
11.50833	1433
11.51000	1434
11.51167	1433
11.51333	1434
11.51500	1433
11.51667	1433
11.51833	1433
11.52000	1432
11.52167	1432
11.52333	1432
11.52500	1432
11.52667	1432
11.52833	1431
11.53000	1432
11.53167	1431
11.53333	1431
11.53500	1431
11.53667	1430
11.53833	1430
11.54000	1430
11.54167	1431
11.54333	1429
11.54500	1430
11.54667	1430
11.54833	1430
11.55000	1429
11.55167	1429
11.55333	1429
11.55500	1429
11.55667	1429
11.55833	1429
11.56000	1428
11.56167	1429
11.56333	1428
11.56500	1428
11.56667	1427
11.56833	1427
11.57000	1427
11.57167	1427
11.57333	1427
11.57500	1427
11.57667	1426
11.57833	1426
11.58000	1426
11.58167	1426
11.58333	1425
11.58500	1425
11.58667	1426
11.58833	1425
11.59000	1424
11.59167	1425
11.59333	1424
11.59500	1424
11.59667	1425
11.59833	1424
11.60000	1423
11.60167	1424
11.60333	1424
11.60500	1424
11.60667	1423
11.60833	1424
11.61000	1423
11.61167	1423
11.61333	1423
11.61500	1423
11.61667	1424
11.61833	1423
11.62000	1423
11.62167	1423
11.62333	1423
11.62500	1423
11.62667	1423
11.62833	1423
11.63000	1423
11.63167	1423
11.63333	1423
11.63500	1422
11.63667	1423
11.63833	1422
11.64000	1423
11.64167	1422
11.64333	1422
11.64500	1422
11.64667	1421
11.64833	1422
11.65000	1421
11.65167	1421
11.65333	1421
11.65500	1421
11.65667	1421
11.65833	1420
11.66000	1421
11.66167	1420
11.66333	1420
11.66500	1420
11.66667	1420
11.66833	1420
11.67000	1420
11.67167	1420
11.67333	1420
11.67500	1419
11.67667	1420
11.67833	1420
11.68000	1419
11.68167	1420
11.68333	1419
11.68500	1419
11.68667	1420
11.68833	1419
11.69000	1419
11.69167	1419
11.69333	1420
11.69500	1419
11.69667	1419
11.69833	1419
11.70000	1419
11.70167	1420
11.70333	1419
11.70500	1419
11.70667	1419
11.70833	1419
11.71000	1419
11.71167	1419
11.71333	1419
11.71500	1419
11.71667	1419
11.71833	1419
11.72000	1419
11.72167	1419
11.72333	1418
11.72500	1419
11.72667	1418
11.72833	1418
11.73000	1418
11.73167	1418
11.73333	1417
11.73500	1418
11.73667	1417
11.73833	1417
11.74000	1416
11.74167	1417
11.74333	1416
11.74500	1416
11.74667	1416
11.74833	1416
11.75000	1415
11.75167	1416
11.75333	1415
11.75500	1414
11.75667	1415
11.75833	1414
11.76000	1415
11.76167	1414
11.76333	1413
11.76500	1413
11.76667	1413
11.76833	1413
11.77000	1413
11.77167	1412
11.77333	1413
11.77500	1412
11.77667	1411
11.77833	1412
11.78000	1411
11.78167	1412
11.78333	1411
11.78500	1411
11.78667	1410
11.78833	1411
11.79000	1411
11.79167	1410
11.79333	1411
11.79500	1410
11.79667	1411
11.79833	1410
11.80000	1411
11.80167	1410
11.80333	1410
11.80500	1411
11.80667	1410
11.80833	1411
11.81000	1410
11.81167	1410
11.81333	1410
11.81500	1409
11.81667	1410
11.81833	1410
11.82000	1409
11.82167	1409
11.82333	1409
11.82500	1409
11.82667	1408
11.82833	1408
11.83000	1409
11.83167	1407
11.83333	1408
11.83500	1408
11.83667	1407
11.83833	1407
11.84000	1407
11.84167	1407
11.84333	1406
11.84500	1407
11.84667	1406
11.84833	1406
11.85000	1406
11.85167	1406
11.85333	1406
11.85500	1405
11.85667	1406
11.85833	1405
11.86000	1406
11.86167	1405
11.86333	1405
11.86500	1405
11.86667	1405
11.86833	1405
11.87000	1405
11.87167	1404
11.87333	1405
11.87500	1404
11.87667	1405
11.87833	1404
11.88000	1405
11.88167	1404
11.88333	1405
11.88500	1404
11.88667	1404
11.88833	1404
11.89000	1404
11.89167	1404
11.89333	1404
11.89500	1404
11.89667	1403
11.89833	1404
11.90000	1403
11.90167	1403
11.90333	1403
11.90500	1402
11.90667	1403
11.90833	1402
11.91000	1402
11.91167	1402
11.91333	1402
11.91500	1402
11.91667	1401
11.91833	1401
11.92000	1401
11.92167	1401
11.92333	1400
11.92500	1400
11.92667	1399
11.92833	1400
11.93000	1399
11.93167	1399
11.93333	1398
11.93500	1399
11.93667	1398
11.93833	1398
11.94000	1397
11.94167	1397
11.94333	1397
11.94500	1397
11.94667	1397
11.94833	1397
11.95000	1397
11.95167	1396
11.95333	1396
11.95500	1396
11.95667	1396
11.95833	1395
11.96000	1396
11.96167	1395
11.96333	1395
11.96500	1395
11.96667	1395
11.96833	1395
11.97000	1395
11.97167	1395
11.97333	1394
11.97500	1395
11.97667	1395
11.97833	1395
11.98000	1395
11.98167	1396
11.98333	1396
11.98500	1396
11.98667	1395
11.98833	1396
11.99000	1396
11.99167	1396
11.99333	1397
11.99500	1396
11.99667	1396
11.99833	1397
12.00000	1397
12.00167	1396
12.00333	1397
12.00500	1397
12.00667	1397
12.00833	1398
12.01000	1397
12.01167	1397
12.01333	1398
12.01500	1397
12.01667	1397
12.01833	1397
12.02000	1397
12.02167	1397
12.02333	1397
12.02500	1396
12.02667	1396
12.02833	1397
12.03000	1396
12.03167	1395
12.03333	1396
12.03500	1395
12.03667	1394
12.03833	1394
12.04000	1394
12.04167	1393
12.04333	1393
12.04500	1393
12.04667	1392
12.04833	1392
12.05000	1391
12.05167	1391
12.05333	1390
12.05500	1390
12.05667	1390
12.05833	1389
12.06000	1388
12.06167	1388
12.06333	1388
12.06500	1387
12.06667	1387
12.06833	1387
12.07000	1386
12.07167	1386
12.07333	1386
12.07500	1385
12.07667	1385
12.07833	1385
12.08000	1384
12.08167	1385
12.08333	1384
12.08500	1384
12.08667	1384
12.08833	1384
12.09000	1384
12.09167	1383
12.09333	1384
12.09500	1383
12.09667	1383
12.09833	1383
12.10000	1383
12.10167	1383
12.10333	1383
12.10500	1383
12.10667	1383
12.10833	1382
12.11000	1383
12.11167	1383
12.11333	1383
12.11500	1382
12.11667	1382
12.11833	1383
12.12000	1382
12.12167	1382
12.12333	1382
12.12500	1382
12.12667	1382
12.12833	1381
12.13000	1382
12.13167	1381
12.13333	1381
12.13500	1380
12.13667	1381
12.13833	1380
12.14000	1380
12.14167	1380
12.14333	1379
12.14500	1380
12.14667	1379
12.14833	1379
12.15000	1379
12.15167	1379
12.15333	1378
12.15500	1378
12.15667	1378
12.15833	1378
12.16000	1378
12.16167	1377
12.16333	1378
12.16500	1377
12.16667	1377
12.16833	1377
12.17000	1377
12.17167	1377
12.17333	1377
12.17500	1377
12.17667	1377
12.17833	1378
12.18000	1377
12.18167	1377
12.18333	1377
12.18500	1376
12.18667	1377
12.18833	1377
12.19000	1377
12.19167	1377
12.19333	1377
12.19500	1377
12.19667	1376
12.19833	1377
12.20000	1377
12.20167	1376
12.20333	1377
12.20500	1376
12.20667	1376
12.20833	1376
12.21000	1377
12.21167	1376
12.21333	1375
12.21500	1376
12.21667	1375
12.21833	1375
12.22000	1375
12.22167	1375
12.22333	1374
12.22500	1374
12.22667	1374
12.22833	1374
12.23000	1374
12.23167	1373
12.23333	1373
12.23500	1373
12.23667	1373
12.23833	1373
12.24000	1373
12.24167	1373
12.24333	1372
12.24500	1373
12.24667	1372
12.24833	1372
12.25000	1372
12.25167	1372
12.25333	1372
12.25500	1372
12.25667	1372
12.25833	1372
12.26000	1371
12.26167	1372
12.26333	1372
12.26500	1371
12.26667	1372
12.26833	1371
12.27000	1371
12.27167	1372
12.27333	1371
12.27500	1372
12.27667	1371
12.27833	1371
12.28000	1372
12.28167	1371
12.28333	1372
12.28500	1371
12.28667	1371
12.28833	1371
12.29000	1371
12.29167	1372
12.29333	1371
12.29500	1371
12.29667	1372
12.29833	1371
12.30000	1372
12.30167	1372
12.30333	1371
12.30500	1372
12.30667	1372
12.30833	1371
12.31000	1371
12.31167	1372
12.31333	1371
12.31500	1371
12.31667	1371
12.31833	1371
12.32000	1371
12.32167	1371
12.32333	1370
12.32500	1370
12.32667	1371
12.32833	1370
12.33000	1370
12.33167	1369
12.33333	1370
12.33500	1369
12.33667	1369
12.33833	1369
12.34000	1368
12.34167	1369
12.34333	1369
12.34500	1368
12.34667	1368
12.34833	1368
12.35000	1368
12.35167	1368
12.35333	1367
12.35500	1367
12.35667	1367
12.35833	1367
12.36000	1367
12.36167	1367
12.36333	1366
12.36500	1366
12.36667	1366
12.36833	1366
12.37000	1365
12.37167	1365
12.37333	1364
12.37500	1365
12.37667	1364
12.37833	1364
12.38000	1364
12.38167	1364
12.38333	1363
12.38500	1363
12.38667	1363
12.38833	1362
12.39000	1363
12.39167	1362
12.39333	1362
12.39500	1361
12.39667	1362
12.39833	1361
12.40000	1361
12.40167	1360
12.40333	1360
12.40500	1361
12.40667	1359
12.40833	1360
12.41000	1360
12.41167	1360
12.41333	1359
12.41500	1359
12.41667	1360
12.41833	1359
12.42000	1359
12.42167	1359
12.42333	1360
12.42500	1359
12.42667	1359
12.42833	1360
12.43000	1359
12.43167	1359
12.43333	1360
12.43500	1360
12.43667	1359
12.43833	1360
12.44000	1360
12.44167	1360
12.44333	1359
12.44500	1360
12.44667	1360
12.44833	1360
12.45000	1361
12.45167	1360
12.45333	1361
12.45500	1360
12.45667	1360
12.45833	1361
12.46000	1360
12.46167	1360
12.46333	1360
12.46500	1360
12.46667	1360
12.46833	1360
12.47000	1360
12.47167	1359
12.47333	1360
12.47500	1359
12.47667	1359
12.47833	1359
12.48000	1358
12.48167	1359
12.48333	1358
12.48500	1358
12.48667	1358
12.48833	1358
12.49000	1357
12.49167	1358
12.49333	1357
12.49500	1358
12.49667	1357
12.49833	1357
12.50000	1357
12.50167	1357
12.50333	1357
12.50500	1357
12.50667	1357
12.50833	1357
12.51000	1357
12.51167	1357
12.51333	1357
12.51500	1357
12.51667	1357
12.51833	1358
12.52000	1357
12.52167	1358
12.52333	1357
12.52500	1358
12.52667	1358
12.52833	1357
12.53000	1358
12.53167	1357
12.53333	1358
12.53500	1357
12.53667	1357
12.53833	1357
12.54000	1357
12.54167	1357
12.54333	1356
12.54500	1356
12.54667	1356
12.54833	1356
12.55000	1355
12.55167	1355
12.55333	1355
12.55500	1355
12.55667	1355
12.55833	1354
12.56000	1354
12.56167	1354
12.56333	1353
12.56500	1353
12.56667	1353
12.56833	1352
12.57000	1352
12.57167	1352
12.57333	1352
12.57500	1351
12.57667	1351
12.57833	1351
12.58000	1351
12.58167	1351
12.58333	1351
12.58500	1350
12.58667	1350
12.58833	1350
12.59000	1350
12.59167	1350
12.59333	1350
12.59500	1350
12.59667	1350
12.59833	1350
12.60000	1350
12.60167	1350
12.60333	1350
12.60500	1350
12.60667	1350
12.60833	1350
12.61000	1350
12.61167	1350
12.61333	1351
12.61500	1350
12.61667	1350
12.61833	1351
12.62000	1350
12.62167	1351
12.62333	1350
12.62500	1351
12.62667	1350
12.62833	1351
12.63000	1351
12.63167	1351
12.63333	1351
12.63500	1351
12.63667	1351
12.63833	1351
12.64000	1351
12.64167	1350
12.64333	1351
12.64500	1351
12.64667	1351
12.64833	1351
12.65000	1350
12.65167	1351
12.65333	1351
12.65500	1351
12.65667	1351
12.65833	1350
12.66000	1351
12.66167	1350
12.66333	1351
12.66500	1350
12.66667	1350
12.66833	1349
12.67000	1350
12.67167	1349
12.67333	1349
12.67500	1349
12.67667	1349
12.67833	1349
12.68000	1349
12.68167	1348
12.68333	1348
12.68500	1348
12.68667	1348
12.68833	1348
12.69000	1347
12.69167	1347
12.69333	1348
12.69500	1347
12.69667	1346
12.69833	1347
12.70000	1347
12.70167	1346
12.70333	1346
12.70500	1347
12.70667	1346
12.70833	1346
12.71000	1345
12.71167	1346
12.71333	1345
12.71500	1345
12.71667	1345
12.71833	1344
12.72000	1345
12.72167	1344
12.72333	1343
12.72500	1344
12.72667	1344
12.72833	1343
12.73000	1343
12.73167	1343
12.73333	1343
12.73500	1342
12.73667	1342
12.73833	1342
12.74000	1342
12.74167	1342
12.74333	1341
12.74500	1342
12.74667	1341
12.74833	1341
12.75000	1341
12.75167	1341
12.75333	1341
12.75500	1341
12.75667	1341
12.75833	1340
12.76000	1341
12.76167	1340
12.76333	1340
12.76500	1341
12.76667	1340
12.76833	1340
12.77000	1341
12.77167	1340
12.77333	1340
12.77500	1341
12.77667	1340
12.77833	1340
12.78000	1340
12.78167	1340
12.78333	1340
12.78500	1340
12.78667	1339
12.78833	1340
12.79000	1339
12.79167	1340
12.79333	1339
12.79500	1339
12.79667	1339
12.79833	1339
12.80000	1339
12.80167	1338
12.80333	1339
12.80500	1339
12.80667	1338
12.80833	1338
12.81000	1339
12.81167	1338
12.81333	1338
12.81500	1337
12.81667	1338
12.81833	1338
12.82000	1338
12.82167	1338
12.82333	1337
12.82500	1337
12.82667	1338
12.82833	1337
12.83000	1337
12.83167	1337
12.83333	1338
12.83500	1337
12.83667	1337
12.83833	1337
12.84000	1338
12.84167	1337
12.84333	1337
12.84500	1337
12.84667	1337
12.84833	1337
12.85000	1337
12.85167	1338
12.85333	1337
12.85500	1337
12.85667	1338
12.85833	1337
12.86000	1338
12.86167	1337
12.86333	1338
12.86500	1337
12.86667	1338
12.86833	1338
12.87000	1338
12.87167	1337
12.87333	1338
12.87500	1338
12.87667	1338
12.87833	1338
12.88000	1338
12.88167	1337
12.88333	1338
12.88500	1338
12.88667	1337
12.88833	1338
12.89000	1337
12.89167	1338
12.89333	1337
12.89500	1338
12.89667	1337
12.89833	1337
12.90000	1337
12.90167	1336
12.90333	1337
12.90500	1336
12.90667	1336
12.90833	1336
12.91000	1336
12.91167	1335
12.91333	1335
12.91500	1335
12.91667	1334
12.91833	1335
12.92000	1334
12.92167	1334
12.92333	1334
12.92500	1333
12.92667	1333
12.92833	1334
12.93000	1333
12.93167	1333
12.93333	1333
12.93500	1333
12.93667	1333
12.93833	1332
12.94000	1332
12.94167	1332
12.94333	1333
12.94500	1332
12.94667	1332
12.94833	1332
12.95000	1332
12.95167	1331
12.95333	1332
12.95500	1331
12.95667	1331
12.95833	1332
12.96000	1331
12.96167	1332
12.96333	1331
12.96500	1331
12.96667	1332
12.96833	1331
12.97000	1331
12.97167	1331
12.97333	1332
12.97500	1331
12.97667	1331
12.97833	1331
12.98000	1332
12.98167	1331
12.98333	1332
12.98500	1331
12.98667	1332
12.98833	1331
12.99000	1332
12.99167	1331
12.99333	1332
12.99500	1331
12.99667	1332
12.99833	1331
13.00000	1332
13.00167	1331
13.00333	1331
13.00500	1331
13.00667	1331
13.00833	1331
13.01000	1330
13.01167	1331
13.01333	1330
13.01500	1330
13.01667	1330
13.01833	1330
13.02000	1329
13.02167	1330
13.02333	1329
13.02500	1329
13.02667	1329
13.02833	1329
13.03000	1328
13.03167	1328
13.03333	1328
13.03500	1328
13.03667	1328
13.03833	1327
13.04000	1326
13.04167	1327
13.04333	1326
13.04500	1326
13.04667	1326
13.04833	1325
13.05000	1326
13.05167	1325
13.05333	1325
13.05500	1326
13.05667	1325
13.05833	1325
13.06000	1325
13.06167	1324
13.06333	1325
13.06500	1325
13.06667	1324
13.06833	1325
13.07000	1324
13.07167	1325
13.07333	1324
13.07500	1325
13.07667	1324
13.07833	1325
13.08000	1325
13.08167	1325
13.08333	1325
13.08500	1325
13.08667	1325
13.08833	1325
13.09000	1325
13.09167	1325
13.09333	1324
13.09500	1325
13.09667	1324
13.09833	1324
13.10000	1324
13.10167	1324
13.10333	1323
13.10500	1323
13.10667	1323
13.10833	1323
13.11000	1322
13.11167	1322
13.11333	1322
13.11500	1322
13.11667	1322
13.11833	1322
13.12000	1321
13.12167	1321
13.12333	1322
13.12500	1321
13.12667	1321
13.12833	1322
13.13000	1321
13.13167	1321
13.13333	1321
13.13500	1321
13.13667	1321
13.13833	1321
13.14000	1321
13.14167	1321
13.14333	1321
13.14500	1320
13.14667	1321
13.14833	1321
13.15000	1321
13.15167	1322
13.15333	1321
13.15500	1321
13.15667	1320
13.15833	1321
13.16000	1321
13.16167	1321
13.16333	1321
13.16500	1320
13.16667	1321
13.16833	1320
13.17000	1321
13.17167	1320
13.17333	1320
13.17500	1321
13.17667	1320
13.17833	1321
13.18000	1321
13.18167	1320
13.18333	1320
13.18500	1321
13.18667	1320
13.18833	1320
13.19000	1320
13.19167	1320
13.19333	1320
13.19500	1320
13.19667	1320
13.19833	1320
13.20000	1319
13.20167	1319
13.20333	1319
13.20500	1319
13.20667	1318
13.20833	1319
13.21000	1318
13.21167	1318
13.21333	1317
13.21500	1318
13.21667	1317
13.21833	1317
13.22000	1316
13.22167	1317
13.22333	1316
13.22500	1316
13.22667	1317
13.22833	1315
13.23000	1316
13.23167	1316
13.23333	1315
13.23500	1316
13.23667	1315
13.23833	1315
13.24000	1315
13.24167	1315
13.24333	1314
13.24500	1315
13.24667	1314
13.24833	1314
13.25000	1314
13.25167	1313
13.25333	1314
13.25500	1314
13.25667	1313
13.25833	1313
13.26000	1313
13.26167	1312
13.26333	1313
13.26500	1312
13.26667	1312
13.26833	1312
13.27000	1312
13.27167	1312
13.27333	1312
13.27500	1311
13.27667	1312
13.27833	1312
13.28000	1311
13.28167	1312
13.28333	1311
13.28500	1311
13.28667	1311
13.28833	1312
13.29000	1311
13.29167	1311
13.29333	1311
13.29500	1312
13.29667	1312
13.29833	1311
13.30000	1312
13.30167	1312
13.30333	1312
13.30500	1313
13.30667	1312
13.30833	1312
13.31000	1313
13.31167	1312
13.31333	1313
13.31500	1313
13.31667	1313
13.31833	1313
13.32000	1312
13.32167	1312
13.32333	1313
13.32500	1312
13.32667	1313
13.32833	1312
13.33000	1312
13.33167	1312
13.33333	1312
13.33500	1312
13.33667	1311
13.33833	1312
13.34000	1311
13.34167	1311
13.34333	1311
13.34500	1310
13.34667	1310
13.34833	1310
13.35000	1310
13.35167	1309
13.35333	1310
13.35500	1309
13.35667	1308
13.35833	1309
13.36000	1308
13.36167	1308
13.36333	1308
13.36500	1308
13.36667	1307
13.36833	1308
13.37000	1307
13.37167	1307
13.37333	1307
13.37500	1306
13.37667	1306
13.37833	1307
13.38000	1306
13.38167	1305
13.38333	1306
13.38500	1305
13.38667	1305
13.38833	1305
13.39000	1305
13.39167	1305
13.39333	1305
13.39500	1304
13.39667	1305
13.39833	1304
13.40000	1305
13.40167	1304
13.40333	1305
13.40500	1304
13.40667	1305
13.40833	1304
13.41000	1304
13.41167	1304
13.41333	1303
13.41500	1304
13.41667	1304
13.41833	1303
13.42000	1303
13.42167	1303
13.42333	1303
13.42500	1302
13.42667	1303
13.42833	1303
13.43000	1303
13.43167	1302
13.43333	1302
13.43500	1302
13.43667	1301
13.43833	1301
13.44000	1301
13.44167	1301
13.44333	1301
13.44500	1300
13.44667	1301
13.44833	1300
13.45000	1300
13.45167	1300
13.45333	1300
13.45500	1300
13.45667	1300
13.45833	1300
13.46000	1300
13.46167	1300
13.46333	1300
13.46500	1300
13.46667	1300
13.46833	1301
13.47000	1300
13.47167	1300
13.47333	1301
13.47500	1300
13.47667	1300
13.47833	1301
13.48000	1301
13.48167	1301
13.48333	1300
13.48500	1301
13.48667	1301
13.48833	1301
13.49000	1302
13.49167	1301
13.49333	1302
13.49500	1301
13.49667	1302
13.49833	1301
13.50000	1302
13.50167	1301
13.50333	1301
13.50500	1301
13.50667	1301
13.50833	1301
13.51000	1300
13.51167	1301
13.51333	1300
13.51500	1300
13.51667	1300
13.51833	1300
13.52000	1300
13.52167	1299
13.52333	1299
13.52500	1299
13.52667	1298
13.52833	1299
13.53000	1298
13.53167	1298
13.53333	1298
13.53500	1298
13.53667	1298
13.53833	1297
13.54000	1298
13.54167	1297
13.54333	1297
13.54500	1296
13.54667	1297
13.54833	1296
13.55000	1296
13.55167	1296
13.55333	1296
13.55500	1296
13.55667	1295
13.55833	1296
13.56000	1296
13.56167	1296
13.56333	1296
13.56500	1296
13.56667	1296
13.56833	1295
13.57000	1296
13.57167	1296
13.57333	1296
13.57500	1297
13.57667	1296
13.57833	1297
13.58000	1297
13.58167	1297
13.58333	1297
13.58500	1298
13.58667	1297
13.58833	1299
13.59000	1298
13.59167	1298
13.59333	1299
13.59500	1299
13.59667	1299
13.59833	1300
13.60000	1299
13.60167	1300
13.60333	1300
13.60500	1301
13.60667	1300
13.60833	1301
13.61000	1301
13.61167	1301
13.61333	1301
13.61500	1301
13.61667	1301
13.61833	1301
13.62000	1301
13.62167	1301
13.62333	1301
13.62500	1301
13.62667	1301
13.62833	1300
13.63000	1300
13.63167	1300
13.63333	1299
13.63500	1300
13.63667	1299
13.63833	1298
13.64000	1299
13.64167	1298
13.64333	1297
13.64500	1298
13.64667	1297
13.64833	1296
13.65000	1297
13.65167	1296
13.65333	1295
13.65500	1296
13.65667	1295
13.65833	1296
13.66000	1294
13.66167	1295
13.66333	1295
13.66500	1294
13.66667	1295
13.66833	1294
13.67000	1295
13.67167	1295
13.67333	1295
13.67500	1295
13.67667	1295
13.67833	1296
13.68000	1296
13.68167	1296
13.68333	1296
13.68500	1297
13.68667	1297
13.68833	1297
13.69000	1298
13.69167	1298
13.69333	1298
13.69500	1299
13.69667	1299
13.69833	1300
13.70000	1300
13.70167	1300
13.70333	1301
13.70500	1301
13.70667	1301
13.70833	1301
13.71000	1302
13.71167	1301
13.71333	1302
13.71500	1303
13.71667	1302
13.71833	1302
13.72000	1302
13.72167	1303
13.72333	1303
13.72500	1303
13.72667	1303
13.72833	1303
13.73000	1303
13.73167	1303
13.73333	1303
13.73500	1303
13.73667	1303
13.73833	1302
13.74000	1303
13.74167	1303
13.74333	1302
13.74500	1303
13.74667	1303
13.74833	1302
13.75000	1302
13.75167	1303
13.75333	1302
13.75500	1303
13.75667	1302
13.75833	1302
13.76000	1302
13.76167	1302
13.76333	1302
13.76500	1302
13.76667	1302
13.76833	1302
13.77000	1302
13.77167	1302
13.77333	1301
13.77500	1302
13.77667	1301
13.77833	1301
13.78000	1301
13.78167	1301
13.78333	1301
13.78500	1300
13.78667	1300
13.78833	1301
13.79000	1300
13.79167	1300
13.79333	1300
13.79500	1301
13.79667	1300
13.79833	1301
13.80000	1300
13.80167	1300
13.80333	1301
13.80500	1300
13.80667	1301
13.80833	1300
13.81000	1301
13.81167	1300
13.81333	1301
13.81500	1301
13.81667	1301
13.81833	1301
13.82000	1302
13.82167	1302
13.82333	1302
13.82500	1302
13.82667	1302
13.82833	1303
13.83000	1302
13.83167	1303
13.83333	1303
13.83500	1303
13.83667	1303
13.83833	1303
13.84000	1304
13.84167	1303
13.84333	1304
13.84500	1304
13.84667	1304
13.84833	1304
13.85000	1304
13.85167	1304
13.85333	1305
13.85500	1304
13.85667	1305
13.85833	1305
13.86000	1305
13.86167	1305
13.86333	1305
13.86500	1305
13.86667	1305
13.86833	1306
13.87000	1305
13.87167	1306
13.87333	1305
13.87500	1306
13.87667	1306
13.87833	1305
13.88000	1306
13.88167	1306
13.88333	1306
13.88500	1306
13.88667	1307
13.88833	1306
13.89000	1306
13.89167	1307
13.89333	1306
13.89500	1307
13.89667	1307
13.89833	1307
13.90000	1307
13.90167	1307
13.90333	1308
13.90500	1308
13.90667	1308
13.90833	1307
13.91000	1308
13.91167	1309
13.91333	1308
13.91500	1308
13.91667	1309
13.91833	1309
13.92000	1309
13.92167	1309
13.92333	1310
13.92500	1310
13.92667	1310
13.92833	1310
13.93000	1311
13.93167	1310
13.93333	1311
13.93500	1311
13.93667	1311
13.93833	1311
13.94000	1311
13.94167	1311
13.94333	1310
13.94500	1311
13.94667	1311
13.94833	1312
13.95000	1311
13.95167	1311
13.95333	1311
13.95500	1310
13.95667	1311
13.95833	1311
13.96000	1310
13.96167	1311
13.96333	1310
13.96500	1311
13.96667	1310
13.96833	1311
13.97000	1310
13.97167	1311
13.97333	1311
13.97500	1311
13.97667	1311
13.97833	1311
13.98000	1311
13.98167	1311
13.98333	1312
13.98500	1311
13.98667	1312
13.98833	1312
13.99000	1312
13.99167	1312
13.99333	1313
13.99500	1312
13.99667	1313
13.99833	1312
14.00000	1313
14.00167	1313
14.00333	1313
14.00500	1314
14.00667	1313
14.00833	1313
14.01000	1314
14.01167	1314
14.01333	1313
14.01500	1314
14.01667	1314
14.01833	1313
14.02000	1314
14.02167	1313
14.02333	1314
14.02500	1313
14.02667	1313
14.02833	1313
14.03000	1313
14.03167	1312
14.03333	1313
14.03500	1312
14.03667	1313
14.03833	1312
14.04000	1312
14.04167	1311
14.04333	1312
14.04500	1311
14.04667	1312
14.04833	1311
14.05000	1312
14.05167	1311
14.05333	1311
14.05500	1311
14.05667	1311
14.05833	1311
14.06000	1311
14.06167	1312
14.06333	1311
14.06500	1311
14.06667	1312
14.06833	1311
14.07000	1311
14.07167	1311
14.07333	1311
14.07500	1310
14.07667	1311
14.07833	1311
14.08000	1311
14.08167	1310
14.08333	1311
14.08500	1311
14.08667	1310
14.08833	1311
14.09000	1311
14.09167	1310
14.09333	1311
14.09500	1311
14.09667	1310
14.09833	1311
14.10000	1311
14.10167	1310
14.10333	1310
14.10500	1310
14.10667	1311
14.10833	1310
14.11000	1310
14.11167	1309
14.11333	1310
14.11500	1310
14.11667	1309
14.11833	1310
14.12000	1309
14.12167	1309
14.12333	1309
14.12500	1309
14.12667	1308
14.12833	1308
14.13000	1309
14.13167	1308
14.13333	1308
14.13500	1308
14.13667	1307
14.13833	1308
14.14000	1307
14.14167	1307
14.14333	1307
14.14500	1307
14.14667	1307
14.14833	1307
14.15000	1306
14.15167	1306
14.15333	1307
14.15500	1306
14.15667	1306
14.15833	1306
14.16000	1306
14.16167	1306
14.16333	1305
14.16500	1306
14.16667	1306
14.16833	1305
14.17000	1306
14.17167	1305
14.17333	1306
14.17500	1305
14.17667	1306
14.17833	1305
14.18000	1305
14.18167	1305
14.18333	1304
14.18500	1305
14.18667	1305
14.18833	1304
14.19000	1304
14.19167	1304
14.19333	1304
14.19500	1304
14.19667	1303
14.19833	1303
14.20000	1303
14.20167	1303
14.20333	1302
14.20500	1302
14.20667	1302
14.20833	1302
14.21000	1301
14.21167	1302
14.21333	1301
14.21500	1300
14.21667	1300
14.21833	1300
14.22000	1299
14.22167	1299
14.22333	1299
14.22500	1298
14.22667	1299
14.22833	1298
14.23000	1298
14.23167	1297
14.23333	1298
14.23500	1297
14.23667	1298
14.23833	1297
14.24000	1298
14.24167	1297
14.24333	1298
14.24500	1298
14.24667	1298
14.24833	1298
14.25000	1298
14.25167	1299
14.25333	1299
14.25500	1298
14.25667	1299
14.25833	1298
14.26000	1299
14.26167	1299
14.26333	1299
14.26500	1299
14.26667	1299
14.26833	1299
14.27000	1298
14.27167	1299
14.27333	1298
14.27500	1299
14.27667	1298
14.27833	1298
14.28000	1298
14.28167	1297
14.28333	1297
14.28500	1297
14.28667	1297
14.28833	1296
14.29000	1296
14.29167	1295
14.29333	1296
14.29500	1295
14.29667	1295
14.29833	1294
14.30000	1294
14.30167	1294
14.30333	1293
14.30500	1293
14.30667	1293
14.30833	1292
14.31000	1292
14.31167	1292
14.31333	1292
14.31500	1291
14.31667	1291
14.31833	1291
14.32000	1290
14.32167	1291
14.32333	1290
14.32500	1290
14.32667	1290
14.32833	1290
14.33000	1289
14.33167	1290
14.33333	1289
14.33500	1290
14.33667	1289
14.33833	1289
14.34000	1288
14.34167	1289
14.34333	1288
14.34500	1288
14.34667	1288
14.34833	1287
14.35000	1288
14.35167	1287
14.35333	1287
14.35500	1287
14.35667	1287
14.35833	1287
14.36000	1287
14.36167	1286
14.36333	1287
14.36500	1286
14.36667	1287
14.36833	1286
14.37000	1287
14.37167	1286
14.37333	1286
14.37500	1287
14.37667	1286
14.37833	1286
14.38000	1287
14.38167	1286
14.38333	1286
14.38500	1286
14.38667	1286
14.38833	1285
14.39000	1286
14.39167	1286
14.39333	1285
14.39500	1286
14.39667	1285
14.39833	1285
14.40000	1285
14.40167	1284
14.40333	1285
14.40500	1284
14.40667	1285
14.40833	1284
14.41000	1284
14.41167	1283
14.41333	1284
14.41500	1283
14.41667	1284
14.41833	1283
14.42000	1283
14.42167	1282
14.42333	1283
14.42500	1282
14.42667	1282
14.42833	1282
14.43000	1281
14.43167	1282
14.43333	1280
14.43500	1281
14.43667	1281
14.43833	1280
14.44000	1280
14.44167	1279
14.44333	1280
14.44500	1279
14.44667	1279
14.44833	1279
14.45000	1279
14.45167	1278
14.45333	1279
14.45500	1278
14.45667	1278
14.45833	1278
14.46000	1277
14.46167	1278
14.46333	1277
14.46500	1277
14.46667	1277
14.46833	1277
14.47000	1276
14.47167	1277
14.47333	1277
14.47500	1276
14.47667	1276
14.47833	1277
14.48000	1276
14.48167	1276
14.48333	1276
14.48500	1276
14.48667	1276
14.48833	1276
14.49000	1276
14.49167	1275
14.49333	1276
14.49500	1275
14.49667	1276
14.49833	1275
14.50000	1276
14.50167	1275
14.50333	1276
14.50500	1275
14.50667	1275
14.50833	1275
14.51000	1275
14.51167	1275
14.51333	1274
14.51500	1275
14.51667	1274
14.51833	1274
14.52000	1274
14.52167	1274
14.52333	1273
14.52500	1273
14.52667	1273
14.52833	1273
14.53000	1273
14.53167	1273
14.53333	1272
14.53500	1272
14.53667	1272
14.53833	1272
14.54000	1272
14.54167	1271
14.54333	1272
14.54500	1271
14.54667	1271
14.54833	1272
14.55000	1271
14.55167	1271
14.55333	1271
14.55500	1271
14.55667	1271
14.55833	1271
14.56000	1271
14.56167	1270
14.56333	1271
14.56500	1271
14.56667	1270
14.56833	1271
14.57000	1270
14.57167	1270
14.57333	1270
14.57500	1270
14.57667	1269
14.57833	1269
14.58000	1269
14.58167	1269
14.58333	1268
14.58500	1268
14.58667	1268
14.58833	1267
14.59000	1267
14.59167	1267
14.59333	1267
14.59500	1266
14.59667	1266
14.59833	1266
14.60000	1266
14.60167	1265
14.60333	1265
14.60500	1265
14.60667	1265
14.60833	1264
14.61000	1264
14.61167	1264
14.61333	1264
14.61500	1263
14.61667	1264
14.61833	1263
14.62000	1263
14.62167	1263
14.62333	1263
14.62500	1263
14.62667	1262
14.62833	1263
14.63000	1262
14.63167	1261
14.63333	1262
14.63500	1261
14.63667	1261
14.63833	1261
14.64000	1261
14.64167	1261
14.64333	1260
14.64500	1260
14.64667	1260
14.64833	1260
14.65000	1260
14.65167	1259
14.65333	1259
14.65500	1260
14.65667	1259
14.65833	1259
14.66000	1259
14.66167	1258
14.66333	1259
14.66500	1259
14.66667	1258
14.66833	1259
14.67000	1258
14.67167	1259
14.67333	1258
14.67500	1258
14.67667	1258
14.67833	1258
14.68000	1258
14.68167	1258
14.68333	1258
14.68500	1258
14.68667	1257
14.68833	1258
14.69000	1257
14.69167	1257
14.69333	1258
14.69500	1257
14.69667	1257
14.69833	1257
14.70000	1257
14.70167	1257
14.70333	1256
14.70500	1257
14.70667	1256
14.70833	1256
14.71000	1256
14.71167	1256
14.71333	1256
14.71500	1255
14.71667	1255
14.71833	1255
14.72000	1254
14.72167	1255
14.72333	1254
14.72500	1253
14.72667	1254
14.72833	1253
14.73000	1253
14.73167	1253
14.73333	1253
14.73500	1252
14.73667	1252
14.73833	1251
14.74000	1252
14.74167	1251
14.74333	1251
14.74500	1251
14.74667	1250
14.74833	1250
14.75000	1250
14.75167	1250
14.75333	1249
14.75500	1250
14.75667	1249
14.75833	1249
14.76000	1249
14.76167	1248
14.76333	1249
14.76500	1248
14.76667	1248
14.76833	1248
14.77000	1248
14.77167	1248
14.77333	1248
14.77500	1247
14.77667	1248
14.77833	1247
14.78000	1248
14.78167	1247
14.78333	1247
14.78500	1247
14.78667	1247
14.78833	1247
14.79000	1247
14.79167	1247
14.79333	1246
14.79500	1247
14.79667	1247
14.79833	1246
14.80000	1246
14.80167	1246
14.80333	1246
14.80500	1246
14.80667	1246
14.80833	1246
14.81000	1245
14.81167	1245
14.81333	1244
14.81500	1245
14.81667	1244
14.81833	1244
14.82000	1243
14.82167	1244
14.82333	1243
14.82500	1242
14.82667	1243
14.82833	1242
14.83000	1242
14.83167	1242
14.83333	1242
14.83500	1241
14.83667	1241
14.83833	1241
14.84000	1241
14.84167	1240
14.84333	1241
14.84500	1240
14.84667	1239
14.84833	1240
14.85000	1240
14.85167	1239
14.85333	1239
14.85500	1240
14.85667	1239
14.85833	1239
14.86000	1239
14.86167	1239
14.86333	1239
14.86500	1239
14.86667	1238
14.86833	1239
14.87000	1238
14.87167	1238
14.87333	1238
14.87500	1238
14.87667	1237
14.87833	1238
14.88000	1237
14.88167	1237
14.88333	1237
14.88500	1237
14.88667	1236
14.88833	1237
14.89000	1236
14.89167	1237
14.89333	1236
14.89500	1236
14.89667	1236
14.89833	1236
14.90000	1236
14.90167	1236
14.90333	1236
14.90500	1236
14.90667	1236
14.90833	1236
14.91000	1236
14.91167	1236
14.91333	1236
14.91500	1237
14.91667	1236
14.91833	1237
14.92000	1236
14.92167	1237
14.92333	1236
14.92500	1237
14.92667	1237
14.92833	1236
14.93000	1237
14.93167	1237
14.93333	1237
14.93500	1237
14.93667	1236
14.93833	1237
14.94000	1237
14.94167	1236
14.94333	1237
14.94500	1236
14.94667	1236
14.94833	1237
14.95000	1235
14.95167	1236
14.95333	1236
14.95500	1235
14.95667	1236
14.95833	1235
14.96000	1236
14.96167	1235
14.96333	1235
14.96500	1235
14.96667	1234
14.96833	1235
14.97000	1234
14.97167	1234
14.97333	1234
14.97500	1234
14.97667	1234
14.97833	1233
14.98000	1234
14.98167	1234
14.98333	1234
14.98500	1233
14.98667	1234
14.98833	1233
14.99000	1234
14.99167	1233
14.99333	1233
14.99500	1234
14.99667	1233
14.99833	1234
15.00000	1233
15.00167	1234
15.00333	1233
15.00500	1234
15.00667	1233
15.00833	1234
15.01000	1233
15.01167	1234
15.01333	1233
15.01500	1234
15.01667	1233
15.01833	1234
15.02000	1233
15.02167	1233
15.02333	1234
15.02500	1233
15.02667	1234
15.02833	1234
15.03000	1233
15.03167	1233
15.03333	1233
15.03500	1234
15.03667	1233
15.03833	1233
15.04000	1233
15.04167	1234
15.04333	1233
15.04500	1232
15.04667	1233
15.04833	1233
15.05000	1233
15.05167	1232
15.05333	1233
15.05500	1232
15.05667	1232
15.05833	1232
15.06000	1232
15.06167	1232
15.06333	1232
15.06500	1232
15.06667	1232
15.06833	1232
15.07000	1232
15.07167	1231
15.07333	1232
15.07500	1231
15.07667	1232
15.07833	1231
15.08000	1231
15.08167	1231
15.08333	1231
15.08500	1231
15.08667	1231
15.08833	1231
15.09000	1231
15.09167	1231
15.09333	1230
15.09500	1230
15.09667	1231
15.09833	1230
15.10000	1229
15.10167	1230
15.10333	1229
15.10500	1230
15.10667	1229
15.10833	1229
15.11000	1229
15.11167	1228
15.11333	1228
15.11500	1229
15.11667	1228
15.11833	1227
15.12000	1228
15.12167	1227
15.12333	1226
15.12500	1227
15.12667	1227
15.12833	1226
15.13000	1226
15.13167	1225
15.13333	1226
15.13500	1226
15.13667	1225
15.13833	1225
15.14000	1225
15.14167	1225
15.14333	1225
15.14500	1225
15.14667	1224
15.14833	1224
15.15000	1224
15.15167	1224
15.15333	1224
15.15500	1224
15.15667	1223
15.15833	1224
15.16000	1224
15.16167	1224
15.16333	1224
15.16500	1223
15.16667	1224
15.16833	1224
15.17000	1223
15.17167	1224
15.17333	1223
15.17500	1223
15.17667	1224
15.17833	1223
15.18000	1223
15.18167	1223
15.18333	1223
15.18500	1223
15.18667	1222
15.18833	1223
15.19000	1222
15.19167	1222
15.19333	1222
15.19500	1222
15.19667	1221
15.19833	1222
15.20000	1221
15.20167	1221
15.20333	1221
15.20500	1221
15.20667	1221
15.20833	1220
15.21000	1220
15.21167	1220
15.21333	1220
15.21500	1220
15.21667	1219
15.21833	1220
15.22000	1219
15.22167	1218
15.22333	1219
15.22500	1218
15.22667	1218
15.22833	1218
15.23000	1218
15.23167	1217
15.23333	1218
15.23500	1217
15.23667	1217
15.23833	1217
15.24000	1216
15.24167	1217
15.24333	1216
15.24500	1216
15.24667	1216
15.24833	1216
15.25000	1216
15.25167	1215
15.25333	1216
15.25500	1215
15.25667	1215
15.25833	1215
15.26000	1215
15.26167	1215
15.26333	1215
15.26500	1215
15.26667	1215
15.26833	1215
15.27000	1215
15.27167	1215
15.27333	1215
15.27500	1216
15.27667	1215
15.27833	1215
15.28000	1215
15.28167	1216
15.28333	1216
15.28500	1216
15.28667	1217
15.28833	1216
15.29000	1216
15.29167	1217
15.29333	1217
15.29500	1216
15.29667	1217
15.29833	1217
15.30000	1217
15.30167	1217
15.30333	1217
15.30500	1217
15.30667	1218
15.30833	1217
15.31000	1217
15.31167	1217
15.31333	1217
15.31500	1217
15.31667	1217
15.31833	1216
15.32000	1217
15.32167	1216
15.32333	1216
15.32500	1217
15.32667	1216
15.32833	1215
15.33000	1216
15.33167	1215
15.33333	1216
15.33500	1215
15.33667	1215
15.33833	1214
15.34000	1215
15.34167	1214
15.34333	1214
15.34500	1214
15.34667	1214
15.34833	1213
15.35000	1214
15.35167	1213
15.35333	1213
15.35500	1213
15.35667	1213
15.35833	1213
15.36000	1212
15.36167	1213
15.36333	1212
15.36500	1212
15.36667	1212
15.36833	1211
15.37000	1212
15.37167	1212
15.37333	1211
15.37500	1211
15.37667	1211
15.37833	1212
15.38000	1211
15.38167	1211
15.38333	1211
15.38500	1211
15.38667	1211
15.38833	1211
15.39000	1211
15.39167	1211
15.39333	1211
15.39500	1211
15.39667	1210
15.39833	1211
15.40000	1211
15.40167	1211
15.40333	1211
15.40500	1211
15.40667	1211
15.40833	1211
15.41000	1211
15.41167	1211
15.41333	1210
15.41500	1211
15.41667	1211
15.41833	1210
15.42000	1210
15.42167	1210
15.42333	1210
15.42500	1209
15.42667	1210
15.42833	1209
15.43000	1209
15.43167	1209
15.43333	1208
15.43500	1209
15.43667	1208
15.43833	1208
15.44000	1209
15.44167	1208
15.44333	1208
15.44500	1208
15.44667	1207
15.44833	1208
15.45000	1207
15.45167	1208
15.45333	1208
15.45500	1207
15.45667	1208
15.45833	1208
15.46000	1208
15.46167	1208
15.46333	1208
15.46500	1208
15.46667	1208
15.46833	1207
15.47000	1208
15.47167	1208
15.47333	1208
15.47500	1208
15.47667	1208
15.47833	1207
15.48000	1208
15.48167	1207
15.48333	1208
15.48500	1207
15.48667	1208
15.48833	1207
15.49000	1206
15.49167	1207
15.49333	1207
15.49500	1206
15.49667	1207
15.49833	1206
15.50000	1206
15.50167	1205
15.50333	1206
15.50500	1206
15.50667	1205
15.50833	1205
15.51000	1205
15.51167	1205
15.51333	1205
15.51500	1205
15.51667	1204
15.51833	1205
15.52000	1204
15.52167	1205
15.52333	1204
15.52500	1204
15.52667	1205
15.52833	1204
15.53000	1204
15.53167	1204
15.53333	1205
15.53500	1204
15.53667	1204
15.53833	1205
15.54000	1204
15.54167	1203
15.54333	1204
15.54500	1203
15.54667	1204
15.54833	1203
15.55000	1204
15.55167	1203
15.55333	1203
15.55500	1204
15.55667	1203
15.55833	1203
15.56000	1203
15.56167	1203
15.56333	1203
15.56500	1203
15.56667	1203
15.56833	1202
15.57000	1203
15.57167	1203
15.57333	1202
15.57500	1203
15.57667	1202
15.57833	1202
15.58000	1203
15.58167	1202
15.58333	1202
15.58500	1201
15.58667	1202
15.58833	1202
15.59000	1201
15.59167	1202
15.59333	1202
15.59500	1201
15.59667	1202
15.59833	1201
15.60000	1201
15.60167	1201
15.60333	1201
15.60500	1201
15.60667	1200
15.60833	1200
15.61000	1200
15.61167	1200
15.61333	1200
15.61500	1199
15.61667	1200
15.61833	1199
15.62000	1199
15.62167	1198
15.62333	1199
15.62500	1198
15.62667	1199
15.62833	1198
15.63000	1198
15.63167	1198
15.63333	1197
15.63500	1198
15.63667	1198
15.63833	1197
15.64000	1198
15.64167	1197
15.64333	1197
15.64500	1197
15.64667	1197
15.64833	1197
15.65000	1197
15.65167	1197
15.65333	1197
15.65500	1197
15.65667	1196
15.65833	1197
15.66000	1197
15.66167	1197
15.66333	1197
15.66500	1197
15.66667	1197
15.66833	1198
15.67000	1197
15.67167	1198
15.67333	1197
15.67500	1198
15.67667	1198
15.67833	1198
15.68000	1198
15.68167	1198
15.68333	1197
15.68500	1198
15.68667	1199
15.68833	1198
15.69000	1198
15.69167	1199
15.69333	1199
15.69500	1199
15.69667	1199
15.69833	1200
15.70000	1199
15.70167	1200
15.70333	1199
15.70500	1200
15.70667	1200
15.70833	1201
15.71000	1200
15.71167	1200
15.71333	1201
15.71500	1200
15.71667	1200
15.71833	1201
15.72000	1200
15.72167	1201
15.72333	1200
15.72500	1200
15.72667	1201
15.72833	1200
15.73000	1200
15.73167	1200
15.73333	1200
15.73500	1200
15.73667	1200
15.73833	1200
15.74000	1200
15.74167	1199
15.74333	1199
15.74500	1199
15.74667	1199
15.74833	1199
15.75000	1199
15.75167	1198
15.75333	1198
15.75500	1198
15.75667	1198
15.75833	1198
15.76000	1197
15.76167	1198
15.76333	1197
15.76500	1196
15.76667	1197
15.76833	1197
15.77000	1196
15.77167	1196
15.77333	1196
15.77500	1196
15.77667	1195
15.77833	1196
15.78000	1195
15.78167	1195
15.78333	1195
15.78500	1194
15.78667	1195
15.78833	1194
15.79000	1193
15.79167	1194
15.79333	1193
15.79500	1194
15.79667	1193
15.79833	1194
15.80000	1193
15.80167	1194
15.80333	1193
15.80500	1193
15.80667	1194
15.80833	1193
15.81000	1193
15.81167	1194
15.81333	1193
15.81500	1194
15.81667	1193
15.81833	1194
15.82000	1194
15.82167	1193
15.82333	1194
15.82500	1193
15.82667	1194
15.82833	1193
15.83000	1193
15.83167	1194
15.83333	1192
15.83500	1193
15.83667	1193
15.83833	1193
15.84000	1192
15.84167	1193
15.84333	1192
15.84500	1192
15.84667	1192
15.84833	1192
15.85000	1192
15.85167	1191
15.85333	1192
15.85500	1191
15.85667	1191
15.85833	1192
15.86000	1191
15.86167	1191
15.86333	1191
15.86500	1191
15.86667	1190
15.86833	1191
15.87000	1190
15.87167	1191
15.87333	1190
15.87500	1190
15.87667	1190
15.87833	1190
15.88000	1190
15.88167	1189
15.88333	1190
15.88500	1189
15.88667	1189
15.88833	1189
15.89000	1189
15.89167	1188
15.89333	1188
15.89500	1189
15.89667	1188
15.89833	1188
15.90000	1188
15.90167	1188
15.90333	1188
15.90500	1188
15.90667	1188
15.90833	1187
15.91000	1188
15.91167	1188
15.91333	1188
15.91500	1188
15.91667	1188
15.91833	1188
15.92000	1188
15.92167	1189
15.92333	1189
15.92500	1189
15.92667	1189
15.92833	1189
15.93000	1189
15.93167	1190
15.93333	1189
15.93500	1190
15.93667	1189
15.93833	1190
15.94000	1190
15.94167	1190
15.94333	1190
15.94500	1191
15.94667	1190
15.94833	1191
15.95000	1191
15.95167	1191
15.95333	1191
15.95500	1191
15.95667	1191
15.95833	1191
15.96000	1191
15.96167	1191
15.96333	1191
15.96500	1192
15.96667	1191
15.96833	1191
15.97000	1191
15.97167	1191
15.97333	1191
15.97500	1191
15.97667	1191
15.97833	1190
15.98000	1191
15.98167	1190
15.98333	1190
15.98500	1190
15.98667	1189
15.98833	1190
15.99000	1189
15.99167	1189
15.99333	1189
15.99500	1189
15.99667	1189
15.99833	1188
16.00000	1189
16.00167	1188
16.00333	1189
16.00500	1188
16.00667	1188
16.00833	1189
16.01000	1188
16.01167	1189
16.01333	1188
16.01500	1188
16.01667	1189
16.01833	1188
16.02000	1189
16.02167	1188
16.02333	1188
16.02500	1189
16.02667	1188
16.02833	1189
16.03000	1188
16.03167	1189
16.03333	1189
16.03500	1189
16.03667	1189
16.03833	1189
16.04000	1189
16.04167	1189
16.04333	1189
16.04500	1189
16.04667	1188
16.04833	1189
16.05000	1189
16.05167	1189
16.05333	1189
16.05500	1190
16.05667	1189
16.05833	1189
16.06000	1190
16.06167	1189
16.06333	1190
16.06500	1189
16.06667	1189
16.06833	1189
16.07000	1189
16.07167	1190
16.07333	1189
16.07500	1189
16.07667	1189
16.07833	1189
16.08000	1190
16.08167	1189
16.08333	1189
16.08500	1189
16.08667	1189
16.08833	1188
16.09000	1189
16.09167	1189
16.09333	1189
16.09500	1189
16.09667	1188
16.09833	1189
16.10000	1188
16.10167	1188
16.10333	1189
16.10500	1188
16.10667	1188
16.10833	1189
16.11000	1188
16.11167	1187
16.11333	1188
16.11500	1188
16.11667	1187
16.11833	1187
16.12000	1187
16.12167	1187
16.12333	1186
16.12500	1187
16.12667	1185
16.12833	1186
16.13000	1185
16.13167	1185
16.13333	1185
16.13500	1185
16.13667	1184
16.13833	1185
16.14000	1184
16.14167	1184
16.14333	1184
16.14500	1184
16.14667	1184
16.14833	1183
16.15000	1184
16.15167	1183
16.15333	1184
16.15500	1183
16.15667	1183
16.15833	1184
16.16000	1183
16.16167	1184
16.16333	1183
16.16500	1184
16.16667	1184
16.16833	1184
16.17000	1184
16.17167	1184
16.17333	1184
16.17500	1184
16.17667	1185
16.17833	1184
16.18000	1185
16.18167	1184
16.18333	1185
16.18500	1184
16.18667	1184
16.18833	1184
16.19000	1184
16.19167	1184
16.19333	1184
16.19500	1184
16.19667	1184
16.19833	1183
16.20000	1184
16.20167	1183
16.20333	1183
16.20500	1183
16.20667	1183
16.20833	1182
16.21000	1183
16.21167	1182
16.21333	1182
16.21500	1182
16.21667	1181
16.21833	1182
16.22000	1181
16.22167	1181
16.22333	1181
16.22500	1181
16.22667	1180
16.22833	1181
16.23000	1180
16.23167	1181
16.23333	1180
16.23500	1181
16.23667	1180
16.23833	1181
16.24000	1180
16.24167	1181
16.24333	1180
16.24500	1181
16.24667	1180
16.24833	1181
16.25000	1180
16.25167	1180
16.25333	1181
16.25500	1180
16.25667	1180
16.25833	1180
16.26000	1180
16.26167	1180
16.26333	1180
16.26500	1179
16.26667	1179
16.26833	1179
16.27000	1178
16.27167	1179
16.27333	1178
16.27500	1178
16.27667	1177
16.27833	1177
16.28000	1176
16.28167	1177
16.28333	1176
16.28500	1176
16.28667	1176
16.28833	1176
16.29000	1176
16.29167	1175
16.29333	1176
16.29500	1176
16.29667	1176
16.29833	1176
16.30000	1176
16.30167	1177
16.30333	1176
16.30500	1177
16.30667	1177
16.30833	1177
16.31000	1177
16.31167	1177
16.31333	1178
16.31500	1177
16.31667	1178
16.31833	1178
16.32000	1178
16.32167	1178
16.32333	1178
16.32500	1179
16.32667	1178
16.32833	1178
16.33000	1179
16.33167	1178
16.33333	1178
16.33500	1178
16.33667	1179
16.33833	1179
16.34000	1178
16.34167	1179
16.34333	1178
16.34500	1179
16.34667	1178
16.34833	1179
16.35000	1178
16.35167	1178
16.35333	1178
16.35500	1178
16.35667	1178
16.35833	1178
16.36000	1178
16.36167	1179
16.36333	1178
16.36500	1178
16.36667	1178
16.36833	1178
16.37000	1178
16.37167	1178
16.37333	1178
16.37500	1178
16.37667	1179
16.37833	1178
16.38000	1178
16.38167	1178
16.38333	1178
16.38500	1178
16.38667	1178
16.38833	1178
16.39000	1178
16.39167	1177
16.39333	1178
16.39500	1177
16.39667	1178
16.39833	1177
16.40000	1177
16.40167	1178
16.40333	1177
16.40500	1177
16.40667	1177
16.40833	1177
16.41000	1177
16.41167	1177
16.41333	1176
16.41500	1176
16.41667	1176
16.41833	1175
16.42000	1176
16.42167	1175
16.42333	1174
16.42500	1175
16.42667	1174
16.42833	1174
16.43000	1174
16.43167	1174
16.43333	1174
16.43500	1173
16.43667	1173
16.43833	1172
16.44000	1173
16.44167	1172
16.44333	1172
16.44500	1172
16.44667	1172
16.44833	1172
16.45000	1172
16.45167	1171
16.45333	1172
16.45500	1171
16.45667	1172
16.45833	1172
16.46000	1171
16.46167	1172
16.46333	1172
16.46500	1172
16.46667	1171
16.46833	1172
16.47000	1173
16.47167	1172
16.47333	1172
16.47500	1173
16.47667	1172
16.47833	1173
16.48000	1173
16.48167	1172
16.48333	1173
16.48500	1174
16.48667	1173
16.48833	1173
16.49000	1173
16.49167	1173
16.49333	1173
16.49500	1173
16.49667	1173
16.49833	1173
16.50000	1172
16.50167	1173
16.50333	1172
16.50500	1173
16.50667	1172
16.50833	1173
16.51000	1172
16.51167	1172
16.51333	1172
16.51500	1171
16.51667	1172
16.51833	1172
16.52000	1171
16.52167	1172
16.52333	1171
16.52500	1172
16.52667	1171
16.52833	1171
16.53000	1172
16.53167	1171
16.53333	1171
16.53500	1172
16.53667	1171
16.53833	1171
16.54000	1172
16.54167	1171
16.54333	1171
16.54500	1171
16.54667	1172
16.54833	1171
16.55000	1172
16.55167	1171
16.55333	1171
16.55500	1171
16.55667	1171
16.55833	1171
16.56000	1171
16.56167	1171
16.56333	1171
16.56500	1170
16.56667	1171
16.56833	1170
16.57000	1170
16.57167	1170
16.57333	1170
16.57500	1169
16.57667	1170
16.57833	1169
16.58000	1169
16.58167	1169
16.58333	1169
16.58500	1168
16.58667	1168
16.58833	1168
16.59000	1168
16.59167	1167
16.59333	1167
16.59500	1167
16.59667	1167
16.59833	1166
16.60000	1167
16.60167	1166
16.60333	1166
16.60500	1167
16.60667	1166
16.60833	1166
16.61000	1166
16.61167	1166
16.61333	1166
16.61500	1167
16.61667	1166
16.61833	1166
16.62000	1166
16.62167	1166
16.62333	1166
16.62500	1167
16.62667	1166
16.62833	1166
16.63000	1167
16.63167	1166
16.63333	1167
16.63500	1166
16.63667	1167
16.63833	1166
16.64000	1166
16.64167	1167
16.64333	1166
16.64500	1166
16.64667	1166
16.64833	1166
16.65000	1166
16.65167	1166
16.65333	1166
16.65500	1166
16.65667	1165
16.65833	1166
16.66000	1165
16.66167	1166
16.66333	1165
16.66500	1165
16.66667	1164
16.66833	1165
16.67000	1164
16.67167	1165
16.67333	1164
16.67500	1164
16.67667	1164
16.67833	1164
16.68000	1164
16.68167	1163
16.68333	1164
16.68500	1163
16.68667	1163
16.68833	1162
16.69000	1163
16.69167	1162
16.69333	1162
16.69500	1162
16.69667	1161
16.69833	1161
16.70000	1161
16.70167	1161
16.70333	1161
16.70500	1160
16.70667	1160
16.70833	1160
16.71000	1160
16.71167	1159
16.71333	1159
16.71500	1160
16.71667	1159
16.71833	1159
16.72000	1159
16.72167	1158
16.72333	1159
16.72500	1159
16.72667	1159
16.72833	1159
16.73000	1158
16.73167	1159
16.73333	1158
16.73500	1159
16.73667	1159
16.73833	1158
16.74000	1159
16.74167	1158
16.74333	1158
16.74500	1159
16.74667	1158
16.74833	1158
16.75000	1158
16.75167	1158
16.75333	1158
16.75500	1158
16.75667	1158
16.75833	1158
16.76000	1157
16.76167	1158
16.76333	1157
16.76500	1158
16.76667	1157
16.76833	1158
16.77000	1157
16.77167	1157
16.77333	1157
16.77500	1157
16.77667	1157
16.77833	1157
16.78000	1157
16.78167	1157
16.78333	1157
16.78500	1156
16.78667	1157
16.78833	1157
16.79000	1156
16.79167	1157
16.79333	1156
16.79500	1157
16.79667	1156
16.79833	1156
16.80000	1157
16.80167	1156
16.80333	1156
16.80500	1156
16.80667	1156
16.80833	1156
16.81000	1156
16.81167	1156
16.81333	1156
16.81500	1155
16.81667	1156
16.81833	1155
16.82000	1156
16.82167	1155
16.82333	1155
16.82500	1155
16.82667	1154
16.82833	1155
16.83000	1154
16.83167	1154
16.83333	1155
16.83500	1154
16.83667	1154
16.83833	1154
16.84000	1155
16.84167	1154
16.84333	1154
16.84500	1154
16.84667	1154
16.84833	1154
16.85000	1154
16.85167	1155
16.85333	1154
16.85500	1154
16.85667	1155
16.85833	1154
16.86000	1154
16.86167	1155
16.86333	1154
16.86500	1155
16.86667	1154
16.86833	1155
16.87000	1154
16.87167	1154
16.87333	1154
16.87500	1155
16.87667	1154
16.87833	1153
16.88000	1154
16.88167	1154
16.88333	1153
16.88500	1154
16.88667	1153
16.88833	1153
16.89000	1154
16.89167	1153
16.89333	1154
16.89500	1153
16.89667	1154
16.89833	1153
16.90000	1154
16.90167	1153
16.90333	1154
16.90500	1154
16.90667	1154
16.90833	1154
16.91000	1154
16.91167	1155
16.91333	1154
16.91500	1155
16.91667	1156
16.91833	1155
16.92000	1155
16.92167	1156
16.92333	1156
16.92500	1156
16.92667	1157
16.92833	1156
16.93000	1157
16.93167	1156
16.93333	1157
16.93500	1157
16.93667	1157
16.93833	1157
16.94000	1156
16.94167	1157
16.94333	1157
16.94500	1157
16.94667	1157
16.94833	1156
16.95000	1157
16.95167	1156
16.95333	1157
16.95500	1156
16.95667	1156
16.95833	1155
16.96000	1155
16.96167	1156
16.96333	1155
16.96500	1155
16.96667	1155
16.96833	1155
16.97000	1155
16.97167	1155
16.97333	1154
16.97500	1154
16.97667	1154
16.97833	1154
16.98000	1154
16.98167	1154
16.98333	1153
16.98500	1154
16.98667	1153
16.98833	1153
16.99000	1153
16.99167	1153
16.99333	1153
16.99500	1152
16.99667	1152
16.99833	1152
17.00000	1153
17.00167	1152
17.00333	1152
17.00500	1152
17.00667	1152
17.00833	1152
17.01000	1152
17.01167	1152
17.01333	1152
17.01500	1153
17.01667	1152
17.01833	1151
17.02000	1152
17.02167	1153
17.02333	1151
17.02500	1152
17.02667	1152
17.02833	1152
17.03000	1151
17.03167	1152
17.03333	1151
17.03500	1151
17.03667	1151
17.03833	1151
17.04000	1150
17.04167	1151
17.04333	1150
17.04500	1150
17.04667	1150
17.04833	1149
17.05000	1149
17.05167	1149
17.05333	1149
17.05500	1148
17.05667	1148
17.05833	1147
17.06000	1148
17.06167	1147
17.06333	1146
17.06500	1146
17.06667	1146
17.06833	1146
17.07000	1145
17.07167	1146
17.07333	1145
17.07500	1145
17.07667	1145
17.07833	1144
17.08000	1145
17.08167	1144
17.08333	1144
17.08500	1144
17.08667	1144
17.08833	1143
17.09000	1144
17.09167	1144
17.09333	1143
17.09500	1144
17.09667	1143
17.09833	1144
17.10000	1143
17.10167	1143
17.10333	1143
17.10500	1143
17.10667	1143
17.10833	1143
17.11000	1143
17.11167	1143
17.11333	1142
17.11500	1143
17.11667	1142
17.11833	1143
17.12000	1142
17.12167	1141
17.12333	1142
17.12500	1142
17.12667	1141
17.12833	1141
17.13000	1141
17.13167	1141
17.13333	1141
17.13500	1141
17.13667	1140
17.13833	1140
17.14000	1140
17.14167	1140
17.14333	1140
17.14500	1140
17.14667	1139
17.14833	1139
17.15000	1139
17.15167	1139
17.15333	1139
17.15500	1139
17.15667	1139
17.15833	1139
17.16000	1138
17.16167	1138
17.16333	1139
17.16500	1138
17.16667	1139
17.16833	1138
17.17000	1138
17.17167	1139
17.17333	1138
17.17500	1138
17.17667	1139
17.17833	1138
17.18000	1139
17.18167	1138
17.18333	1139
17.18500	1138
17.18667	1139
17.18833	1139
17.19000	1139
17.19167	1139
17.19333	1139
17.19500	1139
17.19667	1140
17.19833	1139
17.20000	1139
17.20167	1139
17.20333	1139
17.20500	1140
17.20667	1139
17.20833	1139
17.21000	1139
17.21167	1139
17.21333	1139
17.21500	1139
17.21667	1139
17.21833	1139
17.22000	1138
17.22167	1138
17.22333	1138
17.22500	1138
17.22667	1138
17.22833	1138
17.23000	1138
17.23167	1137
17.23333	1138
17.23500	1137
17.23667	1137
17.23833	1137
17.24000	1138
17.24167	1137
17.24333	1136
17.24500	1137
17.24667	1137
17.24833	1137
17.25000	1136
17.25167	1137
17.25333	1136
17.25500	1136
17.25667	1136
17.25833	1137
17.26000	1136
17.26167	1136
17.26333	1136
17.26500	1136
17.26667	1135
17.26833	1136
17.27000	1136
17.27167	1136
17.27333	1135
17.27500	1135
17.27667	1135
17.27833	1135
17.28000	1136
17.28167	1135
17.28333	1134
17.28500	1135
17.28667	1135
17.28833	1135
17.29000	1134
17.29167	1135
17.29333	1135
17.29500	1134
17.29667	1135
17.29833	1134
17.30000	1134
17.30167	1134
17.30333	1135
17.30500	1134
17.30667	1135
17.30833	1134
17.31000	1135
17.31167	1134
17.31333	1135
17.31500	1134
17.31667	1135
17.31833	1134
17.32000	1135
17.32167	1134
17.32333	1135
17.32500	1134
17.32667	1134
17.32833	1135
17.33000	1134
17.33167	1134
17.33333	1135
17.33500	1134
17.33667	1135
17.33833	1134
17.34000	1134
17.34167	1134
17.34333	1135
17.34500	1134
17.34667	1135
17.34833	1134
17.35000	1134
17.35167	1135
17.35333	1134
17.35500	1134
17.35667	1134
17.35833	1134
17.36000	1134
17.36167	1135
17.36333	1134
17.36500	1134
17.36667	1134
17.36833	1135
17.37000	1134
17.37167	1134
17.37333	1134
17.37500	1134
17.37667	1134
17.37833	1134
17.38000	1134
17.38167	1134
17.38333	1134
17.38500	1134
17.38667	1134
17.38833	1134
17.39000	1133
17.39167	1134
17.39333	1134
17.39500	1134
17.39667	1134
17.39833	1134
17.40000	1134
17.40167	1133
17.40333	1134
17.40500	1134
17.40667	1134
17.40833	1133
17.41000	1134
17.41167	1133
17.41333	1133
17.41500	1134
17.41667	1133
17.41833	1134
17.42000	1133
17.42167	1133
17.42333	1133
17.42500	1133
17.42667	1133
17.42833	1133
17.43000	1133
17.43167	1133
17.43333	1132
17.43500	1133
17.43667	1133
17.43833	1132
17.44000	1133
17.44167	1133
17.44333	1133
17.44500	1133
17.44667	1133
17.44833	1133
17.45000	1133
17.45167	1133
17.45333	1133
17.45500	1133
17.45667	1134
17.45833	1134
17.46000	1134
17.46167	1134
17.46333	1134
17.46500	1135
17.46667	1134
17.46833	1135
17.47000	1135
17.47167	1135
17.47333	1136
17.47500	1135
17.47667	1136
17.47833	1136
17.48000	1136
17.48167	1136
17.48333	1136
17.48500	1136
17.48667	1136
17.48833	1135
17.49000	1135
17.49167	1136
17.49333	1135
17.49500	1135
17.49667	1134
17.49833	1135
17.50000	1133
17.50167	1134
17.50333	1133
17.50500	1133
17.50667	1133
17.50833	1132
17.51000	1132
17.51167	1132
17.51333	1132
17.51500	1132
17.51667	1131
17.51833	1131
17.52000	1131
17.52167	1131
17.52333	1131
17.52500	1130
17.52667	1131
17.52833	1130
17.53000	1130
17.53167	1131
17.53333	1130
17.53500	1130
17.53667	1130
17.53833	1130
17.54000	1130
17.54167	1130
17.54333	1130
17.54500	1130
17.54667	1129
17.54833	1130
17.55000	1129
17.55167	1130
17.55333	1129
17.55500	1130
17.55667	1129
17.55833	1130
17.56000	1129
17.56167	1129
17.56333	1129
17.56500	1129
17.56667	1129
17.56833	1129
17.57000	1129
17.57167	1129
17.57333	1128
17.57500	1129
17.57667	1128
17.57833	1129
17.58000	1129
17.58167	1128
17.58333	1129
17.58500	1128
17.58667	1129
17.58833	1128
17.59000	1128
17.59167	1129
17.59333	1128
17.59500	1128
17.59667	1128
17.59833	1128
17.60000	1128
17.60167	1128
17.60333	1128
17.60500	1128
17.60667	1128
17.60833	1128
17.61000	1128
17.61167	1127
17.61333	1128
17.61500	1127
17.61667	1127
17.61833	1128
17.62000	1127
17.62167	1127
17.62333	1126
17.62500	1127
17.62667	1127
17.62833	1126
17.63000	1126
17.63167	1126
17.63333	1126
17.63500	1126
17.63667	1126
17.63833	1125
17.64000	1126
17.64167	1125
17.64333	1124
17.64500	1125
17.64667	1125
17.64833	1124
17.65000	1125
17.65167	1124
17.65333	1124
17.65500	1124
17.65667	1123
17.65833	1124
17.66000	1123
17.66167	1123
17.66333	1122
17.66500	1123
17.66667	1122
17.66833	1123
17.67000	1122
17.67167	1121
17.67333	1122
17.67500	1121
17.67667	1121
17.67833	1121
17.68000	1121
17.68167	1121
17.68333	1121
17.68500	1120
17.68667	1121
17.68833	1120
17.69000	1120
17.69167	1120
17.69333	1120
17.69500	1120
17.69667	1119
17.69833	1120
17.70000	1120
17.70167	1119
17.70333	1120
17.70500	1119
17.70667	1119
17.70833	1120
17.71000	1119
17.71167	1120
17.71333	1119
17.71500	1119
17.71667	1120
17.71833	1119
17.72000	1119
17.72167	1119
17.72333	1119
17.72500	1119
17.72667	1119
17.72833	1119
17.73000	1118
17.73167	1119
17.73333	1119
17.73500	1119
17.73667	1120
17.73833	1119
17.74000	1119
17.74167	1119
17.74333	1119
17.74500	1120
17.74667	1119
17.74833	1120
17.75000	1119
17.75167	1120
17.75333	1120
17.75500	1121
17.75667	1120
17.75833	1120
17.76000	1120
17.76167	1120
17.76333	1120
17.76500	1121
17.76667	1121
17.76833	1120
17.77000	1121
17.77167	1121
17.77333	1121
17.77500	1122
17.77667	1121
17.77833	1122
17.78000	1121
17.78167	1122
17.78333	1122
17.78500	1121
17.78667	1122
17.78833	1122
17.79000	1122
17.79167	1122
17.79333	1122
17.79500	1122
17.79667	1122
17.79833	1122
17.80000	1121
17.80167	1122
17.80333	1121
17.80500	1121
17.80667	1121
17.80833	1121
17.81000	1120
17.81167	1121
17.81333	1120
17.81500	1120
17.81667	1120
17.81833	1119
17.82000	1119
17.82167	1119
17.82333	1119
17.82500	1118
17.82667	1118
17.82833	1118
17.83000	1118
17.83167	1117
17.83333	1118
17.83500	1117
17.83667	1117
17.83833	1117
17.84000	1116
17.84167	1117
17.84333	1116
17.84500	1116
17.84667	1116
17.84833	1117
17.85000	1116
17.85167	1116
17.85333	1115
17.85500	1116
17.85667	1115
17.85833	1116
17.86000	1115
17.86167	1115
17.86333	1115
17.86500	1115
17.86667	1115
17.86833	1114
17.87000	1115
17.87167	1114
17.87333	1114
17.87500	1114
17.87667	1114
17.87833	1114
17.88000	1113
17.88167	1114
17.88333	1113
17.88500	1113
17.88667	1112
17.88833	1113
17.89000	1112
17.89167	1112
17.89333	1112
17.89500	1112
17.89667	1111
17.89833	1112
17.90000	1111
17.90167	1111
17.90333	1111
17.90500	1111
17.90667	1111
17.90833	1111
17.91000	1111
17.91167	1111
17.91333	1111
17.91500	1111
17.91667	1111
17.91833	1112
17.92000	1111
17.92167	1111
17.92333	1112
17.92500	1112
17.92667	1112
17.92833	1111
17.93000	1112
17.93167	1112
17.93333	1112
17.93500	1112
17.93667	1112
17.93833	1112
17.94000	1112
17.94167	1112
17.94333	1111
17.94500	1112
17.94667	1112
17.94833	1112
17.95000	1112
17.95167	1111
17.95333	1112
17.95500	1111
17.95667	1111
17.95833	1111
17.96000	1112
17.96167	1111
17.96333	1111
17.96500	1111
17.96667	1112
17.96833	1111
17.97000	1111
17.97167	1111
17.97333	1111
17.97500	1111
17.97667	1111
17.97833	1111
17.98000	1111
17.98167	1112
17.98333	1111
17.98500	1112
17.98667	1112
17.98833	1112
17.99000	1113
17.99167	1112
17.99333	1113
17.99500	1113
17.99667	1113
17.99833	1113
18.00000	1114
18.00167	1114
18.00333	1114
18.00500	1114
18.00667	1114
18.00833	1115
18.01000	1114
18.01167	1115
18.01333	1114
18.01500	1115
18.01667	1115
18.01833	1114
18.02000	1115
18.02167	1115
18.02333	1115
18.02500	1115
18.02667	1115
18.02833	1114
18.03000	1115
18.03167	1114
18.03333	1115
18.03500	1114
18.03667	1114
18.03833	1114
18.04000	1114
18.04167	1113
18.04333	1113
18.04500	1114
18.04667	1113
18.04833	1113
18.05000	1113
18.05167	1113
18.05333	1113
18.05500	1113
18.05667	1112
18.05833	1113
18.06000	1113
18.06167	1112
18.06333	1113
18.06500	1113
18.06667	1112
18.06833	1113
18.07000	1113
18.07167	1112
18.07333	1112
18.07500	1112
18.07667	1112
18.07833	1112
18.08000	1112
18.08167	1111
18.08333	1111
18.08500	1110
18.08667	1110
18.08833	1110
18.09000	1109
18.09167	1110
18.09333	1108
18.09500	1109
18.09667	1108
18.09833	1108
18.10000	1107
18.10167	1107
18.10333	1107
18.10500	1107
18.10667	1106
18.10833	1106
18.11000	1106
18.11167	1105
18.11333	1105
18.11500	1105
18.11667	1105
18.11833	1105
18.12000	1105
18.12167	1104
18.12333	1105
18.12500	1104
18.12667	1104
18.12833	1105
18.13000	1104
18.13167	1104
18.13333	1104
18.13500	1104
18.13667	1105
18.13833	1104
18.14000	1104
18.14167	1105
18.14333	1105
18.14500	1105
18.14667	1106
18.14833	1105
18.15000	1106
18.15167	1106
18.15333	1106
18.15500	1107
18.15667	1107
18.15833	1107
18.16000	1108
18.16167	1107
18.16333	1108
18.16500	1108
18.16667	1109
18.16833	1108
18.17000	1109
18.17167	1109
18.17333	1110
18.17500	1109
18.17667	1109
18.17833	1110
18.18000	1109
18.18167	1110
18.18333	1109
18.18500	1109
18.18667	1110
18.18833	1109
18.19000	1109
18.19167	1109
18.19333	1108
18.19500	1109
18.19667	1108
18.19833	1108
18.20000	1108
18.20167	1107
18.20333	1107
18.20500	1108
18.20667	1106
18.20833	1107
18.21000	1107
18.21167	1106
18.21333	1106
18.21500	1106
18.21667	1106
18.21833	1105
18.22000	1106
18.22167	1106
18.22333	1105
18.22500	1105
18.22667	1105
18.22833	1106
18.23000	1105
18.23167	1105
18.23333	1105
18.23500	1105
18.23667	1105
18.23833	1105
18.24000	1105
18.24167	1105
18.24333	1105
18.24500	1105
18.24667	1104
18.24833	1105
18.25000	1105
18.25167	1105
18.25333	1105
18.25500	1105
18.25667	1105
18.25833	1105
18.26000	1105
18.26167	1105
18.26333	1105
18.26500	1105
18.26667	1105
18.26833	1106
18.27000	1105
18.27167	1105
18.27333	1105
18.27500	1105
18.27667	1105
18.27833	1105
18.28000	1105
18.28167	1104
18.28333	1105
18.28500	1104
18.28667	1104
18.28833	1105
18.29000	1104
18.29167	1104
18.29333	1104
18.29500	1104
18.29667	1103
18.29833	1104
18.30000	1103
18.30167	1103
18.30333	1103
18.30500	1103
18.30667	1103
18.30833	1102
18.31000	1102
18.31167	1102
18.31333	1102
18.31500	1101
18.31667	1102
18.31833	1102
18.32000	1101
18.32167	1101
18.32333	1101
18.32500	1101
18.32667	1100
18.32833	1101
18.33000	1100
18.33167	1101
18.33333	1100
18.33500	1100
18.33667	1100
18.33833	1100
18.34000	1100
18.34167	1100
18.34333	1099
18.34500	1100
18.34667	1099
18.34833	1099
18.35000	1099
18.35167	1099
18.35333	1100
18.35500	1099
18.35667	1100
18.35833	1099
18.36000	1100
18.36167	1100
18.36333	1099
18.36500	1100
18.36667	1100
18.36833	1100
18.37000	1099
18.37167	1100
18.37333	1100
18.37500	1100
18.37667	1101
18.37833	1100
18.38000	1101
18.38167	1100
18.38333	1101
18.38500	1102
18.38667	1101
18.38833	1101
18.39000	1102
18.39167	1102
18.39333	1101
18.39500	1102
18.39667	1102
18.39833	1102
18.40000	1102
18.40167	1102
18.40333	1102
18.40500	1102
18.40667	1102
18.40833	1101
18.41000	1102
18.41167	1102
18.41333	1102
18.41500	1102
18.41667	1101
18.41833	1102
18.42000	1101
18.42167	1101
18.42333	1101
18.42500	1100
18.42667	1101
18.42833	1101
18.43000	1100
18.43167	1101
18.43333	1100
18.43500	1100
18.43667	1100
18.43833	1100
18.44000	1100
18.44167	1101
18.44333	1100
18.44500	1100
18.44667	1100
18.44833	1100
18.45000	1100
18.45167	1100
18.45333	1100
18.45500	1100
18.45667	1100
18.45833	1101
18.46000	1100
18.46167	1101
18.46333	1100
18.46500	1101
18.46667	1101
18.46833	1100
18.47000	1101
18.47167	1101
18.47333	1101
18.47500	1101
18.47667	1101
18.47833	1101
18.48000	1101
18.48167	1101
18.48333	1101
18.48500	1101
18.48667	1101
18.48833	1101
18.49000	1101
18.49167	1101
18.49333	1101
18.49500	1101
18.49667	1101
18.49833	1100
18.50000	1101
18.50167	1100
18.50333	1100
18.50500	1100
18.50667	1100
18.50833	1099
18.51000	1099
18.51167	1099
18.51333	1099
18.51500	1099
18.51667	1098
18.51833	1098
18.52000	1097
18.52167	1098
18.52333	1097
18.52500	1098
18.52667	1097
18.52833	1097
18.53000	1097
18.53167	1096
18.53333	1096
18.53500	1097
18.53667	1096
18.53833	1096
18.54000	1096
18.54167	1096
18.54333	1096
18.54500	1096
18.54667	1096
18.54833	1096
18.55000	1096
18.55167	1096
18.55333	1096
18.55500	1096
18.55667	1096
18.55833	1096
18.56000	1096
18.56167	1096
18.56333	1096
18.56500	1096
18.56667	1096
18.56833	1096
18.57000	1096
18.57167	1096
18.57333	1096
18.57500	1096
18.57667	1096
18.57833	1096
18.58000	1095
18.58167	1096
18.58333	1095
18.58500	1096
18.58667	1095
18.58833	1096
18.59000	1095
18.59167	1095
18.59333	1095
18.59500	1095
18.59667	1095
18.59833	1095
18.60000	1094
18.60167	1094
18.60333	1094
18.60500	1093
18.60667	1094
18.60833	1093
18.61000	1093
18.61167	1094
18.61333	1093
18.61500	1093
18.61667	1093
18.61833	1093
18.62000	1093
18.62167	1093
18.62333	1093
18.62500	1093
18.62667	1093
18.62833	1093
18.63000	1093
18.63167	1093
18.63333	1093
18.63500	1093
18.63667	1093
18.63833	1093
18.64000	1093
18.64167	1093
18.64333	1092
18.64500	1093
18.64667	1093
18.64833	1093
18.65000	1093
18.65167	1093
18.65333	1092
18.65500	1093
18.65667	1092
18.65833	1092
18.66000	1093
18.66167	1092
18.66333	1091
18.66500	1092
18.66667	1092
18.66833	1091
18.67000	1092
18.67167	1091
18.67333	1091
18.67500	1091
18.67667	1091
18.67833	1091
18.68000	1091
18.68167	1091
18.68333	1091
18.68500	1091
18.68667	1091
18.68833	1091
18.69000	1091
18.69167	1091
18.69333	1091
18.69500	1092
18.69667	1091
18.69833	1091
18.70000	1092
18.70167	1091
18.70333	1091
18.70500	1092
18.70667	1091
18.70833	1091
18.71000	1092
18.71167	1091
18.71333	1091
18.71500	1091
18.71667	1091
18.71833	1091
18.72000	1091
18.72167	1091
18.72333	1090
18.72500	1091
18.72667	1090
18.72833	1091
18.73000	1090
18.73167	1089
18.73333	1090
18.73500	1089
18.73667	1089
18.73833	1089
18.74000	1089
18.74167	1088
18.74333	1089
18.74500	1088
18.74667	1088
18.74833	1088
18.75000	1087
18.75167	1087
18.75333	1087
18.75500	1087
18.75667	1087
18.75833	1086
18.76000	1087
18.76167	1086
18.76333	1085
18.76500	1086
18.76667	1085
18.76833	1086
18.77000	1085
18.77167	1085
18.77333	1085
18.77500	1085
18.77667	1086
18.77833	1085
18.78000	1085
18.78167	1085
18.78333	1085
18.78500	1085
18.78667	1085
18.78833	1086
18.79000	1085
18.79167	1086
18.79333	1085
18.79500	1086
18.79667	1086
18.79833	1086
18.80000	1086
18.80167	1086
18.80333	1086
18.80500	1086
18.80667	1087
18.80833	1086
18.81000	1087
18.81167	1086
18.81333	1087
18.81500	1087
18.81667	1088
18.81833	1087
18.82000	1088
18.82167	1088
18.82333	1088
18.82500	1088
18.82667	1088
18.82833	1088
18.83000	1089
18.83167	1088
18.83333	1089
18.83500	1089
18.83667	1089
18.83833	1089
18.84000	1088
18.84167	1089
18.84333	1089
18.84500	1089
18.84667	1089
18.84833	1089
18.85000	1090
18.85167	1089
18.85333	1089
18.85500	1089
18.85667	1089
18.85833	1088
18.86000	1088
18.86167	1089
18.86333	1088
18.86500	1088
18.86667	1087
18.86833	1088
18.87000	1087
18.87167	1088
18.87333	1087
18.87500	1087
18.87667	1086
18.87833	1087
18.88000	1086
18.88167	1087
18.88333	1086
18.88500	1087
18.88667	1086
18.88833	1086
18.89000	1086
18.89167	1086
18.89333	1086
18.89500	1086
18.89667	1086
18.89833	1085
18.90000	1086
18.90167	1086
18.90333	1086
18.90500	1085
18.90667	1086
18.90833	1085
18.91000	1085
18.91167	1086
18.91333	1085
18.91500	1085
18.91667	1085
18.91833	1085
18.92000	1085
18.92167	1085
18.92333	1084
18.92500	1084
18.92667	1084
18.92833	1084
18.93000	1083
18.93167	1083
18.93333	1083
18.93500	1082
18.93667	1082
18.93833	1081
18.94000	1082
18.94167	1081
18.94333	1080
18.94500	1080
18.94667	1079
18.94833	1080
18.95000	1079
18.95167	1078
18.95333	1078
18.95500	1078
18.95667	1078
18.95833	1077
18.96000	1077
18.96167	1076
18.96333	1076
18.96500	1076
18.96667	1076
18.96833	1075
18.97000	1075
18.97167	1074
18.97333	1075
18.97500	1074
18.97667	1074
18.97833	1074
18.98000	1074
18.98167	1073
18.98333	1074
18.98500	1073
18.98667	1073
18.98833	1074
18.99000	1073
18.99167	1074
18.99333	1073
18.99500	1074
18.99667	1073
18.99833	1073
19.00000	1074
19.00167	1073
19.00333	1074
19.00500	1073
19.00667	1073
19.00833	1073
19.01000	1073
19.01167	1073
19.01333	1073
19.01500	1073
19.01667	1073
19.01833	1072
19.02000	1072
19.02167	1072
19.02333	1072
19.02500	1072
19.02667	1071
19.02833	1071
19.03000	1072
19.03167	1070
19.03333	1071
19.03500	1070
19.03667	1070
19.03833	1070
19.04000	1070
19.04167	1069
19.04333	1069
19.04500	1069
19.04667	1068
19.04833	1068
19.05000	1068
19.05167	1068
19.05333	1068
19.05500	1067
19.05667	1067
19.05833	1067
19.06000	1066
19.06167	1067
19.06333	1066
19.06500	1066
19.06667	1065
19.06833	1066
19.07000	1065
19.07167	1065
19.07333	1065
19.07500	1064
19.07667	1065
19.07833	1064
19.08000	1063
19.08167	1064
19.08333	1063
19.08500	1064
19.08667	1062
19.08833	1063
19.09000	1063
19.09167	1063
19.09333	1062
19.09500	1062
19.09667	1061
19.09833	1061
19.10000	1061
19.10167	1061
19.10333	1060
19.10500	1061
19.10667	1060
19.10833	1059
19.11000	1060
19.11167	1059
19.11333	1058
19.11500	1059
19.11667	1058
19.11833	1058
19.12000	1057
19.12167	1057
19.12333	1057
19.12500	1057
19.12667	1056
19.12833	1056
19.13000	1055
19.13167	1055
19.13333	1055
19.13500	1055
19.13667	1054
19.13833	1054
19.14000	1053
19.14167	1054
19.14333	1053
19.14500	1052
19.14667	1053
19.14833	1053
19.15000	1052
19.15167	1052
19.15333	1051
19.15500	1052
19.15667	1051
19.15833	1050
19.16000	1050
19.16167	1050
19.16333	1049
19.16500	1049
19.16667	1049
19.16833	1048
19.17000	1048
19.17167	1047
19.17333	1047
19.17500	1047
19.17667	1047
19.17833	1045
19.18000	1046
19.18167	1045
19.18333	1044
19.18500	1044
19.18667	1044
19.18833	1043
19.19000	1043
19.19167	1042
19.19333	1041
19.19500	1042
19.19667	1041
19.19833	1041
19.20000	1040
19.20167	1040
19.20333	1040
19.20500	1040
19.20667	1039
19.20833	1039
19.21000	1039
19.21167	1039
19.21333	1039
19.21500	1038
19.21667	1037
19.21833	1038
19.22000	1037
19.22167	1037
19.22333	1036
19.22500	1036
19.22667	1036
19.22833	1036
19.23000	1035
19.23167	1035
19.23333	1035
19.23500	1034
19.23667	1034
19.23833	1033
19.24000	1032
19.24167	1033
19.24333	1032
19.24500	1032
19.24667	1031
19.24833	1031
19.25000	1031
19.25167	1030
19.25333	1030
19.25500	1029
19.25667	1029
19.25833	1029
19.26000	1028
19.26167	1028
19.26333	1027
19.26500	1027
19.26667	1026
19.26833	1025
19.27000	1026
19.27167	1024
19.27333	1024
19.27500	1023
19.27667	1024
19.27833	1022
19.28000	1023
19.28167	1022
19.28333	1021
19.28500	1021
19.28667	1021
19.28833	1020
19.29000	1020
19.29167	1019
19.29333	1019
19.29500	1018
19.29667	1018
19.29833	1018
19.30000	1018
19.30167	1017
19.30333	1016
19.30500	1016
19.30667	1015
19.30833	1016
19.31000	1014
19.31167	1015
19.31333	1014
19.31500	1013
19.31667	1013
19.31833	1012
19.32000	1012
19.32167	1011
19.32333	1011
19.32500	1010
19.32667	1010
19.32833	1008
19.33000	1009
19.33167	1007
19.33333	1007
19.33500	1006
19.33667	1006
19.33833	1005
19.34000	1005
19.34167	1004
19.34333	1002
19.34500	1003
19.34667	1001
19.34833	1001
19.35000	1000
19.35167	1000
19.35333	999
19.35500	998
19.35667	997
19.35833	997
19.36000	996
19.36167	996
19.36333	995
19.36500	994
19.36667	994
19.36833	993
19.37000	993
19.37167	991
19.37333	992
19.37500	990
19.37667	991
19.37833	989
19.38000	990
19.38167	988
19.38333	988
19.38500	987
19.38667	987
19.38833	986
19.39000	986
19.39167	985
19.39333	984
19.39500	984
19.39667	984
19.39833	982
19.40000	983
19.40167	981
19.40333	982
19.40500	980
19.40667	981
19.40833	979
19.41000	979
19.41167	979
19.41333	978
19.41500	978
19.41667	976
19.41833	977
19.42000	975
19.42167	975
19.42333	975
19.42500	974
19.42667	974
19.42833	973
19.43000	972
19.43167	971
19.43333	971
19.43500	970
19.43667	969
19.43833	968
19.44000	968
19.44167	967
19.44333	966
19.44500	965
19.44667	965
19.44833	964
19.45000	963
19.45167	962
19.45333	962
19.45500	961
19.45667	960
19.45833	959
19.46000	958
19.46167	958
19.46333	957
19.46500	956
19.46667	955
19.46833	955
19.47000	953
19.47167	953
19.47333	952
19.47500	951
19.47667	951
19.47833	949
19.48000	949
19.48167	948
19.48333	947
19.48500	947
19.48667	946
19.48833	945
19.49000	945
19.49167	944
19.49333	943
19.49500	942
19.49667	941
19.49833	941
19.50000	940
19.50167	940
19.50333	938
19.50500	938
19.50667	937
19.50833	936
19.51000	936
19.51167	934
19.51333	934
19.51500	933
19.51667	932
19.51833	931
19.52000	931
19.52167	929
19.52333	929
19.52500	927
19.52667	927
19.52833	926
19.53000	925
19.53167	924
19.53333	924
19.53500	922
19.53667	921
19.53833	920
19.54000	920
19.54167	919
19.54333	917
19.54500	917
19.54667	916
19.54833	915
19.55000	914
19.55167	913
19.55333	912
19.55500	912
19.55667	910
19.55833	910
19.56000	908
19.56167	908
19.56333	906
19.56500	906
19.56667	905
19.56833	904
19.57000	903
19.57167	902
19.57333	901
19.57500	900
19.57667	899
19.57833	899
19.58000	897
19.58167	897
19.58333	896
19.58500	895
19.58667	894
19.58833	893
19.59000	893
19.59167	891
19.59333	891
19.59500	890
19.59667	889
19.59833	888
19.60000	887
19.60167	887
19.60333	886
19.60500	885
19.60667	884
19.60833	883
19.61000	882
19.61167	882
19.61333	881
19.61500	880
19.61667	880
19.61833	878
19.62000	879
19.62167	877
19.62333	877
19.62500	876
19.62667	875
19.62833	875
19.63000	874
19.63167	873
19.63333	872
19.63500	872
19.63667	871
19.63833	870
19.64000	870
19.64167	869
19.64333	868
19.64500	868
19.64667	867
19.64833	865
19.65000	866
19.65167	864
19.65333	863
19.65500	863
19.65667	861
19.65833	861
19.66000	860
19.66167	860
19.66333	858
19.66500	857
19.66667	857
19.66833	856
19.67000	855
19.67167	854
19.67333	853
19.67500	852
19.67667	852
19.67833	850
19.68000	850
19.68167	849
19.68333	848
19.68500	847
19.68667	846
19.68833	845
19.69000	845
19.69167	843
19.69333	844
19.69500	842
19.69667	841
19.69833	841
19.70000	840
19.70167	839
19.70333	839
19.70500	838
19.70667	836
19.70833	837
19.71000	835
19.71167	834
19.71333	834
19.71500	833
19.71667	832
19.71833	831
19.72000	830
19.72167	830
19.72333	829
19.72500	828
19.72667	827
19.72833	826
19.73000	826
19.73167	825
19.73333	824
19.73500	824
19.73667	822
19.73833	822
19.74000	821
19.74167	820
19.74333	820
19.74500	818
19.74667	818
19.74833	818
19.75000	817
19.75167	817
19.75333	815
19.75500	816
19.75667	815
19.75833	814
19.76000	814
19.76167	814
19.76333	813
19.76500	812
19.76667	812
19.76833	812
19.77000	811
19.77167	810
19.77333	810
19.77500	809
19.77667	809
19.77833	808
19.78000	808
19.78167	807
19.78333	807
19.78500	806
19.78667	805
19.78833	805
19.79000	804
19.79167	803
19.79333	803
19.79500	802
19.79667	802
19.79833	800
19.80000	801
19.80167	799
19.80333	799
19.80500	798
19.80667	797
19.80833	797
19.81000	796
19.81167	795
19.81333	795
19.81500	794
19.81667	793
19.81833	792
19.82000	791
19.82167	790
19.82333	789
19.82500	789
19.82667	787
19.82833	787
19.83000	786
19.83167	785
19.83333	784
19.83500	783
19.83667	782
19.83833	781
19.84000	781
19.84167	780
19.84333	778
19.84500	778
19.84667	777
19.84833	776
19.85000	774
19.85167	774
19.85333	774
19.85500	772
19.85667	771
19.85833	770
19.86000	770
19.86167	769
19.86333	768
19.86500	767
19.86667	766
19.86833	766
19.87000	765
19.87167	764
19.87333	762
19.87500	762
19.87667	761
19.87833	761
19.88000	759
19.88167	759
19.88333	758
19.88500	757
19.88667	756
19.88833	756
19.89000	754
19.89167	754
19.89333	752
19.89500	752
19.89667	752
19.89833	750
19.90000	749
19.90167	749
19.90333	749
19.90500	747
19.90667	747
19.90833	746
19.91000	746
19.91167	745
19.91333	744
19.91500	743
19.91667	743
19.91833	742
19.92000	741
19.92167	741
19.92333	740
19.92500	740
19.92667	739
19.92833	738
19.93000	738
19.93167	738
19.93333	736
19.93500	737
19.93667	735
19.93833	735
19.94000	735
19.94167	734
19.94333	733
19.94500	732
19.94667	732
19.94833	732
19.95000	730
19.95167	731
19.95333	729
19.95500	729
19.95667	727
19.95833	728
19.96000	727
19.96167	726
19.96333	725
19.96500	724
19.96667	724
19.96833	723
19.97000	723
19.97167	721
19.97333	721
19.97500	720
19.97667	719
19.97833	719
19.98000	717
19.98167	717
19.98333	716
19.98500	715
19.98667	715
19.98833	713
19.99000	713
19.99167	713
19.99333	711
19.99500	711
19.99667	710
19.99833	709
20.00000	709
20.00167	707
20.00333	707
20.00500	706
20.00667	706
20.00833	705
20.01000	704
20.01167	704
20.01333	703
20.01500	702
20.01667	701
20.01833	701
20.02000	700
20.02167	699
20.02333	698
20.02500	697
20.02667	697
20.02833	696
20.03000	695
20.03167	695
20.03333	693
20.03500	693
20.03667	692
20.03833	691
20.04000	691
20.04167	690
20.04333	689
20.04500	688
20.04667	687
20.04833	687
20.05000	686
20.05167	685
20.05333	685
20.05500	684
20.05667	683
20.05833	683
20.06000	682
20.06167	682
20.06333	681
20.06500	680
20.06667	679
20.06833	679
20.07000	678
20.07167	678
20.07333	677
20.07500	677
20.07667	675
20.07833	676
20.08000	674
20.08167	674
20.08333	673
20.08500	673
20.08667	672
20.08833	672
20.09000	671
20.09167	670
20.09333	669
20.09500	669
20.09667	668
20.09833	668
20.10000	667
20.10167	666
20.10333	665
20.10500	665
20.10667	664
20.10833	664
20.11000	662
20.11167	662
20.11333	662
20.11500	660
20.11667	660
20.11833	659
20.12000	658
20.12167	658
20.12333	656
20.12500	656
20.12667	656
20.12833	654
20.13000	654
20.13167	654
20.13333	652
20.13500	652
20.13667	651
20.13833	651
20.14000	650
20.14167	649
20.14333	648
20.14500	648
20.14667	648
20.14833	646
20.15000	646
20.15167	645
20.15333	645
20.15500	645
20.15667	643
20.15833	643
20.16000	642
20.16167	642
20.16333	642
20.16500	640
20.16667	640
20.16833	639
20.17000	639
20.17167	638
20.17333	637
20.17500	637
20.17667	637
20.17833	636
20.18000	635
20.18167	634
20.18333	634
20.18500	633
20.18667	632
20.18833	632
20.19000	631
20.19167	631
20.19333	630
20.19500	629
20.19667	628
20.19833	628
20.20000	627
20.20167	626
20.20333	626
20.20500	624
20.20667	624
20.20833	624
20.21000	623
20.21167	622
20.21333	622
20.21500	620
20.21667	620
20.21833	620
20.22000	618
20.22167	618
20.22333	617
20.22500	616
20.22667	616
20.22833	615
20.23000	613
20.23167	613
20.23333	613
20.23500	611
20.23667	611
20.23833	610
20.24000	609
20.24167	608
20.24333	608
20.24500	607
20.24667	606
20.24833	605
20.25000	605
20.25167	603
20.25333	604
20.25500	602
20.25667	602
20.25833	601
20.26000	600
20.26167	600
20.26333	599
20.26500	598
20.26667	598
20.26833	598
20.27000	596
20.27167	596
20.27333	596
20.27500	595
20.27667	594
20.27833	594
20.28000	593
20.28167	592
20.28333	592
20.28500	592
20.28667	591
20.28833	590
20.29000	589
20.29167	590
20.29333	588
20.29500	588
20.29667	588
20.29833	586
20.30000	587
20.30167	585
20.30333	586
20.30500	584
20.30667	584
20.30833	583
20.31000	583
20.31167	582
20.31333	582
20.31500	582
20.31667	581
20.31833	581
20.32000	580
20.32167	580
20.32333	579
20.32500	579
20.32667	579
20.32833	578
20.33000	577
20.33167	578
20.33333	577
20.33500	576
20.33667	576
20.33833	575
20.34000	575
20.34167	575
20.34333	574
20.34500	573
20.34667	573
20.34833	573
20.35000	571
20.35167	571
20.35333	571
20.35500	569
20.35667	570
20.35833	569
20.36000	568
20.36167	568
20.36333	567
20.36500	566
20.36667	566
20.36833	566
20.37000	564
20.37167	565
20.37333	564
20.37500	563
20.37667	563
20.37833	562
20.38000	562
20.38167	561
20.38333	561
20.38500	560
20.38667	560
20.38833	559
20.39000	559
20.39167	558
20.39333	558
20.39500	557
20.39667	557
20.39833	557
20.40000	556
20.40167	556
20.40333	556
20.40500	555
20.40667	554
20.40833	555
20.41000	554
20.41167	553
20.41333	554
20.41500	553
20.41667	553
20.41833	552
20.42000	552
20.42167	552
20.42333	552
20.42500	552
20.42667	551
20.42833	551
20.43000	551
20.43167	550
20.43333	550
20.43500	550
20.43667	549
20.43833	549
20.44000	549
20.44167	548
20.44333	548
20.44500	548
20.44667	547
20.44833	547
20.45000	546
20.45167	546
20.45333	545
20.45500	545
20.45667	545
20.45833	544
20.46000	544
20.46167	543
20.46333	543
20.46500	542
20.46667	542
20.46833	541
20.47000	541
20.47167	540
20.47333	539
20.47500	539
20.47667	538
20.47833	538
20.48000	538
20.48167	537
20.48333	536
20.48500	536
20.48667	535
20.48833	535
20.49000	534
20.49167	534
20.49333	532
20.49500	533
20.49667	532
20.49833	531
20.50000	531
20.50167	530
20.50333	530
20.50500	529
20.50667	529
20.50833	528
20.51000	528
20.51167	527
20.51333	527
20.51500	527
20.51667	526
20.51833	526
20.52000	525
20.52167	525
20.52333	524
20.52500	524
20.52667	523
20.52833	523
20.53000	522
20.53167	523
20.53333	521
20.53500	522
20.53667	521
20.53833	520
20.54000	521
20.54167	519
20.54333	520
20.54500	519
20.54667	519
20.54833	518
20.55000	518
20.55167	518
20.55333	517
20.55500	516
20.55667	516
20.55833	516
20.56000	515
20.56167	514
20.56333	514
20.56500	513
20.56667	513
20.56833	512
20.57000	511
20.57167	510
20.57333	510
20.57500	510
20.57667	509
20.57833	508
20.58000	507
20.58167	506
20.58333	506
20.58500	506
20.58667	504
20.58833	504
20.59000	503
20.59167	503
20.59333	501
20.59500	502
20.59667	500
20.59833	500
20.60000	499
20.60167	499
20.60333	498
20.60500	497
20.60667	497
20.60833	496
20.61000	496
20.61167	495
20.61333	494
20.61500	493
20.61667	493
20.61833	492
20.62000	491
20.62167	491
20.62333	490
20.62500	489
20.62667	489
20.62833	487
20.63000	488
20.63167	486
20.63333	486
20.63500	485
20.63667	485
20.63833	483
20.64000	483
20.64167	482
20.64333	482
20.64500	480
20.64667	480
20.64833	480
20.65000	478
20.65167	478
20.65333	477
20.65500	477
20.65667	476
20.65833	475
20.66000	475
20.66167	473
20.66333	473
20.66500	473
20.66667	472
20.66833	471
20.67000	470
20.67167	470
20.67333	469
20.67500	468
20.67667	468
20.67833	467
20.68000	466
20.68167	466
20.68333	465
20.68500	464
20.68667	464
20.68833	463
20.69000	463
20.69167	462
20.69333	461
20.69500	461
20.69667	460
20.69833	459
20.70000	459
20.70167	458
20.70333	458
20.70500	458
20.70667	457
20.70833	456
20.71000	456
20.71167	456
20.71333	455
20.71500	455
20.71667	455
20.71833	454
20.72000	454
20.72167	454
20.72333	453
20.72500	453
20.72667	453
20.72833	452
20.73000	452
20.73167	452
20.73333	451
20.73500	451
20.73667	451
20.73833	450
20.74000	451
20.74167	449
20.74333	450
20.74500	449
20.74667	449
20.74833	448
20.75000	448
20.75167	447
20.75333	448
20.75500	446
20.75667	447
20.75833	446
20.76000	445
20.76167	445
20.76333	445
20.76500	444
20.76667	444
20.76833	443
20.77000	444
20.77167	442
20.77333	442
20.77500	442
20.77667	442
20.77833	441
20.78000	441
20.78167	440
20.78333	439
20.78500	439
20.78667	439
20.78833	438
20.79000	438
20.79167	437
20.79333	437
20.79500	436
20.79667	436
20.79833	435
20.80000	435
20.80167	434
20.80333	434
20.80500	434
20.80667	433
20.80833	432
20.81000	432
20.81167	431
20.81333	431
20.81500	431
20.81667	429
20.81833	430
20.82000	429
20.82167	428
20.82333	428
20.82500	427
20.82667	427
20.82833	427
20.83000	426
20.83167	426
20.83333	425
20.83500	425
20.83667	424
20.83833	424
20.84000	422
20.84167	423
20.84333	422
20.84500	421
20.84667	420
20.84833	420
20.85000	420
20.85167	419
20.85333	419
20.85500	418
20.85667	417
20.85833	417
20.86000	416
20.86167	415
20.86333	415
20.86500	414
20.86667	413
20.86833	413
20.87000	412
20.87167	411
20.87333	411
20.87500	410
20.87667	410
20.87833	408
20.88000	409
20.88167	407
20.88333	407
20.88500	406
20.88667	406
20.88833	405
20.89000	405
20.89167	403
20.89333	404
20.89500	402
20.89667	403
20.89833	401
20.90000	401
20.90167	401
20.90333	400
20.90500	400
20.90667	399
20.90833	398
20.91000	398
20.91167	398
20.91333	397
20.91500	396
20.91667	396
20.91833	396
20.92000	395
20.92167	395
20.92333	394
20.92500	394
20.92667	393
20.92833	393
20.93000	392
20.93167	392
20.93333	392
20.93500	391
20.93667	390
20.93833	390
20.94000	389
20.94167	389
20.94333	388
20.94500	388
20.94667	387
20.94833	387
20.95000	386
20.95167	385
20.95333	385
20.95500	385
20.95667	384
20.95833	383
20.96000	383
20.96167	382
20.96333	382
20.96500	381
20.96667	381
20.96833	380
20.97000	380
20.97167	379
20.97333	380
20.97500	378
20.97667	379
20.97833	378
20.98000	377
20.98167	378
20.98333	377
20.98500	377
20.98667	376
20.98833	376
20.99000	376
20.99167	375
20.99333	375
20.99500	375
20.99667	374
20.99833	374
21.00000	374
21.00167	373
21.00333	373
21.00500	373
21.00667	372
21.00833	372
21.01000	372
21.01167	371
21.01333	370
21.01500	370
21.01667	370
21.01833	369
21.02000	369
21.02167	369
21.02333	367
21.02500	368
21.02667	366
21.02833	367
21.03000	366
21.03167	365
21.03333	366
21.03500	364
21.03667	365
21.03833	364
21.04000	364
21.04167	364
21.04333	363
21.04500	364
21.04667	363
21.04833	362
21.05000	363
21.05167	363
21.05333	362
21.05500	362
21.05667	363
21.05833	362
21.06000	363
21.06167	362
21.06333	363
21.06500	362
21.06667	363
21.06833	363
21.07000	363
21.07167	363
21.07333	362
21.07500	364
21.07667	363
21.07833	363
21.08000	363
21.08167	364
21.08333	363
21.08500	364
21.08667	363
21.08833	364
21.09000	363
21.09167	363
21.09333	364
21.09500	363
21.09667	363
21.09833	363
21.10000	362
21.10167	363
21.10333	363
21.10500	362
21.10667	363
21.10833	362
21.11000	362
21.11167	362
21.11333	362
21.11500	362
21.11667	361
21.11833	362
21.12000	362
21.12167	361
21.12333	361
21.12500	361
21.12667	361
21.12833	361
21.13000	360
21.13167	361
21.13333	360
21.13500	360
21.13667	360
21.13833	359
21.14000	359
21.14167	360
21.14333	359
21.14500	358
21.14667	359
21.14833	359
21.15000	358
21.15167	358
21.15333	359
21.15500	358
21.15667	359
21.15833	358
21.16000	358
21.16167	359
21.16333	358
21.16500	359
21.16667	359
21.16833	358
21.17000	359
21.17167	358
21.17333	359
21.17500	359
21.17667	358
21.17833	359
21.18000	359
21.18167	359
21.18333	359
21.18500	359
21.18667	359
21.18833	359
21.19000	359
21.19167	360
21.19333	359
21.19500	359
21.19667	360
21.19833	359
21.20000	360
21.20167	360
21.20333	360
21.20500	360
21.20667	360
21.20833	360
21.21000	360
21.21167	360
21.21333	360
21.21500	360
21.21667	360
21.21833	359
21.22000	360
21.22167	359
21.22333	359
21.22500	359
21.22667	359
21.22833	358
21.23000	358
21.23167	358
21.23333	358
21.23500	358
21.23667	357
21.23833	357
21.24000	357
21.24167	357
21.24333	355
21.24500	356
21.24667	354
21.24833	355
21.25000	353
21.25167	353
21.25333	352
21.25500	353
21.25667	351
21.25833	351
21.26000	350
21.26167	350
21.26333	349
21.26500	348
21.26667	348
21.26833	348
21.27000	347
21.27167	346
21.27333	346
21.27500	345
21.27667	345
21.27833	344
21.28000	344
21.28167	344
21.28333	342
21.28500	343
21.28667	341
21.28833	342
21.29000	341
21.29167	341
21.29333	341
21.29500	341
21.29667	341
21.29833	341
21.30000	340
21.30167	341
21.30333	340
21.30500	341
21.30667	341
21.30833	340
21.31000	341
21.31167	341
21.31333	341
21.31500	341
21.31667	341
21.31833	341
21.32000	341
21.32167	342
21.32333	342
21.32500	342
21.32667	342
21.32833	342
21.33000	343
21.33167	343
21.33333	343
21.33500	342
21.33667	343
21.33833	343
21.34000	344
21.34167	343
21.34333	344
21.34500	343
21.34667	344
21.34833	344
21.35000	345
21.35167	344
21.35333	345
21.35500	344
21.35667	345
21.35833	345
21.36000	345
21.36167	345
21.36333	346
21.36500	345
21.36667	346
21.36833	346
21.37000	346
21.37167	346
21.37333	347
21.37500	346
21.37667	347
21.37833	347
21.38000	347
21.38167	347
21.38333	347
21.38500	348
21.38667	347
21.38833	348
21.39000	347
21.39167	348
21.39333	347
21.39500	348
21.39667	347
21.39833	348
21.40000	348
21.40167	347
21.40333	348
21.40500	347
21.40667	347
21.40833	347
21.41000	346
21.41167	347
21.41333	347
21.41500	346
21.41667	346
21.41833	346
21.42000	346
21.42167	346
21.42333	346
21.42500	345
21.42667	345
21.42833	345
21.43000	344
21.43167	345
21.43333	344
21.43500	344
21.43667	344
21.43833	343
21.44000	343
21.44167	343
21.44333	343
21.44500	343
21.44667	342
21.44833	342
21.45000	342
21.45167	342
21.45333	341
21.45500	341
21.45667	340
21.45833	340
21.46000	340
21.46167	339
21.46333	339
21.46500	338
21.46667	338
21.46833	338
21.47000	337
21.47167	337
21.47333	336
21.47500	335
21.47667	334
21.47833	334
21.48000	333
21.48167	332
21.48333	331
21.48500	330
21.48667	330
21.48833	329
21.49000	328
21.49167	326
21.49333	327
21.49500	325
21.49667	324
21.49833	324
21.50000	323
21.50167	321
21.50333	321
21.50500	320
21.50667	319
21.50833	318
21.51000	318
21.51167	316
21.51333	316
21.51500	315
21.51667	315
21.51833	313
21.52000	313
21.52167	312
21.52333	312
21.52500	311
21.52667	310
21.52833	309
21.53000	308
21.53167	308
21.53333	307
21.53500	306
21.53667	306
21.53833	305
21.54000	304
21.54167	303
21.54333	303
21.54500	302
21.54667	302
21.54833	301
21.55000	300
21.55167	299
21.55333	299
21.55500	299
21.55667	297
21.55833	297
21.56000	296
21.56167	296
21.56333	296
21.56500	295
21.56667	294
21.56833	294
21.57000	294
21.57167	293
21.57333	293
21.57500	293
21.57667	292
21.57833	292
21.58000	291
21.58167	291
21.58333	291
21.58500	291
21.58667	291
21.58833	290
21.59000	290
21.59167	290
21.59333	289
21.59500	289
21.59667	289
21.59833	288
21.60000	288
21.60167	287
21.60333	287
21.60500	287
21.60667	286
21.60833	286
21.61000	286
21.61167	285
21.61333	284
21.61500	284
21.61667	284
21.61833	283
21.62000	283
21.62167	282
21.62333	281
21.62500	281
21.62667	281
21.62833	280
21.63000	279
21.63167	279
21.63333	279
21.63500	278
21.63667	278
21.63833	277
21.64000	276
21.64167	277
21.64333	276
21.64500	275
21.64667	275
21.64833	275
21.65000	274
21.65167	273
21.65333	274
21.65500	272
21.65667	273
21.65833	272
21.66000	272
21.66167	271
21.66333	271
21.66500	270
21.66667	270
21.66833	269
21.67000	270
21.67167	268
21.67333	269
21.67500	267
21.67667	268
21.67833	266
21.68000	266
21.68167	266
21.68333	265
21.68500	264
21.68667	264
21.68833	263
21.69000	263
21.69167	262
21.69333	261
21.69500	261
21.69667	260
21.69833	260
21.70000	260
21.70167	258
21.70333	259
21.70500	258
21.70667	257
21.70833	257
21.71000	257
21.71167	256
21.71333	257
21.71500	257
21.71667	256
21.71833	255
21.72000	256
21.72167	256
21.72333	255
21.72500	255
21.72667	255
21.72833	255
21.73000	255
21.73167	254
21.73333	255
21.73500	255
21.73667	254
21.73833	255
21.74000	255
21.74167	255
21.74333	255
21.74500	255
21.74667	255
21.74833	255
21.75000	255
21.75167	256
21.75333	255
21.75500	256
21.75667	256
21.75833	256
21.76000	256
21.76167	257
21.76333	256
21.76500	257
21.76667	257
21.76833	257
21.77000	257
21.77167	257
21.77333	257
21.77500	258
21.77667	257
21.77833	258
21.78000	258
21.78167	258
21.78333	258
21.78500	259
21.78667	258
21.78833	258
21.79000	259
21.79167	258
21.79333	259
21.79500	259
21.79667	259
21.79833	259
21.80000	259
21.80167	259
21.80333	259
21.80500	259
21.80667	259
21.80833	260
21.81000	260
21.81167	259
21.81333	260
21.81500	261
21.81667	260
21.81833	260
21.82000	261
21.82167	261
21.82333	261
21.82500	261
21.82667	261
21.82833	261
21.83000	261
21.83167	261
21.83333	262
21.83500	262
21.83667	262
21.83833	262
21.84000	262
21.84167	263
21.84333	263
21.84500	263
21.84667	263
21.84833	263
21.85000	264
21.85167	264
21.85333	264
21.85500	264
21.85667	264
21.85833	265
21.86000	265
21.86167	265
21.86333	265
21.86500	265
21.86667	266
21.86833	266
21.87000	267
21.87167	266
21.87333	267
21.87500	267
21.87667	267
21.87833	268
21.88000	268
21.88167	268
21.88333	268
21.88500	268
21.88667	269
21.88833	269
21.89000	270
21.89167	269
21.89333	270
21.89500	270
21.89667	270
21.89833	270
21.90000	270
21.90167	270
21.90333	271
21.90500	270
21.90667	270
21.90833	271
21.91000	270
21.91167	271
21.91333	271
21.91500	270
21.91667	271
21.91833	271
21.92000	271
21.92167	272
21.92333	271
21.92500	272
21.92667	272
21.92833	272
21.93000	272
21.93167	273
21.93333	272
21.93500	273
21.93667	273
21.93833	274
21.94000	273
21.94167	274
21.94333	274
21.94500	274
21.94667	274
21.94833	274
21.95000	275
21.95167	274
21.95333	275
21.95500	275
21.95667	274
21.95833	275
21.96000	275
21.96167	275
21.96333	275
21.96500	274
21.96667	275
21.96833	275
21.97000	275
21.97167	276
21.97333	275
21.97500	275
21.97667	275
21.97833	276
21.98000	275
21.98167	276
21.98333	276
21.98500	276
21.98667	276
21.98833	276
21.99000	276
21.99167	277
21.99333	277
21.99500	277
21.99667	277
21.99833	277
22.00000	278
22.00167	278
22.00333	278
22.00500	278
22.00667	279
22.00833	279
22.01000	279
22.01167	279
22.01333	280
22.01500	279
22.01667	280
22.01833	281
22.02000	280
22.02167	281
22.02333	280
22.02500	281
22.02667	281
22.02833	281
22.03000	282
22.03167	281
22.03333	282
22.03500	281
22.03667	282
22.03833	282
22.04000	282
22.04167	283
22.04333	282
22.04500	282
22.04667	283
22.04833	282
22.05000	283
22.05167	283
22.05333	283
22.05500	284
22.05667	283
22.05833	284
22.06000	284
22.06167	285
22.06333	284
22.06500	285
22.06667	285
22.06833	285
22.07000	285
22.07167	286
22.07333	286
22.07500	286
22.07667	286
22.07833	286
22.08000	287
22.08167	287
22.08333	287
22.08500	287
22.08667	287
22.08833	287
22.09000	287
22.09167	288
22.09333	287
22.09500	287
22.09667	287
22.09833	288
22.10000	287
22.10167	288
22.10333	287
22.10500	288
22.10667	288
22.10833	287
22.11000	288
22.11167	288
22.11333	287
22.11500	288
22.11667	287
22.11833	288
22.12000	287
22.12167	288
22.12333	288
22.12500	287
22.12667	287
22.12833	287
22.13000	287
22.13167	287
22.13333	287
22.13500	288
22.13667	287
22.13833	287
22.14000	287
22.14167	287
22.14333	287
22.14500	287
22.14667	287
22.14833	288
22.15000	287
22.15167	288
22.15333	287
22.15500	287
22.15667	287
22.15833	288
22.16000	287
22.16167	288
22.16333	287
22.16500	288
22.16667	287
22.16833	288
22.17000	287
22.17167	288
22.17333	288
22.17500	287
22.17667	288
22.17833	287
22.18000	288
22.18167	288
22.18333	288
22.18500	287
22.18667	288
22.18833	288
22.19000	288
22.19167	288
22.19333	289
22.19500	288
22.19667	289
22.19833	289
22.20000	289
22.20167	289
22.20333	289
22.20500	290
22.20667	290
22.20833	290
22.21000	291
22.21167	291
22.21333	292
22.21500	291
22.21667	292
22.21833	292
22.22000	292
22.22167	293
22.22333	293
22.22500	293
22.22667	294
22.22833	294
22.23000	293
22.23167	295
22.23333	294
22.23500	296
22.23667	295
22.23833	296
22.24000	296
22.24167	296
22.24333	297
22.24500	296
22.24667	298
22.24833	297
22.25000	298
22.25167	299
22.25333	299
22.25500	299
22.25667	300
22.25833	301
22.26000	301
22.26167	301
22.26333	302
22.26500	302
22.26667	303
22.26833	304
22.27000	304
22.27167	304
22.27333	305
22.27500	305
22.27667	306
22.27833	305
22.28000	306
22.28167	306
22.28333	307
22.28500	306
22.28667	307
22.28833	306
22.29000	307
22.29167	306
22.29333	307
22.29500	306
22.29667	307
22.29833	306
22.30000	306
22.30167	306
22.30333	305
22.30500	305
22.30667	305
22.30833	305
22.31000	305
22.31167	304
22.31333	304
22.31500	304
22.31667	304
22.31833	303
22.32000	304
22.32167	303
22.32333	303
22.32500	302
22.32667	303
22.32833	301
22.33000	302
22.33167	301
22.33333	300
22.33500	301
22.33667	300
22.33833	299
22.34000	299
22.34167	298
22.34333	297
22.34500	297
22.34667	297
22.34833	296
22.35000	295
22.35167	295
22.35333	294
22.35500	294
22.35667	292
22.35833	292
22.36000	292
22.36167	291
22.36333	291
22.36500	290
22.36667	290
22.36833	289
22.37000	288
22.37167	288
22.37333	287
22.37500	287
22.37667	286
22.37833	287
22.38000	285
22.38167	286
22.38333	284
22.38500	285
22.38667	284
22.38833	284
22.39000	283
22.39167	283
22.39333	282
22.39500	282
22.39667	282
22.39833	282
22.40000	281
22.40167	280
22.40333	281
22.40500	280
22.40667	279
22.40833	279
22.41000	279
22.41167	279
22.41333	278
22.41500	278
22.41667	277
22.41833	278
22.42000	277
22.42167	277
22.42333	276
22.42500	276
22.42667	276
22.42833	276
22.43000	275
22.43167	275
22.43333	275
22.43500	274
22.43667	274
22.43833	273
22.44000	273
22.44167	273
22.44333	273
22.44500	272
22.44667	272
22.44833	272
22.45000	271
22.45167	271
22.45333	271
22.45500	270
22.45667	271
22.45833	270
22.46000	269
22.46167	269
22.46333	270
22.46500	268
22.46667	269
22.46833	269
22.47000	268
22.47167	269
22.47333	268
22.47500	268
22.47667	268
22.47833	267
22.48000	268
22.48167	268
22.48333	268
22.48500	267
22.48667	268
22.48833	268
22.49000	267
22.49167	268
22.49333	267
22.49500	268
22.49667	268
22.49833	267
22.50000	268
22.50167	268
22.50333	268
22.50500	267
22.50667	268
22.50833	267
22.51000	267
22.51167	268
22.51333	267
22.51500	267
22.51667	267
22.51833	267
22.52000	266
22.52167	267
22.52333	265
22.52500	266
22.52667	265
22.52833	265
22.53000	264
22.53167	265
22.53333	264
22.53500	264
22.53667	263
22.53833	263
22.54000	263
22.54167	262
22.54333	262
22.54500	261
22.54667	261
22.54833	261
22.55000	261
22.55167	260
22.55333	260
22.55500	259
22.55667	259
22.55833	259
22.56000	259
22.56167	258
22.56333	258
22.56500	258
22.56667	258
22.56833	258
22.57000	258
22.57167	258
22.57333	257
22.57500	258
22.57667	258
22.57833	257
22.58000	258
22.58167	257
22.58333	258
22.58500	257
22.58667	257
22.58833	257
22.59000	258
22.59167	257
22.59333	257
22.59500	257
22.59667	258
22.59833	257
22.60000	257
22.60167	257
22.60333	257
22.60500	257
22.60667	257
22.60833	257
22.61000	256
22.61167	257
22.61333	256
22.61500	256
22.61667	256
22.61833	255
22.62000	256
22.62167	255
22.62333	255
22.62500	255
22.62667	254
22.62833	254
22.63000	254
22.63167	253
22.63333	253
22.63500	253
22.63667	252
22.63833	252
22.64000	252
22.64167	251
22.64333	250
22.64500	250
22.64667	250
22.64833	249
22.65000	249
22.65167	249
22.65333	248
22.65500	249
22.65667	248
22.65833	248
22.66000	247
22.66167	248
22.66333	246
22.66500	247
22.66667	247
22.66833	246
22.67000	246
22.67167	245
22.67333	246
22.67500	246
22.67667	245
22.67833	244
22.68000	245
22.68167	244
22.68333	244
22.68500	243
22.68667	244
22.68833	243
22.69000	242
22.69167	242
22.69333	242
22.69500	241
22.69667	241
22.69833	241
22.70000	240
22.70167	240
22.70333	239
22.70500	239
22.70667	239
22.70833	237
22.71000	237
22.71167	236
22.71333	236
22.71500	235
22.71667	234
22.71833	234
22.72000	233
22.72167	233
22.72333	232
22.72500	231
22.72667	231
22.72833	230
22.73000	229
22.73167	229
22.73333	228
22.73500	227
22.73667	227
22.73833	226
22.74000	225
22.74167	225
22.74333	225
22.74500	223
22.74667	224
22.74833	222
22.75000	222
22.75167	222
22.75333	220
22.75500	221
22.75667	219
22.75833	220
22.76000	219
22.76167	219
22.76333	218
22.76500	218
22.76667	218
22.76833	218
22.77000	217
22.77167	216
22.77333	216
22.77500	216
22.77667	216
22.77833	215
22.78000	215
22.78167	214
22.78333	215
22.78500	213
22.78667	214
22.78833	213
22.79000	213
22.79167	212
22.79333	212
22.79500	212
22.79667	212
22.79833	211
22.80000	211
22.80167	210
22.80333	210
22.80500	210
22.80667	209
22.80833	208
22.81000	208
22.81167	208
22.81333	208
22.81500	207
22.81667	206
22.81833	207
22.82000	206
22.82167	206
22.82333	205
22.82500	205
22.82667	204
22.82833	204
22.83000	204
22.83167	203
22.83333	203
22.83500	202
22.83667	202
22.83833	201
22.84000	201
22.84167	200
22.84333	200
22.84500	199
22.84667	198
22.84833	199
22.85000	198
22.85167	198
22.85333	197
22.85500	196
22.85667	197
22.85833	196
22.86000	196
22.86167	196
22.86333	195
22.86500	195
22.86667	195
22.86833	195
22.87000	194
22.87167	194
22.87333	194
22.87500	194
22.87667	194
22.87833	193
22.88000	193
22.88167	194
22.88333	193
22.88500	193
22.88667	193
22.88833	192
22.89000	193
22.89167	193
22.89333	192
22.89500	192
22.89667	192
22.89833	192
22.90000	192
22.90167	191
22.90333	192
22.90500	191
22.90667	191
22.90833	191
22.91000	191
22.91167	190
22.91333	190
22.91500	190
22.91667	189
22.91833	189
22.92000	189
22.92167	189
22.92333	188
22.92500	188
22.92667	187
22.92833	188
22.93000	187
22.93167	187
22.93333	186
22.93500	187
22.93667	186
22.93833	186
22.94000	185
22.94167	186
22.94333	185
22.94500	185
22.94667	184
22.94833	185
22.95000	184
22.95167	184
22.95333	183
22.95500	184
22.95667	183
22.95833	182
22.96000	182
22.96167	182
22.96333	182
22.96500	181
22.96667	180
22.96833	181
22.97000	180
22.97167	179
22.97333	180
22.97500	179
22.97667	178
22.97833	178
22.98000	178
22.98167	177
22.98333	177
22.98500	176
22.98667	175
22.98833	175
22.99000	175
22.99167	174
22.99333	174
22.99500	174
22.99667	173
22.99833	172
23.00000	172
23.00167	172
23.00333	171
23.00500	171
23.00667	170
23.00833	169
23.01000	170
23.01167	169
23.01333	169
23.01500	168
23.01667	168
23.01833	167
23.02000	168
23.02167	166
23.02333	167
23.02500	166
23.02667	166
23.02833	165
23.03000	165
23.03167	165
23.03333	164
23.03500	164
23.03667	164
23.03833	163
23.04000	163
23.04167	163
23.04333	162
23.04500	162
23.04667	162
23.04833	162
23.05000	161
23.05167	161
23.05333	160
23.05500	160
23.05667	160
23.05833	160
23.06000	159
23.06167	159
23.06333	158
23.06500	158
23.06667	158
23.06833	157
23.07000	157
23.07167	156
23.07333	156
23.07500	155
23.07667	155
23.07833	155
23.08000	154
23.08167	154
23.08333	153
23.08500	152
23.08667	152
23.08833	152
23.09000	151
23.09167	151
23.09333	150
23.09500	150
23.09667	150
23.09833	149
23.10000	149
23.10167	148
23.10333	148
23.10500	148
23.10667	147
23.10833	147
23.11000	147
23.11167	146
23.11333	146
23.11500	146
23.11667	145
23.11833	145
23.12000	144
23.12167	145
23.12333	144
23.12500	144
23.12667	143
23.12833	143
23.13000	142
23.13167	143
23.13333	142
23.13500	141
23.13667	141
23.13833	141
23.14000	141
23.14167	141
23.14333	140
23.14500	140
23.14667	139
23.14833	140
23.15000	139
23.15167	139
23.15333	138
23.15500	139
23.15667	138
23.15833	137
23.16000	138
23.16167	137
23.16333	137
23.16500	137
23.16667	136
23.16833	136
23.17000	136
23.17167	135
23.17333	135
23.17500	135
23.17667	134
23.17833	134
23.18000	134
23.18167	133
23.18333	133
23.18500	132
23.18667	132
23.18833	131
23.19000	132
23.19167	130
23.19333	130
23.19500	130
23.19667	130
23.19833	129
23.20000	129
23.20167	128
23.20333	129
23.20500	128
23.20667	127
23.20833	128
23.21000	127
23.21167	127
23.21333	127
23.21500	128
23.21667	126
23.21833	127
23.22000	127
23.22167	127
23.22333	127
23.22500	127
23.22667	127
23.22833	128
23.23000	127
23.23167	128
23.23333	128
23.23500	129
23.23667	128
23.23833	129
23.24000	129
23.24167	130
23.24333	129
23.24500	130
23.24667	130
23.24833	130
23.25000	130
23.25167	132
23.25333	131
23.25500	131
23.25667	132
23.25833	132
23.26000	132
23.26167	133
23.26333	132
23.26500	133
23.26667	133
23.26833	133
23.27000	133
23.27167	134
23.27333	134
23.27500	135
23.27667	135
23.27833	135
23.28000	135
23.28167	136
23.28333	136
23.28500	137
23.28667	137
23.28833	137
23.29000	137
23.29167	138
23.29333	138
23.29500	139
23.29667	138
23.29833	140
23.30000	140
23.30167	140
23.30333	141
23.30500	141
23.30667	141
23.30833	142
23.31000	142
23.31167	142
23.31333	143
23.31500	142
23.31667	143
23.31833	143
23.32000	143
23.32167	144
23.32333	144
23.32500	143
23.32667	144
23.32833	144
23.33000	145
23.33167	144
23.33333	144
23.33500	145
23.33667	144
23.33833	145
23.34000	144
23.34167	144
23.34333	144
23.34500	144
23.34667	144
23.34833	144
23.35000	143
23.35167	144
23.35333	143
23.35500	143
23.35667	142
23.35833	143
23.36000	142
23.36167	141
23.36333	141
23.36500	140
23.36667	140
23.36833	140
23.37000	139
23.37167	138
23.37333	138
23.37500	137
23.37667	137
23.37833	136
23.38000	136
23.38167	135
23.38333	134
23.38500	133
23.38667	133
23.38833	132
23.39000	131
23.39167	131
23.39333	130
23.39500	129
23.39667	129
23.39833	128
23.40000	128
23.40167	127
23.40333	126
23.40500	126
23.40667	125
23.40833	125
23.41000	124
23.41167	123
23.41333	123
23.41500	123
23.41667	122
23.41833	121
23.42000	121
23.42167	121
23.42333	120
23.42500	120
23.42667	119
23.42833	119
23.43000	119
23.43167	118
23.43333	117
23.43500	117
23.43667	117
23.43833	116
23.44000	116
23.44167	115
23.44333	115
23.44500	115
23.44667	114
23.44833	113
23.45000	113
23.45167	113
23.45333	112
23.45500	112
23.45667	112
23.45833	111
23.46000	111
23.46167	111
23.46333	110
23.46500	110
23.46667	110
23.46833	109
23.47000	109
23.47167	109
23.47333	109
23.47500	108
23.47667	108
23.47833	108
23.48000	108
23.48167	107
23.48333	107
23.48500	107
23.48667	106
23.48833	107
23.49000	105
23.49167	105
23.49333	105
23.49500	105
23.49667	105
23.49833	103
23.50000	104
23.50167	103
23.50333	102
23.50500	102
23.50667	101
23.50833	101
23.51000	101
23.51167	100
23.51333	99
23.51500	99
23.51667	99
23.51833	98
23.52000	97
23.52167	97
23.52333	96
23.52500	95
23.52667	95
23.52833	94
23.53000	94
23.53167	93
23.53333	93
23.53500	92
23.53667	91
23.53833	91
23.54000	91
23.54167	90
23.54333	90
23.54500	89
23.54667	89
23.54833	88
23.55000	89
23.55167	88
23.55333	88
23.55500	87
23.55667	88
23.55833	87
23.56000	86
23.56167	87
23.56333	86
23.56500	86
23.56667	86
23.56833	85
23.57000	86
23.57167	85
23.57333	85
23.57500	84
23.57667	84
23.57833	84
23.58000	84
23.58167	84
23.58333	83
23.58500	82
23.58667	82
23.58833	82
23.59000	82
23.59167	80
23.59333	81
23.59500	80
23.59667	80
23.59833	79
23.60000	79
23.60167	78
23.60333	79
23.60500	78
23.60667	77
23.60833	78
23.61000	77
23.61167	77
23.61333	77
23.61500	76
23.61667	76
23.61833	76
23.62000	75
23.62167	76
23.62333	75
23.62500	74
23.62667	75
23.62833	74
23.63000	75
23.63167	74
23.63333	73
23.63500	74
23.63667	74
23.63833	73
23.64000	73
23.64167	73
23.64333	73
23.64500	72
23.64667	73
23.64833	72
23.65000	73
23.65167	72
23.65333	72
23.65500	72
23.65667	71
23.65833	72
23.66000	71
23.66167	71
23.66333	72
23.66500	71
23.66667	70
23.66833	71
23.67000	71
23.67167	70
23.67333	70
23.67500	69
23.67667	70
23.67833	69
23.68000	68
23.68167	69
23.68333	68
23.68500	68
23.68667	68
23.68833	67
23.69000	67
23.69167	66
23.69333	67
23.69500	66
23.69667	66
23.69833	66
23.70000	65
23.70167	65
23.70333	65
23.70500	65
23.70667	65
23.70833	64
23.71000	64
23.71167	63
23.71333	64
23.71500	63
23.71667	63
23.71833	63
23.72000	63
23.72167	63
23.72333	62
23.72500	62
23.72667	62
23.72833	61
23.73000	62
23.73167	62
23.73333	61
23.73500	62
23.73667	61
23.73833	61
23.74000	62
23.74167	61
23.74333	60
23.74500	61
23.74667	60
23.74833	61
23.75000	60
23.75167	60
23.75333	60
23.75500	60
23.75667	60
23.75833	59
23.76000	59
23.76167	59
23.76333	59
23.76500	58
23.76667	58
23.76833	58
23.77000	58
23.77167	57
23.77333	58
23.77500	57
23.77667	56
23.77833	57
23.78000	57
23.78167	56
23.78333	56
23.78500	55
23.78667	56
23.78833	56
23.79000	55
23.79167	56
23.79333	55
23.79500	55
23.79667	55
23.79833	55
23.80000	55
23.80167	55
23.80333	56
23.80500	55
23.80667	55
23.80833	55
23.81000	55
23.81167	56
23.81333	55
23.81500	55
23.81667	56
23.81833	55
23.82000	55
23.82167	55
23.82333	55
23.82500	55
23.82667	54
23.82833	54
23.83000	54
23.83167	54
23.83333	54
23.83500	54
23.83667	54
23.83833	53
23.84000	53
23.84167	52
23.84333	53
23.84500	52
23.84667	51
23.84833	51
23.85000	51
23.85167	51
23.85333	50
23.85500	49
23.85667	49
23.85833	49
23.86000	48
23.86167	48
23.86333	48
23.86500	47
23.86667	47
23.86833	47
23.87000	46
23.87167	46
23.87333	45
23.87500	45
23.87667	45
23.87833	45
23.88000	44
23.88167	44
23.88333	44
23.88500	43
23.88667	43
23.88833	42
23.89000	42
23.89167	42
23.89333	42
23.89500	41
23.89667	41
23.89833	41
23.90000	40
23.90167	41
23.90333	40
23.90500	39
23.90667	39
23.90833	39
23.91000	38
23.91167	38
23.91333	37
23.91500	37
23.91667	36
23.91833	36
23.92000	35
23.92167	35
23.92333	35
23.92500	34
23.92667	34
23.92833	34
23.93000	33
23.93167	33
23.93333	32
23.93500	32
23.93667	32
23.93833	32
23.94000	31
23.94167	31
23.94333	32
23.94500	30
23.94667	31
23.94833	31
23.95000	30
23.95167	30
23.95333	31
23.95500	30
23.95667	30
23.95833	29
23.96000	30
23.96167	29
23.96333	29
23.96500	28
23.96667	29
23.96833	29
23.97000	28
23.97167	28
23.97333	28
23.97500	28
23.97667	27
23.97833	27
23.98000	27
23.98167	26
23.98333	26
23.98500	25
23.98667	25
23.98833	25
23.99000	25
23.99167	24
23.99333	24
23.99500	24
23.99667	24
23.99833	23
24.00000	24
24.00167	23
24.00333	23
24.00500	23
24.00667	22
24.00833	22
24.01000	22
24.01167	22
24.01333	22
24.01500	21
24.01667	21
24.01833	21
24.02000	21
24.02167	21
24.02333	20
24.02500	20
24.02667	20
24.02833	19
24.03000	20
24.03167	19
24.03333	18
24.03500	19
24.03667	18
24.03833	18
24.04000	17
24.04167	17
24.04333	17
24.04500	16
24.04667	16
24.04833	16
24.05000	15
24.05167	15
24.05333	14
24.05500	14
24.05667	14
24.05833	13
24.06000	12
24.06167	12
24.06333	11
24.06500	11
24.06667	10
24.06833	10
24.07000	8
24.07167	9
24.07333	7
24.07500	7
24.07667	6
24.07833	6
24.08000	5
24.08167	4
24.08333	3
24.08500	2
24.08667	2
24.08833	1
24.09000	1
24.09167	0
24.09333	-1
24.09500	-2
24.09667	-1
24.09833	-3
24.10000	-3
24.10167	-3
24.10333	-4
24.10500	-4
24.10667	-5
24.10833	-5
24.11000	-6
24.11167	-5
24.11333	-6
24.11500	-7
24.11667	-6
24.11833	-7
24.12000	-7
24.12167	-7
24.12333	-7
24.12500	-7
24.12667	-7
24.12833	-7
24.13000	-7
24.13167	-8
24.13333	-7
24.13500	-7
24.13667	-7
24.13833	-7
24.14000	-7
24.14167	-7
24.14333	-7
24.14500	-8
24.14667	-7
24.14833	-7
24.15000	-7
24.15167	-7
24.15333	-7
24.15500	-7
24.15667	-8
24.15833	-7
24.16000	-8
24.16167	-8
24.16333	-7
24.16500	-8
24.16667	-8
24.16833	-8
24.17000	-9
24.17167	-8
24.17333	-8
24.17500	-9
24.17667	-8
24.17833	-9
24.18000	-9
24.18167	-9
24.18333	-9
24.18500	-9
24.18667	-9
24.18833	-9
24.19000	-10
24.19167	-9
24.19333	-9
24.19500	-10
24.19667	-10
24.19833	-9
24.20000	-10
24.20167	-9
24.20333	-10
24.20500	-10
24.20667	-10
24.20833	-11
24.21000	-10
24.21167	-10
24.21333	-11
24.21500	-10
24.21667	-11
24.21833	-11
24.22000	-11
24.22167	-11
24.22333	-11
24.22500	-11
24.22667	-12
24.22833	-11
24.23000	-12
24.23167	-12
24.23333	-11
24.23500	-13
24.23667	-12
24.23833	-12
24.24000	-13
24.24167	-13
24.24333	-12
24.24500	-13
24.24667	-13
24.24833	-13
24.25000	-14
24.25167	-13
24.25333	-13
24.25500	-14
24.25667	-13
24.25833	-13
24.26000	-13
24.26167	-14
24.26333	-13
24.26500	-14
24.26667	-13
24.26833	-13
24.27000	-14
24.27167	-13
24.27333	-14
24.27500	-13
24.27667	-13
24.27833	-14
24.28000	-14
24.28167	-13
24.28333	-14
24.28500	-14
24.28667	-14
24.28833	-15
24.29000	-14
24.29167	-15
24.29333	-15
24.29500	-16
24.29667	-16
24.29833	-16
24.30000	-17
24.30167	-16
24.30333	-17
24.30500	-18
24.30667	-17
24.30833	-18
24.31000	-18
24.31167	-19
24.31333	-19
24.31500	-19
24.31667	-19
24.31833	-19
24.32000	-20
24.32167	-20
24.32333	-20
24.32500	-21
24.32667	-20
24.32833	-21
24.33000	-20
24.33167	-21
24.33333	-20
24.33500	-21
24.33667	-20
24.33833	-20
24.34000	-20
24.34167	-19
24.34333	-20
24.34500	-19
24.34667	-18
24.34833	-18
24.35000	-17
24.35167	-17
24.35333	-17
24.35500	-16
24.35667	-15
24.35833	-15
24.36000	-14
24.36167	-13
24.36333	-13
24.36500	-11
24.36667	-11
24.36833	-10
24.37000	-9
24.37167	-7
24.37333	-7
24.37500	-6
24.37667	-5
24.37833	-4
24.38000	-4
24.38167	-2
24.38333	-1
24.38500	0
24.38667	0
24.38833	2
24.39000	3
24.39167	3
24.39333	5
24.39500	5
24.39667	7
24.39833	8
24.40000	9
24.40167	10
24.40333	11
24.40500	12
24.40667	13
24.40833	14
24.41000	15
24.41167	16
24.41333	16
24.41500	17
24.41667	18
24.41833	19
24.42000	18
24.42167	20
24.42333	20
24.42500	20
24.42667	21
24.42833	21
24.43000	21
24.43167	21
24.43333	22
24.43500	21
24.43667	22
24.43833	21
24.44000	20
24.44167	21
24.44333	20
24.44500	20
24.44667	19
24.44833	19
24.45000	18
24.45167	18
24.45333	17
24.45500	17
24.45667	16
24.45833	15
24.46000	15
24.46167	14
24.46333	13
24.46500	12
24.46667	11
24.46833	11
24.47000	9
24.47167	9
24.47333	8
24.47500	6
24.47667	7
24.47833	5
24.48000	4
24.48167	4
24.48333	2
24.48500	2
24.48667	0
24.48833	0
24.49000	-1
24.49167	-2
24.49333	-3
24.49500	-3
24.49667	-4
24.49833	-5
24.50000	-6
24.50167	-6
24.50333	-7
24.50500	-9
24.50667	-8
24.50833	-9
24.51000	-11
24.51167	-10
24.51333	-12
24.51500	-12
24.51667	-13
24.51833	-14
24.52000	-14
24.52167	-15
24.52333	-16
24.52500	-17
24.52667	-17
24.52833	-17
24.53000	-19
24.53167	-19
24.53333	-19
24.53500	-21
24.53667	-21
24.53833	-22
24.54000	-22
24.54167	-23
24.54333	-23
24.54500	-24
24.54667	-25
24.54833	-24
24.55000	-26
24.55167	-26
24.55333	-26
24.55500	-26
24.55667	-27
24.55833	-28
24.56000	-27
24.56167	-28
24.56333	-28
24.56500	-29
24.56667	-29
24.56833	-29
24.57000	-30
24.57167	-29
24.57333	-30
24.57500	-30
24.57667	-31
24.57833	-30
24.58000	-31
24.58167	-31
24.58333	-31
24.58500	-31
24.58667	-32
24.58833	-32
24.59000	-32
24.59167	-32
24.59333	-32
24.59500	-32
24.59667	-33
24.59833	-33
24.60000	-33
24.60167	-34
24.60333	-33
24.60500	-34
24.60667	-34
24.60833	-34
24.61000	-34
24.61167	-35
24.61333	-34
24.61500	-35
24.61667	-35
24.61833	-35
24.62000	-36
24.62167	-36
24.62333	-36
24.62500	-37
24.62667	-36
24.62833	-37
24.63000	-37
24.63167	-37
24.63333	-38
24.63500	-38
24.63667	-38
24.63833	-38
24.64000	-39
24.64167	-39
24.64333	-39
24.64500	-39
24.64667	-40
24.64833	-40
24.65000	-39
24.65167	-41
24.65333	-40
24.65500	-41
24.65667	-41
24.65833	-41
24.66000	-41
24.66167	-42
24.66333	-42
24.66500	-42
24.66667	-42
24.66833	-42
24.67000	-42
24.67167	-43
24.67333	-42
24.67500	-43
24.67667	-43
24.67833	-44
24.68000	-43
24.68167	-44
24.68333	-44
24.68500	-44
24.68667	-43
24.68833	-44
24.69000	-44
24.69167	-44
24.69333	-44
24.69500	-44
24.69667	-44
24.69833	-44
24.70000	-43
24.70167	-44
24.70333	-43
24.70500	-44
24.70667	-43
24.70833	-43
24.71000	-43
24.71167	-43
24.71333	-43
24.71500	-43
24.71667	-43
24.71833	-44
24.72000	-43
24.72167	-42
24.72333	-43
24.72500	-43
24.72667	-43
24.72833	-43
24.73000	-42
24.73167	-43
24.73333	-43
24.73500	-43
24.73667	-43
24.73833	-43
24.74000	-43
24.74167	-43
24.74333	-43
24.74500	-44
24.74667	-43
24.74833	-44
24.75000	-44
24.75167	-45
24.75333	-44
24.75500	-45
24.75667	-44
24.75833	-45
24.76000	-44
24.76167	-45
24.76333	-45
24.76500	-45
24.76667	-44
24.76833	-45
24.77000	-45
24.77167	-45
24.77333	-44
24.77500	-44
24.77667	-44
24.77833	-45
24.78000	-43
24.78167	-44
24.78333	-44
24.78500	-44
24.78667	-43
24.78833	-43
24.79000	-43
24.79167	-43
24.79333	-43
24.79500	-42
24.79667	-42
24.79833	-42
24.80000	-42
24.80167	-41
24.80333	-42
24.80500	-41
24.80667	-40
24.80833	-41
24.81000	-40
24.81167	-40
24.81333	-40
24.81500	-40
24.81667	-39
24.81833	-39
24.82000	-39
24.82167	-38
24.82333	-38
24.82500	-38
24.82667	-38
24.82833	-37
24.83000	-38
24.83167	-36
24.83333	-37
24.83500	-37
24.83667	-37
24.83833	-36
24.84000	-36
24.84167	-37
24.84333	-36
24.84500	-37
24.84667	-36
24.84833	-37
24.85000	-36
24.85167	-37
24.85333	-37
24.85500	-37
24.85667	-37
24.85833	-37
24.86000	-37
24.86167	-38
24.86333	-38
24.86500	-38
24.86667	-39
24.86833	-38
24.87000	-39
24.87167	-39
24.87333	-40
24.87500	-40
24.87667	-40
24.87833	-41
24.88000	-41
24.88167	-42
24.88333	-42
24.88500	-42
24.88667	-43
24.88833	-43
24.89000	-44
24.89167	-45
24.89333	-44
24.89500	-45
24.89667	-46
24.89833	-46
24.90000	-46
24.90167	-46
24.90333	-47
24.90500	-48
24.90667	-48
24.90833	-48
24.91000	-49
24.91167	-49
24.91333	-49
24.91500	-50
24.91667	-49
24.91833	-50
24.92000	-51
24.92167	-50
24.92333	-51
24.92500	-51
24.92667	-51
24.92833	-51
24.93000	-51
24.93167	-52
24.93333	-52
24.93500	-52
24.93667	-52
24.93833	-52
24.94000	-53
24.94167	-53
24.94333	-53
24.94500	-53
24.94667	-54
24.94833	-54
24.95000	-54
24.95167	-55
24.95333	-55
24.95500	-55
24.95667	-55
24.95833	-56
24.96000	-57
24.96167	-56
24.96333	-57
24.96500	-58
24.96667	-57
24.96833	-58
24.97000	-59
24.97167	-59
24.97333	-59
24.97500	-59
24.97667	-60
24.97833	-60
24.98000	-60
24.98167	-61
24.98333	-61
24.98500	-61
24.98667	-61
24.98833	-62
24.99000	-62
24.99167	-62
24.99333	-62
24.99500	-62
24.99667	-63
24.99833	-62
25.00000	-63
25.00167	-62
25.00333	-63
25.00500	-62
25.00667	-63
25.00833	-62
25.01000	-62
25.01167	-62
25.01333	-62
25.01500	-62
25.01667	-61
25.01833	-62
25.02000	-61
25.02167	-61
25.02333	-61
25.02500	-61
25.02667	-60
25.02833	-60
25.03000	-60
25.03167	-59
25.03333	-59
25.03500	-59
25.03667	-59
25.03833	-58
25.04000	-58
25.04167	-58
25.04333	-57
25.04500	-57
25.04667	-56
25.04833	-56
25.05000	-56
25.05167	-55
25.05333	-55
25.05500	-54
25.05667	-54
25.05833	-54
25.06000	-54
25.06167	-53
25.06333	-52
25.06500	-52
25.06667	-52
25.06833	-51
25.07000	-51
25.07167	-50
25.07333	-50
25.07500	-50
25.07667	-49
25.07833	-49
25.08000	-49
25.08167	-48
25.08333	-48
25.08500	-47
25.08667	-47
25.08833	-47
25.09000	-47
25.09167	-46
25.09333	-47
25.09500	-46
25.09667	-46
25.09833	-46
25.10000	-46
25.10167	-47
25.10333	-46
25.10500	-46
25.10667	-47
25.10833	-46
25.11000	-47
25.11167	-46
25.11333	-47
25.11500	-47
25.11667	-48
25.11833	-47
25.12000	-48
25.12167	-49
25.12333	-48
25.12500	-49
25.12667	-49
25.12833	-49
25.13000	-49
25.13167	-50
25.13333	-50
25.13500	-50
25.13667	-50
25.13833	-51
25.14000	-51
25.14167	-51
25.14333	-52
25.14500	-52
25.14667	-51
25.14833	-52
25.15000	-53
25.15167	-52
25.15333	-53
25.15500	-54
25.15667	-53
25.15833	-54
25.16000	-54
25.16167	-55
25.16333	-54
25.16500	-55
25.16667	-56
25.16833	-56
25.17000	-56
25.17167	-56
25.17333	-57
25.17500	-57
25.17667	-57
25.17833	-58
25.18000	-58
25.18167	-58
25.18333	-58
25.18500	-58
25.18667	-59
25.18833	-59
25.19000	-59
25.19167	-60
25.19333	-59
25.19500	-61
25.19667	-60
25.19833	-60
25.20000	-61
25.20167	-60
25.20333	-62
25.20500	-61
25.20667	-61
25.20833	-62
25.21000	-62
25.21167	-62
25.21333	-62
25.21500	-63
25.21667	-63
25.21833	-62
25.22000	-64
25.22167	-63
25.22333	-64
25.22500	-64
25.22667	-65
25.22833	-65
25.23000	-65
25.23167	-65
25.23333	-66
25.23500	-66
25.23667	-66
25.23833	-67
25.24000	-67
25.24167	-67
25.24333	-68
25.24500	-69
25.24667	-68
25.24833	-69
25.25000	-69
25.25167	-69
25.25333	-70
25.25500	-71
25.25667	-70
25.25833	-71
25.26000	-71
25.26167	-72
25.26333	-72
25.26500	-72
25.26667	-72
25.26833	-73
25.27000	-73
25.27167	-73
25.27333	-73
25.27500	-73
25.27667	-73
25.27833	-74
25.28000	-73
25.28167	-74
25.28333	-73
25.28500	-73
25.28667	-74
25.28833	-73
25.29000	-74
25.29167	-73
25.29333	-74
25.29500	-73
25.29667	-73
25.29833	-74
25.30000	-74
25.30167	-73
25.30333	-73
25.30500	-74
25.30667	-73
25.30833	-73
25.31000	-73
25.31167	-74
25.31333	-73
25.31500	-73
25.31667	-74
25.31833	-73
25.32000	-74
25.32167	-73
25.32333	-74
25.32500	-73
25.32667	-74
25.32833	-74
25.33000	-74
25.33167	-74
25.33333	-74
25.33500	-74
25.33667	-74
25.33833	-75
25.34000	-75
25.34167	-75
25.34333	-74
25.34500	-76
25.34667	-75
25.34833	-75
25.35000	-75
25.35167	-76
25.35333	-75
25.35500	-76
25.35667	-76
25.35833	-76
25.36000	-77
25.36167	-76
25.36333	-77
25.36500	-76
25.36667	-77
25.36833	-77
25.37000	-78
25.37167	-77
25.37333	-77
25.37500	-78
25.37667	-77
25.37833	-78
25.38000	-77
25.38167	-78
25.38333	-77
25.38500	-78
25.38667	-77
25.38833	-78
25.39000	-77
25.39167	-78
25.39333	-77
25.39500	-78
25.39667	-77
25.39833	-77
25.40000	-78
25.40167	-76
25.40333	-77
25.40500	-77
25.40667	-77
25.40833	-77
25.41000	-76
25.41167	-77
25.41333	-76
25.41500	-76
25.41667	-76
25.41833	-76
25.42000	-76
25.42167	-75
25.42333	-76
25.42500	-76
25.42667	-75
25.42833	-75
25.43000	-76
25.43167	-75
25.43333	-75
25.43500	-75
25.43667	-75
25.43833	-75
25.44000	-74
25.44167	-75
25.44333	-74
25.44500	-74
25.44667	-74
25.44833	-74
25.45000	-73
25.45167	-73
25.45333	-73
25.45500	-73
25.45667	-73
25.45833	-73
25.46000	-72
25.46167	-73
25.46333	-72
25.46500	-72
25.46667	-72
25.46833	-71
25.47000	-72
25.47167	-71
25.47333	-71
25.47500	-71
25.47667	-71
25.47833	-71
25.48000	-70
25.48167	-70
25.48333	-70
25.48500	-70
25.48667	-69
25.48833	-70
25.49000	-68
25.49167	-69
25.49333	-69
25.49500	-68
25.49667	-68
25.49833	-68
25.50000	-67
25.50167	-67
25.50333	-66
25.50500	-67
25.50667	-65
25.50833	-66
25.51000	-65
25.51167	-65
25.51333	-65
25.51500	-64
25.51667	-65
25.51833	-63
25.52000	-64
25.52167	-64
25.52333	-63
25.52500	-63
25.52667	-63
25.52833	-63
25.53000	-62
25.53167	-63
25.53333	-63
25.53500	-62
25.53667	-63
25.53833	-63
25.54000	-62
25.54167	-63
25.54333	-63
25.54500	-62
25.54667	-63
25.54833	-62
25.55000	-63
25.55167	-62
25.55333	-63
25.55500	-62
25.55667	-62
25.55833	-62
25.56000	-61
25.56167	-62
25.56333	-61
25.56500	-61
25.56667	-61
25.56833	-60
25.57000	-60
25.57167	-60
25.57333	-60
25.57500	-59
25.57667	-58
25.57833	-59
25.58000	-57
25.58167	-58
25.58333	-57
25.58500	-57
25.58667	-56
25.58833	-56
25.59000	-55
25.59167	-55
25.59333	-54
25.59500	-54
25.59667	-53
25.59833	-53
25.60000	-52
25.60167	-52
25.60333	-52
25.60500	-51
25.60667	-51
25.60833	-50
25.61000	-50
25.61167	-50
25.61333	-49
25.61500	-49
25.61667	-49
25.61833	-48
25.62000	-48
25.62167	-48
25.62333	-48
25.62500	-47
25.62667	-48
25.62833	-48
25.63000	-47
25.63167	-47
25.63333	-47
25.63500	-47
25.63667	-47
25.63833	-48
25.64000	-47
25.64167	-47
25.64333	-47
25.64500	-47
25.64667	-47
25.64833	-47
25.65000	-48
25.65167	-47
25.65333	-47
25.65500	-48
25.65667	-47
25.65833	-47
25.66000	-47
25.66167	-47
25.66333	-47
25.66500	-48
25.66667	-47
25.66833	-47
25.67000	-48
25.67167	-47
25.67333	-47
25.67500	-48
25.67667	-47
25.67833	-47
25.68000	-48
25.68167	-47
25.68333	-47
25.68500	-48
25.68667	-47
25.68833	-48
25.69000	-48
25.69167	-47
25.69333	-48
25.69500	-48
25.69667	-47
25.69833	-48
25.70000	-48
25.70167	-48
25.70333	-48
25.70500	-48
25.70667	-48
25.70833	-49
25.71000	-48
25.71167	-48
25.71333	-49
25.71500	-49
25.71667	-48
25.71833	-49
25.72000	-48
25.72167	-49
25.72333	-48
25.72500	-49
25.72667	-49
25.72833	-48
25.73000	-49
25.73167	-49
25.73333	-49
25.73500	-49
25.73667	-49
25.73833	-49
25.74000	-49
25.74167	-49
25.74333	-49
25.74500	-49
25.74667	-50
25.74833	-49
25.75000	-50
25.75167	-50
25.75333	-50
25.75500	-50
25.75667	-50
25.75833	-50
25.76000	-51
25.76167	-51
25.76333	-51
25.76500	-51
25.76667	-51
25.76833	-52
25.77000	-52
25.77167	-52
25.77333	-53
25.77500	-53
25.77667	-53
25.77833	-52
25.78000	-53
25.78167	-53
25.78333	-54
25.78500	-53
25.78667	-54
25.78833	-53
25.79000	-54
25.79167	-53
25.79333	-54
25.79500	-54
25.79667	-53
25.79833	-53
25.80000	-54
25.80167	-53
25.80333	-53
25.80500	-53
25.80667	-53
25.80833	-52
25.81000	-53
25.81167	-52
25.81333	-52
25.81500	-52
25.81667	-52
25.81833	-52
25.82000	-51
25.82167	-52
25.82333	-51
25.82500	-52
25.82667	-51
25.82833	-51
25.83000	-52
25.83167	-51
25.83333	-51
25.83500	-51
25.83667	-51
25.83833	-51
25.84000	-51
25.84167	-51
25.84333	-51
25.84500	-51
25.84667	-51
25.84833	-51
25.85000	-50
25.85167	-51
25.85333	-51
25.85500	-51
25.85667	-51
25.85833	-50
25.86000	-51
25.86167	-50
25.86333	-51
25.86500	-50
25.86667	-50
25.86833	-51
25.87000	-50
25.87167	-49
25.87333	-50
25.87500	-50
25.87667	-49
25.87833	-49
25.88000	-50
25.88167	-48
25.88333	-49
25.88500	-49
25.88667	-49
25.88833	-48
25.89000	-48
25.89167	-47
25.89333	-48
25.89500	-47
25.89667	-47
25.89833	-46
25.90000	-47
25.90167	-46
25.90333	-45
25.90500	-45
25.90667	-45
25.90833	-45
25.91000	-44
25.91167	-44
25.91333	-43
25.91500	-44
25.91667	-43
25.91833	-43
25.92000	-42
25.92167	-42
25.92333	-42
25.92500	-42
25.92667	-41
25.92833	-41
25.93000	-40
25.93167	-41
25.93333	-39
25.93500	-40
25.93667	-39
25.93833	-39
25.94000	-38
25.94167	-38
25.94333	-37
25.94500	-37
25.94667	-37
25.94833	-36
25.95000	-37
25.95167	-35
25.95333	-36
25.95500	-35
25.95667	-34
25.95833	-35
25.96000	-34
25.96167	-34
25.96333	-34
25.96500	-34
25.96667	-33
25.96833	-34
25.97000	-33
25.97167	-33
25.97333	-33
25.97500	-33
25.97667	-33
25.97833	-33
25.98000	-33
25.98167	-33
25.98333	-33
25.98500	-33
25.98667	-34
25.98833	-33
25.99000	-34
25.99167	-34
25.99333	-34
25.99500	-34
25.99667	-35
25.99833	-34
26.00000	-36
26.00167	-35
26.00333	-36
26.00500	-35
26.00667	-37
26.00833	-36
26.01000	-37
26.01167	-37
26.01333	-37
26.01500	-38
26.01667	-37
26.01833	-39
26.02000	-38
26.02167	-39
26.02333	-40
26.02500	-40
26.02667	-39
26.02833	-41
26.03000	-40
26.03167	-41
26.03333	-40
26.03500	-41
26.03667	-41
26.03833	-41
26.04000	-42
26.04167	-41
26.04333	-42
26.04500	-42
26.04667	-42
26.04833	-42
26.05000	-42
26.05167	-43
26.05333	-43
26.05500	-42
26.05667	-43
26.05833	-43
26.06000	-43
26.06167	-44
26.06333	-43
26.06500	-44
26.06667	-43
26.06833	-44
26.07000	-44
26.07167	-45
26.07333	-44
26.07500	-45
26.07667	-45
26.07833	-44
26.08000	-45
26.08167	-46
26.08333	-45
26.08500	-45
26.08667	-46
26.08833	-45
26.09000	-46
26.09167	-45
26.09333	-46
26.09500	-46
26.09667	-46
26.09833	-47
26.10000	-46
26.10167	-47
26.10333	-47
26.10500	-47
26.10667	-47
26.10833	-47
26.11000	-48
26.11167	-47
26.11333	-48
26.11500	-48
26.11667	-48
26.11833	-48
26.12000	-49
26.12167	-49
26.12333	-49
26.12500	-49
26.12667	-49
26.12833	-50
26.13000	-50
26.13167	-50
26.13333	-51
26.13500	-51
26.13667	-51
26.13833	-52
26.14000	-51
26.14167	-52
26.14333	-52
26.14500	-53
26.14667	-53
26.14833	-53
26.15000	-53
26.15167	-53
26.15333	-54
26.15500	-54
26.15667	-55
26.15833	-54
26.16000	-56
26.16167	-55
26.16333	-55
26.16500	-56
26.16667	-56
26.16833	-56
26.17000	-56
26.17167	-57
26.17333	-57
26.17500	-57
26.17667	-58
26.17833	-58
26.18000	-58
26.18167	-58
26.18333	-59
26.18500	-59
26.18667	-59
26.18833	-59
26.19000	-60
26.19167	-59
26.19333	-60
26.19500	-60
26.19667	-59
26.19833	-61
26.20000	-60
26.20167	-60
26.20333	-61
26.20500	-60
26.20667	-61
26.20833	-62
26.21000	-61
26.21167	-62
26.21333	-62
26.21500	-62
26.21667	-63
26.21833	-62
26.22000	-63
26.22167	-63
26.22333	-63
26.22500	-64
26.22667	-64
26.22833	-64
26.23000	-64
26.23167	-64
26.23333	-65
26.23500	-66
26.23667	-65
26.23833	-66
26.24000	-66
26.24167	-67
26.24333	-67
26.24500	-68
26.24667	-67
26.24833	-68
26.25000	-69
26.25167	-68
26.25333	-70
26.25500	-69
26.25667	-70
26.25833	-71
26.26000	-70
26.26167	-72
26.26333	-72
26.26500	-72
26.26667	-73
26.26833	-73
26.27000	-74
26.27167	-74
26.27333	-75
26.27500	-76
26.27667	-76
26.27833	-76
26.28000	-77
26.28167	-78
26.28333	-78
26.28500	-79
26.28667	-79
26.28833	-80
26.29000	-80
26.29167	-81
26.29333	-81
26.29500	-82
26.29667	-82
26.29833	-82
26.30000	-84
26.30167	-83
26.30333	-84
26.30500	-84
26.30667	-86
26.30833	-85
26.31000	-86
26.31167	-86
26.31333	-87
26.31500	-88
26.31667	-88
26.31833	-88
26.32000	-89
26.32167	-89
26.32333	-90
26.32500	-90
26.32667	-91
26.32833	-91
26.33000	-91
26.33167	-92
26.33333	-92
26.33500	-92
26.33667	-93
26.33833	-94
26.34000	-93
26.34167	-94
26.34333	-95
26.34500	-95
26.34667	-96
26.34833	-96
26.35000	-97
26.35167	-97
26.35333	-97
26.35500	-98
26.35667	-97
26.35833	-99
26.36000	-98
26.36167	-99
26.36333	-99
26.36500	-99
26.36667	-99
26.36833	-99
26.37000	-100
26.37167	-99
26.37333	-100
26.37500	-101
26.37667	-100
26.37833	-100
26.38000	-101
26.38167	-100
26.38333	-101
26.38500	-100
26.38667	-101
26.38833	-101
26.39000	-102
26.39167	-101
26.39333	-101
26.39500	-102
26.39667	-102
26.39833	-102
26.40000	-102
26.40167	-102
26.40333	-103
26.40500	-102
26.40667	-103
26.40833	-103
26.41000	-102
26.41167	-103
26.41333	-103
26.41500	-103
26.41667	-104
26.41833	-103
26.42000	-104
26.42167	-104
26.42333	-104
26.42500	-104
26.42667	-104
26.42833	-105
26.43000	-104
26.43167	-105
26.43333	-105
26.43500	-105
26.43667	-106
26.43833	-106
26.44000	-106
26.44167	-106
26.44333	-107
26.44500	-106
26.44667	-107
26.44833	-108
26.45000	-107
26.45167	-108
26.45333	-108
26.45500	-108
26.45667	-108
26.45833	-109
26.46000	-108
26.46167	-109
26.46333	-109
26.46500	-109
26.46667	-109
26.46833	-109
26.47000	-109
26.47167	-110
26.47333	-109
26.47500	-109
26.47667	-110
26.47833	-109
26.48000	-110
26.48167	-109
26.48333	-109
26.48500	-110
26.48667	-109
26.48833	-110
26.49000	-110
26.49167	-109
26.49333	-111
26.49500	-110
26.49667	-110
26.49833	-110
26.50000	-111
26.50167	-111
26.50333	-111
26.50500	-112
26.50667	-111
26.50833	-112
26.51000	-112
26.51167	-112
26.51333	-112
26.51500	-112
26.51667	-112
26.51833	-113
26.52000	-113
26.52167	-113
26.52333	-113
26.52500	-114
26.52667	-113
26.52833	-114
26.53000	-114
26.53167	-114
26.53333	-114
26.53500	-115
26.53667	-114
26.53833	-114
26.54000	-115
26.54167	-114
26.54333	-115
26.54500	-115
26.54667	-115
26.54833	-116
26.55000	-115
26.55167	-116
26.55333	-116
26.55500	-116
26.55667	-116
26.55833	-116
26.56000	-116
26.56167	-116
26.56333	-117
26.56500	-117
26.56667	-116
26.56833	-118
26.57000	-117
26.57167	-117
26.57333	-118
26.57500	-118
26.57667	-118
26.57833	-118
26.58000	-119
26.58167	-118
26.58333	-119
26.58500	-120
26.58667	-119
26.58833	-120
26.59000	-121
26.59167	-120
26.59333	-121
26.59500	-121
26.59667	-122
26.59833	-121
26.60000	-122
26.60167	-122
26.60333	-122
26.60500	-122
26.60667	-122
26.60833	-122
26.61000	-123
26.61167	-122
26.61333	-123
26.61500	-123
26.61667	-123
26.61833	-123
26.62000	-123
26.62167	-123
26.62333	-123
26.62500	-122
26.62667	-123
26.62833	-123
26.63000	-123
26.63167	-122
26.63333	-123
26.63500	-122
26.63667	-122
26.63833	-123
26.64000	-122
26.64167	-122
26.64333	-122
26.64500	-122
26.64667	-122
26.64833	-122
26.65000	-122
26.65167	-122
26.65333	-122
26.65500	-123
26.65667	-122
26.65833	-122
26.66000	-122
26.66167	-123
26.66333	-122
26.66500	-122
26.66667	-123
26.66833	-122
26.67000	-123
26.67167	-122
26.67333	-122
26.67500	-123
26.67667	-123
26.67833	-123
26.68000	-122
26.68167	-123
26.68333	-123
26.68500	-122
26.68667	-123
26.68833	-123
26.69000	-123
26.69167	-123
26.69333	-123
26.69500	-123
26.69667	-123
26.69833	-122
26.70000	-122
26.70167	-123
26.70333	-122
26.70500	-121
26.70667	-122
26.70833	-122
26.71000	-121
26.71167	-121
26.71333	-121
26.71500	-122
26.71667	-120
26.71833	-121
26.72000	-120
26.72167	-121
26.72333	-120
26.72500	-119
26.72667	-120
26.72833	-120
26.73000	-119
26.73167	-120
26.73333	-119
26.73500	-119
26.73667	-119
26.73833	-119
26.74000	-119
26.74167	-120
26.74333	-119
26.74500	-120
26.74667	-119
26.74833	-120
26.75000	-120
26.75167	-120
26.75333	-121
26.75500	-120
26.75667	-121
26.75833	-121
26.76000	-121
26.76167	-121
26.76333	-122
26.76500	-121
26.76667	-122
26.76833	-122
26.77000	-122
26.77167	-121
26.77333	-122
26.77500	-123
26.77667	-122
26.77833	-122
26.78000	-122
26.78167	-122
26.78333	-122
26.78500	-122
26.78667	-122
26.78833	-122
26.79000	-123
26.79167	-122
26.79333	-122
26.79500	-122
26.79667	-122
26.79833	-122
26.80000	-122
26.80167	-121
26.80333	-122
26.80500	-122
26.80667	-121
26.80833	-122
26.81000	-121
26.81167	-121
26.81333	-121
26.81500	-121
26.81667	-120
26.81833	-120
26.82000	-119
26.82167	-120
26.82333	-119
26.82500	-119
26.82667	-119
26.82833	-118
26.83000	-118
26.83167	-118
26.83333	-118
26.83500	-118
26.83667	-117
26.83833	-116
26.84000	-117
26.84167	-116
26.84333	-116
26.84500	-116
26.84667	-116
26.84833	-116
26.85000	-115
26.85167	-115
26.85333	-115
26.85500	-115
26.85667	-115
26.85833	-115
26.86000	-114
26.86167	-115
26.86333	-114
26.86500	-115
26.86667	-114
26.86833	-115
26.87000	-114
26.87167	-114
26.87333	-114
26.87500	-114
26.87667	-114
26.87833	-113
26.88000	-114
26.88167	-113
26.88333	-114
26.88500	-113
26.88667	-113
26.88833	-113
26.89000	-113
26.89167	-113
26.89333	-113
26.89500	-113
26.89667	-113
26.89833	-113
26.90000	-113
26.90167	-113
26.90333	-112
26.90500	-113
26.90667	-113
26.90833	-113
26.91000	-112
26.91167	-113
26.91333	-113
26.91500	-112
26.91667	-113
26.91833	-113
26.92000	-113
26.92167	-113
26.92333	-113
26.92500	-113
26.92667	-113
26.92833	-114
26.93000	-114
26.93167	-114
26.93333	-114
26.93500	-115
26.93667	-114
26.93833	-115
26.94000	-115
26.94167	-115
26.94333	-115
26.94500	-115
26.94667	-116
26.94833	-116
26.95000	-116
26.95167	-116
26.95333	-117
26.95500	-116
26.95667	-118
26.95833	-117
26.96000	-118
26.96167	-118
26.96333	-118
26.96500	-119
26.96667	-118
26.96833	-119
26.97000	-120
26.97167	-119
26.97333	-120
26.97500	-120
26.97667	-121
26.97833	-120
26.98000	-121
26.98167	-122
26.98333	-121
26.98500	-122
26.98667	-122
26.98833	-123
26.99000	-122
26.99167	-123
26.99333	-124
26.99500	-123
26.99667	-124
26.99833	-124
27.00000	-124
27.00167	-124
27.00333	-124
27.00500	-124
27.00667	-124
27.00833	-124
27.01000	-125
27.01167	-124
27.01333	-124
27.01500	-124
27.01667	-125
27.01833	-124
27.02000	-124
27.02167	-125
27.02333	-124
27.02500	-124
27.02667	-125
27.02833	-124
27.03000	-125
27.03167	-124
27.03333	-125
27.03500	-124
27.03667	-124
27.03833	-125
27.04000	-125
27.04167	-124
27.04333	-125
27.04500	-125
27.04667	-125
27.04833	-126
27.05000	-125
27.05167	-126
27.05333	-126
27.05500	-126
27.05667	-126
27.05833	-127
27.06000	-127
27.06167	-126
27.06333	-128
27.06500	-127
27.06667	-128
27.06833	-128
27.07000	-128
27.07167	-129
27.07333	-128
27.07500	-129
27.07667	-129
27.07833	-129
27.08000	-129
27.08167	-129
27.08333	-129
27.08500	-130
27.08667	-129
27.08833	-129
27.09000	-130
27.09167	-129
27.09333	-130
27.09500	-130
27.09667	-129
27.09833	-130
27.10000	-129
27.10167	-129
27.10333	-129
27.10500	-129
27.10667	-129
27.10833	-129
27.11000	-129
27.11167	-129
27.11333	-129
27.11500	-130
27.11667	-128
27.11833	-129
27.12000	-129
27.12167	-128
27.12333	-128
27.12500	-129
27.12667	-128
27.12833	-128
27.13000	-128
27.13167	-128
27.13333	-128
27.13500	-128
27.13667	-128
27.13833	-128
27.14000	-128
27.14167	-128
27.14333	-128
27.14500	-128
27.14667	-129
27.14833	-128
27.15000	-128
27.15167	-128
27.15333	-128
27.15500	-128
27.15667	-128
27.15833	-128
27.16000	-128
27.16167	-129
27.16333	-128
27.16500	-128
27.16667	-128
27.16833	-129
27.17000	-128
27.17167	-129
27.17333	-129
27.17500	-130
27.17667	-129
27.17833	-130
27.18000	-130
27.18167	-130
27.18333	-130
27.18500	-131
27.18667	-131
27.18833	-131
27.19000	-131
27.19167	-131
27.19333	-132
27.19500	-132
27.19667	-131
27.19833	-132
27.20000	-132
27.20167	-133
27.20333	-132
27.20500	-133
27.20667	-133
27.20833	-132
27.21000	-133
27.21167	-133
27.21333	-133
27.21500	-133
27.21667	-132
27.21833	-133
27.22000	-133
27.22167	-134
27.22333	-132
27.22500	-133
27.22667	-133
27.22833	-133
27.23000	-133
27.23167	-133
27.23333	-133
27.23500	-132
27.23667	-133
27.23833	-133
27.24000	-132
27.24167	-133
27.24333	-133
27.24500	-132
27.24667	-132
27.24833	-132
27.25000	-132
27.25167	-132
27.25333	-132
27.25500	-131
27.25667	-132
27.25833	-131
27.26000	-130
27.26167	-131
27.26333	-130
27.26500	-130
27.26667	-130
27.26833	-130
27.27000	-129
27.27167	-129
27.27333	-128
27.27500	-129
27.27667	-128
27.27833	-128
27.28000	-128
27.28167	-128
27.28333	-128
27.28500	-128
27.28667	-128
27.28833	-127
27.29000	-128
27.29167	-128
27.29333	-128
27.29500	-128
27.29667	-128
27.29833	-129
27.30000	-128
27.30167	-129
27.30333	-128
27.30500	-129
27.30667	-130
27.30833	-129
27.31000	-129
27.31167	-130
27.31333	-129
27.31500	-131
27.31667	-130
27.31833	-130
27.32000	-131
27.32167	-130
27.32333	-131
27.32500	-131
27.32667	-131
27.32833	-132
27.33000	-132
27.33167	-131
27.33333	-132
27.33500	-133
27.33667	-132
27.33833	-133
27.34000	-133
27.34167	-132
27.34333	-133
27.34500	-133
27.34667	-133
27.34833	-134
27.35000	-133
27.35167	-133
27.35333	-133
27.35500	-134
27.35667	-134
27.35833	-134
27.36000	-134
27.36167	-134
27.36333	-134
27.36500	-134
27.36667	-134
27.36833	-133
27.37000	-134
27.37167	-134
27.37333	-134
27.37500	-134
27.37667	-134
27.37833	-134
27.38000	-134
27.38167	-134
27.38333	-133
27.38500	-134
27.38667	-134
27.38833	-134
27.39000	-133
27.39167	-134
27.39333	-134
27.39500	-133
27.39667	-134
27.39833	-133
27.40000	-133
27.40167	-133
27.40333	-133
27.40500	-133
27.40667	-132
27.40833	-133
27.41000	-132
27.41167	-132
27.41333	-132
27.41500	-132
27.41667	-132
27.41833	-132
27.42000	-131
27.42167	-131
27.42333	-132
27.42500	-131
27.42667	-130
27.42833	-131
27.43000	-131
27.43167	-131
27.43333	-130
27.43500	-131
27.43667	-130
27.43833	-130
27.44000	-131
27.44167	-130
27.44333	-130
27.44500	-130
27.44667	-130
27.44833	-130
27.45000	-129
27.45167	-130
27.45333	-130
27.45500	-130
27.45667	-129
27.45833	-130
27.46000	-130
27.46167	-129
27.46333	-130
27.46500	-129
27.46667	-130
27.46833	-130
27.47000	-129
27.47167	-130
27.47333	-129
27.47500	-130
27.47667	-129
27.47833	-130
27.48000	-129
27.48167	-129
27.48333	-130
27.48500	-129
27.48667	-130
27.48833	-129
27.49000	-130
27.49167	-130
27.49333	-130
27.49500	-131
27.49667	-130
27.49833	-130
27.50000	-130
27.50167	-130
27.50333	-131
27.50500	-130
27.50667	-131
27.50833	-130
27.51000	-130
27.51167	-131
27.51333	-130
27.51500	-131
27.51667	-130
27.51833	-130
27.52000	-131
27.52167	-130
27.52333	-130
27.52500	-130
27.52667	-129
27.52833	-130
27.53000	-129
27.53167	-129
27.53333	-129
27.53500	-129
27.53667	-128
27.53833	-128
27.54000	-128
27.54167	-127
27.54333	-127
27.54500	-127
27.54667	-126
27.54833	-126
27.55000	-125
27.55167	-125
27.55333	-125
27.55500	-124
27.55667	-123
27.55833	-123
27.56000	-122
27.56167	-121
27.56333	-122
27.56500	-121
27.56667	-120
27.56833	-119
27.57000	-120
27.57167	-118
27.57333	-118
27.57500	-118
27.57667	-117
27.57833	-116
27.58000	-116
27.58167	-115
27.58333	-115
27.58500	-114
27.58667	-113
27.58833	-113
27.59000	-112
27.59167	-111
27.59333	-110
27.59500	-110
27.59667	-108
27.59833	-108
27.60000	-107
27.60167	-106
27.60333	-105
27.60500	-104
27.60667	-103
27.60833	-102
27.61000	-101
27.61167	-99
27.61333	-99
27.61500	-96
27.61667	-96
27.61833	-94
27.62000	-92
27.62167	-90
27.62333	-89
27.62500	-88
27.62667	-85
27.62833	-84
27.63000	-82
27.63167	-80
27.63333	-78
27.63500	-76
27.63667	-74
27.63833	-72
27.64000	-70
27.64167	-68
27.64333	-65
27.64500	-63
27.64667	-61
27.64833	-58
27.65000	-56
27.65167	-53
27.65333	-51
27.65500	-49
27.65667	-46
27.65833	-43
27.66000	-41
27.66167	-38
27.66333	-35
27.66500	-33
27.66667	-29
27.66833	-27
27.67000	-24
27.67167	-21
27.67333	-18
27.67500	-16
27.67667	-12
27.67833	-10
27.68000	-6
27.68167	-3
27.68333	0
27.68500	3
27.68667	6
27.68833	9
27.69000	13
27.69167	15
27.69333	18
27.69500	21
27.69667	25
27.69833	27
27.70000	30
27.70167	33
27.70333	37
27.70500	39
27.70667	42
27.70833	45
27.71000	48
27.71167	50
27.71333	52
27.71500	55
27.71667	58
27.71833	59
27.72000	62
27.72167	64
27.72333	66
27.72500	67
27.72667	69
27.72833	71
27.73000	72
27.73167	74
27.73333	75
27.73500	76
27.73667	77
27.73833	78
27.74000	79
27.74167	79
27.74333	80
27.74500	81
27.74667	81
27.74833	81
27.75000	81
27.75167	81
27.75333	81
27.75500	80
27.75667	79
27.75833	79
27.76000	79
27.76167	77
27.76333	77
27.76500	76
27.76667	74
27.76833	74
27.77000	72
27.77167	71
27.77333	69
27.77500	68
27.77667	66
27.77833	64
27.78000	62
27.78167	60
27.78333	58
27.78500	56
27.78667	54
27.78833	52
27.79000	49
27.79167	47
27.79333	45
27.79500	42
27.79667	40
27.79833	37
27.80000	34
27.80167	31
27.80333	28
27.80500	26
27.80667	23
27.80833	20
27.81000	17
27.81167	14
27.81333	12
27.81500	8
27.81667	6
27.81833	3
27.82000	0
27.82167	-3
27.82333	-6
27.82500	-9
27.82667	-12
27.82833	-15
27.83000	-18
27.83167	-21
27.83333	-24
27.83500	-26
27.83667	-29
27.83833	-32
27.84000	-35
27.84167	-38
27.84333	-40
27.84500	-43
27.84667	-46
27.84833	-48
27.85000	-51
27.85167	-53
27.85333	-56
27.85500	-59
27.85667	-61
27.85833	-63
27.86000	-66
27.86167	-67
27.86333	-70
27.86500	-72
27.86667	-74
27.86833	-75
27.87000	-78
27.87167	-79
27.87333	-81
27.87500	-83
27.87667	-84
27.87833	-86
27.88000	-87
27.88167	-90
27.88333	-90
27.88500	-92
27.88667	-93
27.88833	-94
27.89000	-96
27.89167	-97
27.89333	-98
27.89500	-99
27.89667	-100
27.89833	-101
27.90000	-102
27.90167	-103
27.90333	-103
27.90500	-104
27.90667	-105
27.90833	-105
27.91000	-106
27.91167	-107
27.91333	-107
27.91500	-108
27.91667	-109
27.91833	-109
27.92000	-109
27.92167	-110
27.92333	-111
27.92500	-111
27.92667	-111
27.92833	-112
27.93000	-113
27.93167	-112
27.93333	-113
27.93500	-114
27.93667	-114
27.93833	-114
27.94000	-114
27.94167	-116
27.94333	-115
27.94500	-116
27.94667	-116
27.94833	-116
27.95000	-116
27.95167	-117
27.95333	-117
27.95500	-118
27.95667	-117
27.95833	-118
27.96000	-118
27.96167	-118
27.96333	-118
27.96500	-119
27.96667	-119
27.96833	-119
27.97000	-119
27.97167	-120
27.97333	-120
27.97500	-120
27.97667	-120
27.97833	-120
27.98000	-121
27.98167	-121
27.98333	-121
27.98500	-121
27.98667	-122
27.98833	-122
27.99000	-122
27.99167	-123
27.99333	-122
27.99500	-124
27.99667	-123
27.99833	-123
28.00000	-124
28.00167	-124
28.00333	-125
28.00500	-125
28.00667	-125
28.00833	-125
28.01000	-125
28.01167	-126
28.01333	-126
28.01500	-126
28.01667	-125
28.01833	-126
28.02000	-127
28.02167	-126
28.02333	-127
28.02500	-126
28.02667	-127
28.02833	-127
28.03000	-128
28.03167	-127
28.03333	-127
28.03500	-127
28.03667	-128
28.03833	-127
28.04000	-128
28.04167	-127
28.04333	-128
28.04500	-128
28.04667	-127
28.04833	-127
28.05000	-128
28.05167	-127
28.05333	-128
28.05500	-127
28.05667	-128
28.05833	-127
28.06000	-127
28.06167	-128
28.06333	-127
28.06500	-127
28.06667	-127
28.06833	-128
28.07000	-127
28.07167	-127
28.07333	-127
28.07500	-127
28.07667	-128
28.07833	-128
28.08000	-128
28.08167	-128
28.08333	-129
28.08500	-129
28.08667	-129
28.08833	-129
28.09000	-130
28.09167	-130
28.09333	-131
28.09500	-130
28.09667	-131
28.09833	-132
28.10000	-132
28.10167	-132
28.10333	-133
28.10500	-133
28.10667	-134
28.10833	-134
28.11000	-135
28.11167	-134
28.11333	-135
28.11500	-135
28.11667	-135
28.11833	-136
28.12000	-136
28.12167	-136
28.12333	-136
28.12500	-137
28.12667	-137
28.12833	-136
28.13000	-137
28.13167	-137
28.13333	-137
28.13500	-137
28.13667	-138
28.13833	-137
28.14000	-138
28.14167	-138
28.14333	-138
28.14500	-138
28.14667	-138
28.14833	-138
28.15000	-138
28.15167	-139
28.15333	-138
28.15500	-139
28.15667	-138
28.15833	-139
28.16000	-140
28.16167	-139
28.16333	-140
28.16500	-139
28.16667	-140
28.16833	-140
28.17000	-140
28.17167	-140
28.17333	-141
28.17500	-140
28.17667	-141
28.17833	-141
28.18000	-141
28.18167	-141
28.18333	-142
28.18500	-141
28.18667	-142
28.18833	-142
28.19000	-142
28.19167	-143
28.19333	-142
28.19500	-143
28.19667	-142
28.19833	-143
28.20000	-143
28.20167	-143
28.20333	-143
28.20500	-142
28.20667	-143
28.20833	-143
28.21000	-143
28.21167	-142
28.21333	-143
28.21500	-143
28.21667	-142
28.21833	-143
28.22000	-143
28.22167	-142
28.22333	-143
28.22500	-142
28.22667	-143
28.22833	-142
28.23000	-143
28.23167	-142
28.23333	-142
28.23500	-142
28.23667	-142
28.23833	-142
28.24000	-142
28.24167	-142
28.24333	-142
28.24500	-142
28.24667	-142
28.24833	-143
28.25000	-142
28.25167	-142
28.25333	-143
28.25500	-142
28.25667	-142
28.25833	-143
28.26000	-142
28.26167	-142
28.26333	-143
28.26500	-142
28.26667	-142
28.26833	-142
28.27000	-142
28.27167	-142
28.27333	-142
28.27500	-142
28.27667	-142
28.27833	-142
28.28000	-141
28.28167	-141
28.28333	-141
28.28500	-141
28.28667	-140
28.28833	-141
28.29000	-140
28.29167	-140
28.29333	-140
28.29500	-140
28.29667	-140
28.29833	-140
28.30000	-140
28.30167	-139
28.30333	-139
28.30500	-140
28.30667	-139
28.30833	-140
28.31000	-139
28.31167	-139
28.31333	-140
28.31500	-139
28.31667	-140
28.31833	-139
28.32000	-139
28.32167	-140
28.32333	-139
28.32500	-139
28.32667	-139
28.32833	-139
28.33000	-139
28.33167	-139
28.33333	-139
28.33500	-138
28.33667	-139
28.33833	-138
28.34000	-139
28.34167	-138
28.34333	-139
28.34500	-138
28.34667	-138
28.34833	-138
28.35000	-139
28.35167	-138
28.35333	-138
28.35500	-138
28.35667	-139
28.35833	-138
28.36000	-139
28.36167	-138
28.36333	-139
28.36500	-139
28.36667	-139
28.36833	-140
28.37000	-139
28.37167	-140
28.37333	-140
28.37500	-140
28.37667	-140
28.37833	-140
28.38000	-140
28.38167	-140
28.38333	-141
28.38500	-140
28.38667	-140
28.38833	-140
28.39000	-140
28.39167	-140
28.39333	-140
28.39500	-140
28.39667	-140
28.39833	-140
28.40000	-140
28.40167	-139
28.40333	-140
28.40500	-139
28.40667	-140
28.40833	-139
28.41000	-139
28.41167	-139
28.41333	-139
28.41500	-139
28.41667	-139
28.41833	-138
28.42000	-139
28.42167	-138
28.42333	-139
28.42500	-138
28.42667	-138
28.42833	-139
28.43000	-137
28.43167	-138
28.43333	-138
28.43500	-138
28.43667	-137
28.43833	-138
28.44000	-137
28.44167	-138
28.44333	-137
28.44500	-137
28.44667	-137
28.44833	-136
28.45000	-137
28.45167	-137
28.45333	-137
28.45500	-136
28.45667	-137
28.45833	-136
28.46000	-137
28.46167	-136
28.46333	-136
28.46500	-137
28.46667	-136
28.46833	-136
28.47000	-137
28.47167	-136
28.47333	-136
28.47500	-136
28.47667	-136
28.47833	-136
28.48000	-136
28.48167	-136
28.48333	-136
28.48500	-137
28.48667	-136
28.48833	-136
28.49000	-136
28.49167	-136
28.49333	-137
28.49500	-136
28.49667	-136
28.49833	-136
28.50000	-137
28.50167	-136
28.50333	-136
28.50500	-136
28.50667	-135
28.50833	-136
28.51000	-136
28.51167	-136
28.51333	-136
28.51500	-136
28.51667	-136
28.51833	-135
28.52000	-136
28.52167	-135
28.52333	-136
28.52500	-135
28.52667	-136
28.52833	-136
28.53000	-135
28.53167	-135
28.53333	-136
28.53500	-135
28.53667	-136
28.53833	-135
28.54000	-136
28.54167	-135
28.54333	-136
28.54500	-136
28.54667	-137
28.54833	-136
28.55000	-137
28.55167	-137
28.55333	-137
28.55500	-137
28.55667	-138
28.55833	-138
28.56000	-137
28.56167	-139
28.56333	-138
28.56500	-138
28.56667	-139
28.56833	-139
28.57000	-139
28.57167	-139
28.57333	-139
28.57500	-139
28.57667	-139
28.57833	-140
28.58000	-139
28.58167	-140
28.58333	-140
28.58500	-140
28.58667	-139
28.58833	-140
28.59000	-139
28.59167	-140
28.59333	-140
28.59500	-140
28.59667	-140
28.59833	-140
28.60000	-140
28.60167	-140
28.60333	-140
28.60500	-140
28.60667	-140
28.60833	-141
28.61000	-140
28.61167	-140
28.61333	-141
28.61500	-141
28.61667	-140
28.61833	-141
28.62000	-141
28.62167	-141
28.62333	-140
28.62500	-141
28.62667	-142
28.62833	-141
28.63000	-141
28.63167	-142
28.63333	-142
28.63500	-142
28.63667	-142
28.63833	-142
28.64000	-142
28.64167	-143
28.64333	-142
28.64500	-143
28.64667	-143
28.64833	-143
28.65000	-143
28.65167	-143
28.65333	-144
28.65500	-143
28.65667	-144
28.65833	-144
28.66000	-143
28.66167	-144
28.66333	-144
28.66500	-144
28.66667	-144
28.66833	-144
28.67000	-144
28.67167	-144
28.67333	-144
28.67500	-144
28.67667	-145
28.67833	-144
28.68000	-145
28.68167	-145
28.68333	-145
28.68500	-145
28.68667	-145
28.68833	-145
28.69000	-146
28.69167	-145
28.69333	-145
28.69500	-146
28.69667	-145
28.69833	-146
28.70000	-145
28.70167	-146
28.70333	-146
28.70500	-145
28.70667	-146
28.70833	-145
28.71000	-145
28.71167	-145
28.71333	-145
28.71500	-144
28.71667	-145
28.71833	-144
28.72000	-144
28.72167	-143
28.72333	-143
28.72500	-143
28.72667	-143
28.72833	-143
28.73000	-142
28.73167	-143
28.73333	-142
28.73500	-142
28.73667	-142
28.73833	-143
28.74000	-142
28.74167	-143
28.74333	-142
28.74500	-142
28.74667	-143
28.74833	-142
28.75000	-142
28.75167	-143
28.75333	-143
28.75500	-142
28.75667	-143
28.75833	-143
28.76000	-144
28.76167	-143
28.76333	-144
28.76500	-143
28.76667	-144
28.76833	-144
28.77000	-145
28.77167	-144
28.77333	-145
28.77500	-145
28.77667	-145
28.77833	-145
28.78000	-145
28.78167	-145
28.78333	-145
28.78500	-146
28.78667	-145
28.78833	-145
28.79000	-146
28.79167	-145
28.79333	-146
28.79500	-145
28.79667	-146
28.79833	-145
28.80000	-146
28.80167	-146
28.80333	-146
28.80500	-146
28.80667	-146
28.80833	-146
28.81000	-146
28.81167	-146
28.81333	-146
28.81500	-146
28.81667	-146
28.81833	-147
28.82000	-146
28.82167	-146
28.82333	-147
28.82500	-146
28.82667	-147
28.82833	-147
28.83000	-146
28.83167	-147
28.83333	-148
28.83500	-148
28.83667	-147
28.83833	-148
28.84000	-147
28.84167	-148
28.84333	-148
28.84500	-147
28.84667	-148
28.84833	-148
28.85000	-147
28.85167	-148
28.85333	-148
28.85500	-148
28.85667	-148
28.85833	-147
28.86000	-148
28.86167	-148
28.86333	-148
28.86500	-148
28.86667	-148
28.86833	-149
28.87000	-148
28.87167	-148
28.87333	-148
28.87500	-148
28.87667	-149
28.87833	-149
28.88000	-149
28.88167	-148
28.88333	-149
28.88500	-148
28.88667	-149
28.88833	-148
28.89000	-149
28.89167	-149
28.89333	-149
28.89500	-149
28.89667	-150
28.89833	-149
28.90000	-149
28.90167	-150
28.90333	-149
28.90500	-150
28.90667	-150
28.90833	-149
28.91000	-150
28.91167	-150
28.91333	-150
28.91500	-150
28.91667	-150
28.91833	-150
28.92000	-151
28.92167	-150
28.92333	-151
28.92500	-151
28.92667	-151
28.92833	-151
28.93000	-151
28.93167	-151
28.93333	-152
28.93500	-151
28.93667	-151
28.93833	-151
28.94000	-152
28.94167	-151
28.94333	-152
28.94500	-151
28.94667	-152
28.94833	-151
28.95000	-151
28.95167	-151
28.95333	-151
28.95500	-151
28.95667	-151
28.95833	-150
28.96000	-150
28.96167	-149
28.96333	-150
28.96500	-149
28.96667	-148
28.96833	-149
28.97000	-148
28.97167	-149
28.97333	-147
28.97500	-148
28.97667	-148
28.97833	-147
28.98000	-147
28.98167	-147
28.98333	-147
28.98500	-147
28.98667	-147
28.98833	-147
28.99000	-147
28.99167	-147
28.99333	-148
28.99500	-147
28.99667	-147
28.99833	-148
29.00000	-147
29.00167	-148
29.00333	-148
29.00500	-148
29.00667	-148
29.00833	-148
29.01000	-149
29.01167	-149
29.01333	-149
29.01500	-149
29.01667	-149
29.01833	-149
29.02000	-149
29.02167	-149
29.02333	-148
29.02500	-149
29.02667	-149
29.02833	-148
29.03000	-149
29.03167	-148
29.03333	-149
29.03500	-148
29.03667	-148
29.03833	-149
29.04000	-148
29.04167	-148
29.04333	-148
29.04500	-147
29.04667	-148
29.04833	-148
29.05000	-148
29.05167	-148
29.05333	-148
29.05500	-148
29.05667	-147
29.05833	-148
29.06000	-148
29.06167	-148
29.06333	-147
29.06500	-148
29.06667	-148
29.06833	-148
29.07000	-148
29.07167	-148
29.07333	-147
29.07500	-148
29.07667	-148
29.07833	-148
29.08000	-147
29.08167	-148
29.08333	-148
29.08500	-148
29.08667	-148
29.08833	-148
29.09000	-148
29.09167	-147
29.09333	-148
29.09500	-148
29.09667	-148
29.09833	-147
29.10000	-148
29.10167	-147
29.10333	-148
29.10500	-148
29.10667	-148
29.10833	-147
29.11000	-148
29.11167	-147
29.11333	-147
29.11500	-148
29.11667	-147
29.11833	-147
29.12000	-147
29.12167	-147
29.12333	-148
29.12500	-147
29.12667	-147
29.12833	-147
29.13000	-147
29.13167	-147
29.13333	-147
29.13500	-147
29.13667	-147
29.13833	-147
29.14000	-148
29.14167	-147
29.14333	-147
29.14500	-148
29.14667	-147
29.14833	-148
29.15000	-148
29.15167	-148
29.15333	-148
29.15500	-149
29.15667	-148
29.15833	-149
29.16000	-149
29.16167	-149
29.16333	-149
29.16500	-149
29.16667	-150
29.16833	-149
29.17000	-150
29.17167	-149
29.17333	-150
29.17500	-150
29.17667	-150
29.17833	-151
29.18000	-150
29.18167	-151
29.18333	-151
29.18500	-151
29.18667	-151
29.18833	-152
29.19000	-151
29.19167	-151
29.19333	-152
29.19500	-151
29.19667	-152
29.19833	-151
29.20000	-152
29.20167	-151
29.20333	-152
29.20500	-151
29.20667	-152
29.20833	-152
29.21000	-151
29.21167	-152
29.21333	-151
29.21500	-152
29.21667	-152
29.21833	-151
29.22000	-151
29.22167	-151
29.22333	-151
29.22500	-151
29.22667	-150
29.22833	-151
29.23000	-150
29.23167	-150
29.23333	-151
29.23500	-150
29.23667	-150
29.23833	-150
29.24000	-150
29.24167	-149
29.24333	-150
29.24500	-150
29.24667	-150
29.24833	-149
29.25000	-150
29.25167	-150
29.25333	-149
29.25500	-150
29.25667	-150
29.25833	-150
29.26000	-150
29.26167	-151
29.26333	-150
29.26500	-151
29.26667	-150
29.26833	-151
29.27000	-151
29.27167	-151
29.27333	-151
29.27500	-151
29.27667	-151
29.27833	-151
29.28000	-151
29.28167	-152
29.28333	-151
29.28500	-152
29.28667	-151
29.28833	-152
29.29000	-152
29.29167	-152
29.29333	-151
29.29500	-152
29.29667	-152
29.29833	-152
29.30000	-152
29.30167	-152
29.30333	-153
29.30500	-152
29.30667	-152
29.30833	-152
29.31000	-152
29.31167	-152
29.31333	-152
29.31500	-152
29.31667	-151
29.31833	-152
29.32000	-152
29.32167	-151
29.32333	-152
29.32500	-151
29.32667	-151
29.32833	-151
29.33000	-151
29.33167	-151
29.33333	-151
29.33500	-150
29.33667	-151
29.33833	-150
29.34000	-150
29.34167	-150
29.34333	-150
29.34500	-150
29.34667	-150
29.34833	-150
29.35000	-150
29.35167	-149
29.35333	-150
29.35500	-149
29.35667	-150
29.35833	-149
29.36000	-150
29.36167	-149
29.36333	-150
29.36500	-150
29.36667	-149
29.36833	-150
29.37000	-150
29.37167	-150
29.37333	-149
29.37500	-150
29.37667	-150
29.37833	-150
29.38000	-150
29.38167	-150
29.38333	-150
29.38500	-150
29.38667	-150
29.38833	-150
29.39000	-150
29.39167	-150
29.39333	-150
29.39500	-150
29.39667	-150
29.39833	-149
29.40000	-150
29.40167	-149
29.40333	-150
29.40500	-149
29.40667	-149
29.40833	-150
29.41000	-149
29.41167	-149
29.41333	-149
29.41500	-149
29.41667	-149
29.41833	-149
29.42000	-149
29.42167	-149
29.42333	-149
29.42500	-149
29.42667	-149
29.42833	-149
29.43000	-149
29.43167	-149
29.43333	-149
29.43500	-150
29.43667	-149
29.43833	-149
29.44000	-150
29.44167	-149
29.44333	-150
29.44500	-150
29.44667	-150
29.44833	-149
29.45000	-150
29.45167	-150
29.45333	-150
29.45500	-150
29.45667	-149
29.45833	-150
29.46000	-150
29.46167	-149
29.46333	-150
29.46500	-148
29.46667	-149
29.46833	-149
29.47000	-149
29.47167	-148
29.47333	-149
29.47500	-148
29.47667	-148
29.47833	-148
29.48000	-148
29.48167	-149
29.48333	-148
29.48500	-148
29.48667	-148
29.48833	-148
29.49000	-148
29.49167	-148
29.49333	-148
29.49500	-148
29.49667	-148
29.49833	-148
29.50000	-148
29.50167	-148
29.50333	-148
29.50500	-148
29.50667	-148
29.50833	-148
29.51000	-148
29.51167	-149
29.51333	-149
29.51500	-148
29.51667	-149
29.51833	-148
29.52000	-149
29.52167	-149
29.52333	-149
29.52500	-149
29.52667	-149
29.52833	-149
29.53000	-149
29.53167	-149
29.53333	-149
29.53500	-149
29.53667	-149
29.53833	-149
29.54000	-149
29.54167	-149
29.54333	-149
29.54500	-149
29.54667	-149
29.54833	-150
29.55000	-149
29.55167	-149
29.55333	-150
29.55500	-149
29.55667	-149
29.55833	-150
29.56000	-150
29.56167	-150
29.56333	-150
29.56500	-150
29.56667	-150
29.56833	-150
29.57000	-151
29.57167	-150
29.57333	-151
29.57500	-150
29.57667	-151
29.57833	-151
29.58000	-152
29.58167	-151
29.58333	-151
29.58500	-151
29.58667	-152
29.58833	-151
29.59000	-152
29.59167	-151
29.59333	-152
29.59500	-152
29.59667	-152
29.59833	-152
29.60000	-153
29.60167	-152
29.60333	-152
29.60500	-152
29.60667	-153
29.60833	-152
29.61000	-152
29.61167	-152
29.61333	-152
29.61500	-151
29.61667	-152
29.61833	-151
29.62000	-152
29.62167	-151
29.62333	-151
29.62500	-151
29.62667	-151
29.62833	-150
29.63000	-151
29.63167	-150
29.63333	-150
29.63500	-149
29.63667	-150
29.63833	-150
29.64000	-149
29.64167	-149
29.64333	-149
29.64500	-149
29.64667	-148
29.64833	-148
29.65000	-149
29.65167	-147
29.65333	-148
29.65500	-148
29.65667	-147
29.65833	-148
29.66000	-147
29.66167	-148
29.66333	-147
29.66500	-147
29.66667	-148
29.66833	-147
29.67000	-148
29.67167	-147
29.67333	-148
29.67500	-148
29.67667	-148
29.67833	-148
29.68000	-148
29.68167	-148
29.68333	-148
29.68500	-148
29.68667	-149
29.68833	-149
29.69000	-149
29.69167	-148
29.69333	-149
29.69500	-148
29.69667	-149
29.69833	-149
29.70000	-148
29.70167	-148
29.70333	-148
29.70500	-148
29.70667	-148
29.70833	-147
29.71000	-148
29.71167	-147
29.71333	-147
29.71500	-147
29.71667	-146
29.71833	-147
29.72000	-146
29.72167	-146
29.72333	-146
29.72500	-146
29.72667	-145
29.72833	-145
29.73000	-145
29.73167	-145
29.73333	-144
29.73500	-145
29.73667	-144
29.73833	-145
29.74000	-144
29.74167	-144
29.74333	-144
29.74500	-143
29.74667	-144
29.74833	-143
29.75000	-143
29.75167	-144
29.75333	-143
29.75500	-143
29.75667	-144
29.75833	-143
29.76000	-143
29.76167	-143
29.76333	-144
29.76500	-143
29.76667	-144
29.76833	-143
29.77000	-144
29.77167	-144
29.77333	-144
29.77500	-144
29.77667	-144
29.77833	-144
29.78000	-144
29.78167	-144
29.78333	-144
29.78500	-145
29.78667	-145
29.78833	-145
29.79000	-145
29.79167	-145
29.79333	-145
29.79500	-145
29.79667	-145
29.79833	-145
29.80000	-146
29.80167	-145
29.80333	-146
29.80500	-145
29.80667	-146
29.80833	-146
29.81000	-146
29.81167	-146
29.81333	-146
29.81500	-146
29.81667	-147
29.81833	-146
29.82000	-146
29.82167	-147
29.82333	-146
29.82500	-146
29.82667	-146
29.82833	-147
29.83000	-147
29.83167	-146
29.83333	-147
29.83500	-147
29.83667	-147
29.83833	-147
29.84000	-147
29.84167	-147
29.84333	-148
29.84500	-147
29.84667	-148
29.84833	-148
29.85000	-147
29.85167	-148
29.85333	-149
29.85500	-148
29.85667	-148
29.85833	-149
29.86000	-149
29.86167	-148
29.86333	-149
29.86500	-150
29.86667	-149
29.86833	-149
29.87000	-150
29.87167	-149
29.87333	-150
29.87500	-149
29.87667	-150
29.87833	-149
29.88000	-150
29.88167	-150
29.88333	-150
29.88500	-150
29.88667	-151
29.88833	-150
29.89000	-151
29.89167	-150
29.89333	-151
29.89500	-150
29.89667	-150
29.89833	-151
29.90000	-151
29.90167	-150
29.90333	-151
29.90500	-150
29.90667	-150
29.90833	-151
29.91000	-150
29.91167	-151
29.91333	-150
29.91500	-151
29.91667	-150
29.91833	-151
29.92000	-151
29.92167	-150
29.92333	-151
29.92500	-151
29.92667	-150
29.92833	-151
29.93000	-151
29.93167	-151
29.93333	-151
29.93500	-151
29.93667	-151
29.93833	-151
29.94000	-152
29.94167	-152
29.94333	-152
29.94500	-152
29.94667	-153
29.94833	-153
29.95000	-153
29.95167	-153
29.95333	-153
29.95500	-154
29.95667	-154
29.95833	-154
29.96000	-154
29.96167	-155
29.96333	-154
29.96500	-155
29.96667	-154
29.96833	-155
29.97000	-155
29.97167	-155
29.97333	-155
29.97500	-155
29.97667	-155
29.97833	-156
29.98000	-155
29.98167	-155
29.98333	-155
29.98500	-155
29.98667	-155
29.98833	-156
29.99000	-155
29.99167	-155
29.99333	-155
29.99500	-155
29.99667	-155
29.99833	-155
30.00000	-156
30.00167	-155
30.00333	-155
30.00500	-156
30.00667	-155
30.00833	-156
30.01000	-156
30.01167	-155
30.01333	-156
30.01500	-156
30.01667	-156
30.01833	-156
30.02000	-156
30.02167	-157
30.02333	-156
30.02500	-157
30.02667	-156
30.02833	-157
30.03000	-156
30.03167	-156
30.03333	-156
30.03500	-156
30.03667	-156
30.03833	-156
30.04000	-155
30.04167	-156
30.04333	-156
30.04500	-155
30.04667	-156
30.04833	-155
30.05000	-156
30.05167	-155
30.05333	-156
30.05500	-156
30.05667	-155
30.05833	-156
30.06000	-156
30.06167	-156
30.06333	-156
30.06500	-156
30.06667	-156
30.06833	-156
30.07000	-156
30.07167	-156
30.07333	-157
30.07500	-156
30.07667	-157
30.07833	-157
30.08000	-158
30.08167	-157
30.08333	-157
30.08500	-157
30.08667	-158
30.08833	-157
30.09000	-158
30.09167	-157
30.09333	-158
30.09500	-157
30.09667	-158
30.09833	-158
30.10000	-158
30.10167	-157
30.10333	-158
30.10500	-158
30.10667	-158
30.10833	-158
30.11000	-158
30.11167	-159
30.11333	-158
30.11500	-158
30.11667	-159
30.11833	-159
30.12000	-158
30.12167	-159
30.12333	-159
30.12500	-159
30.12667	-159
30.12833	-159
30.13000	-159
30.13167	-159
30.13333	-160
30.13500	-159
30.13667	-160
30.13833	-159
30.14000	-160
30.14167	-159
30.14333	-160
30.14500	-159
30.14667	-160
30.14833	-159
30.15000	-159
30.15167	-159
30.15333	-159
30.15500	-158
30.15667	-159
30.15833	-158
30.16000	-158
30.16167	-159
30.16333	-157
30.16500	-158
30.16667	-158
30.16833	-157
30.17000	-158
30.17167	-157
30.17333	-157
30.17500	-157
30.17667	-157
30.17833	-157
30.18000	-156
30.18167	-157
30.18333	-157
30.18500	-156
30.18667	-157
30.18833	-157
30.19000	-156
30.19167	-157
30.19333	-156
30.19500	-157
30.19667	-157
30.19833	-157
30.20000	-156
30.20167	-157
30.20333	-157
30.20500	-157
30.20667	-157
30.20833	-157
30.21000	-156
30.21167	-157
30.21333	-157
30.21500	-156
30.21667	-156
30.21833	-156
30.22000	-156
30.22167	-156
30.22333	-156
30.22500	-156
30.22667	-155
30.22833	-155
30.23000	-155
30.23167	-155
30.23333	-155
30.23500	-155
30.23667	-154
30.23833	-155
30.24000	-155
30.24167	-155
30.24333	-154
30.24500	-155
30.24667	-155
30.24833	-155
30.25000	-154
30.25167	-155
30.25333	-155
30.25500	-155
30.25667	-155
30.25833	-156
30.26000	-155
30.26167	-156
30.26333	-156
30.26500	-157
30.26667	-156
30.26833	-157
30.27000	-157
30.27167	-157
30.27333	-157
30.27500	-157
30.27667	-158
30.27833	-158
30.28000	-157
30.28167	-158
30.28333	-158
30.28500	-158
30.28667	-158
30.28833	-158
30.29000	-159
30.29167	-158
30.29333	-159
30.29500	-159
30.29667	-159
30.29833	-159
30.30000	-159
30.30167	-159
30.30333	-160
30.30500	-159
30.30667	-159
30.30833	-160
30.31000	-159
30.31167	-160
30.31333	-159
30.31500	-159
30.31667	-159
30.31833	-160
30.32000	-159
30.32167	-159
30.32333	-160
30.32500	-159
30.32667	-159
30.32833	-159
30.33000	-159
30.33167	-159
30.33333	-159
30.33500	-158
30.33667	-158
30.33833	-158
30.34000	-159
30.34167	-158
30.34333	-158
30.34500	-158
30.34667	-158
30.34833	-158
30.35000	-158
30.35167	-157
30.35333	-158
30.35500	-158
30.35667	-158
30.35833	-158
30.36000	-158
30.36167	-158
30.36333	-158
30.36500	-157
30.36667	-158
30.36833	-158
30.37000	-158
30.37167	-158
30.37333	-158
30.37500	-158
30.37667	-159
30.37833	-158
30.38000	-158
30.38167	-159
30.38333	-158
30.38500	-159
30.38667	-158
30.38833	-159
30.39000	-158
30.39167	-158
30.39333	-158
30.39500	-158
30.39667	-157
30.39833	-158
30.40000	-158
30.40167	-157
30.40333	-158
30.40500	-157
30.40667	-158
30.40833	-157
30.41000	-157
30.41167	-157
30.41333	-157
30.41500	-157
30.41667	-157
30.41833	-157
30.42000	-157
30.42167	-157
30.42333	-157
30.42500	-157
30.42667	-157
30.42833	-157
30.43000	-157
30.43167	-157
30.43333	-157
30.43500	-157
30.43667	-157
30.43833	-157
30.44000	-157
30.44167	-156
30.44333	-157
30.44500	-157
30.44667	-157
30.44833	-157
30.45000	-157
30.45167	-157
30.45333	-157
30.45500	-158
30.45667	-157
30.45833	-157
30.46000	-158
30.46167	-158
30.46333	-157
30.46500	-158
30.46667	-158
30.46833	-158
30.47000	-158
30.47167	-158
30.47333	-158
30.47500	-159
30.47667	-158
30.47833	-158
30.48000	-158
30.48167	-158
30.48333	-158
30.48500	-158
30.48667	-158
30.48833	-158
30.49000	-159
30.49167	-158
30.49333	-159
30.49500	-159
30.49667	-158
30.49833	-159
30.50000	-159
30.50167	-159
30.50333	-158
30.50500	-159
30.50667	-158
30.50833	-159
30.51000	-158
30.51167	-158
30.51333	-158
30.51500	-158
30.51667	-158
30.51833	-158
30.52000	-158
30.52167	-158
30.52333	-157
30.52500	-157
30.52667	-157
30.52833	-157
30.53000	-157
30.53167	-157
30.53333	-156
30.53500	-157
30.53667	-157
30.53833	-156
30.54000	-157
30.54167	-156
30.54333	-157
30.54500	-157
30.54667	-157
30.54833	-157
30.55000	-157
30.55167	-157
30.55333	-158
30.55500	-157
30.55667	-158
30.55833	-158
30.56000	-158
30.56167	-158
30.56333	-158
30.56500	-159
30.56667	-159
30.56833	-159
30.57000	-160
30.57167	-160
30.57333	-160
30.57500	-161
30.57667	-160
30.57833	-161
30.58000	-161
30.58167	-161
30.58333	-161
30.58500	-161
30.58667	-161
30.58833	-162
30.59000	-161
30.59167	-161
30.59333	-161
30.59500	-162
30.59667	-161
30.59833	-161
30.60000	-162
30.60167	-161
30.60333	-161
30.60500	-161
30.60667	-161
30.60833	-160
30.61000	-160
30.61167	-161
30.61333	-160
30.61500	-160
30.61667	-160
30.61833	-159
30.62000	-160
30.62167	-159
30.62333	-159
30.62500	-159
30.62667	-159
30.62833	-158
30.63000	-159
30.63167	-158
30.63333	-158
30.63500	-158
30.63667	-158
30.63833	-158
30.64000	-157
30.64167	-157
30.64333	-157
30.64500	-157
30.64667	-157
30.64833	-156
30.65000	-156
30.65167	-157
30.65333	-156
30.65500	-156
30.65667	-156
30.65833	-155
30.66000	-156
30.66167	-156
30.66333	-155
30.66500	-156
30.66667	-155
30.66833	-156
30.67000	-156
30.67167	-156
30.67333	-157
30.67500	-156
30.67667	-157
30.67833	-157
30.68000	-157
30.68167	-157
30.68333	-158
30.68500	-158
30.68667	-157
30.68833	-158
30.69000	-158
30.69167	-158
30.69333	-157
30.69500	-158
30.69667	-158
30.69833	-157
30.70000	-158
30.70167	-157
30.70333	-157
30.70500	-157
30.70667	-157
30.70833	-157
30.71000	-157
30.71167	-157
30.71333	-156
30.71500	-157
30.71667	-156
30.71833	-155
30.72000	-156
30.72167	-155
30.72333	-155
30.72500	-154
30.72667	-154
30.72833	-154
30.73000	-154
30.73167	-153
30.73333	-152
30.73500	-152
30.73667	-152
30.73833	-152
30.74000	-151
30.74167	-151
30.74333	-151
30.74500	-150
30.74667	-149
30.74833	-150
30.75000	-148
30.75167	-148
30.75333	-147
30.75500	-148
30.75667	-146
30.75833	-146
30.76000	-145
30.76167	-144
30.76333	-144
30.76500	-143
30.76667	-142
30.76833	-141
30.77000	-141
30.77167	-139
30.77333	-138
30.77500	-138
30.77667	-137
30.77833	-136
30.78000	-134
30.78167	-134
30.78333	-133
30.78500	-132
30.78667	-131
30.78833	-129
30.79000	-129
30.79167	-127
30.79333	-126
30.79500	-125
30.79667	-124
30.79833	-123
30.80000	-121
30.80167	-121
30.80333	-119
30.80500	-117
30.80667	-117
30.80833	-115
30.81000	-114
30.81167	-113
30.81333	-110
30.81500	-110
30.81667	-108
30.81833	-106
30.82000	-104
30.82167	-103
30.82333	-101
30.82500	-100
30.82667	-98
30.82833	-95
30.83000	-94
30.83167	-92
30.83333	-90
30.83500	-87
30.83667	-86
30.83833	-83
30.84000	-81
30.84167	-79
30.84333	-77
30.84500	-74
30.84667	-72
30.84833	-69
30.85000	-67
30.85167	-65
30.85333	-62
30.85500	-59
30.85667	-57
30.85833	-54
30.86000	-51
30.86167	-48
30.86333	-45
30.86500	-43
30.86667	-39
30.86833	-37
30.87000	-33
30.87167	-31
30.87333	-27
30.87500	-24
30.87667	-21
30.87833	-18
30.88000	-14
30.88167	-11
30.88333	-7
30.88500	-3
30.88667	-1
30.88833	3
30.89000	7
30.89167	10
30.89333	14
30.89500	17
30.89667	20
30.89833	24
30.90000	28
30.90167	31
30.90333	35
30.90500	38
30.90667	41
30.90833	45
30.91000	48
30.91167	52
30.91333	55
30.91500	58
30.91667	61
30.91833	65
30.92000	68
30.92167	71
30.92333	75
30.92500	77
30.92667	81
30.92833	84
30.93000	86
30.93167	89
30.93333	93
30.93500	94
30.93667	98
30.93833	99
30.94000	103
30.94167	105
30.94333	107
30.94500	109
30.94667	112
30.94833	114
30.95000	116
30.95167	118
30.95333	120
30.95500	122
30.95667	123
30.95833	125
30.96000	126
30.96167	128
30.96333	130
30.96500	130
30.96667	132
30.96833	133
30.97000	133
30.97167	135
30.97333	135
30.97500	136
30.97667	137
30.97833	137
30.98000	137
30.98167	137
30.98333	137
30.98500	138
30.98667	137
30.98833	136
30.99000	137
30.99167	135
30.99333	136
30.99500	134
30.99667	134
30.99833	132
31.00000	132
31.00167	130
31.00333	129
31.00500	128
31.00667	126
31.00833	125
31.01000	123
31.01167	122
31.01333	120
31.01500	117
31.01667	116
31.01833	114
31.02000	111
31.02167	110
31.02333	107
31.02500	104
31.02667	103
31.02833	99
31.03000	97
31.03167	95
31.03333	92
31.03500	89
31.03667	87
31.03833	83
31.04000	81
31.04167	78
31.04333	75
31.04500	72
31.04667	69
31.04833	66
31.05000	62
31.05167	60
31.05333	56
31.05500	53
31.05667	51
31.05833	47
31.06000	44
31.06167	40
31.06333	38
31.06500	34
31.06667	31
31.06833	28
31.07000	25
31.07167	21
31.07333	18
31.07500	15
31.07667	12
31.07833	9
31.08000	5
31.08167	3
31.08333	-1
31.08500	-4
31.08667	-8
31.08833	-10
31.09000	-13
31.09167	-17
31.09333	-19
31.09500	-23
31.09667	-26
31.09833	-29
31.10000	-32
31.10167	-35
31.10333	-38
31.10500	-41
31.10667	-44
31.10833	-46
31.11000	-50
31.11167	-52
31.11333	-55
31.11500	-58
31.11667	-61
31.11833	-63
31.12000	-66
31.12167	-69
31.12333	-72
31.12500	-73
31.12667	-77
31.12833	-78
31.13000	-81
31.13167	-83
31.13333	-86
31.13500	-88
31.13667	-90
31.13833	-92
31.14000	-94
31.14167	-96
31.14333	-99
31.14500	-100
31.14667	-102
31.14833	-103
31.15000	-105
31.15167	-107
31.15333	-108
31.15500	-110
31.15667	-112
31.15833	-113
31.16000	-114
31.16167	-116
31.16333	-118
31.16500	-119
31.16667	-120
31.16833	-121
31.17000	-122
31.17167	-124
31.17333	-125
31.17500	-126
31.17667	-127
31.17833	-128
31.18000	-128
31.18167	-130
31.18333	-130
31.18500	-132
31.18667	-132
31.18833	-133
31.19000	-134
31.19167	-135
31.19333	-135
31.19500	-136
31.19667	-137
31.19833	-137
31.20000	-138
31.20167	-138
31.20333	-140
31.20500	-139
31.20667	-141
31.20833	-140
31.21000	-142
31.21167	-141
31.21333	-142
31.21500	-143
31.21667	-143
31.21833	-143
31.22000	-143
31.22167	-144
31.22333	-144
31.22500	-144
31.22667	-144
31.22833	-145
31.23000	-144
31.23167	-145
31.23333	-145
31.23500	-146
31.23667	-146
31.23833	-145
31.24000	-146
31.24167	-146
31.24333	-146
31.24500	-146
31.24667	-146
31.24833	-146
31.25000	-146
31.25167	-146
31.25333	-146
31.25500	-146
31.25667	-145
31.25833	-146
31.26000	-146
31.26167	-145
31.26333	-146
31.26500	-146
31.26667	-146
31.26833	-145
31.27000	-146
31.27167	-146
31.27333	-145
31.27500	-146
31.27667	-146
31.27833	-146
31.28000	-146
31.28167	-146
31.28333	-146
31.28500	-145
31.28667	-146
31.28833	-145
31.29000	-145
31.29167	-146
31.29333	-145
31.29500	-146
31.29667	-145
31.29833	-145
31.30000	-145
31.30167	-146
31.30333	-145
31.30500	-145
31.30667	-145
31.30833	-145
31.31000	-145
31.31167	-146
31.31333	-145
31.31500	-146
31.31667	-145
31.31833	-146
31.32000	-145
31.32167	-146
31.32333	-145
31.32500	-146
31.32667	-146
31.32833	-146
31.33000	-146
31.33167	-146
31.33333	-146
31.33500	-147
31.33667	-146
31.33833	-146
31.34000	-147
31.34167	-146
31.34333	-147
31.34500	-146
31.34667	-147
31.34833	-147
31.35000	-147
31.35167	-148
31.35333	-147
31.35500	-148
31.35667	-147
31.35833	-148
31.36000	-148
31.36167	-148
31.36333	-148
31.36500	-148
31.36667	-148
31.36833	-149
31.37000	-149
31.37167	-149
31.37333	-149
31.37500	-149
31.37667	-150
31.37833	-149
31.38000	-150
31.38167	-150
31.38333	-149
31.38500	-150
31.38667	-150
31.38833	-150
31.39000	-150
31.39167	-149
31.39333	-150
31.39500	-150
31.39667	-149
31.39833	-150
31.40000	-149
31.40167	-150
31.40333	-149
31.40500	-149
31.40667	-149
31.40833	-149
31.41000	-149
31.41167	-149
31.41333	-149
31.41500	-149
31.41667	-148
31.41833	-149
31.42000	-148
31.42167	-148
31.42333	-148
31.42500	-147
31.42667	-148
31.42833	-147
31.43000	-148
31.43167	-147
31.43333	-147
31.43500	-147
31.43667	-147
31.43833	-147
31.44000	-147
31.44167	-147
31.44333	-147
31.44500	-147
31.44667	-147
31.44833	-146
31.45000	-147
31.45167	-147
31.45333	-147
31.45500	-147
31.45667	-146
31.45833	-147
31.46000	-147
31.46167	-147
31.46333	-147
31.46500	-147
31.46667	-147
31.46833	-147
31.47000	-147
31.47167	-147
31.47333	-148
31.47500	-147
31.47667	-148
31.47833	-147
31.48000	-147
31.48167	-148
31.48333	-148
31.48500	-147
31.48667	-148
31.48833	-148
31.49000	-147
31.49167	-148
31.49333	-149
31.49500	-148
31.49667	-148
31.49833	-149
31.50000	-149
31.50167	-149
31.50333	-149
31.50500	-149
31.50667	-150
31.50833	-150
31.51000	-149
31.51167	-150
31.51333	-150
31.51500	-150
31.51667	-150
31.51833	-150
31.52000	-150
31.52167	-150
31.52333	-150
31.52500	-151
31.52667	-151
31.52833	-150
31.53000	-151
31.53167	-151
31.53333	-151
31.53500	-151
31.53667	-151
31.53833	-151
31.54000	-151
31.54167	-151
31.54333	-152
31.54500	-151
31.54667	-151
31.54833	-152
31.55000	-151
31.55167	-152
31.55333	-152
31.55500	-152
31.55667	-152
31.55833	-153
31.56000	-152
31.56167	-153
31.56333	-152
31.56500	-153
31.56667	-154
31.56833	-153
31.57000	-154
31.57167	-154
31.57333	-154
31.57500	-155
31.57667	-155
31.57833	-155
31.58000	-156
31.58167	-156
31.58333	-156
31.58500	-156
31.58667	-157
31.58833	-157
31.59000	-157
31.59167	-158
31.59333	-158
31.59500	-158
31.59667	-158
31.59833	-158
31.60000	-158
31.60167	-159
31.60333	-158
31.60500	-159
31.60667	-158
31.60833	-159
31.61000	-159
31.61167	-158
31.61333	-159
31.61500	-159
31.61667	-158
31.61833	-159
31.62000	-158
31.62167	-158
31.62333	-158
31.62500	-158
31.62667	-158
31.62833	-158
31.63000	-158
31.63167	-158
31.63333	-157
31.63500	-158
31.63667	-157
31.63833	-158
31.64000	-157
31.64167	-158
31.64333	-157
31.64500	-157
31.64667	-157
31.64833	-158
31.65000	-157
31.65167	-157
31.65333	-158
31.65500	-157
31.65667	-158
31.65833	-157
31.66000	-158
31.66167	-157
31.66333	-158
31.66500	-157
31.66667	-158
31.66833	-158
31.67000	-157
31.67167	-158
31.67333	-158
31.67500	-158
31.67667	-158
31.67833	-157
31.68000	-158
31.68167	-157
31.68333	-157
31.68500	-158
31.68667	-157
31.68833	-156
31.69000	-157
31.69167	-156
31.69333	-157
31.69500	-156
31.69667	-156
31.69833	-155
31.70000	-156
31.70167	-155
31.70333	-156
31.70500	-155
31.70667	-155
31.70833	-155
31.71000	-155
31.71167	-155
31.71333	-154
31.71500	-155
31.71667	-155
31.71833	-154
31.72000	-155
31.72167	-154
31.72333	-155
31.72500	-154
31.72667	-155
31.72833	-154
31.73000	-155
31.73167	-154
31.73333	-155
31.73500	-155
31.73667	-154
31.73833	-155
31.74000	-155
31.74167	-155
31.74333	-155
31.74500	-155
31.74667	-155
31.74833	-156
31.75000	-155
31.75167	-155
31.75333	-156
31.75500	-155
31.75667	-156
31.75833	-155
31.76000	-155
31.76167	-156
31.76333	-156
31.76500	-155
31.76667	-156
31.76833	-156
31.77000	-156
31.77167	-156
31.77333	-157
31.77500	-156
31.77667	-157
31.77833	-156
31.78000	-156
31.78167	-157
31.78333	-157
31.78500	-157
31.78667	-158
31.78833	-157
31.79000	-158
31.79167	-157
31.79333	-158
31.79500	-158
31.79667	-158
31.79833	-158
31.80000	-158
31.80167	-158
31.80333	-159
31.80500	-158
31.80667	-159
31.80833	-159
31.81000	-159
31.81167	-159
31.81333	-159
31.81500	-159
31.81667	-159
31.81833	-159
31.82000	-160
31.82167	-159
31.82333	-159
31.82500	-160
31.82667	-159
31.82833	-159
31.83000	-159
31.83167	-159
31.83333	-160
31.83500	-159
31.83667	-159
31.83833	-160
31.84000	-159
31.84167	-160
31.84333	-160
31.84500	-159
31.84667	-160
31.84833	-160
31.85000	-160
31.85167	-161
31.85333	-160
31.85500	-161
31.85667	-161
31.85833	-161
31.86000	-161
31.86167	-161
31.86333	-162
31.86500	-162
31.86667	-162
31.86833	-162
31.87000	-163
31.87167	-162
31.87333	-162
31.87500	-163
31.87667	-163
31.87833	-163
31.88000	-163
31.88167	-163
31.88333	-163
31.88500	-163
31.88667	-164
31.88833	-163
31.89000	-164
31.89167	-163
31.89333	-163
31.89500	-163
31.89667	-163
31.89833	-163
31.90000	-163
31.90167	-163
31.90333	-162
31.90500	-163
31.90667	-162
31.90833	-163
31.91000	-162
31.91167	-163
31.91333	-161
31.91500	-162
31.91667	-162
31.91833	-161
31.92000	-162
31.92167	-161
31.92333	-161
31.92500	-160
31.92667	-161
31.92833	-161
31.93000	-160
31.93167	-160
31.93333	-160
31.93500	-160
31.93667	-160
31.93833	-160
31.94000	-160
31.94167	-160
31.94333	-160
31.94500	-160
31.94667	-160
31.94833	-159
31.95000	-160
31.95167	-160
31.95333	-159
31.95500	-160
31.95667	-160
31.95833	-161
31.96000	-160
31.96167	-160
31.96333	-161
31.96500	-160
31.96667	-160
31.96833	-161
31.97000	-160
31.97167	-161
31.97333	-160
31.97500	-161
31.97667	-161
31.97833	-160
31.98000	-161
31.98167	-161
31.98333	-161
31.98500	-161
31.98667	-162
31.98833	-161
31.99000	-161
31.99167	-161
31.99333	-161
31.99500	-161
31.99667	-162
31.99833	-161
32.00000	-161
32.00167	-162
32.00333	-161
32.00500	-161
32.00667	-162
32.00833	-161
32.01000	-161
32.01167	-160
32.01333	-161
32.01500	-160
32.01667	-161
32.01833	-160
32.02000	-160
32.02167	-160
32.02333	-160
32.02500	-160
32.02667	-159
32.02833	-159
32.03000	-159
32.03167	-159
32.03333	-159
32.03500	-159
32.03667	-158
32.03833	-158
32.04000	-158
32.04167	-159
32.04333	-157
32.04500	-158
32.04667	-158
32.04833	-158
32.05000	-158
32.05167	-158
32.05333	-158
32.05500	-157
32.05667	-158
32.05833	-158
32.06000	-158
32.06167	-158
32.06333	-158
32.06500	-159
32.06667	-158
32.06833	-159
32.07000	-159
32.07167	-159
32.07333	-159
32.07500	-159
32.07667	-158
32.07833	-159
32.08000	-159
32.08167	-159
32.08333	-159
32.08500	-159
32.08667	-159
32.08833	-159
32.09000	-159
32.09167	-159
32.09333	-159
32.09500	-159
32.09667	-160
32.09833	-159
32.10000	-159
32.10167	-159
32.10333	-159
32.10500	-160
32.10667	-159
32.10833	-159
32.11000	-160
32.11167	-159
32.11333	-160
32.11500	-159
32.11667	-160
32.11833	-160
32.12000	-159
32.12167	-160
32.12333	-160
32.12500	-160
32.12667	-160
32.12833	-160
32.13000	-160
32.13167	-161
32.13333	-160
32.13500	-161
32.13667	-160
32.13833	-161
32.14000	-162
32.14167	-161
32.14333	-161
32.14500	-162
32.14667	-162
32.14833	-163
32.15000	-162
32.15167	-163
32.15333	-162
32.15500	-163
32.15667	-163
32.15833	-163
32.16000	-163
32.16167	-163
32.16333	-163
32.16500	-163
32.16667	-163
32.16833	-163
32.17000	-163
32.17167	-163
32.17333	-164
32.17500	-163
32.17667	-162
32.17833	-163
32.18000	-163
32.18167	-163
32.18333	-162
32.18500	-163
32.18667	-162
32.18833	-162
32.19000	-162
32.19167	-162
32.19333	-162
32.19500	-161
32.19667	-162
32.19833	-161
32.20000	-161
32.20167	-162
32.20333	-160
32.20500	-161
32.20667	-161
32.20833	-161
32.21000	-160
32.21167	-160
32.21333	-161
32.21500	-160
32.21667	-160
32.21833	-160
32.22000	-159
32.22167	-160
32.22333	-160
32.22500	-160
32.22667	-159
32.22833	-160
32.23000	-159
32.23167	-159
32.23333	-160
32.23500	-159
32.23667	-159
32.23833	-160
32.24000	-159
32.24167	-159
32.24333	-160
32.24500	-160
32.24667	-160
32.24833	-160
32.25000	-160
32.25167	-160
32.25333	-161
32.25500	-160
32.25667	-161
32.25833	-161
32.26000	-161
32.26167	-161
32.26333	-161
32.26500	-162
32.26667	-161
32.26833	-162
32.27000	-162
32.27167	-163
32.27333	-163
32.27500	-163
32.27667	-163
32.27833	-163
32.28000	-163
32.28167	-163
32.28333	-164
32.28500	-164
32.28667	-164
32.28833	-164
32.29000	-164
32.29167	-165
32.29333	-164
32.29500	-165
32.29667	-165
32.29833	-165
32.30000	-164
32.30167	-165
32.30333	-165
32.30500	-166
32.30667	-165
32.30833	-165
32.31000	-165
32.31167	-165
32.31333	-165
32.31500	-166
32.31667	-165
32.31833	-165
32.32000	-165
32.32167	-165
32.32333	-165
32.32500	-165
32.32667	-165
32.32833	-165
32.33000	-165
32.33167	-165
32.33333	-164
32.33500	-165
32.33667	-164
32.33833	-164
32.34000	-164
32.34167	-164
32.34333	-163
32.34500	-163
32.34667	-163
32.34833	-163
32.35000	-163
32.35167	-162
32.35333	-163
32.35500	-162
32.35667	-163
32.35833	-162
32.36000	-162
32.36167	-162
32.36333	-162
32.36500	-163
32.36667	-162
32.36833	-161
32.37000	-162
32.37167	-162
32.37333	-162
32.37500	-163
32.37667	-162
32.37833	-162
32.38000	-162
32.38167	-162
32.38333	-163
32.38500	-162
32.38667	-163
32.38833	-162
32.39000	-162
32.39167	-163
32.39333	-162
32.39500	-163
32.39667	-163
32.39833	-162
32.40000	-163
32.40167	-163
32.40333	-163
32.40500	-163
32.40667	-163
32.40833	-163
32.41000	-163
32.41167	-164
32.41333	-164
32.41500	-163
32.41667	-164
32.41833	-164
32.42000	-165
32.42167	-164
32.42333	-164
32.42500	-165
32.42667	-164
32.42833	-165
32.43000	-164
32.43167	-165
32.43333	-164
32.43500	-165
32.43667	-165
32.43833	-165
32.44000	-165
32.44167	-166
32.44333	-164
32.44500	-165
32.44667	-166
32.44833	-165
32.45000	-165
32.45167	-165
32.45333	-165
32.45500	-165
32.45667	-165
32.45833	-165
32.46000	-166
32.46167	-165
32.46333	-164
32.46500	-165
32.46667	-165
32.46833	-165
32.47000	-165
32.47167	-165
32.47333	-165
32.47500	-165
32.47667	-165
32.47833	-165
32.48000	-164
32.48167	-165
32.48333	-164
32.48500	-164
32.48667	-164
32.48833	-164
32.49000	-164
32.49167	-164
32.49333	-164
32.49500	-163
32.49667	-164
32.49833	-164
32.50000	-163
32.50167	-164
32.50333	-164
32.50500	-164
32.50667	-164
32.50833	-163
32.51000	-164
32.51167	-164
32.51333	-164
32.51500	-164
32.51667	-165
32.51833	-164
32.52000	-164
32.52167	-165
32.52333	-165
32.52500	-165
32.52667	-165
32.52833	-165
32.53000	-165
32.53167	-166
32.53333	-166
32.53500	-165
32.53667	-166
32.53833	-166
32.54000	-166
32.54167	-165
32.54333	-166
32.54500	-165
32.54667	-166
32.54833	-166
32.55000	-165
32.55167	-166
32.55333	-165
32.55500	-164
32.55667	-165
32.55833	-164
32.56000	-165
32.56167	-164
32.56333	-164
32.56500	-164
32.56667	-163
32.56833	-164
32.57000	-163
32.57167	-163
32.57333	-163
32.57500	-163
32.57667	-163
32.57833	-162
32.58000	-163
32.58167	-163
32.58333	-163
32.58500	-163
32.58667	-163
32.58833	-164
32.59000	-163
32.59167	-164
32.59333	-164
32.59500	-164
32.59667	-164
32.59833	-164
32.60000	-165
32.60167	-165
32.60333	-165
32.60500	-165
32.60667	-165
32.60833	-165
32.61000	-165
32.61167	-165
32.61333	-166
32.61500	-165
32.61667	-166
32.61833	-166
32.62000	-166
32.62167	-166
32.62333	-166
32.62500	-165
32.62667	-166
32.62833	-166
32.63000	-166
32.63167	-165
32.63333	-166
32.63500	-165
32.63667	-165
32.63833	-166
32.64000	-165
32.64167	-165
32.64333	-165
32.64500	-166
32.64667	-165
32.64833	-165
32.65000	-165
32.65167	-165
32.65333	-165
32.65500	-165
32.65667	-165
32.65833	-164
32.66000	-165
32.66167	-164
32.66333	-164
32.66500	-164
32.66667	-165
32.66833	-164
32.67000	-164
32.67167	-163
32.67333	-163
32.67500	-163
32.67667	-163
32.67833	-163
32.68000	-163
32.68167	-162
32.68333	-162
32.68500	-163
32.68667	-162
32.68833	-162
32.69000	-161
32.69167	-162
32.69333	-162
32.69500	-161
32.69667	-161
32.69833	-161
32.70000	-162
32.70167	-161
32.70333	-161
32.70500	-161
32.70667	-162
32.70833	-161
32.71000	-161
32.71167	-162
32.71333	-161
32.71500	-162
32.71667	-161
32.71833	-162
32.72000	-162
32.72167	-162
32.72333	-161
32.72500	-162
32.72667	-162
32.72833	-162
32.73000	-163
32.73167	-162
32.73333	-162
32.73500	-162
32.73667	-163
32.73833	-162
32.74000	-163
32.74167	-162
32.74333	-163
32.74500	-163
32.74667	-162
32.74833	-163
32.75000	-163
32.75167	-162
32.75333	-163
32.75500	-162
32.75667	-163
32.75833	-162
32.76000	-163
32.76167	-162
32.76333	-163
32.76500	-162
32.76667	-162
32.76833	-162
32.77000	-162
32.77167	-162
32.77333	-162
32.77500	-162
32.77667	-162
32.77833	-161
32.78000	-162
32.78167	-162
32.78333	-162
32.78500	-162
32.78667	-162
32.78833	-161
32.79000	-162
32.79167	-162
32.79333	-162
32.79500	-161
32.79667	-162
32.79833	-161
32.80000	-162
32.80167	-161
32.80333	-162
32.80500	-162
32.80667	-162
32.80833	-162
32.81000	-162
32.81167	-162
32.81333	-161
32.81500	-162
32.81667	-162
32.81833	-162
32.82000	-162
32.82167	-162
32.82333	-163
32.82500	-161
32.82667	-162
32.82833	-163
32.83000	-162
32.83167	-162
32.83333	-161
32.83500	-162
32.83667	-162
32.83833	-162
32.84000	-162
32.84167	-162
32.84333	-162
32.84500	-161
32.84667	-162
32.84833	-161
32.85000	-162
32.85167	-161
32.85333	-162
32.85500	-161
32.85667	-162
32.85833	-161
32.86000	-162
32.86167	-162
32.86333	-162
32.86500	-162
32.86667	-162
32.86833	-163
32.87000	-162
32.87167	-163
32.87333	-162
32.87500	-163
32.87667	-162
32.87833	-163
32.88000	-163
32.88167	-163
32.88333	-163
32.88500	-164
32.88667	-163
32.88833	-163
32.89000	-164
32.89167	-164
32.89333	-164
32.89500	-164
32.89667	-164
32.89833	-164
32.90000	-164
32.90167	-165
32.90333	-164
32.90500	-165
32.90667	-165
32.90833	-165
32.91000	-165
32.91167	-165
32.91333	-165
32.91500	-165
32.91667	-166
32.91833	-165
32.92000	-165
32.92167	-165
32.92333	-166
32.92500	-165
32.92667	-166
32.92833	-165
32.93000	-166
32.93167	-165
32.93333	-166
32.93500	-165
32.93667	-166
32.93833	-165
32.94000	-165
32.94167	-165
32.94333	-165
32.94500	-165
32.94667	-166
32.94833	-164
32.95000	-165
32.95167	-165
32.95333	-164
32.95500	-165
32.95667	-164
32.95833	-164
32.96000	-165
32.96167	-164
32.96333	-164
32.96500	-164
32.96667	-165
32.96833	-164
32.97000	-165
32.97167	-164
32.97333	-165
32.97500	-164
32.97667	-165
32.97833	-164
32.98000	-165
32.98167	-165
32.98333	-164
32.98500	-165
32.98667	-165
32.98833	-165
32.99000	-165
32.99167	-165
32.99333	-165
32.99500	-166
32.99667	-165
32.99833	-166
33.00000	-165
33.00167	-166
33.00333	-166
33.00500	-165
33.00667	-166
33.00833	-166
33.01000	-166
33.01167	-166
33.01333	-166
33.01500	-166
33.01667	-166
33.01833	-166
33.02000	-166
33.02167	-166
33.02333	-165
33.02500	-166
33.02667	-166
33.02833	-166
33.03000	-166
33.03167	-166
33.03333	-166
33.03500	-167
33.03667	-166
33.03833	-166
33.04000	-166
33.04167	-166
33.04333	-167
33.04500	-167
33.04667	-166
33.04833	-167
33.05000	-167
33.05167	-167
33.05333	-167
33.05500	-167
33.05667	-167
33.05833	-167
33.06000	-167
33.06167	-167
33.06333	-167
33.06500	-167
33.06667	-167
33.06833	-167
33.07000	-166
33.07167	-167
33.07333	-166
33.07500	-167
33.07667	-166
33.07833	-166
33.08000	-167
33.08167	-166
33.08333	-167
33.08500	-166
33.08667	-167
33.08833	-167
33.09000	-166
33.09167	-167
33.09333	-167
33.09500	-166
33.09667	-168
33.09833	-167
33.10000	-167
33.10167	-167
33.10333	-167
33.10500	-167
33.10667	-167
33.10833	-167
33.11000	-167
33.11167	-167
33.11333	-167
33.11500	-167
33.11667	-167
33.11833	-167
33.12000	-166
33.12167	-167
33.12333	-166
33.12500	-167
33.12667	-167
33.12833	-166
33.13000	-166
33.13167	-167
33.13333	-166
33.13500	-166
33.13667	-166
33.13833	-166
33.14000	-166
33.14167	-166
33.14333	-166
33.14500	-166
33.14667	-166
33.14833	-166
33.15000	-165
33.15167	-166
33.15333	-165
33.15500	-166
33.15667	-165
33.15833	-165
33.16000	-165
33.16167	-165
33.16333	-165
33.16500	-164
33.16667	-165
33.16833	-165
33.17000	-165
33.17167	-164
33.17333	-165
33.17500	-165
33.17667	-164
33.17833	-165
33.18000	-164
33.18167	-164
33.18333	-165
33.18500	-164
33.18667	-165
33.18833	-164
33.19000	-164
33.19167	-165
33.19333	-164
33.19500	-165
33.19667	-164
33.19833	-164
33.20000	-164
33.20167	-164
33.20333	-165
33.20500	-164
33.20667	-164
33.20833	-164
33.21000	-164
33.21167	-164
33.21333	-164
33.21500	-164
33.21667	-164
33.21833	-164
33.22000	-164
33.22167	-164
33.22333	-164
33.22500	-164
33.22667	-164
33.22833	-163
33.23000	-164
33.23167	-164
33.23333	-164
33.23500	-164
33.23667	-164
33.23833	-164
33.24000	-164
33.24167	-164
33.24333	-164
33.24500	-164
33.24667	-164
33.24833	-163
33.25000	-164
33.25167	-164
33.25333	-164
33.25500	-163
33.25667	-164
33.25833	-163
33.26000	-164
33.26167	-163
33.26333	-164
33.26500	-163
33.26667	-164
33.26833	-163
33.27000	-163
33.27167	-163
33.27333	-163
33.27500	-163
33.27667	-164
33.27833	-163
33.28000	-163
33.28167	-163
33.28333	-163
33.28500	-163
33.28667	-163
33.28833	-163
33.29000	-163
33.29167	-162
33.29333	-163
33.29500	-163
33.29667	-163
33.29833	-163
33.30000	-163
33.30167	-163
33.30333	-164
33.30500	-163
33.30667	-164
33.30833	-163
33.31000	-164
33.31167	-164
33.31333	-164
33.31500	-164
33.31667	-164
33.31833	-164
33.32000	-164
33.32167	-164
33.32333	-164
33.32500	-164
33.32667	-164
33.32833	-163
33.33000	-164
33.33167	-163
33.33333	-164
33.33500	-163
33.33667	-163
33.33833	-163
33.34000	-162
33.34167	-162
33.34333	-162
33.34500	-161
33.34667	-161
33.34833	-160
33.35000	-160
33.35167	-160
33.35333	-159
33.35500	-160
33.35667	-158
33.35833	-159
33.36000	-158
33.36167	-157
33.36333	-158
33.36500	-157
33.36667	-157
33.36833	-157
33.37000	-156
33.37167	-157
33.37333	-156
33.37500	-156
33.37667	-157
33.37833	-156
33.38000	-156
33.38167	-157
33.38333	-156
33.38500	-156
33.38667	-156
33.38833	-157
33.39000	-156
33.39167	-156
33.39333	-156
33.39500	-156
33.39667	-156
33.39833	-156
33.40000	-156
33.40167	-156
33.40333	-157
33.40500	-156
33.40667	-156
33.40833	-157
33.41000	-156
33.41167	-156
33.41333	-157
33.41500	-157
33.41667	-157
33.41833	-157
33.42000	-157
33.42167	-158
33.42333	-157
33.42500	-158
33.42667	-158
33.42833	-158
33.43000	-158
33.43167	-159
33.43333	-159
33.43500	-159
33.43667	-159
33.43833	-160
33.44000	-159
33.44167	-161
33.44333	-160
33.44500	-161
33.44667	-161
33.44833	-161
33.45000	-161
33.45167	-162
33.45333	-162
33.45500	-162
33.45667	-162
33.45833	-163
33.46000	-162
33.46167	-163
33.46333	-162
33.46500	-163
33.46667	-163
33.46833	-163
33.47000	-163
33.47167	-163
33.47333	-163
33.47500	-163
33.47667	-163
33.47833	-163
33.48000	-162
33.48167	-163
33.48333	-163
33.48500	-163
33.48667	-162
33.48833	-163
33.49000	-163
33.49167	-162
33.49333	-162
33.49500	-162
33.49667	-162
33.49833	-162
33.50000	-162
33.50167	-161
33.50333	-162
33.50500	-161
33.50667	-161
33.50833	-161
33.51000	-161
33.51167	-161
33.51333	-160
33.51500	-161
33.51667	-161
33.51833	-160
33.52000	-161
33.52167	-160
33.52333	-161
33.52500	-161
33.52667	-160
33.52833	-161
33.53000	-160
33.53167	-161
33.53333	-160
33.53500	-161
33.53667	-161
33.53833	-161
33.54000	-160
33.54167	-161
33.54333	-161
33.54500	-161
33.54667	-161
33.54833	-161
33.55000	-162
33.55167	-161
33.55333	-162
33.55500	-162
33.55667	-162
33.55833	-162
33.56000	-162
33.56167	-162
33.56333	-162
33.56500	-162
33.56667	-162
33.56833	-162
33.57000	-162
33.57167	-162
33.57333	-162
33.57500	-162
33.57667	-163
33.57833	-162
33.58000	-162
33.58167	-163
33.58333	-162
33.58500	-163
33.58667	-162
33.58833	-162
33.59000	-163
33.59167	-162
33.59333	-162
33.59500	-163
33.59667	-162
33.59833	-163
33.60000	-163
33.60167	-163
33.60333	-163
33.60500	-163
33.60667	-163
33.60833	-164
33.61000	-163
33.61167	-164
33.61333	-163
33.61500	-163
33.61667	-163
33.61833	-163
33.62000	-162
33.62167	-163
33.62333	-163
33.62500	-163
33.62667	-163
33.62833	-162
33.63000	-163
33.63167	-163
33.63333	-162
33.63500	-163
33.63667	-162
33.63833	-162
33.64000	-162
33.64167	-162
33.64333	-162
33.64500	-161
33.64667	-161
33.64833	-161
33.65000	-161
33.65167	-161
33.65333	-161
33.65500	-160
33.65667	-160
33.65833	-160
33.66000	-160
33.66167	-160
33.66333	-160
33.66500	-160
33.66667	-160
33.66833	-160
33.67000	-160
33.67167	-159
33.67333	-160
33.67500	-160
33.67667	-160
33.67833	-160
33.68000	-160
33.68167	-160
33.68333	-160
33.68500	-160
33.68667	-160
33.68833	-161
33.69000	-160
33.69167	-161
33.69333	-161
33.69500	-161
33.69667	-161
33.69833	-162
33.70000	-161
33.70167	-162
33.70333	-162
33.70500	-162
33.70667	-162
33.70833	-163
33.71000	-162
33.71167	-163
33.71333	-163
33.71500	-163
33.71667	-163
33.71833	-164
33.72000	-164
33.72167	-164
33.72333	-164
33.72500	-164
33.72667	-164
33.72833	-164
33.73000	-165
33.73167	-164
33.73333	-165
33.73500	-165
33.73667	-164
33.73833	-165
33.74000	-165
33.74167	-165
33.74333	-164
33.74500	-165
33.74667	-165
33.74833	-165
33.75000	-165
33.75167	-164
33.75333	-165
33.75500	-165
33.75667	-164
33.75833	-164
33.76000	-164
33.76167	-164
33.76333	-164
33.76500	-165
33.76667	-164
33.76833	-164
33.77000	-164
33.77167	-164
33.77333	-164
33.77500	-164
33.77667	-164
33.77833	-164
33.78000	-165
33.78167	-164
33.78333	-165
33.78500	-165
33.78667	-165
33.78833	-164
33.79000	-165
33.79167	-166
33.79333	-165
33.79500	-165
33.79667	-166
33.79833	-165
33.80000	-166
33.80167	-166
33.80333	-166
33.80500	-166
33.80667	-166
33.80833	-166
33.81000	-166
33.81167	-166
33.81333	-166
33.81500	-167
33.81667	-166
33.81833	-167
33.82000	-166
33.82167	-167
33.82333	-167
33.82500	-167
33.82667	-167
33.82833	-167
33.83000	-167
33.83167	-168
33.83333	-167
33.83500	-168
33.83667	-168
33.83833	-168
33.84000	-169
33.84167	-168
33.84333	-168
33.84500	-168
33.84667	-168
33.84833	-168
33.85000	-168
33.85167	-168
33.85333	-167
33.85500	-168
33.85667	-167
33.85833	-167
33.86000	-167
33.86167	-167
33.86333	-167
33.86500	-166
33.86667	-166
33.86833	-166
33.87000	-166
33.87167	-166
33.87333	-165
33.87500	-166
33.87667	-166
33.87833	-165
33.88000	-166
33.88167	-166
33.88333	-165
33.88500	-166
33.88667	-166
33.88833	-165
33.89000	-166
33.89167	-166
33.89333	-167
33.89500	-166
33.89667	-167
33.89833	-166
33.90000	-167
33.90167	-167
33.90333	-167
33.90500	-167
33.90667	-167
33.90833	-167
33.91000	-167
33.91167	-167
33.91333	-167
33.91500	-168
33.91667	-168
33.91833	-167
33.92000	-168
33.92167	-167
33.92333	-168
33.92500	-167
33.92667	-168
33.92833	-167
33.93000	-168
33.93167	-167
33.93333	-167
33.93500	-168
33.93667	-167
33.93833	-167
33.94000	-167
33.94167	-167
33.94333	-167
33.94500	-167
33.94667	-167
33.94833	-166
33.95000	-167
33.95167	-166
33.95333	-167
33.95500	-166
33.95667	-167
33.95833	-166
33.96000	-166
33.96167	-167
33.96333	-166
33.96500	-166
33.96667	-166
33.96833	-166
33.97000	-166
33.97167	-166
33.97333	-166
33.97500	-166
33.97667	-166
33.97833	-166
33.98000	-166
33.98167	-167
33.98333	-166
33.98500	-166
33.98667	-167
33.98833	-166
33.99000	-166
33.99167	-166
33.99333	-166
33.99500	-165
33.99667	-166
33.99833	-165
34.00000	-165
34.00167	-166
34.00333	-166
34.00500	-165
34.00667	-166
34.00833	-165
34.01000	-166
34.01167	-165
34.01333	-166
34.01500	-165
34.01667	-165
34.01833	-165
34.02000	-166
34.02167	-165
34.02333	-165
34.02500	-165
34.02667	-166
34.02833	-165
34.03000	-165
34.03167	-165
34.03333	-165
34.03500	-165
34.03667	-166
34.03833	-165
34.04000	-165
34.04167	-165
34.04333	-165
34.04500	-165
34.04667	-166
34.04833	-165
34.05000	-165
34.05167	-165
34.05333	-166
34.05500	-165
34.05667	-166
34.05833	-165
34.06000	-166
34.06167	-166
34.06333	-166
34.06500	-166
34.06667	-166
34.06833	-165
34.07000	-166
34.07167	-166
34.07333	-166
34.07500	-165
34.07667	-166
34.07833	-166
34.08000	-166
34.08167	-166
34.08333	-167
34.08500	-166
34.08667	-166
34.08833	-167
34.09000	-166
34.09167	-167
34.09333	-167
34.09500	-166
34.09667	-167
34.09833	-167
34.10000	-167
34.10167	-167
34.10333	-168
34.10500	-167
34.10667	-167
34.10833	-168
34.11000	-168
34.11167	-168
34.11333	-168
34.11500	-168
34.11667	-168
34.11833	-169
34.12000	-168
34.12167	-168
34.12333	-168
34.12500	-169
34.12667	-168
34.12833	-169
34.13000	-168
34.13167	-168
34.13333	-169
34.13500	-168
34.13667	-168
34.13833	-168
34.14000	-168
34.14167	-168
34.14333	-168
34.14500	-168
34.14667	-167
34.14833	-168
34.15000	-167
34.15167	-168
34.15333	-167
34.15500	-167
34.15667	-167
34.15833	-168
34.16000	-167
34.16167	-167
34.16333	-167
34.16500	-167
34.16667	-166
34.16833	-167
34.17000	-166
34.17167	-167
34.17333	-166
34.17500	-166
34.17667	-167
34.17833	-166
34.18000	-166
34.18167	-166
34.18333	-166
34.18500	-166
34.18667	-165
34.18833	-166
34.19000	-166
34.19167	-166
34.19333	-165
34.19500	-166
34.19667	-166
34.19833	-165
34.20000	-166
34.20167	-165
34.20333	-165
34.20500	-165
34.20667	-165
34.20833	-166
34.21000	-165
34.21167	-165
34.21333	-165
34.21500	-166
34.21667	-165
34.21833	-166
34.22000	-165
34.22167	-165
34.22333	-165
34.22500	-166
34.22667	-165
34.22833	-165
34.23000	-165
34.23167	-166
34.23333	-165
34.23500	-166
34.23667	-166
34.23833	-166
34.24000	-166
34.24167	-166
34.24333	-166
34.24500	-166
34.24667	-166
34.24833	-167
34.25000	-166
34.25167	-167
34.25333	-166
34.25500	-166
34.25667	-167
34.25833	-167
34.26000	-167
34.26167	-167
34.26333	-167
34.26500	-167
34.26667	-167
34.26833	-167
34.27000	-168
34.27167	-167
34.27333	-167
34.27500	-168
34.27667	-167
34.27833	-168
34.28000	-167
34.28167	-167
34.28333	-168
34.28500	-168
34.28667	-167
34.28833	-168
34.29000	-168
34.29167	-168
34.29333	-167
34.29500	-168
34.29667	-168
34.29833	-168
34.30000	-167
34.30167	-168
34.30333	-168
34.30500	-168
34.30667	-167
34.30833	-168
34.31000	-168
34.31167	-168
34.31333	-167
34.31500	-168
34.31667	-167
34.31833	-168
34.32000	-167
34.32167	-167
34.32333	-167
34.32500	-167
34.32667	-167
34.32833	-167
34.33000	-167
34.33167	-167
34.33333	-167
34.33500	-167
34.33667	-167
34.33833	-167
34.34000	-167
34.34167	-167
34.34333	-167
34.34500	-167
34.34667	-167
34.34833	-167
34.35000	-167
34.35167	-167
34.35333	-167
34.35500	-166
34.35667	-167
34.35833	-167
34.36000	-166
34.36167	-166
34.36333	-166
34.36500	-166
34.36667	-166
34.36833	-165
34.37000	-165
34.37167	-166
34.37333	-164
34.37500	-165
34.37667	-165
34.37833	-164
34.38000	-164
34.38167	-164
34.38333	-164
34.38500	-164
34.38667	-164
34.38833	-163
34.39000	-164
34.39167	-163
34.39333	-164
34.39500	-163
34.39667	-163
34.39833	-164
34.40000	-163
34.40167	-163
34.40333	-163
34.40500	-163
34.40667	-163
34.40833	-163
34.41000	-163
34.41167	-164
34.41333	-163
34.41500	-164
34.41667	-163
34.41833	-164
34.42000	-164
34.42167	-164
34.42333	-164
34.42500	-164
34.42667	-164
34.42833	-165
34.43000	-164
34.43167	-164
34.43333	-164
34.43500	-164
34.43667	-164
34.43833	-164
34.44000	-165
34.44167	-164
34.44333	-164
34.44500	-164
34.44667	-165
34.44833	-164
34.45000	-165
34.45167	-164
34.45333	-165
34.45500	-165
34.45667	-164
34.45833	-165
34.46000	-165
34.46167	-166
34.46333	-165
34.46500	-165
34.46667	-166
34.46833	-165
34.47000	-166
34.47167	-166
34.47333	-166
34.47500	-166
34.47667	-166
34.47833	-166
34.48000	-166
34.48167	-166
34.48333	-166
34.48500	-167
34.48667	-166
34.48833	-166
34.49000	-166
34.49167	-166
34.49333	-166
34.49500	-166
34.49667	-166
34.49833	-166
34.50000	-166
34.50167	-166
34.50333	-166
34.50500	-166
34.50667	-166
34.50833	-166
34.51000	-167
34.51167	-166
34.51333	-166
34.51500	-166
34.51667	-166
34.51833	-167
34.52000	-166
34.52167	-166
34.52333	-167
34.52500	-166
34.52667	-167
34.52833	-166
34.53000	-167
34.53167	-166
34.53333	-167
34.53500	-167
34.53667	-168
34.53833	-167
34.54000	-168
34.54167	-167
34.54333	-168
34.54500	-167
34.54667	-167
34.54833	-168
34.55000	-167
34.55167	-167
34.55333	-167
34.55500	-168
34.55667	-167
34.55833	-167
34.56000	-166
34.56167	-167
34.56333	-167
34.56500	-167
34.56667	-166
34.56833	-167
34.57000	-166
34.57167	-167
34.57333	-167
34.57500	-166
34.57667	-167
34.57833	-166
34.58000	-167
34.58167	-167
34.58333	-166
34.58500	-167
34.58667	-167
34.58833	-166
34.59000	-167
34.59167	-166
34.59333	-167
34.59500	-167
34.59667	-167
34.59833	-168
34.60000	-167
34.60167	-168
34.60333	-168
34.60500	-167
34.60667	-168
34.60833	-169
34.61000	-168
34.61167	-168
34.61333	-169
34.61500	-169
34.61667	-170
34.61833	-170
34.62000	-169
34.62167	-171
34.62333	-170
34.62500	-170
34.62667	-171
34.62833	-171
34.63000	-171
34.63167	-171
34.63333	-171
34.63500	-172
34.63667	-171
34.63833	-172
34.64000	-171
34.64167	-172
34.64333	-171
34.64500	-172
34.64667	-171
34.64833	-171
34.65000	-172
34.65167	-171
34.65333	-171
34.65500	-171
34.65667	-171
34.65833	-171
34.66000	-170
34.66167	-170
34.66333	-170
34.66500	-170
34.66667	-170
34.66833	-169
34.67000	-170
34.67167	-169
34.67333	-169
34.67500	-168
34.67667	-169
34.67833	-168
34.68000	-169
34.68167	-168
34.68333	-168
34.68500	-168
34.68667	-168
34.68833	-168
34.69000	-168
34.69167	-168
34.69333	-168
34.69500	-168
34.69667	-167
34.69833	-168
34.70000	-167
34.70167	-168
34.70333	-167
34.70500	-167
34.70667	-167
34.70833	-167
34.71000	-166
34.71167	-167
34.71333	-166
34.71500	-166
34.71667	-166
34.71833	-166
34.72000	-166
34.72167	-165
34.72333	-166
34.72500	-165
34.72667	-166
34.72833	-165
34.73000	-165
34.73167	-165
34.73333	-165
34.73500	-165
34.73667	-165
34.73833	-165
34.74000	-165
34.74167	-165
34.74333	-166
34.74500	-164
34.74667	-165
34.74833	-165
34.75000	-166
34.75167	-165
34.75333	-165
34.75500	-166
34.75667	-166
34.75833	-165
34.76000	-166
34.76167	-166
34.76333	-166
34.76500	-166
34.76667	-166
34.76833	-166
34.77000	-167
34.77167	-166
34.77333	-167
34.77500	-167
34.77667	-167
34.77833	-167
34.78000	-167
34.78167	-167
34.78333	-167
34.78500	-168
34.78667	-167
34.78833	-167
34.79000	-168
34.79167	-168
34.79333	-168
34.79500	-168
34.79667	-168
34.79833	-168
34.80000	-169
34.80167	-168
34.80333	-168
34.80500	-169
34.80667	-168
34.80833	-169
34.81000	-169
34.81167	-168
34.81333	-169
34.81500	-170
34.81667	-169
34.81833	-169
34.82000	-170
34.82167	-170
34.82333	-170
34.82500	-170
34.82667	-171
34.82833	-170
34.83000	-171
34.83167	-170
34.83333	-170
34.83500	-171
34.83667	-170
34.83833	-171
34.84000	-171
34.84167	-170
34.84333	-171
34.84500	-171
34.84667	-171
34.84833	-170
34.85000	-170
34.85167	-171
34.85333	-170
34.85500	-170
34.85667	-171
34.85833	-170
34.86000	-171
34.86167	-170
34.86333	-170
34.86500	-171
34.86667	-170
34.86833	-170
34.87000	-170
34.87167	-170
34.87333	-170
34.87500	-170
34.87667	-169
34.87833	-170
34.88000	-169
34.88167	-169
34.88333	-169
34.88500	-169
34.88667	-169
34.88833	-168
34.89000	-168
34.89167	-169
34.89333	-167
34.89500	-168
34.89667	-167
34.89833	-167
34.90000	-167
34.90167	-167
34.90333	-167
34.90500	-166
34.90667	-167
34.90833	-165
34.91000	-166
34.91167	-166
34.91333	-166
34.91500	-166
34.91667	-165
34.91833	-166
34.92000	-165
34.92167	-165
34.92333	-165
34.92500	-165
34.92667	-165
34.92833	-165
34.93000	-165
34.93167	-165
34.93333	-165
34.93500	-164
34.93667	-165
34.93833	-165
34.94000	-165
34.94167	-165
34.94333	-164
34.94500	-165
34.94667	-165
34.94833	-165
34.95000	-165
34.95167	-165
34.95333	-165
34.95500	-165
34.95667	-165
34.95833	-165
34.96000	-166
34.96167	-166
34.96333	-166
34.96500	-166
34.96667	-167
34.96833	-166
34.97000	-167
34.97167	-167
34.97333	-167
34.97500	-167
34.97667	-167
34.97833	-167
34.98000	-167
34.98167	-167
34.98333	-167
34.98500	-167
34.98667	-167
34.98833	-167
34.99000	-167
34.99167	-167
34.99333	-167
34.99500	-166
34.99667	-167
34.99833	-166
35.00000	-166
35.00167	-167
35.00333	-166
35.00500	-166
35.00667	-166
35.00833	-166
35.01000	-166
35.01167	-166
35.01333	-166
35.01500	-166
35.01667	-166
35.01833	-166
35.02000	-165
35.02167	-166
35.02333	-166
35.02500	-167
35.02667	-166
35.02833	-166
35.03000	-167
35.03167	-166
35.03333	-166
35.03500	-167
35.03667	-166
35.03833	-167
35.04000	-166
35.04167	-167
35.04333	-166
35.04500	-167
35.04667	-166
35.04833	-166
35.05000	-166
35.05167	-166
35.05333	-166
35.05500	-166
35.05667	-166
35.05833	-166
35.06000	-165
35.06167	-166
35.06333	-165
35.06500	-166
35.06667	-165
35.06833	-165
35.07000	-165
35.07167	-165
35.07333	-165
35.07500	-165
35.07667	-165
35.07833	-165
35.08000	-164
35.08167	-165
35.08333	-165
35.08500	-164
35.08667	-165
35.08833	-164
35.09000	-165
35.09167	-164
35.09333	-164
35.09500	-164
35.09667	-165
35.09833	-163
35.10000	-164
35.10167	-164
35.10333	-164
35.10500	-164
35.10667	-164
35.10833	-164
35.11000	-163
35.11167	-163
35.11333	-164
35.11500	-163
35.11667	-164
35.11833	-163
35.12000	-164
35.12167	-163
35.12333	-163
35.12500	-163
35.12667	-163
35.12833	-163
35.13000	-163
35.13167	-163
35.13333	-163
35.13500	-163
35.13667	-163
35.13833	-162
35.14000	-163
35.14167	-162
35.14333	-163
35.14500	-163
35.14667	-163
35.14833	-162
35.15000	-163
35.15167	-162
35.15333	-163
35.15500	-162
35.15667	-163
35.15833	-162
35.16000	-162
35.16167	-162
35.16333	-162
35.16500	-163
35.16667	-161
35.16833	-162
35.17000	-162
35.17167	-162
35.17333	-161
35.17500	-162
35.17667	-161
35.17833	-161
35.18000	-161
35.18167	-161
35.18333	-161
35.18500	-161
35.18667	-160
35.18833	-161
35.19000	-160
35.19167	-160
35.19333	-160
35.19500	-159
35.19667	-160
35.19833	-159
35.20000	-159
35.20167	-159
35.20333	-159
35.20500	-159
35.20667	-158
35.20833	-159
35.21000	-158
35.21167	-157
35.21333	-158
35.21500	-157
35.21667	-157
35.21833	-157
35.22000	-157
35.22167	-157
35.22333	-156
35.22500	-157
35.22667	-157
35.22833	-156
35.23000	-157
35.23167	-156
35.23333	-157
35.23500	-156
35.23667	-156
35.23833	-156
35.24000	-156
35.24167	-156
35.24333	-156
35.24500	-156
35.24667	-155
35.24833	-156
35.25000	-156
35.25167	-155
35.25333	-155
35.25500	-155
35.25667	-155
35.25833	-155
35.26000	-155
35.26167	-155
35.26333	-154
35.26500	-155
35.26667	-154
35.26833	-154
35.27000	-154
35.27167	-154
35.27333	-154
35.27500	-154
35.27667	-154
35.27833	-154
35.28000	-154
35.28167	-153
35.28333	-154
35.28500	-153
35.28667	-154
35.28833	-153
35.29000	-154
35.29167	-154
35.29333	-153
35.29500	-154
35.29667	-153
35.29833	-154
35.30000	-154
35.30167	-154
35.30333	-154
35.30500	-154
35.30667	-154
35.30833	-154
35.31000	-155
35.31167	-155
35.31333	-154
35.31500	-155
35.31667	-155
35.31833	-155
35.32000	-155
35.32167	-156
35.32333	-155
35.32500	-156
35.32667	-156
35.32833	-155
35.33000	-156
35.33167	-156
35.33333	-156
35.33500	-157
35.33667	-156
35.33833	-156
35.34000	-156
35.34167	-156
35.34333	-156
35.34500	-156
35.34667	-156
35.34833	-156
35.35000	-157
35.35167	-156
35.35333	-157
35.35500	-156
35.35667	-157
35.35833	-156
35.36000	-157
35.36167	-158
35.36333	-157
35.36500	-157
35.36667	-158
35.36833	-157
35.37000	-158
35.37167	-158
35.37333	-159
35.37500	-158
35.37667	-159
35.37833	-158
35.38000	-159
35.38167	-159
35.38333	-159
35.38500	-160
35.38667	-159
35.38833	-159
35.39000	-160
35.39167	-159
35.39333	-160
35.39500	-160
35.39667	-159
35.39833	-159
35.40000	-159
35.40167	-159
35.40333	-159
35.40500	-159
35.40667	-158
35.40833	-159
35.41000	-158
35.41167	-159
35.41333	-158
35.41500	-158
35.41667	-158
35.41833	-158
35.42000	-158
35.42167	-158
35.42333	-158
35.42500	-157
35.42667	-158
35.42833	-158
35.43000	-158
35.43167	-158
35.43333	-158
35.43500	-158
35.43667	-158
35.43833	-159
35.44000	-158
35.44167	-158
35.44333	-159
35.44500	-158
35.44667	-159
35.44833	-159
35.45000	-159
35.45167	-160
35.45333	-159
35.45500	-160
35.45667	-160
35.45833	-160
35.46000	-160
35.46167	-160
35.46333	-160
35.46500	-160
35.46667	-161
35.46833	-160
35.47000	-160
35.47167	-160
35.47333	-161
35.47500	-160
35.47667	-160
35.47833	-161
35.48000	-160
35.48167	-161
35.48333	-160
35.48500	-161
35.48667	-161
35.48833	-160
35.49000	-161
35.49167	-160
35.49333	-161
35.49500	-160
35.49667	-161
35.49833	-160
35.50000	-160
35.50167	-161
35.50333	-160
35.50500	-161
35.50667	-160
35.50833	-160
35.51000	-161
35.51167	-160
35.51333	-160
35.51500	-160
35.51667	-161
35.51833	-160
35.52000	-160
35.52167	-161
35.52333	-160
35.52500	-161
35.52667	-161
35.52833	-160
35.53000	-161
35.53167	-161
35.53333	-162
35.53500	-161
35.53667	-162
35.53833	-161
35.54000	-162
35.54167	-162
35.54333	-161
35.54500	-162
35.54667	-162
35.54833	-163
35.55000	-162
35.55167	-163
35.55333	-162
35.55500	-163
35.55667	-163
35.55833	-163
35.56000	-162
35.56167	-163
35.56333	-163
35.56500	-163
35.56667	-164
35.56833	-163
35.57000	-163
35.57167	-163
35.57333	-164
35.57500	-163
35.57667	-162
35.57833	-163
35.58000	-163
35.58167	-163
35.58333	-163
35.58500	-163
35.58667	-163
35.58833	-162
35.59000	-163
35.59167	-163
35.59333	-162
35.59500	-163
35.59667	-163
35.59833	-163
35.60000	-163
35.60167	-163
35.60333	-163
35.60500	-163
35.60667	-164
35.60833	-163
35.61000	-164
35.61167	-164
35.61333	-164
35.61500	-164
35.61667	-165
35.61833	-164
35.62000	-165
35.62167	-165
35.62333	-166
35.62500	-165
35.62667	-166
35.62833	-166
35.63000	-166
35.63167	-166
35.63333	-167
35.63500	-167
35.63667	-167
35.63833	-167
35.64000	-167
35.64167	-168
35.64333	-167
35.64500	-168
35.64667	-168
35.64833	-167
35.65000	-168
35.65167	-167
35.65333	-168
35.65500	-168
35.65667	-168
35.65833	-167
35.66000	-168
35.66167	-168
35.66333	-168
35.66500	-167
35.66667	-168
35.66833	-167
35.67000	-168
35.67167	-167
35.67333	-167
35.67500	-167
35.67667	-167
35.67833	-167
35.68000	-167
35.68167	-168
35.68333	-167
35.68500	-167
35.68667	-167
35.68833	-166
35.69000	-167
35.69167	-167
35.69333	-166
35.69500	-167
35.69667	-166
35.69833	-166
35.70000	-167
35.70167	-165
35.70333	-166
35.70500	-167
35.70667	-166
35.70833	-165
35.71000	-166
35.71167	-166
35.71333	-165
35.71500	-165
35.71667	-166
35.71833	-165
35.72000	-166
35.72167	-165
35.72333	-166
35.72500	-165
35.72667	-166
35.72833	-165
35.73000	-166
35.73167	-165
35.73333	-166
35.73500	-166
35.73667	-166
35.73833	-165
35.74000	-166
35.74167	-166
35.74333	-166
35.74500	-165
35.74667	-167
35.74833	-166
35.75000	-166
35.75167	-167
35.75333	-166
35.75500	-167
35.75667	-166
35.75833	-167
35.76000	-167
35.76167	-167
35.76333	-167
35.76500	-168
35.76667	-167
35.76833	-167
35.77000	-168
35.77167	-168
35.77333	-168
35.77500	-167
35.77667	-169
35.77833	-167
35.78000	-169
35.78167	-168
35.78333	-168
35.78500	-169
35.78667	-168
35.78833	-168
35.79000	-169
35.79167	-169
35.79333	-168
35.79500	-169
35.79667	-169
35.79833	-168
35.80000	-169
35.80167	-169
35.80333	-168
35.80500	-169
35.80667	-169
35.80833	-169
35.81000	-169
35.81167	-168
35.81333	-169
35.81500	-169
35.81667	-169
35.81833	-169
35.82000	-168
35.82167	-169
35.82333	-169
35.82500	-168
35.82667	-169
35.82833	-168
35.83000	-169
35.83167	-168
35.83333	-169
35.83500	-169
35.83667	-169
35.83833	-168
35.84000	-169
35.84167	-169
35.84333	-168
35.84500	-169
35.84667	-169
35.84833	-168
35.85000	-169
35.85167	-168
35.85333	-169
35.85500	-169
35.85667	-169
35.85833	-168
35.86000	-169
35.86167	-168
35.86333	-169
35.86500	-169
35.86667	-169
35.86833	-169
35.87000	-169
35.87167	-169
35.87333	-169
35.87500	-169
35.87667	-169
35.87833	-169
35.88000	-170
35.88167	-169
35.88333	-169
35.88500	-169
35.88667	-170
35.88833	-169
35.89000	-169
35.89167	-169
35.89333	-168
35.89500	-169
35.89667	-168
35.89833	-169
35.90000	-168
35.90167	-168
35.90333	-168
35.90500	-167
35.90667	-168
35.90833	-167
35.91000	-167
35.91167	-167
35.91333	-167
35.91500	-167
35.91667	-167
35.91833	-166
35.92000	-167
35.92167	-166
35.92333	-167
35.92500	-166
35.92667	-166
35.92833	-166
35.93000	-166
35.93167	-166
35.93333	-166
35.93500	-165
35.93667	-166
35.93833	-166
35.94000	-166
35.94167	-166
35.94333	-167
35.94500	-166
35.94667	-167
35.94833	-167
35.95000	-167
35.95167	-167
35.95333	-167
35.95500	-167
35.95667	-168
35.95833	-167
35.96000	-168
35.96167	-167
35.96333	-168
35.96500	-168
35.96667	-168
35.96833	-168
35.97000	-168
35.97167	-168
35.97333	-168
35.97500	-169
35.97667	-168
35.97833	-169
35.98000	-169
35.98167	-169
35.98333	-168
35.98500	-169
35.98667	-169
35.98833	-169
35.99000	-169
35.99167	-169
35.99333	-169
35.99500	-169
35.99667	-169
35.99833	-169
36.00000	-169
36.00167	-168
36.00333	-169
36.00500	-169
36.00667	-168
36.00833	-169
36.01000	-168
36.01167	-168
36.01333	-168
36.01500	-168
36.01667	-167
36.01833	-168
36.02000	-167
36.02167	-167
36.02333	-167
36.02500	-167
36.02667	-166
36.02833	-167
36.03000	-166
36.03167	-166
36.03333	-165
36.03500	-166
36.03667	-165
36.03833	-165
36.04000	-165
36.04167	-165
36.04333	-165
36.04500	-166
36.04667	-164
36.04833	-165
36.05000	-165
36.05167	-165
36.05333	-165
36.05500	-164
36.05667	-165
36.05833	-165
36.06000	-164
36.06167	-164
36.06333	-165
36.06500	-165
36.06667	-164
36.06833	-165
36.07000	-165
36.07167	-165
36.07333	-164
36.07500	-165
36.07667	-165
36.07833	-165
36.08000	-165
36.08167	-164
36.08333	-165
36.08500	-166
36.08667	-165
36.08833	-165
36.09000	-165
36.09167	-165
36.09333	-166
36.09500	-165
36.09667	-166
36.09833	-165
36.10000	-166
36.10167	-166
36.10333	-165
36.10500	-166
36.10667	-166
36.10833	-166
36.11000	-166
36.11167	-166
36.11333	-167
36.11500	-166
36.11667	-167
36.11833	-166
36.12000	-167
36.12167	-167
36.12333	-166
36.12500	-167
36.12667	-168
36.12833	-167
36.13000	-167
36.13167	-167
36.13333	-167
36.13500	-168
36.13667	-167
36.13833	-167
36.14000	-167
36.14167	-167
36.14333	-167
36.14500	-167
36.14667	-167
36.14833	-167
36.15000	-167
36.15167	-167
36.15333	-167
36.15500	-166
36.15667	-167
36.15833	-166
36.16000	-167
36.16167	-166
36.16333	-167
36.16500	-166
36.16667	-167
36.16833	-166
36.17000	-167
36.17167	-166
36.17333	-167
36.17500	-167
36.17667	-167
36.17833	-167
36.18000	-167
36.18167	-167
36.18333	-167
36.18500	-167
36.18667	-168
36.18833	-167
36.19000	-168
36.19167	-168
36.19333	-168
36.19500	-168
36.19667	-169
36.19833	-168
36.20000	-168
36.20167	-168
36.20333	-168
36.20500	-168
36.20667	-168
36.20833	-168
36.21000	-168
36.21167	-167
36.21333	-168
36.21500	-167
36.21667	-168
36.21833	-167
36.22000	-167
36.22167	-167
36.22333	-167
36.22500	-167
36.22667	-166
36.22833	-167
36.23000	-166
36.23167	-166
36.23333	-166
36.23500	-166
36.23667	-166
36.23833	-166
36.24000	-166
36.24167	-166
36.24333	-165
36.24500	-166
36.24667	-166
36.24833	-166
36.25000	-166
36.25167	-166
36.25333	-167
36.25500	-166
36.25667	-166
36.25833	-166
36.26000	-167
36.26167	-166
36.26333	-166
36.26500	-166
36.26667	-166
36.26833	-167
36.27000	-166
36.27167	-166
36.27333	-166
36.27500	-166
36.27667	-167
36.27833	-166
36.28000	-166
36.28167	-166
36.28333	-166
36.28500	-166
36.28667	-165
36.28833	-166
36.29000	-166
36.29167	-166
36.29333	-166
36.29500	-166
36.29667	-166
36.29833	-166
36.30000	-165
36.30167	-166
36.30333	-166
36.30500	-166
36.30667	-166
36.30833	-166
36.31000	-166
36.31167	-166
36.31333	-166
36.31500	-166
36.31667	-166
36.31833	-166
36.32000	-166
36.32167	-166
36.32333	-167
36.32500	-166
36.32667	-166
36.32833	-167
36.33000	-166
36.33167	-167
36.33333	-167
36.33500	-166
36.33667	-167
36.33833	-166
36.34000	-167
36.34167	-166
36.34333	-166
36.34500	-166
36.34667	-166
36.34833	-166
36.35000	-166
36.35167	-165
36.35333	-165
36.35500	-165
36.35667	-165
36.35833	-165
36.36000	-165
36.36167	-164
36.36333	-164
36.36500	-165
36.36667	-164
36.36833	-164
36.37000	-164
36.37167	-164
36.37333	-164
36.37500	-165
36.37667	-164
36.37833	-165
36.38000	-165
36.38167	-164
36.38333	-165
36.38500	-165
36.38667	-165
36.38833	-166
36.39000	-165
36.39167	-166
36.39333	-166
36.39500	-166
36.39667	-166
36.39833	-166
36.40000	-166
36.40167	-166
36.40333	-167
36.40500	-166
36.40667	-167
36.40833	-166
36.41000	-167
36.41167	-166
36.41333	-166
36.41500	-167
36.41667	-166
36.41833	-166
36.42000	-166
36.42167	-167
36.42333	-165
36.42500	-166
36.42667	-166
36.42833	-166
36.43000	-166
36.43167	-166
36.43333	-165
36.43500	-166
36.43667	-165
36.43833	-165
36.44000	-165
36.44167	-165
36.44333	-165
36.44500	-164
36.44667	-165
36.44833	-164
36.45000	-164
36.45167	-164
36.45333	-164
36.45500	-164
36.45667	-164
36.45833	-163
36.46000	-163
36.46167	-163
36.46333	-163
36.46500	-163
36.46667	-162
36.46833	-162
36.47000	-162
36.47167	-162
36.47333	-162
36.47500	-161
36.47667	-162
36.47833	-161
36.48000	-161
36.48167	-160
36.48333	-161
36.48500	-160
36.48667	-160
36.48833	-160
36.49000	-160
36.49167	-160
36.49333	-160
36.49500	-160
36.49667	-160
36.49833	-160
36.50000	-160
36.50167	-161
36.50333	-160
36.50500	-160
36.50667	-161
36.50833	-161
36.51000	-161
36.51167	-161
36.51333	-161
36.51500	-161
36.51667	-162
36.51833	-162
36.52000	-161
36.52167	-163
36.52333	-162
36.52500	-162
36.52667	-163
36.52833	-162
36.53000	-163
36.53167	-163
36.53333	-163
36.53500	-164
36.53667	-163
36.53833	-164
36.54000	-164
36.54167	-164
36.54333	-164
36.54500	-164
36.54667	-164
36.54833	-164
36.55000	-164
36.55167	-164
36.55333	-165
36.55500	-164
36.55667	-165
36.55833	-164
36.56000	-165
36.56167	-164
36.56333	-165
36.56500	-165
36.56667	-164
36.56833	-165
36.57000	-165
36.57167	-164
36.57333	-165
36.57500	-165
36.57667	-165
36.57833	-164
36.58000	-165
36.58167	-164
36.58333	-165
36.58500	-164
36.58667	-164
36.58833	-164
36.59000	-164
36.59167	-164
36.59333	-164
36.59500	-163
36.59667	-164
36.59833	-163
36.60000	-163
36.60167	-163
36.60333	-163
36.60500	-162
36.60667	-163
36.60833	-163
36.61000	-162
36.61167	-163
36.61333	-162
36.61500	-162
36.61667	-163
36.61833	-162
36.62000	-163
36.62167	-162
36.62333	-163
36.62500	-163
36.62667	-162
36.62833	-163
36.63000	-163
36.63167	-163
36.63333	-164
36.63500	-163
36.63667	-163
36.63833	-164
36.64000	-163
36.64167	-164
36.64333	-164
36.64500	-163
36.64667	-164
36.64833	-164
36.65000	-163
36.65167	-164
36.65333	-164
36.65500	-163
36.65667	-164
36.65833	-164
36.66000	-164
36.66167	-164
36.66333	-163
36.66500	-163
36.66667	-164
36.66833	-163
36.67000	-163
36.67167	-164
36.67333	-164
36.67500	-163
36.67667	-164
36.67833	-164
36.68000	-163
36.68167	-164
36.68333	-164
36.68500	-164
36.68667	-165
36.68833	-164
36.69000	-165
36.69167	-164
36.69333	-165
36.69500	-165
36.69667	-166
36.69833	-165
36.70000	-166
36.70167	-166
36.70333	-166
36.70500	-166
36.70667	-166
36.70833	-166
36.71000	-167
36.71167	-166
36.71333	-167
36.71500	-166
36.71667	-167
36.71833	-166
36.72000	-167
36.72167	-167
36.72333	-166
36.72500	-167
36.72667	-167
36.72833	-166
36.73000	-168
36.73167	-167
36.73333	-167
36.73500	-167
36.73667	-167
36.73833	-167
36.74000	-167
36.74167	-167
36.74333	-167
36.74500	-167
36.74667	-167
36.74833	-167
36.75000	-167
36.75167	-167
36.75333	-167
36.75500	-167
36.75667	-167
36.75833	-167
36.76000	-166
36.76167	-167
36.76333	-166
36.76500	-166
36.76667	-166
36.76833	-167
36.77000	-166
36.77167	-166
36.77333	-166
36.77500	-165
36.77667	-166
36.77833	-166
36.78000	-165
36.78167	-165
36.78333	-165
36.78500	-165
36.78667	-165
36.78833	-165
36.79000	-165
36.79167	-164
36.79333	-165
36.79500	-164
36.79667	-164
36.79833	-164
36.80000	-164
36.80167	-164
36.80333	-163
36.80500	-164
36.80667	-164
36.80833	-163
36.81000	-163
36.81167	-164
36.81333	-164
36.81500	-164
36.81667	-163
36.81833	-164
36.82000	-163
36.82167	-164
36.82333	-164
36.82500	-164
36.82667	-163
36.82833	-164
36.83000	-164
36.83167	-164
36.83333	-163
36.83500	-164
36.83667	-163
36.83833	-163
36.84000	-164
36.84167	-163
36.84333	-163
36.84500	-163
36.84667	-163
36.84833	-163
36.85000	-162
36.85167	-163
36.85333	-162
36.85500	-163
36.85667	-162
36.85833	-162
36.86000	-162
36.86167	-162
36.86333	-162
36.86500	-162
36.86667	-161
36.86833	-162
36.87000	-161
36.87167	-161
36.87333	-161
36.87500	-160
36.87667	-161
36.87833	-161
36.88000	-160
36.88167	-161
36.88333	-161
36.88500	-161
36.88667	-161
36.88833	-161
36.89000	-162
36.89167	-161
36.89333	-161
36.89500	-162
36.89667	-162
36.89833	-162
36.90000	-161
36.90167	-162
36.90333	-162
36.90500	-162
36.90667	-162
36.90833	-162
36.91000	-162
36.91167	-162
36.91333	-162
36.91500	-161
36.91667	-162
36.91833	-162
36.92000	-162
36.92167	-162
36.92333	-161
36.92500	-162
36.92667	-161
36.92833	-162
36.93000	-161
36.93167	-162
36.93333	-161
36.93500	-162
36.93667	-161
36.93833	-162
36.94000	-162
36.94167	-162
36.94333	-162
36.94500	-162
36.94667	-162
36.94833	-162
36.95000	-163
36.95167	-162
36.95333	-163
36.95500	-163
36.95667	-163
36.95833	-163
36.96000	-163
36.96167	-164
36.96333	-163
36.96500	-164
36.96667	-164
36.96833	-164
36.97000	-164
36.97167	-165
36.97333	-164
36.97500	-165
36.97667	-165
36.97833	-165
36.98000	-165
36.98167	-165
36.98333	-165
36.98500	-166
36.98667	-165
36.98833	-165
36.99000	-166
36.99167	-165
36.99333	-165
36.99500	-166
36.99667	-166
36.99833	-165
37.00000	-166
37.00167	-165
37.00333	-166
37.00500	-165
37.00667	-165
37.00833	-166
37.01000	-166
37.01167	-165
37.01333	-166
37.01500	-166
37.01667	-165
37.01833	-166
37.02000	-166
37.02167	-166
37.02333	-166
37.02500	-166
37.02667	-166
37.02833	-166
37.03000	-165
37.03167	-166
37.03333	-166
37.03500	-166
37.03667	-166
37.03833	-166
37.04000	-166
37.04167	-165
37.04333	-166
37.04500	-166
37.04667	-165
37.04833	-166
37.05000	-165
37.05167	-166
37.05333	-165
37.05500	-165
37.05667	-165
37.05833	-165
37.06000	-165
37.06167	-165
37.06333	-164
37.06500	-165
37.06667	-165
37.06833	-164
37.07000	-164
37.07167	-164
37.07333	-165
37.07500	-164
37.07667	-164
37.07833	-164
37.08000	-165
37.08167	-164
37.08333	-165
37.08500	-165
37.08667	-164
37.08833	-165
37.09000	-165
37.09167	-165
37.09333	-165
37.09500	-165
37.09667	-165
37.09833	-165
37.10000	-166
37.10167	-166
37.10333	-165
37.10500	-166
37.10667	-166
37.10833	-165
37.11000	-167
37.11167	-166
37.11333	-166
37.11500	-166
37.11667	-166
37.11833	-167
37.12000	-166
37.12167	-167
37.12333	-167
37.12500	-167
37.12667	-167
37.12833	-167
37.13000	-167
37.13167	-167
37.13333	-167
37.13500	-167
37.13667	-168
37.13833	-167
37.14000	-168
37.14167	-167
37.14333	-168
37.14500	-167
37.14667	-168
37.14833	-168
37.15000	-167
37.15167	-168
37.15333	-168
37.15500	-167
37.15667	-168
37.15833	-167
37.16000	-167
37.16167	-168
37.16333	-167
37.16500	-167
37.16667	-168
37.16833	-167
37.17000	-167
37.17167	-167
37.17333	-167
37.17500	-167
37.17667	-166
37.17833	-167
37.18000	-166
37.18167	-166
37.18333	-167
37.18500	-166
37.18667	-166
37.18833	-166
37.19000	-166
37.19167	-166
37.19333	-166
37.19500	-165
37.19667	-166
37.19833	-165
37.20000	-165
37.20167	-165
37.20333	-164
37.20500	-165
37.20667	-164
37.20833	-164
37.21000	-164
37.21167	-163
37.21333	-164
37.21500	-163
37.21667	-163
37.21833	-163
37.22000	-163
37.22167	-163
37.22333	-162
37.22500	-163
37.22667	-162
37.22833	-162
37.23000	-162
37.23167	-162
37.23333	-162
37.23500	-162
37.23667	-161
37.23833	-162
37.24000	-161
37.24167	-162
37.24333	-161
37.24500	-161
37.24667	-161
37.24833	-160
37.25000	-161
37.25167	-160
37.25333	-160
37.25500	-160
37.25667	-160
37.25833	-160
37.26000	-160
37.26167	-160
37.26333	-160
37.26500	-160
37.26667	-159
37.26833	-160
37.27000	-159
37.27167	-160
37.27333	-159
37.27500	-159
37.27667	-160
37.27833	-159
37.28000	-159
37.28167	-159
37.28333	-159
37.28500	-160
37.28667	-159
37.28833	-159
37.29000	-160
37.29167	-159
37.29333	-159
37.29500	-160
37.29667	-159
37.29833	-160
37.30000	-159
37.30167	-160
37.30333	-159
37.30500	-160
37.30667	-160
37.30833	-160
37.31000	-160
37.31167	-160
37.31333	-161
37.31500	-160
37.31667	-161
37.31833	-161
37.32000	-160
37.32167	-161
37.32333	-160
37.32500	-161
37.32667	-161
37.32833	-160
37.33000	-161
37.33167	-161
37.33333	-161
37.33500	-161
37.33667	-162
37.33833	-161
37.34000	-162
37.34167	-161
37.34333	-162
37.34500	-162
37.34667	-161
37.34833	-162
37.35000	-162
37.35167	-162
37.35333	-162
37.35500	-163
37.35667	-162
37.35833	-162
37.36000	-162
37.36167	-162
37.36333	-162
37.36500	-162
37.36667	-162
37.36833	-162
37.37000	-161
37.37167	-162
37.37333	-162
37.37500	-161
37.37667	-161
37.37833	-161
37.38000	-161
37.38167	-160
37.38333	-161
37.38500	-160
37.38667	-160
37.38833	-160
37.39000	-160
37.39167	-160
37.39333	-159
37.39500	-160
37.39667	-159
37.39833	-159
37.40000	-160
37.40167	-159
37.40333	-160
37.40500	-160
37.40667	-160
37.40833	-161
37.41000	-160
37.41167	-161
37.41333	-162
37.41500	-162
37.41667	-162
37.41833	-162
37.42000	-163
37.42167	-163
37.42333	-164
37.42500	-164
37.42667	-164
37.42833	-165
37.43000	-165
37.43167	-166
37.43333	-165
37.43500	-167
37.43667	-166
37.43833	-167
37.44000	-167
37.44167	-167
37.44333	-168
37.44500	-167
37.44667	-168
37.44833	-168
37.45000	-168
37.45167	-169
37.45333	-168
37.45500	-169
37.45667	-169
37.45833	-168
37.46000	-169
37.46167	-169
37.46333	-169
37.46500	-169
37.46667	-168
37.46833	-169
37.47000	-168
37.47167	-169
37.47333	-168
37.47500	-168
37.47667	-168
37.47833	-168
37.48000	-167
37.48167	-168
37.48333	-167
37.48500	-168
37.48667	-167
37.48833	-167
37.49000	-168
37.49167	-166
37.49333	-167
37.49500	-167
37.49667	-166
37.49833	-167
37.50000	-166
37.50167	-166
37.50333	-166
37.50500	-166
37.50667	-166
37.50833	-166
37.51000	-166
37.51167	-165
37.51333	-165
37.51500	-165
37.51667	-165
37.51833	-165
37.52000	-165
37.52167	-165
37.52333	-165
37.52500	-164
37.52667	-165
37.52833	-165
37.53000	-164
37.53167	-164
37.53333	-164
37.53500	-164
37.53667	-164
37.53833	-164
37.54000	-164
37.54167	-163
37.54333	-164
37.54500	-163
37.54667	-164
37.54833	-163
37.55000	-164
37.55167	-163
37.55333	-163
37.55500	-163
37.55667	-163
37.55833	-163
37.56000	-163
37.56167	-163
37.56333	-164
37.56500	-163
37.56667	-164
37.56833	-164
37.57000	-163
37.57167	-164
37.57333	-165
37.57500	-164
37.57667	-164
37.57833	-165
37.58000	-164
37.58167	-165
37.58333	-165
37.58500	-164
37.58667	-165
37.58833	-165
37.59000	-165
37.59167	-165
37.59333	-164
37.59500	-165
37.59667	-165
37.59833	-165
37.60000	-165
37.60167	-165
37.60333	-165
37.60500	-164
37.60667	-165
37.60833	-164
37.61000	-165
37.61167	-164
37.61333	-164
37.61500	-165
37.61667	-164
37.61833	-164
37.62000	-164
37.62167	-164
37.62333	-165
37.62500	-164
37.62667	-164
37.62833	-164
37.63000	-165
37.63167	-165
37.63333	-164
37.63500	-165
37.63667	-165
37.63833	-165
37.64000	-165
37.64167	-165
37.64333	-165
37.64500	-165
37.64667	-165
37.64833	-166
37.65000	-165
37.65167	-165
37.65333	-165
37.65500	-166
37.65667	-165
37.65833	-166
37.66000	-166
37.66167	-166
37.66333	-166
37.66500	-166
37.66667	-166
37.66833	-166
37.67000	-167
37.67167	-166
37.67333	-167
37.67500	-167
37.67667	-166
37.67833	-167
37.68000	-167
37.68167	-166
37.68333	-167
37.68500	-167
37.68667	-167
37.68833	-167
37.69000	-166
37.69167	-167
37.69333	-167
37.69500	-167
37.69667	-166
37.69833	-166
37.70000	-167
37.70167	-166
37.70333	-166
37.70500	-166
37.70667	-165
37.70833	-166
37.71000	-166
37.71167	-165
37.71333	-165
37.71500	-165
37.71667	-166
37.71833	-165
37.72000	-165
37.72167	-165
37.72333	-165
37.72500	-165
37.72667	-165
37.72833	-165
37.73000	-165
37.73167	-165
37.73333	-165
37.73500	-165
37.73667	-166
37.73833	-165
37.74000	-166
37.74167	-165
37.74333	-166
37.74500	-166
37.74667	-166
37.74833	-165
37.75000	-166
37.75167	-166
37.75333	-166
37.75500	-166
37.75667	-165
37.75833	-166
37.76000	-166
37.76167	-165
37.76333	-166
37.76500	-165
37.76667	-166
37.76833	-165
37.77000	-165
37.77167	-165
37.77333	-164
37.77500	-165
37.77667	-164
37.77833	-165
37.78000	-164
37.78167	-164
37.78333	-164
37.78500	-164
37.78667	-164
37.78833	-163
37.79000	-164
37.79167	-163
37.79333	-163
37.79500	-164
37.79667	-163
37.79833	-163
37.80000	-163
37.80167	-163
37.80333	-164
37.80500	-163
37.80667	-163
37.80833	-164
37.81000	-163
37.81167	-162
37.81333	-164
37.81500	-162
37.81667	-163
37.81833	-163
37.82000	-163
37.82167	-163
37.82333	-163
37.82500	-163
37.82667	-162
37.82833	-163
37.83000	-163
37.83167	-163
37.83333	-162
37.83500	-163
37.83667	-163
37.83833	-164
37.84000	-163
37.84167	-163
37.84333	-164
37.84500	-163
37.84667	-164
37.84833	-164
37.85000	-164
37.85167	-164
37.85333	-165
37.85500	-164
37.85667	-164
37.85833	-165
37.86000	-165
37.86167	-165
37.86333	-165
37.86500	-165
37.86667	-165
37.86833	-165
37.87000	-166
37.87167	-166
37.87333	-166
37.87500	-166
37.87667	-167
37.87833	-166
37.88000	-167
37.88167	-166
37.88333	-168
37.88500	-167
37.88667	-167
37.88833	-168
37.89000	-168
37.89167	-169
37.89333	-169
37.89500	-169
37.89667	-169
37.89833	-170
37.90000	-170
37.90167	-170
37.90333	-171
37.90500	-170
37.90667	-170
37.90833	-171
37.91000	-170
37.91167	-171
37.91333	-170
37.91500	-171
37.91667	-170
37.91833	-170
37.92000	-171
37.92167	-170
37.92333	-170
37.92500	-170
37.92667	-171
37.92833	-169
37.93000	-170
37.93167	-170
37.93333	-170
37.93500	-169
37.93667	-170
37.93833	-169
37.94000	-169
37.94167	-169
37.94333	-169
37.94500	-169
37.94667	-169
37.94833	-168
37.95000	-169
37.95167	-168
37.95333	-168
37.95500	-168
37.95667	-168
37.95833	-167
37.96000	-168
37.96167	-167
37.96333	-167
37.96500	-167
37.96667	-166
37.96833	-166
37.97000	-166
37.97167	-165
37.97333	-166
37.97500	-165
37.97667	-165
37.97833	-165
37.98000	-165
37.98167	-164
37.98333	-165
37.98500	-164
37.98667	-164
37.98833	-163
37.99000	-164
37.99167	-163
37.99333	-164
37.99500	-163
37.99667	-162
37.99833	-163
38.00000	-162
38.00167	-163
38.00333	-162
38.00500	-161
38.00667	-162
38.00833	-161
38.01000	-162
38.01167	-161
38.01333	-161
38.01500	-161
38.01667	-161
38.01833	-161
38.02000	-161
38.02167	-161
38.02333	-161
38.02500	-161
38.02667	-161
38.02833	-162
38.03000	-161
38.03167	-161
38.03333	-162
38.03500	-162
38.03667	-162
38.03833	-162
38.04000	-162
38.04167	-163
38.04333	-163
38.04500	-163
38.04667	-163
38.04833	-164
38.05000	-164
38.05167	-164
38.05333	-164
38.05500	-165
38.05667	-165
38.05833	-165
38.06000	-165
38.06167	-166
38.06333	-166
38.06500	-166
38.06667	-166
38.06833	-166
38.07000	-167
38.07167	-166
38.07333	-167
38.07500	-166
38.07667	-167
38.07833	-166
38.08000	-166
38.08167	-166
38.08333	-166
38.08500	-166
38.08667	-165
38.08833	-165
38.09000	-165
38.09167	-165
38.09333	-164
38.09500	-165
38.09667	-164
38.09833	-164
38.10000	-164
38.10167	-163
38.10333	-164
38.10500	-164
38.10667	-163
38.10833	-164
38.11000	-163
38.11167	-164
38.11333	-163
38.11500	-164
38.11667	-164
38.11833	-163
38.12000	-164
38.12167	-164
38.12333	-164
38.12500	-163
38.12667	-164
38.12833	-164
38.13000	-165
38.13167	-164
38.13333	-164
38.13500	-164
38.13667	-165
38.13833	-164
38.14000	-165
38.14167	-165
38.14333	-165
38.14500	-166
38.14667	-165
38.14833	-165
38.15000	-166
38.15167	-166
38.15333	-165
38.15500	-167
38.15667	-166
38.15833	-166
38.16000	-166
38.16167	-167
38.16333	-167
38.16500	-166
38.16667	-167
38.16833	-167
38.17000	-168
38.17167	-167
38.17333	-168
38.17500	-168
38.17667	-168
38.17833	-168
38.18000	-169
38.18167	-168
38.18333	-169
38.18500	-168
38.18667	-169
38.18833	-169
38.19000	-169
38.19167	-168
38.19333	-169
38.19500	-168
38.19667	-168
38.19833	-168
38.20000	-168
38.20167	-167
38.20333	-168
38.20500	-167
38.20667	-167
38.20833	-166
38.21000	-167
38.21167	-165
38.21333	-166
38.21500	-166
38.21667	-165
38.21833	-165
38.22000	-165
38.22167	-165
38.22333	-164
38.22500	-165
38.22667	-165
38.22833	-164
38.23000	-164
38.23167	-165
38.23333	-164
38.23500	-164
38.23667	-164
38.23833	-165
38.24000	-165
38.24167	-164
38.24333	-165
38.24500	-165
38.24667	-165
38.24833	-165
38.25000	-166
38.25167	-165
38.25333	-166
38.25500	-165
38.25667	-166
38.25833	-166
38.26000	-166
38.26167	-166
38.26333	-166
38.26500	-167
38.26667	-166
38.26833	-166
38.27000	-167
38.27167	-166
38.27333	-166
38.27500	-166
38.27667	-167
38.27833	-166
38.28000	-167
38.28167	-167
38.28333	-166
38.28500	-167
38.28667	-167
38.28833	-166
38.29000	-166
38.29167	-167
38.29333	-166
38.29500	-167
38.29667	-166
38.29833	-166
38.30000	-166
38.30167	-165
38.30333	-166
38.30500	-165
38.30667	-165
38.30833	-165
38.31000	-164
38.31167	-165
38.31333	-165
38.31500	-164
38.31667	-164
38.31833	-164
38.32000	-164
38.32167	-164
38.32333	-164
38.32500	-164
38.32667	-163
38.32833	-163
38.33000	-163
38.33167	-163
38.33333	-163
38.33500	-163
38.33667	-163
38.33833	-163
38.34000	-162
38.34167	-163
38.34333	-162
38.34500	-163
38.34667	-162
38.34833	-163
38.35000	-162
38.35167	-163
38.35333	-162
38.35500	-163
38.35667	-162
38.35833	-163
38.36000	-163
38.36167	-162
38.36333	-163
38.36500	-164
38.36667	-163
38.36833	-163
38.37000	-164
38.37167	-164
38.37333	-164
38.37500	-164
38.37667	-163
38.37833	-164
38.38000	-164
38.38167	-165
38.38333	-164
38.38500	-165
38.38667	-164
38.38833	-165
38.39000	-165
38.39167	-164
38.39333	-165
38.39500	-165
38.39667	-166
38.39833	-165
38.40000	-165
38.40167	-164
38.40333	-166
38.40500	-165
38.40667	-165
38.40833	-166
38.41000	-165
38.41167	-166
38.41333	-165
38.41500	-165
38.41667	-166
38.41833	-166
38.42000	-165
38.42167	-166
38.42333	-165
38.42500	-166
38.42667	-166
38.42833	-166
38.43000	-165
38.43167	-166
38.43333	-166
38.43500	-166
38.43667	-165
38.43833	-166
38.44000	-165
38.44167	-166
38.44333	-165
38.44500	-165
38.44667	-166
38.44833	-165
38.45000	-165
38.45167	-165
38.45333	-164
38.45500	-165
38.45667	-164
38.45833	-165
38.46000	-164
38.46167	-164
38.46333	-164
38.46500	-164
38.46667	-164
38.46833	-164
38.47000	-164
38.47167	-163
38.47333	-164
38.47500	-164
38.47667	-164
38.47833	-164
38.48000	-164
38.48167	-164
38.48333	-164
38.48500	-165
38.48667	-164
38.48833	-163
38.49000	-165
38.49167	-164
38.49333	-164
38.49500	-164
38.49667	-164
38.49833	-164
38.50000	-164
38.50167	-164
38.50333	-165
38.50500	-164
38.50667	-164
38.50833	-164
38.51000	-164
38.51167	-165
38.51333	-164
38.51500	-164
38.51667	-164
38.51833	-164
38.52000	-164
38.52167	-164
38.52333	-164
38.52500	-163
38.52667	-164
38.52833	-164
38.53000	-163
38.53167	-163
38.53333	-164
38.53500	-163
38.53667	-163
38.53833	-163
38.54000	-163
38.54167	-162
38.54333	-163
38.54500	-162
38.54667	-162
38.54833	-163
38.55000	-162
38.55167	-162
38.55333	-162
38.55500	-162
38.55667	-161
38.55833	-162
38.56000	-162
38.56167	-161
38.56333	-162
38.56500	-161
38.56667	-162
38.56833	-162
38.57000	-161
38.57167	-162
38.57333	-162
38.57500	-162
38.57667	-162
38.57833	-162
38.58000	-162
38.58167	-163
38.58333	-162
38.58500	-163
38.58667	-162
38.58833	-163
38.59000	-163
38.59167	-163
38.59333	-163
38.59500	-164
38.59667	-163
38.59833	-163
38.60000	-163
38.60167	-164
38.60333	-163
38.60500	-163
38.60667	-164
38.60833	-164
38.61000	-163
38.61167	-164
38.61333	-164
38.61500	-163
38.61667	-164
38.61833	-164
38.62000	-164
38.62167	-164
38.62333	-163
38.62500	-164
38.62667	-164
38.62833	-164
38.63000	-164
38.63167	-164
38.63333	-164
38.63500	-164
38.63667	-164
38.63833	-164
38.64000	-164
38.64167	-164
38.64333	-165
38.64500	-164
38.64667	-165
38.64833	-165
38.65000	-165
38.65167	-165
38.65333	-165
38.65500	-165
38.65667	-166
38.65833	-165
38.66000	-166
38.66167	-165
38.66333	-167
38.66500	-166
38.66667	-166
38.66833	-166
38.67000	-166
38.67167	-166
38.67333	-167
38.67500	-167
38.67667	-166
38.67833	-167
38.68000	-167
38.68167	-167
38.68333	-167
38.68500	-167
38.68667	-168
38.68833	-167
38.69000	-167
38.69167	-168
38.69333	-167
38.69500	-168
38.69667	-168
38.69833	-168
38.70000	-168
38.70167	-168
38.70333	-168
38.70500	-168
38.70667	-168
38.70833	-168
38.71000	-168
38.71167	-168
38.71333	-168
38.71500	-168
38.71667	-169
38.71833	-168
38.72000	-169
38.72167	-169
38.72333	-169
38.72500	-169
38.72667	-169
38.72833	-168
38.73000	-169
38.73167	-168
38.73333	-169
38.73500	-168
38.73667	-168
38.73833	-168
38.74000	-168
38.74167	-168
38.74333	-168
38.74500	-167
38.74667	-168
38.74833	-167
38.75000	-168
38.75167	-167
38.75333	-167
38.75500	-167
38.75667	-167
38.75833	-167
38.76000	-166
38.76167	-167
38.76333	-166
38.76500	-167
38.76667	-167
38.76833	-166
38.77000	-167
38.77167	-166
38.77333	-167
38.77500	-166
38.77667	-167
38.77833	-166
38.78000	-167
38.78167	-167
38.78333	-166
38.78500	-167
38.78667	-167
38.78833	-167
38.79000	-166
38.79167	-167
38.79333	-167
38.79500	-167
38.79667	-167
38.79833	-167
38.80000	-167
38.80167	-168
38.80333	-167
38.80500	-167
38.80667	-168
38.80833	-167
38.81000	-167
38.81167	-167
38.81333	-168
38.81500	-167
38.81667	-167
38.81833	-167
38.82000	-167
38.82167	-167
38.82333	-167
38.82500	-167
38.82667	-168
38.82833	-167
38.83000	-167
38.83167	-167
38.83333	-168
38.83500	-167
38.83667	-168
38.83833	-167
38.84000	-167
38.84167	-168
38.84333	-167
38.84500	-167
38.84667	-167
38.84833	-167
38.85000	-167
38.85167	-168
38.85333	-167
38.85500	-168
38.85667	-167
38.85833	-167
38.86000	-167
38.86167	-168
38.86333	-167
38.86500	-168
38.86667	-168
38.86833	-168
38.87000	-168
38.87167	-168
38.87333	-168
38.87500	-168
38.87667	-168
38.87833	-169
38.88000	-168
38.88167	-169
38.88333	-168
38.88500	-169
38.88667	-169
38.88833	-169
38.89000	-170
38.89167	-169
38.89333	-170
38.89500	-170
38.89667	-169
38.89833	-170
38.90000	-170
38.90167	-170
38.90333	-171
38.90500	-170
38.90667	-171
38.90833	-170
38.91000	-171
38.91167	-170
38.91333	-171
38.91500	-171
38.91667	-171
38.91833	-172
38.92000	-172
38.92167	-172
38.92333	-172
38.92500	-172
38.92667	-172
38.92833	-173
38.93000	-173
38.93167	-173
38.93333	-174
38.93500	-173
38.93667	-174
38.93833	-173
38.94000	-174
38.94167	-174
38.94333	-174
38.94500	-174
38.94667	-174
38.94833	-173
38.95000	-174
38.95167	-173
38.95333	-173
38.95500	-174
38.95667	-172
38.95833	-173
38.96000	-172
38.96167	-173
38.96333	-172
38.96500	-172
38.96667	-171
38.96833	-171
38.97000	-171
38.97167	-171
38.97333	-170
38.97500	-170
38.97667	-170
38.97833	-170
38.98000	-170
38.98167	-169
38.98333	-169
38.98500	-169
38.98667	-169
38.98833	-168
38.99000	-169
38.99167	-168
38.99333	-168
38.99500	-168
38.99667	-168
38.99833	-167
39.00000	-168
39.00167	-167
39.00333	-167
39.00500	-167
39.00667	-167
39.00833	-167
39.01000	-167
39.01167	-166
39.01333	-166
39.01500	-167
39.01667	-166
39.01833	-166
39.02000	-165
39.02167	-166
39.02333	-166
39.02500	-165
39.02667	-166
39.02833	-165
39.03000	-166
39.03167	-165
39.03333	-166
39.03500	-166
39.03667	-166
39.03833	-166
39.04000	-167
39.04167	-166
39.04333	-167
39.04500	-167
39.04667	-167
39.04833	-167
39.05000	-167
39.05167	-168
39.05333	-167
39.05500	-168
39.05667	-168
39.05833	-168
39.06000	-168
39.06167	-167
39.06333	-168
39.06500	-169
39.06667	-168
39.06833	-168
39.07000	-168
39.07167	-169
39.07333	-168
39.07500	-169
39.07667	-168
39.07833	-168
39.08000	-169
39.08167	-168
39.08333	-168
39.08500	-169
39.08667	-168
39.08833	-168
39.09000	-169
39.09167	-168
39.09333	-168
39.09500	-169
39.09667	-168
39.09833	-169
39.10000	-168
39.10167	-169
39.10333	-169
39.10500	-168
39.10667	-168
39.10833	-168
39.11000	-169
39.11167	-168
39.11333	-168
39.11500	-168
39.11667	-168
39.11833	-167
39.12000	-168
39.12167	-168
39.12333	-167
39.12500	-167
39.12667	-167
39.12833	-167
39.13000	-166
39.13167	-167
39.13333	-166
39.13500	-166
39.13667	-166
39.13833	-166
39.14000	-165
39.14167	-166
39.14333	-165
39.14500	-165
39.14667	-165
39.14833	-165
39.15000	-165
39.15167	-164
39.15333	-165
39.15500	-164
39.15667	-164
39.15833	-165
39.16000	-164
39.16167	-164
39.16333	-163
39.16500	-164
39.16667	-164
39.16833	-164
39.17000	-164
39.17167	-164
39.17333	-163
39.17500	-164
39.17667	-164
39.17833	-163
39.18000	-164
39.18167	-164
39.18333	-163
39.18500	-164
39.18667	-164
39.18833	-163
39.19000	-164
39.19167	-164
39.19333	-164
39.19500	-164
39.19667	-164
39.19833	-163
39.20000	-164
39.20167	-164
39.20333	-163
39.20500	-164
39.20667	-164
39.20833	-163
39.21000	-164
39.21167	-164
39.21333	-163
39.21500	-164
39.21667	-163
39.21833	-164
39.22000	-164
39.22167	-163
39.22333	-164
39.22500	-165
39.22667	-164
39.22833	-164
39.23000	-165
39.23167	-164
39.23333	-164
39.23500	-165
39.23667	-165
39.23833	-164
39.24000	-165
39.24167	-165
39.24333	-164
39.24500	-165
39.24667	-165
39.24833	-165
39.25000	-164
39.25167	-165
39.25333	-165
39.25500	-165
39.25667	-165
39.25833	-165
39.26000	-164
39.26167	-165
39.26333	-165
39.26500	-164
39.26667	-165
39.26833	-165
39.27000	-164
39.27167	-164
39.27333	-164
39.27500	-165
39.27667	-164
39.27833	-164
39.28000	-164
39.28167	-164
39.28333	-164
39.28500	-164
39.28667	-163
39.28833	-164
39.29000	-164
39.29167	-164
39.29333	-164
39.29500	-165
39.29667	-164
39.29833	-164
39.30000	-165
39.30167	-164
39.30333	-165
39.30500	-164
39.30667	-165
39.30833	-165
39.31000	-165
39.31167	-165
39.31333	-166
39.31500	-165
39.31667	-166
39.31833	-165
39.32000	-166
39.32167	-166
39.32333	-165
39.32500	-166
39.32667	-166
39.32833	-165
39.33000	-166
39.33167	-165
39.33333	-166
39.33500	-165
39.33667	-165
39.33833	-166
39.34000	-165
39.34167	-165
39.34333	-165
39.34500	-165
39.34667	-165
39.34833	-164
39.35000	-165
39.35167	-164
39.35333	-164
39.35500	-164
39.35667	-164
39.35833	-163
39.36000	-164
39.36167	-163
39.36333	-164
39.36500	-163
39.36667	-164
39.36833	-163
39.37000	-163
39.37167	-163
39.37333	-163
39.37500	-163
39.37667	-162
39.37833	-162
39.38000	-163
39.38167	-162
39.38333	-163
39.38500	-162
39.38667	-162
39.38833	-162
39.39000	-162
39.39167	-163
39.39333	-162
39.39500	-162
39.39667	-163
39.39833	-162
39.40000	-162
39.40167	-163
39.40333	-163
39.40500	-162
39.40667	-163
39.40833	-163
39.41000	-164
39.41167	-163
39.41333	-164
39.41500	-163
39.41667	-163
39.41833	-164
39.42000	-164
39.42167	-164
39.42333	-164
39.42500	-164
39.42667	-164
39.42833	-164
39.43000	-164
39.43167	-164
39.43333	-164
39.43500	-164
39.43667	-164
39.43833	-163
39.44000	-164
39.44167	-163
39.44333	-164
39.44500	-163
39.44667	-163
39.44833	-163
39.45000	-162
39.45167	-163
39.45333	-163
39.45500	-163
39.45667	-162
39.45833	-163
39.46000	-162
39.46167	-163
39.46333	-163
39.46500	-162
39.46667	-163
39.46833	-163
39.47000	-163
39.47167	-163
39.47333	-163
39.47500	-164
39.47667	-163
39.47833	-164
39.48000	-164
39.48167	-163
39.48333	-165
39.48500	-164
39.48667	-165
39.48833	-165
39.49000	-165
39.49167	-165
39.49333	-165
39.49500	-165
39.49667	-166
39.49833	-165
39.50000	-166
39.50167	-165
39.50333	-166
39.50500	-166
39.50667	-165
39.50833	-165
39.51000	-166
39.51167	-165
39.51333	-165
39.51500	-166
39.51667	-165
39.51833	-165
39.52000	-165
39.52167	-164
39.52333	-165
39.52500	-164
39.52667	-164
39.52833	-164
39.53000	-164
39.53167	-164
39.53333	-164
39.53500	-164
39.53667	-163
39.53833	-164
39.54000	-163
39.54167	-163
39.54333	-163
39.54500	-164
39.54667	-163
39.54833	-163
39.55000	-163
39.55167	-163
39.55333	-163
39.55500	-163
39.55667	-163
39.55833	-162
39.56000	-163
39.56167	-163
39.56333	-163
39.56500	-163
39.56667	-163
39.56833	-163
39.57000	-163
39.57167	-163
39.57333	-163
39.57500	-163
39.57667	-162
39.57833	-163
39.58000	-163
39.58167	-164
39.58333	-163
39.58500	-163
39.58667	-163
39.58833	-164
39.59000	-164
39.59167	-164
39.59333	-163
39.59500	-164
39.59667	-164
39.59833	-164
39.60000	-164
39.60167	-164
39.60333	-164
39.60500	-164
39.60667	-164
39.60833	-164
39.61000	-164
39.61167	-163
39.61333	-164
39.61500	-163
39.61667	-164
39.61833	-163
39.62000	-163
39.62167	-163
39.62333	-163
39.62500	-162
39.62667	-163
39.62833	-162
39.63000	-162
39.63167	-162
39.63333	-161
39.63500	-162
39.63667	-161
39.63833	-161
39.64000	-161
39.64167	-161
39.64333	-160
39.64500	-160
39.64667	-160
39.64833	-160
39.65000	-160
39.65167	-160
39.65333	-159
39.65500	-160
39.65667	-159
39.65833	-160
39.66000	-159
39.66167	-159
39.66333	-159
39.66500	-159
39.66667	-159
39.66833	-159
39.67000	-158
39.67167	-159
39.67333	-159
39.67500	-159
39.67667	-160
39.67833	-159
39.68000	-160
39.68167	-159
39.68333	-160
39.68500	-160
39.68667	-160
39.68833	-161
39.69000	-160
39.69167	-161
39.69333	-161
39.69500	-161
39.69667	-162
39.69833	-161
39.70000	-162
39.70167	-162
39.70333	-162
39.70500	-162
39.70667	-162
39.70833	-163
39.71000	-162
39.71167	-162
39.71333	-163
39.71500	-163
39.71667	-162
39.71833	-163
39.72000	-162
39.72167	-163
39.72333	-163
39.72500	-162
39.72667	-163
39.72833	-164
39.73000	-163
39.73167	-163
39.73333	-163
39.73500	-164
39.73667	-163
39.73833	-164
39.74000	-163
39.74167	-164
39.74333	-163
39.74500	-164
39.74667	-163
39.74833	-163
39.75000	-164
39.75167	-163
39.75333	-163
39.75500	-164
39.75667	-163
39.75833	-164
39.76000	-163
39.76167	-164
39.76333	-164
39.76500	-164
39.76667	-163
39.76833	-164
39.77000	-164
39.77167	-163
39.77333	-164
39.77500	-163
39.77667	-164
39.77833	-163
39.78000	-163
39.78167	-164
39.78333	-163
39.78500	-164
39.78667	-164
39.78833	-164
39.79000	-163
39.79167	-164
39.79333	-163
39.79500	-164
39.79667	-164
39.79833	-164
39.80000	-164
39.80167	-163
39.80333	-164
39.80500	-165
39.80667	-164
39.80833	-164
39.81000	-165
39.81167	-165
39.81333	-165
39.81500	-165
39.81667	-165
39.81833	-165
39.82000	-165
39.82167	-166
39.82333	-165
39.82500	-166
39.82667	-165
39.82833	-166
39.83000	-166
39.83167	-165
39.83333	-166
39.83500	-166
39.83667	-166
39.83833	-166
39.84000	-166
39.84167	-166
39.84333	-165
39.84500	-166
39.84667	-166
39.84833	-166
39.85000	-166
39.85167	-165
39.85333	-166
39.85500	-166
39.85667	-165
39.85833	-166
39.86000	-165
39.86167	-166
39.86333	-165
39.86500	-165
39.86667	-166
39.86833	-165
39.87000	-165
39.87167	-165
39.87333	-165
39.87500	-165
39.87667	-166
39.87833	-165
39.88000	-164
39.88167	-165
39.88333	-165
39.88500	-165
39.88667	-165
39.88833	-164
39.89000	-165
39.89167	-165
39.89333	-164
39.89500	-165
39.89667	-164
39.89833	-164
39.90000	-165
39.90167	-164
39.90333	-164
39.90500	-163
39.90667	-164
39.90833	-164
39.91000	-164
39.91167	-163
39.91333	-163
39.91500	-164
39.91667	-163
39.91833	-163
39.92000	-164
39.92167	-163
39.92333	-164
39.92500	-164
39.92667	-164
39.92833	-164
39.93000	-163
39.93167	-164
39.93333	-165
39.93500	-164
39.93667	-165
39.93833	-164
39.94000	-165
39.94167	-165
39.94333	-166
39.94500	-165
39.94667	-165
39.94833	-166
39.95000	-166
39.95167	-166
39.95333	-166
39.95500	-166
39.95667	-167
39.95833	-166
39.96000	-167
39.96167	-167
39.96333	-167
39.96500	-167
39.96667	-167
39.96833	-167
39.97000	-167
39.97167	-167
39.97333	-167
39.97500	-166
39.97667	-167
39.97833	-167
39.98000	-167
39.98167	-167
39.98333	-166
39.98500	-167
39.98667	-167
39.98833	-166
39.99000	-166
39.99167	-166
39.99333	-166
39.99500	-165
39.99667	-166
39.99833	-165
40.00000	-165
40.00167	-165
40.00333	-165
40.00500	-165
40.00667	-165
40.00833	-164
40.01000	-165
40.01167	-164
40.01333	-165
40.01500	-164
40.01667	-165
40.01833	-164
40.02000	-164
40.02167	-164
40.02333	-165
40.02500	-164
40.02667	-165
40.02833	-165
40.03000	-165
40.03167	-164
40.03333	-165
40.03500	-165
40.03667	-165
40.03833	-165
40.04000	-165
40.04167	-166
40.04333	-165
40.04500	-166
40.04667	-166
40.04833	-166
40.05000	-166
40.05167	-166
40.05333	-166
40.05500	-167
40.05667	-166
40.05833	-166
40.06000	-166
40.06167	-167
40.06333	-167
40.06500	-166
40.06667	-167
40.06833	-166
40.07000	-167
40.07167	-166
40.07333	-167
40.07500	-166
40.07667	-166
40.07833	-166
40.08000	-166
40.08167	-166
40.08333	-166
40.08500	-166
40.08667	-166
40.08833	-166
40.09000	-167
40.09167	-166
40.09333	-166
40.09500	-167
40.09667	-166
40.09833	-167
40.10000	-166
40.10167	-166
40.10333	-167
40.10500	-166
40.10667	-167
40.10833	-167
40.11000	-167
40.11167	-167
40.11333	-167
40.11500	-168
40.11667	-167
40.11833	-167
40.12000	-168
40.12167	-167
40.12333	-168
40.12500	-167
40.12667	-168
40.12833	-168
40.13000	-169
40.13167	-168
40.13333	-168
40.13500	-168
40.13667	-169
40.13833	-168
40.14000	-168
40.14167	-169
40.14333	-168
40.14500	-169
40.14667	-168
40.14833	-169
40.15000	-168
40.15167	-168
40.15333	-169
40.15500	-168
40.15667	-169
40.15833	-168
40.16000	-169
40.16167	-168
40.16333	-169
40.16500	-169
40.16667	-168
40.16833	-169
40.17000	-169
40.17167	-168
40.17333	-169
40.17500	-168
40.17667	-169
40.17833	-169
40.18000	-168
40.18167	-168
40.18333	-169
40.18500	-168
40.18667	-168
40.18833	-168
40.19000	-167
40.19167	-168
40.19333	-167
40.19500	-167
40.19667	-167
40.19833	-167
40.20000	-166
40.20167	-166
40.20333	-166
40.20500	-166
40.20667	-165
40.20833	-166
40.21000	-165
40.21167	-165
40.21333	-164
40.21500	-165
40.21667	-165
40.21833	-164
40.22000	-165
40.22167	-165
40.22333	-165
40.22500	-164
40.22667	-165
40.22833	-165
40.23000	-165
40.23167	-165
40.23333	-165
40.23500	-165
40.23667	-165
40.23833	-166
40.24000	-165
40.24167	-166
40.24333	-166
40.24500	-166
40.24667	-166
40.24833	-166
40.25000	-165
40.25167	-166
40.25333	-166
40.25500	-166
40.25667	-166
40.25833	-165
40.26000	-166
40.26167	-166
40.26333	-166
40.26500	-166
40.26667	-165
40.26833	-166
40.27000	-166
40.27167	-165
40.27333	-166
40.27500	-166
40.27667	-166
40.27833	-166
40.28000	-166
40.28167	-166
40.28333	-166
40.28500	-167
40.28667	-166
40.28833	-166
40.29000	-166
40.29167	-166
40.29333	-166
40.29500	-165
40.29667	-166
40.29833	-166
40.30000	-166
40.30167	-166
40.30333	-165
40.30500	-166
40.30667	-166
40.30833	-166
40.31000	-166
40.31167	-165
40.31333	-166
40.31500	-165
40.31667	-166
40.31833	-165
40.32000	-165
40.32167	-165
40.32333	-165
40.32500	-165
40.32667	-164
40.32833	-165
40.33000	-164
40.33167	-165
40.33333	-164
40.33500	-164
40.33667	-164
40.33833	-164
40.34000	-164
40.34167	-165
40.34333	-164
40.34500	-164
40.34667	-164
40.34833	-164
40.35000	-164
40.35167	-164
40.35333	-164
40.35500	-165
40.35667	-164
40.35833	-164
40.36000	-165
40.36167	-165
40.36333	-165
40.36500	-164
40.36667	-165
40.36833	-165
40.37000	-165
40.37167	-165
40.37333	-165
40.37500	-165
40.37667	-166
40.37833	-165
40.38000	-165
40.38167	-165
40.38333	-165
40.38500	-165
40.38667	-165
40.38833	-165
40.39000	-165
40.39167	-164
40.39333	-165
40.39500	-164
40.39667	-164
40.39833	-165
40.40000	-164
40.40167	-165
40.40333	-164
40.40500	-164
40.40667	-164
40.40833	-164
40.41000	-164
40.41167	-164
40.41333	-165
40.41500	-164
40.41667	-164
40.41833	-164
40.42000	-164
40.42167	-164
40.42333	-163
40.42500	-164
40.42667	-164
40.42833	-164
40.43000	-164
40.43167	-164
40.43333	-164
40.43500	-164
40.43667	-164
40.43833	-164
40.44000	-165
40.44167	-164
40.44333	-164
40.44500	-164
40.44667	-164
40.44833	-165
40.45000	-164
40.45167	-164
40.45333	-164
40.45500	-164
40.45667	-164
40.45833	-165
40.46000	-164
40.46167	-165
40.46333	-164
40.46500	-165
40.46667	-164
40.46833	-165
40.47000	-164
40.47167	-165
40.47333	-165
40.47500	-165
40.47667	-165
40.47833	-165
40.48000	-165
40.48167	-166
40.48333	-165
40.48500	-166
40.48667	-166
40.48833	-166
40.49000	-166
40.49167	-166
40.49333	-166
40.49500	-166
40.49667	-165
40.49833	-166
40.50000	-166
40.50167	-166
40.50333	-166
40.50500	-165
40.50667	-166
40.50833	-166
40.51000	-165
40.51167	-166
40.51333	-165
40.51500	-166
40.51667	-165
40.51833	-165
40.52000	-166
40.52167	-165
40.52333	-165
40.52500	-165
40.52667	-165
40.52833	-164
40.53000	-165
40.53167	-164
40.53333	-164
40.53500	-164
40.53667	-163
40.53833	-164
40.54000	-163
40.54167	-162
40.54333	-163
40.54500	-162
40.54667	-163
40.54833	-161
40.55000	-162
40.55167	-162
40.55333	-161
40.55500	-161
40.55667	-162
40.55833	-160
40.56000	-161
40.56167	-161
40.56333	-160
40.56500	-161
40.56667	-160
40.56833	-161
40.57000	-160
40.57167	-161
40.57333	-160
40.57500	-161
40.57667	-160
40.57833	-161
40.58000	-160
40.58167	-160
40.58333	-160
40.58500	-160
40.58667	-160
40.58833	-160
40.59000	-160
40.59167	-160
40.59333	-160
40.59500	-160
40.59667	-160
40.59833	-160
40.60000	-161
40.60167	-160
40.60333	-161
40.60500	-160
40.60667	-161
40.60833	-161
40.61000	-160
40.61167	-161
40.61333	-161
40.61500	-161
40.61667	-161
40.61833	-161
40.62000	-161
40.62167	-161
40.62333	-162
40.62500	-162
40.62667	-161
40.62833	-162
40.63000	-162
40.63167	-162
40.63333	-162
40.63500	-163
40.63667	-162
40.63833	-163
40.64000	-162
40.64167	-163
40.64333	-163
40.64500	-163
40.64667	-163
40.64833	-163
40.65000	-163
40.65167	-164
40.65333	-163
40.65500	-164
40.65667	-163
40.65833	-163
40.66000	-164
40.66167	-163
40.66333	-163
40.66500	-164
40.66667	-163
40.66833	-164
40.67000	-163
40.67167	-164
40.67333	-163
40.67500	-164
40.67667	-163
40.67833	-163
40.68000	-163
40.68167	-164
40.68333	-163
40.68500	-163
40.68667	-163
40.68833	-163
40.69000	-163
40.69167	-163
40.69333	-163
40.69500	-163
40.69667	-163
40.69833	-163
40.70000	-163
40.70167	-163
40.70333	-163
40.70500	-163
40.70667	-162
40.70833	-163
40.71000	-163
40.71167	-163
40.71333	-163
40.71500	-162
40.71667	-163
40.71833	-162
40.72000	-162
40.72167	-163
40.72333	-161
40.72500	-162
40.72667	-162
40.72833	-162
40.73000	-161
40.73167	-162
40.73333	-161
40.73500	-161
40.73667	-161
40.73833	-161
40.74000	-160
40.74167	-161
40.74333	-161
40.74500	-160
40.74667	-161
40.74833	-160
40.75000	-161
40.75167	-160
40.75333	-161
40.75500	-161
40.75667	-160
40.75833	-161
40.76000	-161
40.76167	-161
40.76333	-161
40.76500	-161
40.76667	-162
40.76833	-161
40.77000	-162
40.77167	-161
40.77333	-162
40.77500	-162
40.77667	-162
40.77833	-163
40.78000	-162
40.78167	-163
40.78333	-162
40.78500	-163
40.78667	-163
40.78833	-163
40.79000	-162
40.79167	-163
40.79333	-163
40.79500	-163
40.79667	-163
40.79833	-163
40.80000	-163
40.80167	-163
40.80333	-163
40.80500	-163
40.80667	-163
40.80833	-163
40.81000	-163
40.81167	-162
40.81333	-163
40.81500	-163
40.81667	-162
40.81833	-162
40.82000	-162
40.82167	-161
40.82333	-162
40.82500	-161
40.82667	-162
40.82833	-161
40.83000	-161
40.83167	-161
40.83333	-160
40.83500	-161
40.83667	-161
40.83833	-160
40.84000	-161
40.84167	-160
40.84333	-161
40.84500	-161
40.84667	-160
40.84833	-161
40.85000	-161
40.85167	-161
40.85333	-161
40.85500	-161
40.85667	-161
40.85833	-161
40.86000	-161
40.86167	-161
40.86333	-161
40.86500	-161
40.86667	-162
40.86833	-161
40.87000	-161
40.87167	-162
40.87333	-161
40.87500	-161
40.87667	-162
40.87833	-161
40.88000	-161
40.88167	-161
40.88333	-161
40.88500	-161
40.88667	-161
40.88833	-160
40.89000	-161
40.89167	-160
40.89333	-161
40.89500	-160
40.89667	-161
40.89833	-160
40.90000	-160
40.90167	-160
40.90333	-161
40.90500	-160
40.90667	-160
40.90833	-161
40.91000	-160
40.91167	-160
40.91333	-161
40.91500	-160
40.91667	-160
40.91833	-160
40.92000	-161
40.92167	-160
40.92333	-160
40.92500	-160
40.92667	-160
40.92833	-160
40.93000	-160
40.93167	-160
40.93333	-159
40.93500	-160
40.93667	-160
40.93833	-160
40.94000	-159
40.94167	-160
40.94333	-160
40.94500	-159
40.94667	-160
40.94833	-160
40.95000	-159
40.95167	-160
40.95333	-160
40.95500	-159
40.95667	-160
40.95833	-160
40.96000	-160
40.96167	-160
40.96333	-160
40.96500	-160
40.96667	-160
40.96833	-161
40.97000	-161
40.97167	-160
40.97333	-161
40.97500	-160
40.97667	-161
40.97833	-161
40.98000	-161
40.98167	-161
40.98333	-161
40.98500	-161
40.98667	-161
40.98833	-161
40.99000	-162
40.99167	-161
40.99333	-161
40.99500	-161
40.99667	-161
40.99833	-162
41.00000	-161
41.00167	-162
41.00333	-162
41.00500	-161
41.00667	-162
41.00833	-163
41.01000	-162
41.01167	-162
41.01333	-163
41.01500	-163
41.01667	-163
41.01833	-163
41.02000	-163
41.02167	-163
41.02333	-163
41.02500	-164
41.02667	-164
41.02833	-163
41.03000	-164
41.03167	-163
41.03333	-164
41.03500	-163
41.03667	-164
41.03833	-163
41.04000	-163
41.04167	-163
41.04333	-162
41.04500	-163
41.04667	-162
41.04833	-162
41.05000	-162
41.05167	-162
41.05333	-161
41.05500	-162
41.05667	-161
41.05833	-161
41.06000	-161
41.06167	-160
41.06333	-161
41.06500	-160
41.06667	-161
41.06833	-160
41.07000	-160
41.07167	-160
41.07333	-160
41.07500	-159
41.07667	-160
41.07833	-160
41.08000	-160
41.08167	-160
41.08333	-159
41.08500	-160
41.08667	-160
41.08833	-160
41.09000	-160
41.09167	-160
41.09333	-160
41.09500	-160
41.09667	-161
41.09833	-160
41.10000	-161
41.10167	-160
41.10333	-161
41.10500	-161
41.10667	-161
41.10833	-160
41.11000	-161
41.11167	-160
41.11333	-161
41.11500	-161
41.11667	-160
41.11833	-161
41.12000	-160
41.12167	-161
41.12333	-160
41.12500	-161
41.12667	-160
41.12833	-160
41.13000	-160
41.13167	-160
41.13333	-160
41.13500	-159
41.13667	-160
41.13833	-160
41.14000	-159
41.14167	-159
41.14333	-159
41.14500	-159
41.14667	-158
41.14833	-158
41.15000	-159
41.15167	-158
41.15333	-158
41.15500	-158
41.15667	-159
41.15833	-158
41.16000	-158
41.16167	-158
41.16333	-158
41.16500	-157
41.16667	-158
41.16833	-158
41.17000	-158
41.17167	-157
41.17333	-157
41.17500	-158
41.17667	-158
41.17833	-158
41.18000	-157
41.18167	-158
41.18333	-158
41.18500	-157
41.18667	-158
41.18833	-157
41.19000	-158
41.19167	-157
41.19333	-158
41.19500	-157
41.19667	-157
41.19833	-158
41.20000	-157
41.20167	-157
41.20333	-157
41.20500	-157
41.20667	-156
41.20833	-157
41.21000	-157
41.21167	-156
41.21333	-157
41.21500	-156
41.21667	-157
41.21833	-156
41.22000	-156
41.22167	-156
41.22333	-155
41.22500	-156
41.22667	-155
41.22833	-156
41.23000	-155
41.23167	-155
41.23333	-155
41.23500	-155
41.23667	-154
41.23833	-155
41.24000	-155
41.24167	-154
41.24333	-155
41.24500	-155
41.24667	-154
41.24833	-155
41.25000	-155
41.25167	-154
41.25333	-155
41.25500	-155
41.25667	-154
41.25833	-155
41.26000	-155
41.26167	-155
41.26333	-155
41.26500	-154
41.26667	-155
41.26833	-155
41.27000	-155
41.27167	-155
41.27333	-155
41.27500	-156
41.27667	-155
41.27833	-155
41.28000	-156
41.28167	-155
41.28333	-156
41.28500	-155
41.28667	-156
41.28833	-157
41.29000	-156
41.29167	-156
41.29333	-157
41.29500	-156
41.29667	-156
41.29833	-157
41.30000	-157
41.30167	-158
41.30333	-157
41.30500	-157
41.30667	-157
41.30833	-158
41.31000	-157
41.31167	-158
41.31333	-157
41.31500	-158
41.31667	-158
41.31833	-158
41.32000	-158
41.32167	-158
41.32333	-159
41.32500	-158
41.32667	-158
41.32833	-159
41.33000	-158
41.33167	-159
41.33333	-158
41.33500	-158
41.33667	-158
41.33833	-159
41.34000	-158
41.34167	-159
41.34333	-158
41.34500	-159
41.34667	-159
41.34833	-158
41.35000	-159
41.35167	-158
41.35333	-158
41.35500	-159
41.35667	-158
41.35833	-159
41.36000	-158
41.36167	-158
41.36333	-158
41.36500	-158
41.36667	-158
41.36833	-158
41.37000	-158
41.37167	-158
41.37333	-157
41.37500	-157
41.37667	-158
41.37833	-157
41.38000	-157
41.38167	-157
41.38333	-157
41.38500	-157
41.38667	-156
41.38833	-157
41.39000	-157
41.39167	-156
41.39333	-157
41.39500	-157
41.39667	-156
41.39833	-157
41.40000	-156
41.40167	-157
41.40333	-157
41.40500	-156
41.40667	-157
41.40833	-156
41.41000	-157
41.41167	-156
41.41333	-157
41.41500	-156
41.41667	-157
41.41833	-156
41.42000	-157
41.42167	-156
41.42333	-157
41.42500	-156
41.42667	-156
41.42833	-156
41.43000	-156
41.43167	-157
41.43333	-156
41.43500	-155
41.43667	-156
41.43833	-156
41.44000	-155
41.44167	-155
41.44333	-155
41.44500	-155
41.44667	-155
41.44833	-154
41.45000	-155
41.45167	-154
41.45333	-154
41.45500	-154
41.45667	-153
41.45833	-153
41.46000	-153
41.46167	-154
41.46333	-152
41.46500	-153
41.46667	-153
41.46833	-152
41.47000	-153
41.47167	-153
41.47333	-152
41.47500	-153
41.47667	-152
41.47833	-153
41.48000	-152
41.48167	-153
41.48333	-153
41.48500	-152
41.48667	-153
41.48833	-153
41.49000	-153
41.49167	-152
41.49333	-153
41.49500	-153
41.49667	-153
41.49833	-153
41.50000	-153
41.50167	-153
41.50333	-153
41.50500	-153
41.50667	-153
41.50833	-153
41.51000	-153
41.51167	-153
41.51333	-153
41.51500	-152
41.51667	-153
41.51833	-153
41.52000	-153
41.52167	-153
41.52333	-153
41.52500	-153
41.52667	-153
41.52833	-153
41.53000	-153
41.53167	-153
41.53333	-154
41.53500	-153
41.53667	-153
41.53833	-154
41.54000	-154
41.54167	-153
41.54333	-154
41.54500	-154
41.54667	-155
41.54833	-154
41.55000	-155
41.55167	-154
41.55333	-155
41.55500	-154
41.55667	-155
41.55833	-154
41.56000	-155
41.56167	-155
41.56333	-154
41.56500	-155
41.56667	-154
41.56833	-155
41.57000	-154
41.57167	-154
41.57333	-154
41.57500	-154
41.57667	-154
41.57833	-154
41.58000	-154
41.58167	-153
41.58333	-154
41.58500	-153
41.58667	-153
41.58833	-154
41.59000	-153
41.59167	-153
41.59333	-153
41.59500	-153
41.59667	-153
41.59833	-152
41.60000	-153
41.60167	-152
41.60333	-152
41.60500	-152
41.60667	-152
41.60833	-152
41.61000	-152
41.61167	-152
41.61333	-152
41.61500	-152
41.61667	-151
41.61833	-152
41.62000	-151
41.62167	-151
41.62333	-151
41.62500	-151
41.62667	-150
41.62833	-151
41.63000	-151
41.63167	-151
41.63333	-150
41.63500	-151
41.63667	-150
41.63833	-151
41.64000	-150
41.64167	-150
41.64333	-151
41.64500	-150
41.64667	-150
41.64833	-150
41.65000	-150
41.65167	-150
41.65333	-151
41.65500	-150
41.65667	-151
41.65833	-151
41.66000	-150
41.66167	-151
41.66333	-151
41.66500	-151
41.66667	-152
41.66833	-152
41.67000	-151
41.67167	-153
41.67333	-152
41.67500	-152
41.67667	-153
41.67833	-153
41.68000	-153
41.68167	-154
41.68333	-153
41.68500	-153
41.68667	-153
41.68833	-153
41.69000	-154
41.69167	-153
41.69333	-153
41.69500	-154
41.69667	-153
41.69833	-153
41.70000	-153
41.70167	-153
41.70333	-152
41.70500	-153
41.70667	-152
41.70833	-152
41.71000	-152
41.71167	-152
41.71333	-151
41.71500	-152
41.71667	-151
41.71833	-151
41.72000	-151
41.72167	-150
41.72333	-151
41.72500	-150
41.72667	-150
41.72833	-150
41.73000	-150
41.73167	-150
41.73333	-149
41.73500	-149
41.73667	-150
41.73833	-149
41.74000	-149
41.74167	-149
41.74333	-149
41.74500	-149
41.74667	-148
41.74833	-149
41.75000	-148
41.75167	-148
41.75333	-149
41.75500	-147
41.75667	-148
41.75833	-148
41.76000	-147
41.76167	-148
41.76333	-147
41.76500	-147
41.76667	-148
41.76833	-147
41.77000	-147
41.77167	-147
41.77333	-147
41.77500	-147
41.77667	-147
41.77833	-146
41.78000	-146
41.78167	-147
41.78333	-146
41.78500	-146
41.78667	-146
41.78833	-146
41.79000	-145
41.79167	-146
41.79333	-145
41.79500	-145
41.79667	-146
41.79833	-145
41.80000	-145
41.80167	-145
41.80333	-145
41.80500	-144
41.80667	-145
41.80833	-145
41.81000	-144
41.81167	-145
41.81333	-145
41.81500	-145
41.81667	-145
41.81833	-145
41.82000	-145
41.82167	-144
41.82333	-145
41.82500	-145
41.82667	-145
41.82833	-145
41.83000	-146
41.83167	-145
41.83333	-145
41.83500	-145
41.83667	-145
41.83833	-145
41.84000	-145
41.84167	-146
41.84333	-145
41.84500	-145
41.84667	-146
41.84833	-145
41.85000	-145
41.85167	-146
41.85333	-145
41.85500	-146
41.85667	-145
41.85833	-146
41.86000	-145
41.86167	-146
41.86333	-146
41.86500	-145
41.86667	-146
41.86833	-146
41.87000	-146
41.87167	-146
41.87333	-146
41.87500	-146
41.87667	-146
41.87833	-146
41.88000	-146
41.88167	-147
41.88333	-146
41.88500	-147
41.88667	-146
41.88833	-146
41.89000	-146
41.89167	-146
41.89333	-146
41.89500	-146
41.89667	-146
41.89833	-146
41.90000	-145
41.90167	-146
41.90333	-145
41.90500	-145
41.90667	-145
41.90833	-145
41.91000	-145
41.91167	-144
41.91333	-145
41.91500	-144
41.91667	-144
41.91833	-144
41.92000	-144
41.92167	-143
41.92333	-144
41.92500	-143
41.92667	-143
41.92833	-144
41.93000	-143
41.93167	-143
41.93333	-143
41.93500	-143
41.93667	-143
41.93833	-143
41.94000	-143
41.94167	-143
41.94333	-143
41.94500	-143
41.94667	-142
41.94833	-143
41.95000	-143
41.95167	-143
41.95333	-143
41.95500	-144
41.95667	-144
41.95833	-143
41.96000	-144
41.96167	-145
41.96333	-144
41.96500	-145
41.96667	-144
41.96833	-145
41.97000	-145
41.97167	-145
41.97333	-146
41.97500	-145
41.97667	-145
41.97833	-146
41.98000	-146
41.98167	-146
41.98333	-146
41.98500	-146
41.98667	-146
41.98833	-147
41.99000	-147
41.99167	-146
41.99333	-147
41.99500	-147
41.99667	-147
41.99833	-146
42.00000	-147
42.00167	-146
42.00333	-147
42.00500	-146
42.00667	-146
42.00833	-146
42.01000	-146
42.01167	-145
42.01333	-145
42.01500	-146
42.01667	-144
42.01833	-145
42.02000	-145
42.02167	-144
42.02333	-144
42.02500	-144
42.02667	-144
42.02833	-144
42.03000	-144
42.03167	-144
42.03333	-143
42.03500	-144
42.03667	-143
42.03833	-144
42.04000	-143
42.04167	-143
42.04333	-143
42.04500	-143
42.04667	-143
42.04833	-143
42.05000	-143
42.05167	-143
42.05333	-143
42.05500	-143
42.05667	-142
42.05833	-143
42.06000	-143
42.06167	-143
42.06333	-143
42.06500	-144
42.06667	-143
42.06833	-143
42.07000	-144
42.07167	-143
42.07333	-144
42.07500	-144
42.07667	-144
42.07833	-144
42.08000	-144
42.08167	-144
42.08333	-145
42.08500	-144
42.08667	-144
42.08833	-144
42.09000	-145
42.09167	-144
42.09333	-145
42.09500	-144
42.09667	-145
42.09833	-144
42.10000	-144
42.10167	-145
42.10333	-144
42.10500	-145
42.10667	-144
42.10833	-145
42.11000	-144
42.11167	-144
42.11333	-144
42.11500	-143
42.11667	-144
42.11833	-144
42.12000	-143
42.12167	-143
42.12333	-143
42.12500	-143
42.12667	-143
42.12833	-142
42.13000	-142
42.13167	-142
42.13333	-142
42.13500	-142
42.13667	-141
42.13833	-142
42.14000	-141
42.14167	-141
42.14333	-140
42.14500	-141
42.14667	-140
42.14833	-140
42.15000	-141
42.15167	-140
42.15333	-139
42.15500	-140
42.15667	-140
42.15833	-140
42.16000	-140
42.16167	-140
42.16333	-140
42.16500	-139
42.16667	-140
42.16833	-140
42.17000	-140
42.17167	-141
42.17333	-140
42.17500	-140
42.17667	-141
42.17833	-140
42.18000	-141
42.18167	-141
42.18333	-140
42.18500	-141
42.18667	-141
42.18833	-141
42.19000	-140
42.19167	-141
42.19333	-141
42.19500	-140
42.19667	-141
42.19833	-140
42.20000	-141
42.20167	-140
42.20333	-141
42.20500	-140
42.20667	-140
42.20833	-141
42.21000	-140
42.21167	-141
42.21333	-140
42.21500	-141
42.21667	-140
42.21833	-141
42.22000	-141
42.22167	-141
42.22333	-141
42.22500	-142
42.22667	-141
42.22833	-142
42.23000	-142
42.23167	-143
42.23333	-142
42.23500	-143
42.23667	-143
42.23833	-144
42.24000	-143
42.24167	-144
42.24333	-144
42.24500	-145
42.24667	-144
42.24833	-145
42.25000	-145
42.25167	-146
42.25333	-145
42.25500	-146
42.25667	-146
42.25833	-146
42.26000	-146
42.26167	-146
42.26333	-147
42.26500	-146
42.26667	-147
42.26833	-146
42.27000	-146
42.27167	-147
42.27333	-146
42.27500	-147
42.27667	-146
42.27833	-147
42.28000	-146
42.28167	-147
42.28333	-146
42.28500	-147
42.28667	-146
42.28833	-147
42.29000	-146
42.29167	-147
42.29333	-146
42.29500	-147
42.29667	-147
42.29833	-146
42.30000	-147
42.30167	-147
42.30333	-146
42.30500	-147
42.30667	-147
42.30833	-146
42.31000	-146
42.31167	-147
42.31333	-146
42.31500	-146
42.31667	-147
42.31833	-146
42.32000	-147
42.32167	-146
42.32333	-147
42.32500	-146
42.32667	-147
42.32833	-147
42.33000	-147
42.33167	-146
42.33333	-147
42.33500	-147
42.33667	-147
42.33833	-147
42.34000	-147
42.34167	-148
42.34333	-147
42.34500	-148
42.34667	-148
42.34833	-148
42.35000	-148
42.35167	-149
42.35333	-149
42.35500	-148
42.35667	-150
42.35833	-149
42.36000	-149
42.36167	-149
42.36333	-150
42.36500	-150
42.36667	-150
42.36833	-150
42.37000	-150
42.37167	-150
42.37333	-151
42.37500	-151
42.37667	-151
42.37833	-151
42.38000	-152
42.38167	-151
42.38333	-152
42.38500	-153
42.38667	-152
42.38833	-153
42.39000	-152
42.39167	-154
42.39333	-153
42.39500	-153
42.39667	-154
42.39833	-154
42.40000	-154
42.40167	-155
42.40333	-155
42.40500	-155
42.40667	-155
42.40833	-155
42.41000	-155
42.41167	-156
42.41333	-156
42.41500	-155
42.41667	-156
42.41833	-156
42.42000	-155
42.42167	-156
42.42333	-156
42.42500	-156
42.42667	-156
42.42833	-156
42.43000	-155
42.43167	-156
42.43333	-156
42.43500	-155
42.43667	-156
42.43833	-156
42.44000	-156
42.44167	-155
42.44333	-156
42.44500	-156
42.44667	-156
42.44833	-156
42.45000	-155
42.45167	-156
42.45333	-156
42.45500	-156
42.45667	-156
42.45833	-156
42.46000	-155
42.46167	-156
42.46333	-156
42.46500	-156
42.46667	-156
42.46833	-156
42.47000	-156
42.47167	-157
42.47333	-156
42.47500	-157
42.47667	-156
42.47833	-157
42.48000	-156
42.48167	-156
42.48333	-157
42.48500	-156
42.48667	-157
42.48833	-156
42.49000	-157
42.49167	-156
42.49333	-157
42.49500	-157
42.49667	-156
42.49833	-157
42.50000	-156
42.50167	-157
42.50333	-156
42.50500	-157
42.50667	-156
42.50833	-157
42.51000	-156
42.51167	-157
42.51333	-157
42.51500	-156
42.51667	-156
42.51833	-157
42.52000	-156
42.52167	-157
42.52333	-156
42.52500	-157
42.52667	-156
42.52833	-157
42.53000	-157
42.53167	-157
42.53333	-157
42.53500	-157
42.53667	-157
42.53833	-157
42.54000	-156
42.54167	-157
42.54333	-156
42.54500	-157
42.54667	-157
42.54833	-157
42.55000	-157
42.55167	-156
42.55333	-157
42.55500	-157
42.55667	-157
42.55833	-157
42.56000	-157
42.56167	-158
42.56333	-157
42.56500	-158
42.56667	-158
42.56833	-157
42.57000	-158
42.57167	-158
42.57333	-158
42.57500	-157
42.57667	-158
42.57833	-159
42.58000	-158
42.58167	-158
42.58333	-158
42.58500	-158
42.58667	-158
42.58833	-158
42.59000	-158
42.59167	-158
42.59333	-157
42.59500	-158
42.59667	-157
42.59833	-158
42.60000	-157
42.60167	-157
42.60333	-157
42.60500	-157
42.60667	-157
42.60833	-156
42.61000	-157
42.61167	-156
42.61333	-156
42.61500	-156
42.61667	-156
42.61833	-157
42.62000	-156
42.62167	-156
42.62333	-156
42.62500	-157
42.62667	-156
42.62833	-156
42.63000	-156
42.63167	-157
42.63333	-156
42.63500	-156
42.63667	-156
42.63833	-157
42.64000	-156
42.64167	-156
42.64333	-157
42.64500	-157
42.64667	-156
42.64833	-156
42.65000	-157
42.65167	-156
42.65333	-157
42.65500	-156
42.65667	-157
42.65833	-156
42.66000	-156
42.66167	-157
42.66333	-156
42.66500	-157
42.66667	-156
42.66833	-156
42.67000	-156
42.67167	-156
42.67333	-156
42.67500	-156
42.67667	-156
42.67833	-156
42.68000	-156
42.68167	-156
42.68333	-155
42.68500	-156
42.68667	-155
42.68833	-156
42.69000	-155
42.69167	-155
42.69333	-155
42.69500	-155
42.69667	-155
42.69833	-155
42.70000	-155
42.70167	-155
42.70333	-155
42.70500	-156
42.70667	-155
42.70833	-156
42.71000	-155
42.71167	-156
42.71333	-156
42.71500	-156
42.71667	-157
42.71833	-156
42.72000	-156
42.72167	-156
42.72333	-157
42.72500	-156
42.72667	-156
42.72833	-156
42.73000	-156
42.73167	-156
42.73333	-156
42.73500	-156
42.73667	-156
42.73833	-156
42.74000	-155
42.74167	-156
42.74333	-156
42.74500	-155
42.74667	-156
42.74833	-155
42.75000	-155
42.75167	-155
42.75333	-155
42.75500	-155
42.75667	-155
42.75833	-156
42.76000	-155
42.76167	-154
42.76333	-155
42.76500	-155
42.76667	-155
42.76833	-155
42.77000	-155
42.77167	-155
42.77333	-155
42.77500	-156
42.77667	-155
42.77833	-155
42.78000	-155
42.78167	-155
42.78333	-155
42.78500	-154
42.78667	-155
42.78833	-155
42.79000	-154
42.79167	-155
42.79333	-154
42.79500	-154
42.79667	-154
42.79833	-154
42.80000	-154
42.80167	-153
42.80333	-154
42.80500	-152
42.80667	-153
42.80833	-153
42.81000	-152
42.81167	-152
42.81333	-152
42.81500	-152
42.81667	-152
42.81833	-151
42.82000	-151
42.82167	-151
42.82333	-151
42.82500	-151
42.82667	-150
42.82833	-151
42.83000	-151
42.83167	-151
42.83333	-151
42.83500	-151
42.83667	-151
42.83833	-151
42.84000	-151
42.84167	-151
42.84333	-152
42.84500	-151
42.84667	-152
42.84833	-152
42.85000	-152
42.85167	-151
42.85333	-152
42.85500	-152
42.85667	-152
42.85833	-152
42.86000	-152
42.86167	-152
42.86333	-151
42.86500	-152
42.86667	-152
42.86833	-152
42.87000	-151
42.87167	-152
42.87333	-151
42.87500	-152
42.87667	-151
42.87833	-151
42.88000	-152
42.88167	-151
42.88333	-151
42.88500	-151
42.88667	-151
42.88833	-152
42.89000	-151
42.89167	-151
42.89333	-151
42.89500	-151
42.89667	-151
42.89833	-151
42.90000	-152
42.90167	-151
42.90333	-151
42.90500	-152
42.90667	-151
42.90833	-151
42.91000	-151
42.91167	-151
42.91333	-151
42.91500	-151
42.91667	-152
42.91833	-151
42.92000	-151
42.92167	-151
42.92333	-151
42.92500	-151
42.92667	-151
42.92833	-152
42.93000	-151
42.93167	-151
42.93333	-151
42.93500	-152
42.93667	-151
42.93833	-152
42.94000	-152
42.94167	-152
42.94333	-151
42.94500	-153
42.94667	-152
42.94833	-152
42.95000	-152
42.95167	-153
42.95333	-152
42.95500	-152
42.95667	-153
42.95833	-153
42.96000	-153
42.96167	-153
42.96333	-154
42.96500	-153
42.96667	-153
42.96833	-154
42.97000	-154
42.97167	-153
42.97333	-154
42.97500	-153
42.97667	-154
42.97833	-154
42.98000	-153
42.98167	-154
42.98333	-154
42.98500	-154
42.98667	-154
42.98833	-153
42.99000	-154
42.99167	-153
42.99333	-154
42.99500	-153
42.99667	-153
42.99833	-153
43.00000	-153
43.00167	-153
43.00333	-152
43.00500	-153
43.00667	-152
43.00833	-152
43.01000	-152
43.01167	-152
43.01333	-152
43.01500	-152
43.01667	-152
43.01833	-152
43.02000	-152
43.02167	-152
43.02333	-152
43.02500	-152
43.02667	-152
43.02833	-152
43.03000	-151
43.03167	-152
43.03333	-151
43.03500	-152
43.03667	-152
43.03833	-152
43.04000	-152
43.04167	-152
43.04333	-152
43.04500	-151
43.04667	-152
43.04833	-152
43.05000	-151
43.05167	-152
43.05333	-151
43.05500	-151
43.05667	-151
43.05833	-151
43.06000	-150
43.06167	-151
43.06333	-150
43.06500	-150
43.06667	-150
43.06833	-151
43.07000	-150
43.07167	-150
43.07333	-150
43.07500	-149
43.07667	-150
43.07833	-150
43.08000	-150
43.08167	-150
43.08333	-150
43.08500	-149
43.08667	-150
43.08833	-150
43.09000	-150
43.09167	-150
43.09333	-150
43.09500	-150
43.09667	-150
43.09833	-150
43.10000	-150
43.10167	-151
43.10333	-151
43.10500	-151
43.10667	-152
43.10833	-151
43.11000	-151
43.11167	-152
43.11333	-152
43.11500	-151
43.11667	-152
43.11833	-152
43.12000	-152
43.12167	-152
43.12333	-153
43.12500	-152
43.12667	-152
43.12833	-152
43.13000	-152
43.13167	-153
43.13333	-152
43.13500	-153
43.13667	-152
43.13833	-153
43.14000	-152
43.14167	-153
43.14333	-152
43.14500	-153
43.14667	-152
43.14833	-153
43.15000	-153
43.15167	-153
43.15333	-153
43.15500	-153
43.15667	-153
43.15833	-153
43.16000	-152
43.16167	-154
43.16333	-153
43.16500	-153
43.16667	-153
43.16833	-154
43.17000	-153
43.17167	-153
43.17333	-154
43.17500	-154
43.17667	-153
43.17833	-154
43.18000	-154
43.18167	-154
43.18333	-154
43.18500	-154
43.18667	-154
43.18833	-154
43.19000	-154
43.19167	-154
43.19333	-155
43.19500	-155
43.19667	-155
43.19833	-154
43.20000	-155
43.20167	-155
43.20333	-154
43.20500	-155
43.20667	-154
43.20833	-155
43.21000	-155
43.21167	-155
43.21333	-155
43.21500	-155
43.21667	-154
43.21833	-155
43.22000	-155
43.22167	-155
43.22333	-155
43.22500	-156
43.22667	-155
43.22833	-156
43.23000	-155
43.23167	-156
43.23333	-156
43.23500	-156
43.23667	-156
43.23833	-156
43.24000	-156
43.24167	-157
43.24333	-156
43.24500	-157
43.24667	-157
43.24833	-157
43.25000	-157
43.25167	-157
43.25333	-157
43.25500	-157
43.25667	-156
43.25833	-157
43.26000	-157
43.26167	-157
43.26333	-158
43.26500	-157
43.26667	-158
43.26833	-157
43.27000	-157
43.27167	-158
43.27333	-157
43.27500	-158
43.27667	-158
43.27833	-157
43.28000	-158
43.28167	-158
43.28333	-158
43.28500	-158
43.28667	-158
43.28833	-158
43.29000	-158
43.29167	-159
43.29333	-159
43.29500	-158
43.29667	-159
43.29833	-159
43.30000	-159
43.30167	-159
43.30333	-159
43.30500	-159
43.30667	-160
43.30833	-159
43.31000	-160
43.31167	-160
43.31333	-160
43.31500	-159
43.31667	-160
43.31833	-160
43.32000	-160
43.32167	-160
43.32333	-160
43.32500	-159
43.32667	-160
43.32833	-159
43.33000	-160
43.33167	-159
43.33333	-159
43.33500	-158
43.33667	-159
43.33833	-158
43.34000	-158
43.34167	-158
43.34333	-158
43.34500	-157
43.34667	-158
43.34833	-157
43.35000	-157
43.35167	-157
43.35333	-156
43.35500	-157
43.35667	-156
43.35833	-156
43.36000	-157
43.36167	-156
43.36333	-156
43.36500	-157
43.36667	-156
43.36833	-157
43.37000	-156
43.37167	-157
43.37333	-156
43.37500	-157
43.37667	-157
43.37833	-157
43.38000	-158
43.38167	-157
43.38333	-157
43.38500	-158
43.38667	-158
43.38833	-158
43.39000	-158
43.39167	-158
43.39333	-158
43.39500	-158
43.39667	-159
43.39833	-158
43.40000	-158
43.40167	-159
43.40333	-159
43.40500	-158
43.40667	-159
43.40833	-158
43.41000	-159
43.41167	-158
43.41333	-158
43.41500	-158
43.41667	-159
43.41833	-158
43.42000	-157
43.42167	-158
43.42333	-158
43.42500	-158
43.42667	-158
43.42833	-158
43.43000	-158
43.43167	-158
43.43333	-157
43.43500	-158
43.43667	-158
43.43833	-158
43.44000	-158
43.44167	-158
43.44333	-158
43.44500	-158
43.44667	-158
43.44833	-159
43.45000	-158
43.45167	-159
43.45333	-159
43.45500	-158
43.45667	-160
43.45833	-159
43.46000	-160
43.46167	-160
43.46333	-159
43.46500	-160
43.46667	-160
43.46833	-160
43.47000	-161
43.47167	-161
43.47333	-161
43.47500	-161
43.47667	-161
43.47833	-161
43.48000	-162
43.48167	-161
43.48333	-161
43.48500	-162
43.48667	-161
43.48833	-162
43.49000	-161
43.49167	-162
43.49333	-161
43.49500	-161
43.49667	-161
43.49833	-161
43.50000	-161
43.50167	-160
43.50333	-161
43.50500	-160
43.50667	-159
43.50833	-160
43.51000	-159
43.51167	-159
43.51333	-159
43.51500	-158
43.51667	-159
43.51833	-158
43.52000	-158
43.52167	-158
43.52333	-158
43.52500	-158
43.52667	-158
43.52833	-158
43.53000	-157
43.53167	-158
43.53333	-157
43.53500	-158
43.53667	-157
43.53833	-158
43.54000	-157
43.54167	-158
43.54333	-158
43.54500	-157
43.54667	-158
43.54833	-158
43.55000	-158
43.55167	-158
43.55333	-158
43.55500	-158
43.55667	-158
43.55833	-158
43.56000	-157
43.56167	-158
43.56333	-157
43.56500	-158
43.56667	-157
43.56833	-157
43.57000	-157
43.57167	-156
43.57333	-156
43.57500	-157
43.57667	-156
43.57833	-156
43.58000	-155
43.58167	-156
43.58333	-156
43.58500	-155
43.58667	-156
43.58833	-155
43.59000	-155
43.59167	-156
43.59333	-155
43.59500	-156
43.59667	-155
43.59833	-155
43.60000	-155
43.60167	-156
43.60333	-155
43.60500	-155
43.60667	-156
43.60833	-155
43.61000	-156
43.61167	-156
43.61333	-155
43.61500	-156
43.61667	-156
43.61833	-156
43.62000	-156
43.62167	-156
43.62333	-156
43.62500	-156
43.62667	-156
43.62833	-156
43.63000	-155
43.63167	-156
43.63333	-156
43.63500	-155
43.63667	-156
43.63833	-155
43.64000	-156
43.64167	-155
43.64333	-156
43.64500	-155
43.64667	-156
43.64833	-156
43.65000	-156
43.65167	-155
43.65333	-157
43.65500	-156
43.65667	-156
43.65833	-156
43.66000	-156
43.66167	-156
43.66333	-156
43.66500	-157
43.66667	-157
43.66833	-156
43.67000	-157
43.67167	-157
43.67333	-157
43.67500	-158
43.67667	-157
43.67833	-158
43.68000	-157
43.68167	-158
43.68333	-158
43.68500	-157
43.68667	-158
43.68833	-158
43.69000	-158
43.69167	-159
43.69333	-158
43.69500	-158
43.69667	-158
43.69833	-158
43.70000	-159
43.70167	-158
43.70333	-158
43.70500	-159
43.70667	-158
43.70833	-159
43.71000	-158
43.71167	-158
43.71333	-158
43.71500	-158
43.71667	-158
43.71833	-158
43.72000	-158
43.72167	-159
43.72333	-158
43.72500	-158
43.72667	-158
43.72833	-158
43.73000	-158
43.73167	-158
43.73333	-158
43.73500	-159
43.73667	-158
43.73833	-159
43.74000	-158
43.74167	-159
43.74333	-159
43.74500	-158
43.74667	-159
43.74833	-159
43.75000	-159
43.75167	-158
43.75333	-158
43.75500	-158
43.75667	-158
43.75833	-158
43.76000	-158
43.76167	-157
43.76333	-157
43.76500	-157
43.76667	-157
43.76833	-157
43.77000	-156
43.77167	-156
43.77333	-156
43.77500	-156
43.77667	-156
43.77833	-155
43.78000	-156
43.78167	-155
43.78333	-156
43.78500	-155
43.78667	-155
43.78833	-155
43.79000	-155
43.79167	-155
43.79333	-155
43.79500	-155
43.79667	-154
43.79833	-156
43.80000	-155
43.80167	-155
43.80333	-155
43.80500	-155
43.80667	-155
43.80833	-156
43.81000	-155
43.81167	-156
43.81333	-156
43.81500	-156
43.81667	-157
43.81833	-156
43.82000	-156
43.82167	-157
43.82333	-156
43.82500	-157
43.82667	-156
43.82833	-157
43.83000	-157
43.83167	-157
43.83333	-157
43.83500	-157
43.83667	-157
43.83833	-157
43.84000	-158
43.84167	-157
43.84333	-158
43.84500	-157
43.84667	-158
43.84833	-158
43.85000	-158
43.85167	-158
43.85333	-158
43.85500	-158
43.85667	-159
43.85833	-158
43.86000	-159
43.86167	-158
43.86333	-159
43.86500	-158
43.86667	-158
43.86833	-159
43.87000	-158
43.87167	-159
43.87333	-158
43.87500	-158
43.87667	-158
43.87833	-158
43.88000	-158
43.88167	-157
43.88333	-157
43.88500	-158
43.88667	-157
43.88833	-157
43.89000	-157
43.89167	-158
43.89333	-157
43.89500	-156
43.89667	-157
43.89833	-157
43.90000	-156
43.90167	-156
43.90333	-156
43.90500	-156
43.90667	-156
43.90833	-156
43.91000	-156
43.91167	-156
43.91333	-156
43.91500	-157
43.91667	-156
43.91833	-156
43.92000	-156
43.92167	-156
43.92333	-156
43.92500	-156
43.92667	-156
43.92833	-156
43.93000	-156
43.93167	-155
43.93333	-156
43.93500	-156
43.93667	-156
43.93833	-156
43.94000	-156
43.94167	-156
43.94333	-155
43.94500	-156
43.94667	-156
43.94833	-155
43.95000	-156
43.95167	-156
43.95333	-155
43.95500	-156
43.95667	-155
43.95833	-156
43.96000	-155
43.96167	-156
43.96333	-156
43.96500	-155
43.96667	-155
43.96833	-156
43.97000	-155
43.97167	-155
43.97333	-156
43.97500	-154
43.97667	-155
43.97833	-155
43.98000	-154
43.98167	-155
43.98333	-154
43.98500	-154
43.98667	-154
43.98833	-154
43.99000	-153
43.99167	-153
43.99333	-154
43.99500	-153
43.99667	-154
43.99833	-153
44.00000	-153
44.00167	-153
44.00333	-152
44.00500	-153
44.00667	-152
44.00833	-153
44.01000	-152
44.01167	-152
44.01333	-153
44.01500	-152
44.01667	-152
44.01833	-151
44.02000	-152
44.02167	-152
44.02333	-151
44.02500	-152
44.02667	-152
44.02833	-152
44.03000	-152
44.03167	-152
44.03333	-151
44.03500	-152
44.03667	-152
44.03833	-152
44.04000	-152
44.04167	-152
44.04333	-152
44.04500	-152
44.04667	-152
44.04833	-152
44.05000	-152
44.05167	-153
44.05333	-152
44.05500	-152
44.05667	-153
44.05833	-152
44.06000	-152
44.06167	-151
44.06333	-152
44.06500	-151
44.06667	-152
44.06833	-151
44.07000	-150
44.07167	-151
44.07333	-150
44.07500	-150
44.07667	-150
44.07833	-150
44.08000	-150
44.08167	-149
44.08333	-150
44.08500	-149
44.08667	-149
44.08833	-149
44.09000	-148
44.09167	-149
44.09333	-148
44.09500	-148
44.09667	-148
44.09833	-148
44.10000	-148
44.10167	-147
44.10333	-148
44.10500	-148
44.10667	-147
44.10833	-147
44.11000	-148
44.11167	-147
44.11333	-147
44.11500	-148
44.11667	-147
44.11833	-148
44.12000	-147
44.12167	-147
44.12333	-147
44.12500	-147
44.12667	-148
44.12833	-147
44.13000	-148
44.13167	-148
44.13333	-148
44.13500	-148
44.13667	-148
44.13833	-148
44.14000	-149
44.14167	-148
44.14333	-149
44.14500	-149
44.14667	-149
44.14833	-150
44.15000	-149
44.15167	-150
44.15333	-149
44.15500	-150
44.15667	-150
44.15833	-150
44.16000	-150
44.16167	-150
44.16333	-150
44.16500	-150
44.16667	-150
44.16833	-150
44.17000	-151
44.17167	-150
44.17333	-150
44.17500	-151
44.17667	-150
44.17833	-150
44.18000	-150
44.18167	-151
44.18333	-150
44.18500	-150
44.18667	-151
44.18833	-150
44.19000	-151
44.19167	-150
44.19333	-151
44.19500	-150
44.19667	-151
44.19833	-150
44.20000	-151
44.20167	-151
44.20333	-151
44.20500	-151
44.20667	-151
44.20833	-151
44.21000	-151
44.21167	-151
44.21333	-151
44.21500	-151
44.21667	-152
44.21833	-151
44.22000	-151
44.22167	-151
44.22333	-152
44.22500	-151
44.22667	-151
44.22833	-152
44.23000	-151
44.23167	-151
44.23333	-151
44.23500	-151
44.23667	-152
44.23833	-151
44.24000	-151
44.24167	-152
44.24333	-151
44.24500	-151
44.24667	-151
44.24833	-152
44.25000	-151
44.25167	-151
44.25333	-151
44.25500	-151
44.25667	-151
44.25833	-151
44.26000	-151
44.26167	-151
44.26333	-152
44.26500	-151
44.26667	-151
44.26833	-152
44.27000	-151
44.27167	-151
44.27333	-151
44.27500	-151
44.27667	-152
44.27833	-151
44.28000	-152
44.28167	-151
44.28333	-152
44.28500	-152
44.28667	-152
44.28833	-152
44.29000	-153
44.29167	-152
44.29333	-153
44.29500	-152
44.29667	-153
44.29833	-153
44.30000	-153
44.30167	-153
44.30333	-153
44.30500	-154
44.30667	-153
44.30833	-153
44.31000	-153
44.31167	-154
44.31333	-153
44.31500	-153
44.31667	-153
44.31833	-154
44.32000	-153
44.32167	-153
44.32333	-153
44.32500	-153
44.32667	-153
44.32833	-153
44.33000	-153
44.33167	-153
44.33333	-153
44.33500	-153
44.33667	-152
44.33833	-153
44.34000	-153
44.34167	-153
44.34333	-153
44.34500	-153
44.34667	-153
44.34833	-154
44.35000	-153
44.35167	-154
44.35333	-154
44.35500	-154
44.35667	-154
44.35833	-154
44.36000	-155
44.36167	-154
44.36333	-155
44.36500	-155
44.36667	-155
44.36833	-155
44.37000	-155
44.37167	-156
44.37333	-156
44.37500	-156
44.37667	-156
44.37833	-156
44.38000	-157
44.38167	-156
44.38333	-157
44.38500	-156
44.38667	-157
44.38833	-157
44.39000	-156
44.39167	-157
44.39333	-157
44.39500	-156
44.39667	-157
44.39833	-157
44.40000	-156
44.40167	-157
44.40333	-156
44.40500	-156
44.40667	-157
44.40833	-156
44.41000	-156
44.41167	-157
44.41333	-156
44.41500	-156
44.41667	-156
44.41833	-156
44.42000	-156
44.42167	-156
44.42333	-156
44.42500	-156
44.42667	-155
44.42833	-156
44.43000	-156
44.43167	-155
44.43333	-155
44.43500	-155
44.43667	-155
44.43833	-156
44.44000	-154
44.44167	-155
44.44333	-155
44.44500	-155
44.44667	-154
44.44833	-155
44.45000	-155
44.45167	-154
44.45333	-155
44.45500	-154
44.45667	-154
44.45833	-155
44.46000	-154
44.46167	-154
44.46333	-154
44.46500	-154
44.46667	-154
44.46833	-155
44.47000	-154
44.47167	-155
44.47333	-154
44.47500	-154
44.47667	-154
44.47833	-154
44.48000	-154
44.48167	-154
44.48333	-154
44.48500	-155
44.48667	-154
44.48833	-154
44.49000	-155
44.49167	-154
44.49333	-155
44.49500	-154
44.49667	-155
44.49833	-154
44.50000	-154
44.50167	-155
44.50333	-154
44.50500	-155
44.50667	-154
44.50833	-155
44.51000	-154
44.51167	-154
44.51333	-154
44.51500	-155
44.51667	-154
44.51833	-154
44.52000	-154
44.52167	-154
44.52333	-154
44.52500	-154
44.52667	-153
44.52833	-154
44.53000	-153
44.53167	-154
44.53333	-153
44.53500	-153
44.53667	-153
44.53833	-154
44.54000	-153
44.54167	-153
44.54333	-153
44.54500	-153
44.54667	-154
44.54833	-153
44.55000	-153
44.55167	-153
44.55333	-153
44.55500	-153
44.55667	-152
44.55833	-154
44.56000	-153
44.56167	-153
44.56333	-154
44.56500	-153
44.56667	-154
44.56833	-154
44.57000	-153
44.57167	-154
44.57333	-154
44.57500	-154
44.57667	-155
44.57833	-154
44.58000	-155
44.58167	-154
44.58333	-154
44.58500	-154
44.58667	-155
44.58833	-154
44.59000	-155
44.59167	-154
44.59333	-155
44.59500	-154
44.59667	-155
44.59833	-154
44.60000	-155
44.60167	-154
44.60333	-154
44.60500	-154
44.60667	-154
44.60833	-154
44.61000	-154
44.61167	-153
44.61333	-153
44.61500	-154
44.61667	-152
44.61833	-153
44.62000	-153
44.62167	-152
44.62333	-152
44.62500	-153
44.62667	-151
44.62833	-152
44.63000	-152
44.63167	-152
44.63333	-151
44.63500	-151
44.63667	-151
44.63833	-151
44.64000	-151
44.64167	-150
44.64333	-151
44.64500	-150
44.64667	-150
44.64833	-150
44.65000	-150
44.65167	-149
44.65333	-150
44.65500	-149
44.65667	-149
44.65833	-149
44.66000	-149
44.66167	-149
44.66333	-149
44.66500	-149
44.66667	-150
44.66833	-149
44.67000	-149
44.67167	-149
44.67333	-149
44.67500	-149
44.67667	-150
44.67833	-149
44.68000	-149
44.68167	-150
44.68333	-149
44.68500	-150
44.68667	-150
44.68833	-149
44.69000	-150
44.69167	-150
44.69333	-150
44.69500	-150
44.69667	-150
44.69833	-150
44.70000	-150
44.70167	-150
44.70333	-150
44.70500	-151
44.70667	-150
44.70833	-151
44.71000	-151
44.71167	-150
44.71333	-151
44.71500	-151
44.71667	-150
44.71833	-151
44.72000	-151
44.72167	-150
44.72333	-151
44.72500	-151
44.72667	-151
44.72833	-151
44.73000	-150
44.73167	-151
44.73333	-151
44.73500	-150
44.73667	-151
44.73833	-151
44.74000	-150
44.74167	-151
44.74333	-150
44.74500	-151
44.74667	-151
44.74833	-151
44.75000	-151
44.75167	-150
44.75333	-151
44.75500	-151
44.75667	-152
44.75833	-151
44.76000	-152
44.76167	-151
44.76333	-152
44.76500	-152
44.76667	-152
44.76833	-153
44.77000	-152
44.77167	-153
44.77333	-153
44.77500	-153
44.77667	-154
44.77833	-153
44.78000	-154
44.78167	-154
44.78333	-153
44.78500	-154
44.78667	-154
44.78833	-154
44.79000	-154
44.79167	-154
44.79333	-155
44.79500	-154
44.79667	-154
44.79833	-153
44.80000	-154
44.80167	-155
44.80333	-154
44.80500	-153
44.80667	-154
44.80833	-153
44.81000	-154
44.81167	-153
44.81333	-153
44.81500	-153
44.81667	-153
44.81833	-152
44.82000	-153
44.82167	-152
44.82333	-152
44.82500	-151
44.82667	-152
44.82833	-151
44.83000	-152
44.83167	-151
44.83333	-150
44.83500	-151
44.83667	-151
44.83833	-151
44.84000	-151
44.84167	-151
44.84333	-150
44.84500	-151
44.84667	-151
44.84833	-151
44.85000	-151
44.85167	-152
44.85333	-151
44.85500	-151
44.85667	-151
44.85833	-152
44.86000	-151
44.86167	-152
44.86333	-152
44.86500	-152
44.86667	-151
44.86833	-152
44.87000	-153
44.87167	-152
44.87333	-152
44.87500	-153
44.87667	-153
44.87833	-153
44.88000	-153
44.88167	-153
44.88333	-153
44.88500	-153
44.88667	-154
44.88833	-154
44.89000	-153
44.89167	-154
44.89333	-154
44.89500	-154
44.89667	-154
44.89833	-154
44.90000	-155
44.90167	-154
44.90333	-155
44.90500	-155
44.90667	-155
44.90833	-155
44.91000	-155
44.91167	-156
44.91333	-155
44.91500	-156
44.91667	-156
44.91833	-156
44.92000	-155
44.92167	-156
44.92333	-156
44.92500	-156
44.92667	-156
44.92833	-156
44.93000	-156
44.93167	-155
44.93333	-156
44.93500	-156
44.93667	-156
44.93833	-156
44.94000	-155
44.94167	-156
44.94333	-156
44.94500	-155
44.94667	-156
44.94833	-156
44.95000	-156
44.95167	-155
44.95333	-156
44.95500	-156
44.95667	-156
44.95833	-156
44.96000	-156
44.96167	-156
44.96333	-157
44.96500	-156
44.96667	-156
44.96833	-157
44.97000	-156
44.97167	-156
44.97333	-157
44.97500	-156
44.97667	-157
44.97833	-156
44.98000	-157
44.98167	-157
44.98333	-157
44.98500	-157
44.98667	-157
44.98833	-157
44.99000	-158
44.99167	-157
44.99333	-157
44.99500	-157
44.99667	-157
44.99833	-158
45.00000	-157
45.00167	-157
45.00333	-158
45.00500	-157
45.00667	-157
45.00833	-158
45.01000	-157
45.01167	-157
45.01333	-157
45.01500	-158
45.01667	-157
45.01833	-157
45.02000	-157
45.02167	-157
45.02333	-157
45.02500	-157
45.02667	-157
45.02833	-157
45.03000	-157
45.03167	-158
45.03333	-157
45.03500	-158
45.03667	-157
45.03833	-158
45.04000	-157
45.04167	-158
45.04333	-158
45.04500	-158
45.04667	-159
45.04833	-158
45.05000	-159
45.05167	-159
45.05333	-158
45.05500	-160
45.05667	-159
45.05833	-159
45.06000	-159
45.06167	-160
45.06333	-160
45.06500	-160
45.06667	-160
45.06833	-160
45.07000	-160
45.07167	-160
45.07333	-160
45.07500	-160
45.07667	-160
45.07833	-160
45.08000	-160
45.08167	-160
45.08333	-160
45.08500	-159
45.08667	-160
45.08833	-160
45.09000	-160
45.09167	-160
45.09333	-160
45.09500	-159
45.09667	-160
45.09833	-160
45.10000	-159
45.10167	-160
45.10333	-159
45.10500	-160
45.10667	-159
45.10833	-159
45.11000	-159
45.11167	-159
45.11333	-159
45.11500	-159
45.11667	-159
45.11833	-158
45.12000	-159
45.12167	-158
45.12333	-159
45.12500	-158
45.12667	-158
45.12833	-158
45.13000	-158
45.13167	-158
45.13333	-157
45.13500	-158
45.13667	-158
45.13833	-157
45.14000	-158
45.14167	-157
45.14333	-157
45.14500	-157
45.14667	-158
45.14833	-156
45.15000	-157
45.15167	-157
45.15333	-157
45.15500	-157
45.15667	-157
45.15833	-156
45.16000	-157
45.16167	-156
45.16333	-156
45.16500	-156
45.16667	-155
45.16833	-156
45.17000	-155
45.17167	-155
45.17333	-155
45.17500	-155
45.17667	-155
45.17833	-154
45.18000	-154
45.18167	-155
45.18333	-154
45.18500	-154
45.18667	-153
45.18833	-154
45.19000	-154
45.19167	-153
45.19333	-154
45.19500	-154
45.19667	-153
45.19833	-154
45.20000	-154
45.20167	-154
45.20333	-154
45.20500	-154
45.20667	-155
45.20833	-154
45.21000	-154
45.21167	-155
45.21333	-155
45.21500	-155
45.21667	-155
45.21833	-155
45.22000	-154
45.22167	-155
45.22333	-155
45.22500	-155
45.22667	-156
45.22833	-155
45.23000	-155
45.23167	-156
45.23333	-155
45.23500	-156
45.23667	-156
45.23833	-155
45.24000	-156
45.24167	-155
45.24333	-155
45.24500	-156
45.24667	-155
45.24833	-156
45.25000	-155
45.25167	-155
45.25333	-156
45.25500	-156
45.25667	-155
45.25833	-156
45.26000	-156
45.26167	-155
45.26333	-156
45.26500	-156
45.26667	-155
45.26833	-156
45.27000	-155
45.27167	-156
45.27333	-155
45.27500	-156
45.27667	-155
45.27833	-156
45.28000	-156
45.28167	-156
45.28333	-156
45.28500	-156
45.28667	-156
45.28833	-156
45.29000	-156
45.29167	-156
45.29333	-156
45.29500	-157
45.29667	-156
45.29833	-157
45.30000	-157
45.30167	-157
45.30333	-157
45.30500	-157
45.30667	-156
45.30833	-158
45.31000	-157
45.31167	-157
45.31333	-157
45.31500	-157
45.31667	-158
45.31833	-157
45.32000	-157
45.32167	-158
45.32333	-157
45.32500	-158
45.32667	-157
45.32833	-157
45.33000	-158
45.33167	-157
45.33333	-157
45.33500	-157
45.33667	-157
45.33833	-157
45.34000	-157
45.34167	-157
45.34333	-157
45.34500	-157
45.34667	-156
45.34833	-157
45.35000	-157
45.35167	-157
45.35333	-156
45.35500	-157
45.35667	-156
45.35833	-156
45.36000	-156
45.36167	-156
45.36333	-156
45.36500	-156
45.36667	-156
45.36833	-156
45.37000	-156
45.37167	-155
45.37333	-156
45.37500	-156
45.37667	-156
45.37833	-156
45.38000	-155
45.38167	-156
45.38333	-156
45.38500	-155
45.38667	-156
45.38833	-156
45.39000	-156
45.39167	-155
45.39333	-156
45.39500	-155
45.39667	-156
45.39833	-156
45.40000	-155
45.40167	-156
45.40333	-155
45.40500	-156
45.40667	-155
45.40833	-155
45.41000	-154
45.41167	-155
45.41333	-154
45.41500	-155
45.41667	-154
45.41833	-155
45.42000	-154
45.42167	-154
45.42333	-155
45.42500	-154
45.42667	-154
45.42833	-154
45.43000	-154
45.43167	-154
45.43333	-154
45.43500	-154
45.43667	-155
45.43833	-154
45.44000	-154
45.44167	-154
45.44333	-154
45.44500	-154
45.44667	-155
45.44833	-154
45.45000	-155
45.45167	-154
45.45333	-155
45.45500	-155
45.45667	-154
45.45833	-155
45.46000	-155
45.46167	-154
45.46333	-155
45.46500	-155
45.46667	-155
45.46833	-155
45.47000	-155
45.47167	-156
45.47333	-156
45.47500	-156
45.47667	-156
45.47833	-156
45.48000	-156
45.48167	-157
45.48333	-156
45.48500	-157
45.48667	-157
45.48833	-157
45.49000	-157
45.49167	-158
45.49333	-157
45.49500	-157
45.49667	-158
45.49833	-158
45.50000	-158
45.50167	-158
45.50333	-158
45.50500	-159
45.50667	-158
45.50833	-158
45.51000	-159
45.51167	-158
45.51333	-159
45.51500	-158
45.51667	-159
45.51833	-158
45.52000	-159
45.52167	-158
45.52333	-158
45.52500	-159
45.52667	-158
45.52833	-158
45.53000	-158
45.53167	-158
45.53333	-158
45.53500	-158
45.53667	-158
45.53833	-158
45.54000	-158
45.54167	-158
45.54333	-157
45.54500	-158
45.54667	-157
45.54833	-158
45.55000	-157
45.55167	-158
45.55333	-157
45.55500	-158
45.55667	-157
45.55833	-158
45.56000	-158
45.56167	-157
45.56333	-158
45.56500	-157
45.56667	-157
45.56833	-158
45.57000	-157
45.57167	-157
45.57333	-157
45.57500	-157
45.57667	-157
45.57833	-157
45.58000	-157
45.58167	-157
45.58333	-157
45.58500	-157
45.58667	-157
45.58833	-157
45.59000	-157
45.59167	-157
45.59333	-157
45.59500	-157
45.59667	-157
45.59833	-157
45.60000	-157
45.60167	-158
45.60333	-157
45.60500	-157
45.60667	-158
45.60833	-157
45.61000	-158
45.61167	-157
45.61333	-158
45.61500	-157
45.61667	-158
45.61833	-157
45.62000	-157
45.62167	-158
45.62333	-157
45.62500	-157
45.62667	-157
45.62833	-157
45.63000	-156
45.63167	-157
45.63333	-156
45.63500	-157
45.63667	-156
45.63833	-156
45.64000	-156
45.64167	-155
45.64333	-156
45.64500	-155
45.64667	-155
45.64833	-155
45.65000	-155
45.65167	-155
45.65333	-155
45.65500	-154
45.65667	-155
45.65833	-154
45.66000	-155
45.66167	-154
45.66333	-154
45.66500	-154
45.66667	-154
45.66833	-154
45.67000	-154
45.67167	-154
45.67333	-154
45.67500	-154
45.67667	-154
45.67833	-154
45.68000	-154
45.68167	-153
45.68333	-154
45.68500	-154
45.68667	-154
45.68833	-154
45.69000	-154
45.69167	-154
45.69333	-154
45.69500	-154
45.69667	-154
45.69833	-154
45.70000	-155
45.70167	-154
45.70333	-154
45.70500	-155
45.70667	-155
45.70833	-155
45.71000	-155
45.71167	-155
45.71333	-155
45.71500	-155
45.71667	-156
45.71833	-155
45.72000	-156
45.72167	-156
45.72333	-157
45.72500	-156
45.72667	-157
45.72833	-157
45.73000	-157
45.73167	-157
45.73333	-157
45.73500	-157
45.73667	-158
45.73833	-157
45.74000	-158
45.74167	-158
45.74333	-157
45.74500	-158
45.74667	-158
45.74833	-157
45.75000	-158
45.75167	-158
45.75333	-158
45.75500	-157
45.75667	-158
45.75833	-157
45.76000	-157
45.76167	-157
45.76333	-157
45.76500	-157
45.76667	-157
45.76833	-157
45.77000	-157
45.77167	-157
45.77333	-157
45.77500	-157
45.77667	-157
45.77833	-157
45.78000	-157
45.78167	-157
45.78333	-157
45.78500	-157
45.78667	-158
45.78833	-157
45.79000	-157
45.79167	-157
45.79333	-157
45.79500	-157
45.79667	-157
45.79833	-157
45.80000	-157
45.80167	-158
45.80333	-157
45.80500	-157
45.80667	-157
45.80833	-157
45.81000	-157
45.81167	-157
45.81333	-157
45.81500	-157
45.81667	-156
45.81833	-156
45.82000	-156
45.82167	-156
45.82333	-156
45.82500	-155
45.82667	-155
45.82833	-155
45.83000	-155
45.83167	-155
45.83333	-154
45.83500	-155
45.83667	-154
45.83833	-154
45.84000	-154
45.84167	-154
45.84333	-154
45.84500	-154
45.84667	-154
45.84833	-154
45.85000	-154
45.85167	-154
45.85333	-154
45.85500	-154
45.85667	-155
45.85833	-155
45.86000	-154
45.86167	-155
45.86333	-156
45.86500	-155
45.86667	-156
45.86833	-156
45.87000	-156
45.87167	-157
45.87333	-156
45.87500	-157
45.87667	-158
45.87833	-157
45.88000	-158
45.88167	-158
45.88333	-158
45.88500	-158
45.88667	-158
45.88833	-159
45.89000	-158
45.89167	-159
45.89333	-159
45.89500	-158
45.89667	-159
45.89833	-159
45.90000	-159
45.90167	-159
45.90333	-159
45.90500	-160
45.90667	-159
45.90833	-159
45.91000	-159
45.91167	-159
45.91333	-159
45.91500	-159
45.91667	-159
45.91833	-159
45.92000	-159
45.92167	-159
45.92333	-159
45.92500	-159
45.92667	-159
45.92833	-158
45.93000	-159
45.93167	-158
45.93333	-159
45.93500	-158
45.93667	-158
45.93833	-158
45.94000	-158
45.94167	-158
45.94333	-158
45.94500	-158
45.94667	-158
45.94833	-158
45.95000	-158
45.95167	-158
45.95333	-159
45.95500	-158
45.95667	-158
45.95833	-158
45.96000	-158
45.96167	-158
45.96333	-158
45.96500	-158
45.96667	-158
45.96833	-159
45.97000	-158
45.97167	-158
45.97333	-158
45.97500	-159
45.97667	-158
45.97833	-159
45.98000	-159
45.98167	-158
45.98333	-159
45.98500	-158
45.98667	-158
45.98833	-159
45.99000	-158
45.99167	-159
45.99333	-158
45.99500	-158
45.99667	-158
45.99833	-158
46.00000	-158
46.00167	-158
46.00333	-158
46.00500	-158
46.00667	-158
46.00833	-158
46.01000	-158
46.01167	-158
46.01333	-157
46.01500	-158
46.01667	-158
46.01833	-157
46.02000	-158
46.02167	-158
46.02333	-158
46.02500	-158
46.02667	-158
46.02833	-158
46.03000	-158
46.03167	-158
46.03333	-159
46.03500	-159
46.03667	-158
46.03833	-159
46.04000	-159
46.04167	-159
46.04333	-158
46.04500	-159
46.04667	-159
46.04833	-159
46.05000	-160
46.05167	-159
46.05333	-158
46.05500	-159
46.05667	-159
46.05833	-159
46.06000	-159
46.06167	-159
46.06333	-159
46.06500	-159
46.06667	-159
46.06833	-159
46.07000	-159
46.07167	-159
46.07333	-159
46.07500	-159
46.07667	-160
46.07833	-159
46.08000	-159
46.08167	-159
46.08333	-159
46.08500	-160
46.08667	-159
46.08833	-159
46.09000	-159
46.09167	-160
46.09333	-159
46.09500	-159
46.09667	-159
46.09833	-160
46.10000	-159
46.10167	-159
46.10333	-159
46.10500	-159
46.10667	-158
46.10833	-159
46.11000	-158
46.11167	-158
46.11333	-159
46.11500	-158
46.11667	-157
46.11833	-158
46.12000	-158
46.12167	-157
46.12333	-158
46.12500	-157
46.12667	-157
46.12833	-156
46.13000	-157
46.13167	-157
46.13333	-157
46.13500	-157
46.13667	-156
46.13833	-156
46.14000	-157
46.14167	-156
46.14333	-156
46.14500	-156
46.14667	-156
46.14833	-157
46.15000	-156
46.15167	-156
46.15333	-156
46.15500	-156
46.15667	-156
46.15833	-157
46.16000	-156
46.16167	-157
46.16333	-157
46.16500	-156
46.16667	-157
46.16833	-157
46.17000	-158
46.17167	-157
46.17333	-157
46.17500	-158
46.17667	-158
46.17833	-158
46.18000	-158
46.18167	-159
46.18333	-158
46.18500	-158
46.18667	-159
46.18833	-158
46.19000	-159
46.19167	-158
46.19333	-159
46.19500	-158
46.19667	-158
46.19833	-158
46.20000	-157
46.20167	-158
46.20333	-158
46.20500	-157
46.20667	-157
46.20833	-157
46.21000	-157
46.21167	-157
46.21333	-156
46.21500	-157
46.21667	-156
46.21833	-156
46.22000	-156
46.22167	-156
46.22333	-155
46.22500	-156
46.22667	-155
46.22833	-156
46.23000	-155
46.23167	-156
46.23333	-155
46.23500	-155
46.23667	-156
46.23833	-155
46.24000	-155
46.24167	-155
46.24333	-155
46.24500	-156
46.24667	-155
46.24833	-155
46.25000	-155
46.25167	-156
46.25333	-155
46.25500	-155
46.25667	-156
46.25833	-156
46.26000	-155
46.26167	-156
46.26333	-156
46.26500	-157
46.26667	-156
46.26833	-156
46.27000	-156
46.27167	-157
46.27333	-157
46.27500	-156
46.27667	-157
46.27833	-157
46.28000	-157
46.28167	-158
46.28333	-157
46.28500	-157
46.28667	-158
46.28833	-158
46.29000	-157
46.29167	-158
46.29333	-158
46.29500	-158
46.29667	-158
46.29833	-157
46.30000	-158
46.30167	-158
46.30333	-158
46.30500	-158
46.30667	-158
46.30833	-157
46.31000	-158
46.31167	-157
46.31333	-158
46.31500	-158
46.31667	-157
46.31833	-157
46.32000	-158
46.32167	-157
46.32333	-157
46.32500	-157
46.32667	-157
46.32833	-157
46.33000	-157
46.33167	-157
46.33333	-157
46.33500	-157
46.33667	-157
46.33833	-156
46.34000	-157
46.34167	-157
46.34333	-157
46.34500	-157
46.34667	-157
46.34833	-157
46.35000	-157
46.35167	-157
46.35333	-157
46.35500	-157
46.35667	-157
46.35833	-157
46.36000	-157
46.36167	-157
46.36333	-156
46.36500	-157
46.36667	-157
46.36833	-157
46.37000	-157
46.37167	-157
46.37333	-157
46.37500	-157
46.37667	-157
46.37833	-157
46.38000	-158
46.38167	-157
46.38333	-158
46.38500	-157
46.38667	-158
46.38833	-157
46.39000	-158
46.39167	-158
46.39333	-158
46.39500	-158
46.39667	-158
46.39833	-158
46.40000	-158
46.40167	-159
46.40333	-158
46.40500	-159
46.40667	-159
46.40833	-159
46.41000	-159
46.41167	-159
46.41333	-159
46.41500	-160
46.41667	-159
46.41833	-160
46.42000	-159
46.42167	-160
46.42333	-160
46.42500	-160
46.42667	-159
46.42833	-160
46.43000	-160
46.43167	-160
46.43333	-159
46.43500	-160
46.43667	-160
46.43833	-160
46.44000	-159
46.44167	-160
46.44333	-160
46.44500	-159
46.44667	-160
46.44833	-160
46.45000	-159
46.45167	-160
46.45333	-160
46.45500	-159
46.45667	-160
46.45833	-160
46.46000	-160
46.46167	-160
46.46333	-160
46.46500	-160
46.46667	-159
46.46833	-160
46.47000	-160
46.47167	-159
46.47333	-160
46.47500	-159
46.47667	-160
46.47833	-159
46.48000	-159
46.48167	-159
46.48333	-160
46.48500	-159
46.48667	-159
46.48833	-160
46.49000	-159
46.49167	-160
46.49333	-159
46.49500	-160
46.49667	-159
46.49833	-160
46.50000	-159
46.50167	-160
46.50333	-159
46.50500	-160
46.50667	-159
46.50833	-160
46.51000	-159
46.51167	-160
46.51333	-159
46.51500	-159
46.51667	-159
46.51833	-159
46.52000	-159
46.52167	-158
46.52333	-159
46.52500	-158
46.52667	-157
46.52833	-158
46.53000	-157
46.53167	-158
46.53333	-157
46.53500	-157
46.53667	-157
46.53833	-156
46.54000	-157
46.54167	-156
46.54333	-157
46.54500	-156
46.54667	-156
46.54833	-156
46.55000	-157
46.55167	-156
46.55333	-156
46.55500	-157
46.55667	-156
46.55833	-156
46.56000	-157
46.56167	-156
46.56333	-157
46.56500	-156
46.56667	-156
46.56833	-157
46.57000	-156
46.57167	-157
46.57333	-157
46.57500	-156
46.57667	-157
46.57833	-157
46.58000	-157
46.58167	-157
46.58333	-157
46.58500	-157
46.58667	-157
46.58833	-157
46.59000	-157
46.59167	-158
46.59333	-157
46.59500	-158
46.59667	-158
46.59833	-157
46.60000	-158
46.60167	-158
46.60333	-158
46.60500	-158
46.60667	-159
46.60833	-158
46.61000	-158
46.61167	-159
46.61333	-158
46.61500	-158
46.61667	-159
46.61833	-158
46.62000	-159
46.62167	-159
46.62333	-159
46.62500	-159
46.62667	-159
46.62833	-159
46.63000	-159
46.63167	-158
46.63333	-159
46.63500	-159
46.63667	-158
46.63833	-159
46.64000	-158
46.64167	-158
46.64333	-159
46.64500	-158
46.64667	-158
46.64833	-158
46.65000	-158
46.65167	-158
46.65333	-158
46.65500	-157
46.65667	-158
46.65833	-157
46.66000	-158
46.66167	-158
46.66333	-157
46.66500	-158
46.66667	-157
46.66833	-158
46.67000	-158
46.67167	-157
46.67333	-158
46.67500	-157
46.67667	-158
46.67833	-158
46.68000	-157
46.68167	-158
46.68333	-158
46.68500	-159
46.68667	-158
46.68833	-158
46.69000	-159
46.69167	-158
46.69333	-159
46.69500	-159
46.69667	-159
46.69833	-159
46.70000	-159
46.70167	-159
46.70333	-160
46.70500	-159
46.70667	-160
46.70833	-159
46.71000	-159
46.71167	-160
46.71333	-159
46.71500	-159
46.71667	-159
46.71833	-160
46.72000	-159
46.72167	-159
46.72333	-160
46.72500	-159
46.72667	-159
46.72833	-159
46.73000	-160
46.73167	-159
46.73333	-159
46.73500	-160
46.73667	-159
46.73833	-159
46.74000	-160
46.74167	-159
46.74333	-159
46.74500	-159
46.74667	-160
46.74833	-159
46.75000	-159
46.75167	-159
46.75333	-159
46.75500	-158
46.75667	-159
46.75833	-159
46.76000	-158
46.76167	-158
46.76333	-159
46.76500	-158
46.76667	-158
46.76833	-158
46.77000	-157
46.77167	-158
46.77333	-157
46.77500	-157
46.77667	-157
46.77833	-157
46.78000	-157
46.78167	-157
46.78333	-156
46.78500	-157
46.78667	-156
46.78833	-157
46.79000	-156
46.79167	-156
46.79333	-157
46.79500	-156
46.79667	-157
46.79833	-157
46.80000	-157
46.80167	-157
46.80333	-158
46.80500	-157
46.80667	-158
46.80833	-158
46.81000	-159
46.81167	-159
46.81333	-159
46.81500	-159
46.81667	-160
46.81833	-160
46.82000	-160
46.82167	-160
46.82333	-161
46.82500	-161
46.82667	-161
46.82833	-162
46.83000	-161
46.83167	-162
46.83333	-162
46.83500	-162
46.83667	-162
46.83833	-162
46.84000	-162
46.84167	-162
46.84333	-161
46.84500	-162
46.84667	-162
46.84833	-161
46.85000	-162
46.85167	-161
46.85333	-162
46.85500	-161
46.85667	-161
46.85833	-161
46.86000	-161
46.86167	-161
46.86333	-161
46.86500	-160
46.86667	-161
46.86833	-161
46.87000	-160
46.87167	-161
46.87333	-161
46.87500	-161
46.87667	-160
46.87833	-161
46.88000	-161
46.88167	-160
46.88333	-161
46.88500	-160
46.88667	-160
46.88833	-160
46.89000	-160
46.89167	-160
46.89333	-160
46.89500	-159
46.89667	-160
46.89833	-160
46.90000	-159
46.90167	-160
46.90333	-160
46.90500	-159
46.90667	-159
46.90833	-160
46.91000	-159
46.91167	-159
46.91333	-159
46.91500	-159
46.91667	-159
46.91833	-159
46.92000	-159
46.92167	-159
46.92333	-158
46.92500	-159
46.92667	-159
46.92833	-160
46.93000	-159
46.93167	-159
46.93333	-160
46.93500	-159
46.93667	-159
46.93833	-159
46.94000	-160
46.94167	-159
46.94333	-159
46.94500	-160
46.94667	-159
46.94833	-159
46.95000	-158
46.95167	-159
46.95333	-159
46.95500	-159
46.95667	-159
46.95833	-158
46.96000	-159
46.96167	-159
46.96333	-158
46.96500	-158
46.96667	-159
46.96833	-158
46.97000	-158
46.97167	-158
46.97333	-159
46.97500	-158
46.97667	-158
46.97833	-158
46.98000	-157
46.98167	-158
46.98333	-158
46.98500	-158
46.98667	-158
46.98833	-158
46.99000	-157
46.99167	-158
46.99333	-157
46.99500	-157
46.99667	-158
46.99833	-157
47.00000	-157
47.00167	-157
47.00333	-156
47.00500	-157
47.00667	-156
47.00833	-157
47.01000	-155
47.01167	-156
47.01333	-156
47.01500	-155
47.01667	-156
47.01833	-155
47.02000	-155
47.02167	-155
47.02333	-155
47.02500	-154
47.02667	-155
47.02833	-154
47.03000	-154
47.03167	-154
47.03333	-155
47.03500	-154
47.03667	-154
47.03833	-154
47.04000	-154
47.04167	-154
47.04333	-154
47.04500	-154
47.04667	-155
47.04833	-154
47.05000	-154
47.05167	-154
47.05333	-155
47.05500	-154
47.05667	-155
47.05833	-154
47.06000	-155
47.06167	-155
47.06333	-155
47.06500	-154
47.06667	-155
47.06833	-155
47.07000	-154
47.07167	-155
47.07333	-156
47.07500	-155
47.07667	-155
47.07833	-155
47.08000	-155
47.08167	-155
47.08333	-155
47.08500	-155
47.08667	-155
47.08833	-154
47.09000	-155
47.09167	-155
47.09333	-154
47.09500	-155
47.09667	-155
47.09833	-154
47.10000	-154
47.10167	-155
47.10333	-154
47.10500	-154
47.10667	-154
47.10833	-154
47.11000	-154
47.11167	-154
47.11333	-155
47.11500	-154
47.11667	-154
47.11833	-154
47.12000	-154
47.12167	-155
47.12333	-154
47.12500	-154
47.12667	-154
47.12833	-155
47.13000	-154
47.13167	-154
47.13333	-155
47.13500	-155
47.13667	-155
47.13833	-155
47.14000	-155
47.14167	-156
47.14333	-155
47.14500	-156
47.14667	-155
47.14833	-156
47.15000	-156
47.15167	-156
47.15333	-157
47.15500	-156
47.15667	-156
47.15833	-157
47.16000	-156
47.16167	-157
47.16333	-157
47.16500	-156
47.16667	-157
47.16833	-157
47.17000	-157
47.17167	-157
47.17333	-157
47.17500	-156
47.17667	-157
47.17833	-157
47.18000	-156
47.18167	-157
47.18333	-156
47.18500	-156
47.18667	-156
47.18833	-156
47.19000	-156
47.19167	-156
47.19333	-155
47.19500	-156
47.19667	-155
47.19833	-156
47.20000	-155
47.20167	-155
47.20333	-155
47.20500	-155
47.20667	-155
47.20833	-154
47.21000	-155
47.21167	-155
47.21333	-154
47.21500	-155
47.21667	-155
47.21833	-154
47.22000	-155
47.22167	-154
47.22333	-155
47.22500	-154
47.22667	-155
47.22833	-154
47.23000	-155
47.23167	-154
47.23333	-155
47.23500	-154
47.23667	-155
47.23833	-154
47.24000	-155
47.24167	-154
47.24333	-154
47.24500	-155
47.24667	-154
47.24833	-153
47.25000	-154
47.25167	-154
47.25333	-153
47.25500	-154
47.25667	-153
47.25833	-153
47.26000	-153
47.26167	-154
47.26333	-153
47.26500	-153
47.26667	-153
47.26833	-153
47.27000	-153
47.27167	-153
47.27333	-154
47.27500	-153
47.27667	-153
47.27833	-153
47.28000	-153
47.28167	-153
47.28333	-154
47.28500	-153
47.28667	-153
47.28833	-153
47.29000	-154
47.29167	-153
47.29333	-153
47.29500	-153
47.29667	-154
47.29833	-153
47.30000	-153
47.30167	-153
47.30333	-153
47.30500	-153
47.30667	-153
47.30833	-153
47.31000	-153
47.31167	-153
47.31333	-153
47.31500	-153
47.31667	-152
47.31833	-153
47.32000	-152
47.32167	-152
47.32333	-152
47.32500	-152
47.32667	-152
47.32833	-152
47.33000	-151
47.33167	-151
47.33333	-152
47.33500	-151
47.33667	-151
47.33833	-152
47.34000	-151
47.34167	-151
47.34333	-151
47.34500	-151
47.34667	-151
47.34833	-151
47.35000	-151
47.35167	-151
47.35333	-151
47.35500	-150
47.35667	-152
47.35833	-151
47.36000	-151
47.36167	-151
47.36333	-151
47.36500	-151
47.36667	-151
47.36833	-150
47.37000	-151
47.37167	-151
47.37333	-151
47.37500	-151
47.37667	-151
47.37833	-151
47.38000	-151
47.38167	-150
47.38333	-151
47.38500	-150
47.38667	-151
47.38833	-151
47.39000	-150
47.39167	-150
47.39333	-151
47.39500	-150
47.39667	-150
47.39833	-150
47.40000	-150
47.40167	-150
47.40333	-150
47.40500	-149
47.40667	-150
47.40833	-150
47.41000	-150
47.41167	-150
47.41333	-150
47.41500	-149
47.41667	-150
47.41833	-150
47.42000	-150
47.42167	-150
47.42333	-150
47.42500	-150
47.42667	-150
47.42833	-149
47.43000	-150
47.43167	-150
47.43333	-149
47.43500	-149
47.43667	-150
47.43833	-149
47.44000	-149
47.44167	-149
47.44333	-150
47.44500	-149
47.44667	-149
47.44833	-149
47.45000	-149
47.45167	-149
47.45333	-149
47.45500	-149
47.45667	-149
47.45833	-149
47.46000	-148
47.46167	-149
47.46333	-149
47.46500	-148
47.46667	-149
47.46833	-148
47.47000	-149
47.47167	-148
47.47333	-148
47.47500	-148
47.47667	-148
47.47833	-148
47.48000	-148
47.48167	-148
47.48333	-148
47.48500	-148
47.48667	-147
47.48833	-148
47.49000	-147
47.49167	-147
47.49333	-147
47.49500	-147
47.49667	-147
47.49833	-146
47.50000	-147
47.50167	-146
47.50333	-146
47.50500	-146
47.50667	-146
47.50833	-146
47.51000	-146
47.51167	-145
47.51333	-146
47.51500	-145
47.51667	-146
47.51833	-145
47.52000	-145
47.52167	-145
47.52333	-145
47.52500	-145
47.52667	-145
47.52833	-146
47.53000	-145
47.53167	-145
47.53333	-145
47.53500	-145
47.53667	-145
47.53833	-145
47.54000	-145
47.54167	-145
47.54333	-146
47.54500	-145
47.54667	-146
47.54833	-146
47.55000	-145
47.55167	-146
47.55333	-146
47.55500	-146
47.55667	-146
47.55833	-146
47.56000	-147
47.56167	-146
47.56333	-146
47.56500	-146
47.56667	-147
47.56833	-147
47.57000	-146
47.57167	-147
47.57333	-147
47.57500	-146
47.57667	-147
47.57833	-146
47.58000	-147
47.58167	-147
47.58333	-146
47.58500	-147
47.58667	-146
47.58833	-147
47.59000	-147
47.59167	-146
47.59333	-147
47.59500	-146
47.59667	-146
47.59833	-146
47.60000	-146
47.60167	-146
47.60333	-146
47.60500	-146
47.60667	-147
47.60833	-146
47.61000	-146
47.61167	-147
47.61333	-146
47.61500	-147
47.61667	-146
47.61833	-147
47.62000	-147
47.62167	-147
47.62333	-148
47.62500	-147
47.62667	-148
47.62833	-149
47.63000	-148
47.63167	-149
47.63333	-149
47.63500	-149
47.63667	-150
47.63833	-149
47.64000	-150
47.64167	-150
47.64333	-151
47.64500	-150
47.64667	-151
47.64833	-151
47.65000	-150
47.65167	-151
47.65333	-151
47.65500	-151
47.65667	-151
47.65833	-151
47.66000	-151
47.66167	-152
47.66333	-151
47.66500	-151
47.66667	-151
47.66833	-151
47.67000	-150
47.67167	-151
47.67333	-151
47.67500	-150
47.67667	-150
47.67833	-151
47.68000	-150
47.68167	-150
47.68333	-150
47.68500	-150
47.68667	-150
47.68833	-150
47.69000	-150
47.69167	-150
47.69333	-150
47.69500	-149
47.69667	-150
47.69833	-150
47.70000	-150
47.70167	-150
47.70333	-150
47.70500	-150
47.70667	-150
47.70833	-151
47.71000	-150
47.71167	-150
47.71333	-151
47.71500	-151
47.71667	-150
47.71833	-151
47.72000	-151
47.72167	-151
47.72333	-151
47.72500	-152
47.72667	-152
47.72833	-152
47.73000	-152
47.73167	-153
47.73333	-152
47.73500	-153
47.73667	-153
47.73833	-153
47.74000	-154
47.74167	-153
47.74333	-153
47.74500	-154
47.74667	-154
47.74833	-153
47.75000	-154
47.75167	-154
47.75333	-154
47.75500	-154
47.75667	-154
47.75833	-154
47.76000	-154
47.76167	-155
47.76333	-154
47.76500	-154
47.76667	-155
47.76833	-154
47.77000	-155
47.77167	-154
47.77333	-154
47.77500	-154
47.77667	-155
47.77833	-154
47.78000	-155
47.78167	-154
47.78333	-155
47.78500	-154
47.78667	-155
47.78833	-155
47.79000	-154
47.79167	-155
47.79333	-155
47.79500	-154
47.79667	-155
47.79833	-154
47.80000	-155
47.80167	-154
47.80333	-155
47.80500	-154
47.80667	-154
47.80833	-154
47.81000	-155
47.81167	-154
47.81333	-154
47.81500	-154
47.81667	-154
47.81833	-154
47.82000	-154
47.82167	-154
47.82333	-154
47.82500	-153
47.82667	-154
47.82833	-154
47.83000	-154
47.83167	-153
47.83333	-154
47.83500	-154
47.83667	-153
47.83833	-154
47.84000	-153
47.84167	-154
47.84333	-154
47.84500	-154
47.84667	-154
47.84833	-153
47.85000	-154
47.85167	-154
47.85333	-154
47.85500	-154
47.85667	-154
47.85833	-153
47.86000	-154
47.86167	-154
47.86333	-154
47.86500	-153
47.86667	-154
47.86833	-154
47.87000	-154
47.87167	-154
47.87333	-154
47.87500	-155
47.87667	-154
47.87833	-154
47.88000	-154
47.88167	-155
47.88333	-154
47.88500	-154
47.88667	-154
47.88833	-155
47.89000	-154
47.89167	-154
47.89333	-154
47.89500	-154
47.89667	-154
47.89833	-154
47.90000	-155
47.90167	-154
47.90333	-154
47.90500	-155
47.90667	-154
47.90833	-155
47.91000	-154
47.91167	-155
47.91333	-154
47.91500	-155
47.91667	-155
47.91833	-155
47.92000	-155
47.92167	-154
47.92333	-155
47.92500	-155
47.92667	-155
47.92833	-154
47.93000	-155
47.93167	-154
47.93333	-155
47.93500	-154
47.93667	-155
47.93833	-154
47.94000	-154
47.94167	-154
47.94333	-155
47.94500	-154
47.94667	-154
47.94833	-155
47.95000	-155
47.95167	-154
47.95333	-155
47.95500	-154
47.95667	-155
47.95833	-155
47.96000	-154
47.96167	-155
47.96333	-155
47.96500	-155
47.96667	-155
47.96833	-156
47.97000	-155
47.97167	-156
47.97333	-155
47.97500	-156
47.97667	-155
47.97833	-156
47.98000	-155
47.98167	-156
47.98333	-155
47.98500	-155
47.98667	-156
47.98833	-155
47.99000	-155
47.99167	-155
47.99333	-155
47.99500	-155
47.99667	-155
47.99833	-155
48.00000	-154
48.00167	-155
48.00333	-154
48.00500	-154
48.00667	-154
48.00833	-155
48.01000	-154
48.01167	-154
48.01333	-153
48.01500	-154
48.01667	-154
48.01833	-153
48.02000	-154
48.02167	-154
48.02333	-153
48.02500	-154
48.02667	-154
48.02833	-153
48.03000	-154
48.03167	-154
48.03333	-155
48.03500	-154
48.03667	-154
48.03833	-155
48.04000	-155
48.04167	-154
48.04333	-155
48.04500	-155
48.04667	-154
48.04833	-155
48.05000	-155
48.05167	-154
48.05333	-155
48.05500	-154
48.05667	-154
48.05833	-154
48.06000	-155
48.06167	-153
48.06333	-154
48.06500	-154
48.06667	-153
48.06833	-153
48.07000	-153
48.07167	-153
48.07333	-153
48.07500	-152
48.07667	-153
48.07833	-152
48.08000	-152
48.08167	-152
48.08333	-153
48.08500	-152
48.08667	-152
48.08833	-152
48.09000	-151
48.09167	-152
48.09333	-152
48.09500	-151
48.09667	-151
48.09833	-152
48.10000	-151
48.10167	-151
48.10333	-151
48.10500	-151
48.10667	-150
48.10833	-150
48.11000	-150
48.11167	-150
48.11333	-150
48.11500	-149
48.11667	-150
48.11833	-149
48.12000	-148
48.12167	-149
48.12333	-148
48.12500	-147
48.12667	-148
48.12833	-147
48.13000	-147
48.13167	-146
48.13333	-146
48.13500	-146
48.13667	-145
48.13833	-145
48.14000	-145
48.14167	-144
48.14333	-145
48.14500	-144
48.14667	-143
48.14833	-143
48.15000	-144
48.15167	-143
48.15333	-142
48.15500	-143
48.15667	-142
48.15833	-142
48.16000	-141
48.16167	-142
48.16333	-142
48.16500	-141
48.16667	-141
48.16833	-141
48.17000	-140
48.17167	-141
48.17333	-140
48.17500	-140
48.17667	-140
48.17833	-140
48.18000	-139
48.18167	-140
48.18333	-139
48.18500	-139
48.18667	-139
48.18833	-139
48.19000	-139
48.19167	-139
48.19333	-138
48.19500	-138
48.19667	-138
48.19833	-138
48.20000	-137
48.20167	-137
48.20333	-137
48.20500	-136
48.20667	-137
48.20833	-136
48.21000	-137
48.21167	-136
48.21333	-136
48.21500	-135
48.21667	-136
48.21833	-135
48.22000	-135
48.22167	-135
48.22333	-135
48.22500	-135
48.22667	-134
48.22833	-135
48.23000	-134
48.23167	-134
48.23333	-134
48.23500	-133
48.23667	-134
48.23833	-133
48.24000	-133
48.24167	-133
48.24333	-133
48.24500	-132
48.24667	-133
48.24833	-132
48.25000	-133
48.25167	-131
48.25333	-132
48.25500	-132
48.25667	-131
48.25833	-132
48.26000	-131
48.26167	-131
48.26333	-131
48.26500	-131
48.26667	-130
48.26833	-131
48.27000	-130
48.27167	-130
48.27333	-130
48.27500	-130
48.27667	-130
48.27833	-130
48.28000	-130
48.28167	-130
48.28333	-130
48.28500	-130
48.28667	-130
48.28833	-130
48.29000	-131
48.29167	-130
48.29333	-130
48.29500	-130
48.29667	-131
48.29833	-130
48.30000	-131
48.30167	-131
48.30333	-131
48.30500	-132
48.30667	-131
48.30833	-131
48.31000	-131
48.31167	-132
48.31333	-132
48.31500	-132
48.31667	-132
48.31833	-132
48.32000	-133
48.32167	-132
48.32333	-133
48.32500	-133
48.32667	-133
48.32833	-133
48.33000	-133
48.33167	-133
48.33333	-134
48.33500	-133
48.33667	-134
48.33833	-134
48.34000	-134
48.34167	-134
48.34333	-134
48.34500	-134
48.34667	-134
48.34833	-134
48.35000	-135
48.35167	-135
48.35333	-134
48.35500	-135
48.35667	-135
48.35833	-134
48.36000	-135
48.36167	-135
48.36333	-135
48.36500	-136
48.36667	-135
48.36833	-135
48.37000	-134
48.37167	-136
48.37333	-134
48.37500	-135
48.37667	-135
48.37833	-135
48.38000	-134
48.38167	-135
48.38333	-134
48.38500	-135
48.38667	-134
48.38833	-134
48.39000	-134
48.39167	-134
48.39333	-135
48.39500	-134
48.39667	-134
48.39833	-134
48.40000	-135
48.40167	-134
48.40333	-135
48.40500	-135
48.40667	-136
48.40833	-135
48.41000	-136
48.41167	-135
48.41333	-136
48.41500	-136
48.41667	-137
48.41833	-136
48.42000	-137
48.42167	-137
48.42333	-137
48.42500	-138
48.42667	-138
48.42833	-138
48.43000	-138
48.43167	-138
48.43333	-138
48.43500	-139
48.43667	-139
48.43833	-139
48.44000	-140
48.44167	-139
48.44333	-139
48.44500	-140
48.44667	-140
48.44833	-139
48.45000	-140
48.45167	-140
48.45333	-140
48.45500	-140
48.45667	-140
48.45833	-140
48.46000	-140
48.46167	-140
48.46333	-140
48.46500	-141
48.46667	-141
48.46833	-140
48.47000	-141
48.47167	-141
48.47333	-141
48.47500	-141
48.47667	-142
48.47833	-141
48.48000	-142
48.48167	-142
48.48333	-143
48.48500	-142
48.48667	-143
48.48833	-143
48.49000	-144
48.49167	-143
48.49333	-144
48.49500	-144
48.49667	-144
48.49833	-144
48.50000	-145
48.50167	-145
48.50333	-145
48.50500	-145
48.50667	-146
48.50833	-145
48.51000	-146
48.51167	-146
48.51333	-146
48.51500	-146
48.51667	-147
48.51833	-146
48.52000	-146
48.52167	-147
48.52333	-146
48.52500	-146
48.52667	-147
48.52833	-146
48.53000	-146
48.53167	-146
48.53333	-145
48.53500	-146
48.53667	-145
48.53833	-145
48.54000	-145
48.54167	-144
48.54333	-144
48.54500	-144
48.54667	-144
48.54833	-144
48.55000	-144
48.55167	-143
48.55333	-143
48.55500	-144
48.55667	-143
48.55833	-143
48.56000	-143
48.56167	-143
48.56333	-143
48.56500	-143
48.56667	-143
48.56833	-143
48.57000	-143
48.57167	-143
48.57333	-144
48.57500	-143
48.57667	-143
48.57833	-144
48.58000	-143
48.58167	-144
48.58333	-143
48.58500	-144
48.58667	-144
48.58833	-143
48.59000	-145
48.59167	-144
48.59333	-144
48.59500	-144
48.59667	-145
48.59833	-144
48.60000	-145
48.60167	-144
48.60333	-145
48.60500	-145
48.60667	-145
48.60833	-145
48.61000	-145
48.61167	-144
48.61333	-145
48.61500	-145
48.61667	-146
48.61833	-145
48.62000	-145
48.62167	-146
48.62333	-145
48.62500	-145
48.62667	-145
48.62833	-145
48.63000	-146
48.63167	-145
48.63333	-145
48.63500	-146
48.63667	-145
48.63833	-145
48.64000	-146
48.64167	-145
48.64333	-145
48.64500	-146
48.64667	-146
48.64833	-145
48.65000	-146
48.65167	-146
48.65333	-146
48.65500	-145
48.65667	-146
48.65833	-145
48.66000	-146
48.66167	-146
48.66333	-146
48.66500	-146
48.66667	-146
48.66833	-146
48.67000	-146
48.67167	-146
48.67333	-147
48.67500	-146
48.67667	-147
48.67833	-147
48.68000	-146
48.68167	-147
48.68333	-147
48.68500	-147
48.68667	-148
48.68833	-147
48.69000	-147
48.69167	-147
48.69333	-148
48.69500	-147
48.69667	-148
48.69833	-148
48.70000	-147
48.70167	-148
48.70333	-149
48.70500	-148
48.70667	-148
48.70833	-148
48.71000	-147
48.71167	-148
48.71333	-148
48.71500	-148
48.71667	-148
48.71833	-148
48.72000	-148
48.72167	-148
48.72333	-148
48.72500	-148
48.72667	-149
48.72833	-148
48.73000	-148
48.73167	-149
48.73333	-148
48.73500	-149
48.73667	-149
48.73833	-149
48.74000	-149
48.74167	-148
48.74333	-149
48.74500	-150
48.74667	-149
48.74833	-150
48.75000	-150
48.75167	-150
48.75333	-150
48.75500	-150
48.75667	-150
48.75833	-151
48.76000	-151
48.76167	-151
48.76333	-151
48.76500	-152
48.76667	-151
48.76833	-152
48.77000	-151
48.77167	-152
48.77333	-152
48.77500	-152
48.77667	-153
48.77833	-152
48.78000	-152
48.78167	-152
48.78333	-152
48.78500	-153
48.78667	-152
48.78833	-152
48.79000	-153
48.79167	-152
48.79333	-152
48.79500	-152
48.79667	-152
48.79833	-152
48.80000	-151
48.80167	-151
48.80333	-151
48.80500	-151
48.80667	-151
48.80833	-150
48.81000	-151
48.81167	-150
48.81333	-150
48.81500	-151
48.81667	-149
48.81833	-150
48.82000	-150
48.82167	-150
48.82333	-149
48.82500	-150
48.82667	-150
48.82833	-149
48.83000	-150
48.83167	-149
48.83333	-150
48.83500	-149
48.83667	-150
48.83833	-150
48.84000	-150
48.84167	-150
48.84333	-150
48.84500	-150
48.84667	-150
48.84833	-150
48.85000	-151
48.85167	-150
48.85333	-150
48.85500	-151
48.85667	-150
48.85833	-151
48.86000	-151
48.86167	-151
48.86333	-151
48.86500	-151
48.86667	-151
48.86833	-151
48.87000	-151
48.87167	-151
48.87333	-151
48.87500	-151
48.87667	-151
48.87833	-151
48.88000	-152
48.88167	-151
48.88333	-151
48.88500	-152
48.88667	-152
48.88833	-151
48.89000	-152
48.89167	-153
48.89333	-152
48.89500	-152
48.89667	-152
48.89833	-152
48.90000	-152
48.90167	-152
48.90333	-152
48.90500	-153
48.90667	-152
48.90833	-152
48.91000	-152
48.91167	-152
48.91333	-152
48.91500	-153
48.91667	-152
48.91833	-152
48.92000	-152
48.92167	-152
48.92333	-152
48.92500	-152
48.92667	-152
48.92833	-152
48.93000	-151
48.93167	-152
48.93333	-151
48.93500	-152
48.93667	-151
48.93833	-152
48.94000	-151
48.94167	-151
48.94333	-152
48.94500	-151
48.94667	-151
48.94833	-152
48.95000	-152
48.95167	-152
48.95333	-152
48.95500	-152
48.95667	-153
48.95833	-152
48.96000	-152
48.96167	-153
48.96333	-152
48.96500	-152
48.96667	-153
48.96833	-153
48.97000	-153
48.97167	-153
48.97333	-153
48.97500	-154
48.97667	-153
48.97833	-154
48.98000	-153
48.98167	-154
48.98333	-154
48.98500	-154
48.98667	-154
48.98833	-154
48.99000	-155
48.99167	-154
48.99333	-154
48.99500	-154
48.99667	-155
48.99833	-154
49.00000	-154
49.00167	-155
49.00333	-154
49.00500	-154
49.00667	-155
49.00833	-154
49.01000	-154
49.01167	-155
49.01333	-154
49.01500	-155
49.01667	-154
49.01833	-154
49.02000	-154
49.02167	-153
49.02333	-154
49.02500	-154
49.02667	-153
49.02833	-154
49.03000	-153
49.03167	-154
49.03333	-153
49.03500	-154
49.03667	-154
49.03833	-154
49.04000	-154
49.04167	-154
49.04333	-154
49.04500	-155
49.04667	-154
49.04833	-155
49.05000	-154
49.05167	-154
49.05333	-155
49.05500	-154
49.05667	-155
49.05833	-155
49.06000	-155
49.06167	-155
49.06333	-155
49.06500	-155
49.06667	-155
49.06833	-155
49.07000	-155
49.07167	-155
49.07333	-156
49.07500	-155
49.07667	-156
49.07833	-156
49.08000	-156
49.08167	-156
49.08333	-156
49.08500	-157
49.08667	-157
49.08833	-157
49.09000	-157
49.09167	-158
49.09333	-157
49.09500	-158
49.09667	-158
49.09833	-159
49.10000	-158
49.10167	-158
49.10333	-159
49.10500	-159
49.10667	-159
49.10833	-159
49.11000	-159
49.11167	-159
49.11333	-160
49.11500	-159
49.11667	-160
49.11833	-160
49.12000	-159
49.12167	-160
49.12333	-159
49.12500	-160
49.12667	-160
49.12833	-159
49.13000	-160
49.13167	-160
49.13333	-159
49.13500	-160
49.13667	-159
49.13833	-159
49.14000	-160
49.14167	-159
49.14333	-159
49.14500	-159
49.14667	-158
49.14833	-159
49.15000	-158
49.15167	-159
49.15333	-158
49.15500	-159
49.15667	-158
49.15833	-158
49.16000	-158
49.16167	-158
49.16333	-158
49.16500	-157
49.16667	-158
49.16833	-157
49.17000	-157
49.17167	-156
49.17333	-156
49.17500	-157
49.17667	-156
49.17833	-156
49.18000	-156
49.18167	-155
49.18333	-156
49.18500	-155
49.18667	-156
49.18833	-155
49.19000	-156
49.19167	-155
49.19333	-155
49.19500	-155
49.19667	-154
49.19833	-155
49.20000	-155
49.20167	-154
49.20333	-155
49.20500	-155
49.20667	-154
49.20833	-155
49.21000	-155
49.21167	-154
49.21333	-155
49.21500	-155
49.21667	-154
49.21833	-155
49.22000	-155
49.22167	-155
49.22333	-155
49.22500	-155
49.22667	-156
49.22833	-155
49.23000	-155
49.23167	-156
49.23333	-155
49.23500	-156
49.23667	-155
49.23833	-155
49.24000	-156
49.24167	-155
49.24333	-155
49.24500	-155
49.24667	-154
49.24833	-155
49.25000	-154
49.25167	-154
49.25333	-154
49.25500	-154
49.25667	-154
49.25833	-153
49.26000	-153
49.26167	-153
49.26333	-153
49.26500	-153
49.26667	-152
49.26833	-153
49.27000	-152
49.27167	-152
49.27333	-152
49.27500	-152
49.27667	-151
49.27833	-152
49.28000	-151
49.28167	-152
49.28333	-151
49.28500	-151
49.28667	-151
49.28833	-151
49.29000	-151
49.29167	-151
49.29333	-150
49.29500	-151
49.29667	-150
49.29833	-151
49.30000	-151
49.30167	-150
49.30333	-151
49.30500	-150
49.30667	-151
49.30833	-151
49.31000	-150
49.31167	-151
49.31333	-150
49.31500	-151
49.31667	-151
49.31833	-152
49.32000	-151
49.32167	-152
49.32333	-151
49.32500	-152
49.32667	-152
49.32833	-152
49.33000	-153
49.33167	-153
49.33333	-153
49.33500	-153
49.33667	-153
49.33833	-153
49.34000	-153
49.34167	-153
49.34333	-154
49.34500	-153
49.34667	-154
49.34833	-154
49.35000	-154
49.35167	-153
49.35333	-154
49.35500	-154
49.35667	-154
49.35833	-154
49.36000	-154
49.36167	-154
49.36333	-154
49.36500	-154
49.36667	-154
49.36833	-154
49.37000	-154
49.37167	-154
49.37333	-154
49.37500	-153
49.37667	-154
49.37833	-154
49.38000	-154
49.38167	-154
49.38333	-154
49.38500	-154
49.38667	-154
49.38833	-154
49.39000	-154
49.39167	-155
49.39333	-154
49.39500	-155
49.39667	-154
49.39833	-155
49.40000	-154
49.40167	-155
49.40333	-154
49.40500	-155
49.40667	-154
49.40833	-155
49.41000	-155
49.41167	-155
49.41333	-155
49.41500	-155
49.41667	-154
49.41833	-155
49.42000	-154
49.42167	-154
49.42333	-153
49.42500	-154
49.42667	-153
49.42833	-153
49.43000	-152
49.43167	-153
49.43333	-152
49.43500	-152
49.43667	-152
49.43833	-151
49.44000	-151
49.44167	-151
49.44333	-152
49.44500	-150
49.44667	-151
49.44833	-151
49.45000	-150
49.45167	-151
49.45333	-150
49.45500	-151
49.45667	-151
49.45833	-151
49.46000	-151
49.46167	-150
49.46333	-151
49.46500	-152
49.46667	-151
49.46833	-151
49.47000	-152
49.47167	-152
49.47333	-152
49.47500	-152
49.47667	-152
49.47833	-153
49.48000	-152
49.48167	-152
49.48333	-153
49.48500	-153
49.48667	-153
49.48833	-153
49.49000	-153
49.49167	-154
49.49333	-153
49.49500	-153
49.49667	-154
49.49833	-153
49.50000	-154
49.50167	-153
49.50333	-153
49.50500	-153
49.50667	-153
49.50833	-153
49.51000	-154
49.51167	-153
49.51333	-153
49.51500	-153
49.51667	-153
49.51833	-154
49.52000	-153
49.52167	-153
49.52333	-153
49.52500	-152
49.52667	-153
49.52833	-153
49.53000	-152
49.53167	-153
49.53333	-152
49.53500	-152
49.53667	-152
49.53833	-152
49.54000	-151
49.54167	-152
49.54333	-151
49.54500	-151
49.54667	-151
49.54833	-150
49.55000	-150
49.55167	-151
49.55333	-150
49.55500	-150
49.55667	-149
49.55833	-149
49.56000	-150
49.56167	-149
49.56333	-149
49.56500	-148
49.56667	-149
49.56833	-148
49.57000	-149
49.57167	-149
49.57333	-149
49.57500	-149
49.57667	-148
49.57833	-149
49.58000	-148
49.58167	-149
49.58333	-149
49.58500	-149
49.58667	-149
49.58833	-149
49.59000	-149
49.59167	-149
49.59333	-150
49.59500	-150
49.59667	-150
49.59833	-149
49.60000	-150
49.60167	-150
49.60333	-150
49.60500	-150
49.60667	-150
49.60833	-150
49.61000	-149
49.61167	-150
49.61333	-150
49.61500	-150
49.61667	-150
49.61833	-149
49.62000	-150
49.62167	-150
49.62333	-150
49.62500	-150
49.62667	-149
49.62833	-150
49.63000	-151
49.63167	-150
49.63333	-150
49.63500	-151
49.63667	-150
49.63833	-151
49.64000	-151
49.64167	-151
49.64333	-151
49.64500	-151
49.64667	-151
49.64833	-151
49.65000	-151
49.65167	-152
49.65333	-152
49.65500	-151
49.65667	-152
49.65833	-152
49.66000	-152
49.66167	-152
49.66333	-153
49.66500	-152
49.66667	-153
49.66833	-153
49.67000	-152
49.67167	-153
49.67333	-153
49.67500	-152
49.67667	-153
49.67833	-153
49.68000	-152
49.68167	-153
49.68333	-153
49.68500	-153
49.68667	-152
49.68833	-153
49.69000	-153
49.69167	-152
49.69333	-153
49.69500	-153
49.69667	-152
49.69833	-153
49.70000	-152
49.70167	-153
49.70333	-153
49.70500	-152
49.70667	-153
49.70833	-152
49.71000	-153
49.71167	-152
49.71333	-153
49.71500	-152
49.71667	-153
49.71833	-152
49.72000	-153
49.72167	-153
49.72333	-152
49.72500	-153
49.72667	-152
49.72833	-152
49.73000	-153
49.73167	-152
49.73333	-152
49.73500	-151
49.73667	-152
49.73833	-151
49.74000	-151
49.74167	-152
49.74333	-151
49.74500	-151
49.74667	-151
49.74833	-151
49.75000	-151
49.75167	-151
49.75333	-151
49.75500	-151
49.75667	-152
49.75833	-151
49.76000	-151
49.76167	-151
49.76333	-152
49.76500	-151
49.76667	-152
49.76833	-152
49.77000	-152
49.77167	-152
49.77333	-152
49.77500	-152
49.77667	-153
49.77833	-153
49.78000	-152
49.78167	-153
49.78333	-153
49.78500	-153
49.78667	-153
49.78833	-153
49.79000	-153
49.79167	-153
49.79333	-154
49.79500	-153
49.79667	-154
49.79833	-153
49.80000	-154
49.80167	-153
49.80333	-154
49.80500	-153
49.80667	-154
49.80833	-153
49.81000	-153
49.81167	-153
49.81333	-153
49.81500	-153
49.81667	-153
49.81833	-152
49.82000	-153
49.82167	-152
49.82333	-153
49.82500	-152
49.82667	-152
49.82833	-152
49.83000	-151
49.83167	-152
49.83333	-151
49.83500	-151
49.83667	-152
49.83833	-151
49.84000	-152
49.84167	-151
49.84333	-151
49.84500	-151
49.84667	-152
49.84833	-151
49.85000	-151
49.85167	-152
49.85333	-152
49.85500	-152
49.85667	-152
49.85833	-153
49.86000	-152
49.86167	-153
49.86333	-153
49.86500	-154
49.86667	-153
49.86833	-153
49.87000	-154
49.87167	-154
49.87333	-154
49.87500	-154
49.87667	-155
49.87833	-154
49.88000	-155
49.88167	-155
49.88333	-155
49.88500	-155
49.88667	-155
49.88833	-155
49.89000	-155
49.89167	-156
49.89333	-155
49.89500	-155
49.89667	-156
49.89833	-155
49.90000	-155
49.90167	-155
49.90333	-155
49.90500	-155
49.90667	-155
49.90833	-155
49.91000	-154
49.91167	-155
49.91333	-154
49.91500	-154
49.91667	-154
49.91833	-153
49.92000	-154
49.92167	-153
49.92333	-153
49.92500	-152
49.92667	-153
49.92833	-152
49.93000	-152
49.93167	-152
49.93333	-152
49.93500	-151
49.93667	-152
49.93833	-151
49.94000	-152
49.94167	-151
49.94333	-151
49.94500	-151
49.94667	-151
49.94833	-151
49.95000	-151
49.95167	-151
49.95333	-151
49.95500	-151
49.95667	-151
49.95833	-152
49.96000	-151
49.96167	-152
49.96333	-153
49.96500	-152
49.96667	-152
49.96833	-153
49.97000	-152
49.97167	-153
49.97333	-153
49.97500	-153
49.97667	-153
49.97833	-153
49.98000	-154
49.98167	-153
49.98333	-154
49.98500	-154
49.98667	-155
49.98833	-154
49.99000	-155
49.99167	-155
49.99333	-155
49.99500	-155
49.99667	-155
49.99833	-156
50.00000	-155
50.00167	-155
50.00333	-156
50.00500	-155
50.00667	-156
50.00833	-155
50.01000	-155
50.01167	-155
50.01333	-155
50.01500	-155
50.01667	-155
50.01833	-155
50.02000	-155
50.02167	-155
50.02333	-155
50.02500	-155
50.02667	-155
50.02833	-154
50.03000	-155
50.03167	-155
50.03333	-155
50.03500	-155
50.03667	-154
50.03833	-155
50.04000	-154
50.04167	-155
50.04333	-154
50.04500	-155
50.04667	-154
50.04833	-154
50.05000	-154
50.05167	-155
50.05333	-154
50.05500	-154
50.05667	-154
50.05833	-154
50.06000	-154
50.06167	-154
50.06333	-154
50.06500	-154
50.06667	-154
50.06833	-154
50.07000	-153
50.07167	-154
50.07333	-153
50.07500	-153
50.07667	-153
50.07833	-153
50.08000	-153
50.08167	-153
50.08333	-152
50.08500	-153
50.08667	-153
50.08833	-153
50.09000	-152
50.09167	-153
50.09333	-153
50.09500	-153
50.09667	-153
50.09833	-153
50.10000	-153
50.10167	-154
50.10333	-153
50.10500	-153
50.10667	-154
50.10833	-154
50.11000	-154
50.11167	-154
50.11333	-154
50.11500	-154
50.11667	-154
50.11833	-154
50.12000	-154
50.12167	-154
50.12333	-155
50.12500	-154
50.12667	-154
50.12833	-154
50.13000	-154
50.13167	-155
50.13333	-153
50.13500	-154
50.13667	-154
50.13833	-154
50.14000	-153
50.14167	-154
50.14333	-153
50.14500	-153
50.14667	-153
50.14833	-153
50.15000	-153
50.15167	-152
50.15333	-153
50.15500	-152
50.15667	-153
50.15833	-152
50.16000	-152
50.16167	-153
50.16333	-152
50.16500	-151
50.16667	-152
50.16833	-152
50.17000	-152
50.17167	-151
50.17333	-152
50.17500	-151
50.17667	-152
50.17833	-151
50.18000	-151
50.18167	-151
50.18333	-151
50.18500	-151
50.18667	-151
50.18833	-151
50.19000	-151
50.19167	-151
50.19333	-151
50.19500	-151
50.19667	-150
50.19833	-151
50.20000	-150
50.20167	-151
50.20333	-150
50.20500	-150
50.20667	-150
50.20833	-150
50.21000	-150
50.21167	-149
50.21333	-149
50.21500	-149
50.21667	-150
50.21833	-149
50.22000	-149
50.22167	-149
50.22333	-149
50.22500	-148
50.22667	-148
50.22833	-149
50.23000	-148
50.23167	-148
50.23333	-147
50.23500	-148
50.23667	-148
50.23833	-148
50.24000	-148
50.24167	-148
50.24333	-148
50.24500	-148
50.24667	-147
50.24833	-148
50.25000	-147
50.25167	-148
50.25333	-148
50.25500	-147
50.25667	-148
50.25833	-148
50.26000	-148
50.26167	-149
50.26333	-148
50.26500	-149
50.26667	-148
50.26833	-149
50.27000	-149
50.27167	-150
50.27333	-149
50.27500	-150
50.27667	-150
50.27833	-150
50.28000	-151
50.28167	-150
50.28333	-151
50.28500	-151
50.28667	-152
50.28833	-151
50.29000	-152
50.29167	-152
50.29333	-152
50.29500	-152
50.29667	-152
50.29833	-152
50.30000	-153
50.30167	-152
50.30333	-152
50.30500	-152
50.30667	-152
50.30833	-151
50.31000	-151
50.31167	-152
50.31333	-151
50.31500	-151
50.31667	-151
50.31833	-151
50.32000	-150
50.32167	-151
50.32333	-151
50.32500	-151
50.32667	-151
50.32833	-151
50.33000	-151
50.33167	-151
50.33333	-151
50.33500	-151
50.33667	-151
50.33833	-152
50.34000	-151
50.34167	-151
50.34333	-151
50.34500	-152
50.34667	-151
50.34833	-152
50.35000	-152
50.35167	-151
50.35333	-152
50.35500	-151
50.35667	-152
50.35833	-152
50.36000	-152
50.36167	-151
50.36333	-151
50.36500	-152
50.36667	-151
50.36833	-151
50.37000	-151
50.37167	-150
50.37333	-150
50.37500	-151
50.37667	-150
50.37833	-150
50.38000	-150
50.38167	-149
50.38333	-150
50.38500	-149
50.38667	-150
50.38833	-149
50.39000	-149
50.39167	-149
50.39333	-150
50.39500	-149
50.39667	-149
50.39833	-150
50.40000	-149
50.40167	-149
50.40333	-150
50.40500	-149
50.40667	-149
50.40833	-150
50.41000	-150
50.41167	-149
50.41333	-150
50.41500	-150
50.41667	-150
50.41833	-150
50.42000	-150
50.42167	-150
50.42333	-150
50.42500	-150
50.42667	-150
50.42833	-150
50.43000	-150
50.43167	-150
50.43333	-150
50.43500	-150
50.43667	-149
50.43833	-150
50.44000	-150
50.44167	-149
50.44333	-150
50.44500	-149
50.44667	-150
50.44833	-149
50.45000	-150
50.45167	-149
50.45333	-150
50.45500	-149
50.45667	-149
50.45833	-149
50.46000	-150
50.46167	-149
50.46333	-149
50.46500	-149
50.46667	-149
50.46833	-149
50.47000	-150
50.47167	-149
50.47333	-149
50.47500	-149
50.47667	-150
50.47833	-149
50.48000	-150
50.48167	-150
50.48333	-149
50.48500	-150
50.48667	-150
50.48833	-150
50.49000	-151
50.49167	-150
50.49333	-150
50.49500	-151
50.49667	-151
50.49833	-151
50.50000	-151
50.50167	-152
50.50333	-151
50.50500	-152
50.50667	-152
50.50833	-152
50.51000	-152
50.51167	-152
50.51333	-153
50.51500	-153
50.51667	-153
50.51833	-153
50.52000	-154
50.52167	-154
50.52333	-154
50.52500	-155
50.52667	-155
50.52833	-155
50.53000	-156
50.53167	-156
50.53333	-156
50.53500	-157
50.53667	-156
50.53833	-157
50.54000	-158
50.54167	-157
50.54333	-158
50.54500	-158
50.54667	-158
50.54833	-158
50.55000	-158
50.55167	-158
50.55333	-158
50.55500	-158
50.55667	-158
50.55833	-158
50.56000	-157
50.56167	-157
50.56333	-158
50.56500	-156
50.56667	-157
50.56833	-156
50.57000	-156
50.57167	-155
50.57333	-156
50.57500	-155
50.57667	-155
50.57833	-154
50.58000	-154
50.58167	-154
50.58333	-154
50.58500	-153
50.58667	-154
50.58833	-153
50.59000	-153
50.59167	-152
50.59333	-153
50.59500	-152
50.59667	-152
50.59833	-153
50.60000	-152
50.60167	-152
50.60333	-153
50.60500	-152
50.60667	-152
50.60833	-152
50.61000	-153
50.61167	-152
50.61333	-153
50.61500	-152
50.61667	-152
50.61833	-153
50.62000	-152
50.62167	-153
50.62333	-152
50.62500	-153
50.62667	-152
50.62833	-153
50.63000	-153
50.63167	-152
50.63333	-153
50.63500	-153
50.63667	-153
50.63833	-154
50.64000	-153
50.64167	-154
50.64333	-154
50.64500	-154
50.64667	-154
50.64833	-153
50.65000	-154
50.65167	-154
50.65333	-154
50.65500	-154
50.65667	-155
50.65833	-154
50.66000	-154
50.66167	-155
50.66333	-154
50.66500	-155
50.66667	-155
50.66833	-155
50.67000	-155
50.67167	-156
50.67333	-155
50.67500	-155
50.67667	-156
50.67833	-156
50.68000	-155
50.68167	-156
50.68333	-156
50.68500	-155
50.68667	-156
50.68833	-156
50.69000	-156
50.69167	-156
50.69333	-156
50.69500	-155
50.69667	-156
50.69833	-156
50.70000	-155
50.70167	-156
50.70333	-155
50.70500	-156
50.70667	-155
50.70833	-156
50.71000	-155
50.71167	-155
50.71333	-155
50.71500	-155
50.71667	-156
50.71833	-155
50.72000	-154
50.72167	-155
50.72333	-155
50.72500	-154
50.72667	-155
50.72833	-154
50.73000	-154
50.73167	-154
50.73333	-154
50.73500	-154
50.73667	-154
50.73833	-153
50.74000	-154
50.74167	-153
50.74333	-153
50.74500	-153
50.74667	-153
50.74833	-153
50.75000	-152
50.75167	-152
50.75333	-152
50.75500	-152
50.75667	-152
50.75833	-151
50.76000	-152
50.76167	-151
50.76333	-152
50.76500	-152
50.76667	-151
50.76833	-152
50.77000	-151
50.77167	-152
50.77333	-151
50.77500	-152
50.77667	-151
50.77833	-152
50.78000	-151
50.78167	-152
50.78333	-152
50.78500	-152
50.78667	-151
50.78833	-152
50.79000	-152
50.79167	-152
50.79333	-152
50.79500	-152
50.79667	-152
50.79833	-153
50.80000	-152
50.80167	-152
50.80333	-152
50.80500	-153
50.80667	-152
50.80833	-152
50.81000	-151
50.81167	-152
50.81333	-152
50.81500	-151
50.81667	-151
50.81833	-151
50.82000	-151
50.82167	-151
50.82333	-151
50.82500	-151
50.82667	-151
50.82833	-151
50.83000	-151
50.83167	-150
50.83333	-150
50.83500	-150
50.83667	-151
50.83833	-150
50.84000	-150
50.84167	-149
50.84333	-150
50.84500	-149
50.84667	-150
50.84833	-149
50.85000	-150
50.85167	-149
50.85333	-149
50.85500	-149
50.85667	-149
50.85833	-149
50.86000	-149
50.86167	-148
50.86333	-149
50.86500	-148
50.86667	-149
50.86833	-149
50.87000	-148
50.87167	-149
50.87333	-148
50.87500	-149
50.87667	-148
50.87833	-148
50.88000	-149
50.88167	-149
50.88333	-148
50.88500	-149
50.88667	-149
50.88833	-149
50.89000	-149
50.89167	-149
50.89333	-149
50.89500	-149
50.89667	-149
50.89833	-149
50.90000	-150
50.90167	-150
50.90333	-149
50.90500	-150
50.90667	-149
50.90833	-150
50.91000	-149
50.91167	-150
50.91333	-149
50.91500	-150
50.91667	-150
50.91833	-149
50.92000	-150
50.92167	-150
50.92333	-149
50.92500	-150
50.92667	-150
50.92833	-150
50.93000	-150
50.93167	-150
50.93333	-150
50.93500	-151
50.93667	-150
50.93833	-151
50.94000	-151
50.94167	-151
50.94333	-151
50.94500	-151
50.94667	-152
50.94833	-152
50.95000	-152
50.95167	-153
50.95333	-152
50.95500	-153
50.95667	-153
50.95833	-153
50.96000	-152
50.96167	-153
50.96333	-154
50.96500	-153
50.96667	-153
50.96833	-154
50.97000	-153
50.97167	-153
50.97333	-154
50.97500	-153
50.97667	-154
50.97833	-153
50.98000	-154
50.98167	-154
50.98333	-154
50.98500	-153
50.98667	-154
50.98833	-153
50.99000	-154
50.99167	-153
50.99333	-154
50.99500	-153
50.99667	-153
50.99833	-153
51.00000	-154
51.00167	-153
51.00333	-153
51.00500	-154
51.00667	-153
51.00833	-153
51.01000	-153
51.01167	-152
51.01333	-153
51.01500	-153
51.01667	-152
51.01833	-153
51.02000	-152
51.02167	-153
51.02333	-152
51.02500	-152
51.02667	-153
51.02833	-152
51.03000	-153
51.03167	-153
51.03333	-152
51.03500	-153
51.03667	-153
51.03833	-153
51.04000	-153
51.04167	-152
51.04333	-154
51.04500	-153
51.04667	-153
51.04833	-153
51.05000	-153
51.05167	-153
51.05333	-153
51.05500	-153
51.05667	-153
51.05833	-152
51.06000	-153
51.06167	-153
51.06333	-152
51.06500	-152
51.06667	-153
51.06833	-152
51.07000	-152
51.07167	-152
51.07333	-153
51.07500	-152
51.07667	-152
51.07833	-152
51.08000	-152
51.08167	-152
51.08333	-152
51.08500	-152
51.08667	-152
51.08833	-152
51.09000	-152
51.09167	-152
51.09333	-152
51.09500	-152
51.09667	-153
51.09833	-152
51.10000	-152
51.10167	-151
51.10333	-152
51.10500	-152
51.10667	-151
51.10833	-152
51.11000	-151
51.11167	-152
51.11333	-151
51.11500	-151
51.11667	-151
51.11833	-151
51.12000	-151
51.12167	-151
51.12333	-151
51.12500	-150
51.12667	-151
51.12833	-150
51.13000	-150
51.13167	-150
51.13333	-150
51.13500	-150
51.13667	-150
51.13833	-150
51.14000	-149
51.14167	-150
51.14333	-149
51.14500	-150
51.14667	-149
51.14833	-149
51.15000	-149
51.15167	-149
51.15333	-148
51.15500	-149
51.15667	-149
51.15833	-149
51.16000	-149
51.16167	-149
51.16333	-148
51.16500	-149
51.16667	-148
51.16833	-148
51.17000	-148
51.17167	-148
51.17333	-149
51.17500	-148
51.17667	-148
51.17833	-148
51.18000	-148
51.18167	-147
51.18333	-148
51.18500	-148
51.18667	-148
51.18833	-148
51.19000	-148
51.19167	-148
51.19333	-148
51.19500	-148
51.19667	-148
51.19833	-147
51.20000	-148
51.20167	-148
51.20333	-148
51.20500	-147
51.20667	-148
51.20833	-148
51.21000	-147
51.21167	-147
51.21333	-148
51.21500	-147
51.21667	-147
51.21833	-147
51.22000	-147
51.22167	-147
51.22333	-147
51.22500	-147
51.22667	-147
51.22833	-147
51.23000	-147
51.23167	-147
51.23333	-146
51.23500	-147
51.23667	-147
51.23833	-147
51.24000	-146
51.24167	-147
51.24333	-147
51.24500	-147
51.24667	-146
51.24833	-147
51.25000	-148
51.25167	-147
51.25333	-147
51.25500	-147
51.25667	-148
51.25833	-147
51.26000	-148
51.26167	-148
51.26333	-148
51.26500	-148
51.26667	-148
51.26833	-148
51.27000	-148
51.27167	-148
51.27333	-149
51.27500	-148
51.27667	-149
51.27833	-149
51.28000	-148
51.28167	-149
51.28333	-149
51.28500	-149
51.28667	-149
51.28833	-150
51.29000	-149
51.29167	-149
51.29333	-150
51.29500	-149
51.29667	-150
51.29833	-149
51.30000	-150
51.30167	-150
51.30333	-150
51.30500	-150
51.30667	-150
51.30833	-150
51.31000	-151
51.31167	-150
51.31333	-151
51.31500	-151
51.31667	-151
51.31833	-152
51.32000	-151
51.32167	-152
51.32333	-152
51.32500	-152
51.32667	-152
51.32833	-152
51.33000	-153
51.33167	-152
51.33333	-152
51.33500	-153
51.33667	-153
51.33833	-152
51.34000	-153
51.34167	-152
51.34333	-153
51.34500	-152
51.34667	-153
51.34833	-152
51.35000	-153
51.35167	-152
51.35333	-152
51.35500	-152
51.35667	-152
51.35833	-152
51.36000	-152
51.36167	-152
51.36333	-152
51.36500	-151
51.36667	-152
51.36833	-151
51.37000	-152
51.37167	-151
51.37333	-152
51.37500	-151
51.37667	-151
51.37833	-152
51.38000	-151
51.38167	-151
51.38333	-151
51.38500	-152
51.38667	-151
51.38833	-151
51.39000	-152
51.39167	-151
51.39333	-150
51.39500	-151
51.39667	-151
51.39833	-151
51.40000	-150
51.40167	-150
51.40333	-150
51.40500	-150
51.40667	-150
51.40833	-149
51.41000	-150
51.41167	-149
51.41333	-149
51.41500	-148
51.41667	-149
51.41833	-148
51.42000	-148
51.42167	-148
51.42333	-147
51.42500	-147
51.42667	-148
51.42833	-147
51.43000	-147
51.43167	-147
51.43333	-146
51.43500	-147
51.43667	-146
51.43833	-146
51.44000	-145
51.44167	-146
51.44333	-145
51.44500	-146
51.44667	-145
51.44833	-145
51.45000	-146
51.45167	-145
51.45333	-145
51.45500	-145
51.45667	-145
51.45833	-146
51.46000	-145
51.46167	-145
51.46333	-146
51.46500	-145
51.46667	-146
51.46833	-145
51.47000	-146
51.47167	-146
51.47333	-145
51.47500	-146
51.47667	-146
51.47833	-146
51.48000	-147
51.48167	-146
51.48333	-146
51.48500	-146
51.48667	-147
51.48833	-146
51.49000	-146
51.49167	-147
51.49333	-146
51.49500	-147
51.49667	-146
51.49833	-147
51.50000	-146
51.50167	-147
51.50333	-146
51.50500	-147
51.50667	-147
51.50833	-147
51.51000	-147
51.51167	-147
51.51333	-147
51.51500	-148
51.51667	-147
51.51833	-147
51.52000	-148
51.52167	-147
51.52333	-148
51.52500	-147
51.52667	-148
51.52833	-148
51.53000	-148
51.53167	-149
51.53333	-148
51.53500	-148
51.53667	-149
51.53833	-149
51.54000	-149
51.54167	-149
51.54333	-149
51.54500	-149
51.54667	-149
51.54833	-149
51.55000	-150
51.55167	-148
51.55333	-149
51.55500	-150
51.55667	-149
51.55833	-149
51.56000	-149
51.56167	-149
51.56333	-149
51.56500	-150
51.56667	-150
51.56833	-149
51.57000	-150
51.57167	-149
51.57333	-150
51.57500	-150
51.57667	-149
51.57833	-150
51.58000	-150
51.58167	-150
51.58333	-151
51.58500	-150
51.58667	-151
51.58833	-151
51.59000	-151
51.59167	-151
51.59333	-152
51.59500	-152
51.59667	-151
51.59833	-152
51.60000	-152
51.60167	-152
51.60333	-152
51.60500	-153
51.60667	-152
51.60833	-152
51.61000	-153
51.61167	-152
51.61333	-153
51.61500	-152
51.61667	-153
51.61833	-152
51.62000	-153
51.62167	-153
51.62333	-153
51.62500	-153
51.62667	-152
51.62833	-153
51.63000	-153
51.63167	-153
51.63333	-153
51.63500	-153
51.63667	-153
51.63833	-152
51.64000	-153
51.64167	-153
51.64333	-153
51.64500	-153
51.64667	-152
51.64833	-153
51.65000	-153
51.65167	-152
51.65333	-153
51.65500	-152
51.65667	-152
51.65833	-153
51.66000	-152
51.66167	-152
51.66333	-152
51.66500	-152
51.66667	-151
51.66833	-152
51.67000	-152
51.67167	-151
51.67333	-151
51.67500	-151
51.67667	-151
51.67833	-150
51.68000	-151
51.68167	-151
51.68333	-150
51.68500	-151
51.68667	-150
51.68833	-151
51.69000	-150
51.69167	-151
51.69333	-150
51.69500	-151
51.69667	-151
51.69833	-150
51.70000	-151
51.70167	-151
51.70333	-151
51.70500	-151
51.70667	-150
51.70833	-152
51.71000	-151
51.71167	-151
51.71333	-151
51.71500	-151
51.71667	-152
51.71833	-151
51.72000	-152
51.72167	-151
51.72333	-152
51.72500	-151
51.72667	-152
51.72833	-151
51.73000	-152
51.73167	-151
51.73333	-152
51.73500	-151
51.73667	-151
51.73833	-152
51.74000	-150
51.74167	-151
51.74333	-151
51.74500	-151
51.74667	-150
51.74833	-150
51.75000	-150
51.75167	-150
51.75333	-149
51.75500	-150
51.75667	-149
51.75833	-149
51.76000	-149
51.76167	-148
51.76333	-149
51.76500	-149
51.76667	-148
51.76833	-149
51.77000	-149
51.77167	-148
51.77333	-149
51.77500	-148
51.77667	-149
51.77833	-149
51.78000	-149
51.78167	-149
51.78333	-149
51.78500	-149
51.78667	-150
51.78833	-149
51.79000	-149
51.79167	-150
51.79333	-150
51.79500	-150
51.79667	-150
51.79833	-150
51.80000	-150
51.80167	-151
51.80333	-150
51.80500	-151
51.80667	-150
51.80833	-151
51.81000	-150
51.81167	-151
51.81333	-150
51.81500	-151
51.81667	-150
51.81833	-151
51.82000	-151
51.82167	-150
51.82333	-151
51.82500	-150
51.82667	-151
51.82833	-150
51.83000	-150
51.83167	-151
51.83333	-150
51.83500	-150
51.83667	-150
51.83833	-151
51.84000	-150
51.84167	-149
51.84333	-150
51.84500	-150
51.84667	-149
51.84833	-149
51.85000	-150
51.85167	-148
51.85333	-149
51.85500	-148
51.85667	-149
51.85833	-148
51.86000	-149
51.86167	-148
51.86333	-148
51.86500	-148
51.86667	-148
51.86833	-149
51.87000	-148
51.87167	-149
51.87333	-148
51.87500	-149
51.87667	-149
51.87833	-148
51.88000	-150
51.88167	-149
51.88333	-149
51.88500	-149
51.88667	-150
51.88833	-149
51.89000	-150
51.89167	-150
51.89333	-151
51.89500	-150
51.89667	-150
51.89833	-150
51.90000	-151
51.90167	-150
51.90333	-151
51.90500	-150
51.90667	-151
51.90833	-150
51.91000	-150
51.91167	-150
51.91333	-149
51.91500	-150
51.91667	-149
51.91833	-149
51.92000	-149
51.92167	-149
51.92333	-149
51.92500	-149
51.92667	-148
51.92833	-148
51.93000	-148
51.93167	-147
51.93333	-148
51.93500	-147
51.93667	-147
51.93833	-147
51.94000	-147
51.94167	-147
51.94333	-146
51.94500	-147
51.94667	-147
51.94833	-146
51.95000	-147
51.95167	-147
51.95333	-146
51.95500	-147
51.95667	-146
51.95833	-147
51.96000	-146
51.96167	-147
51.96333	-146
51.96500	-147
51.96667	-147
51.96833	-146
51.97000	-147
51.97167	-147
51.97333	-148
51.97500	-147
51.97667	-147
51.97833	-147
51.98000	-148
51.98167	-147
51.98333	-147
51.98500	-148
51.98667	-148
51.98833	-147
51.99000	-148
51.99167	-147
51.99333	-148
51.99500	-147
51.99667	-148
51.99833	-147
52.00000	-148
52.00167	-147
52.00333	-148
52.00500	-148
52.00667	-147
52.00833	-148
52.01000	-148
52.01167	-147
52.01333	-148
52.01500	-148
52.01667	-148
52.01833	-148
52.02000	-148
52.02167	-147
52.02333	-148
52.02500	-148
52.02667	-148
52.02833	-148
52.03000	-147
52.03167	-148
52.03333	-147
52.03500	-147
52.03667	-147
52.03833	-148
52.04000	-147
52.04167	-147
52.04333	-147
52.04500	-147
52.04667	-147
52.04833	-147
52.05000	-147
52.05167	-147
52.05333	-147
52.05500	-147
52.05667	-147
52.05833	-148
52.06000	-147
52.06167	-147
52.06333	-147
52.06500	-147
52.06667	-147
52.06833	-147
52.07000	-147
52.07167	-147
52.07333	-147
52.07500	-147
52.07667	-147
52.07833	-147
52.08000	-147
52.08167	-147
52.08333	-147
52.08500	-147
52.08667	-146
52.08833	-146
52.09000	-146
52.09167	-147
52.09333	-146
52.09500	-146
52.09667	-146
52.09833	-146
52.10000	-145
52.10167	-146
52.10333	-146
52.10500	-145
52.10667	-146
52.10833	-146
52.11000	-146
52.11167	-145
52.11333	-147
52.11500	-146
52.11667	-146
52.11833	-146
52.12000	-147
52.12167	-146
52.12333	-147
52.12500	-146
52.12667	-146
52.12833	-147
52.13000	-146
52.13167	-147
52.13333	-146
52.13500	-147
52.13667	-146
52.13833	-147
52.14000	-146
52.14167	-146
52.14333	-146
52.14500	-146
52.14667	-146
52.14833	-145
52.15000	-146
52.15167	-146
52.15333	-145
52.15500	-146
52.15667	-145
52.15833	-145
52.16000	-146
52.16167	-145
52.16333	-144
52.16500	-145
52.16667	-145
52.16833	-145
52.17000	-145
52.17167	-145
52.17333	-145
52.17500	-145
52.17667	-145
52.17833	-145
52.18000	-145
52.18167	-145
52.18333	-144
52.18500	-145
52.18667	-145
52.18833	-144
52.19000	-145
52.19167	-144
52.19333	-145
52.19500	-144
52.19667	-144
52.19833	-144
52.20000	-144
52.20167	-143
52.20333	-143
52.20500	-143
52.20667	-143
52.20833	-142
52.21000	-142
52.21167	-142
52.21333	-142
52.21500	-141
52.21667	-141
52.21833	-140
52.22000	-141
52.22167	-139
52.22333	-140
52.22500	-139
52.22667	-139
52.22833	-138
52.23000	-139
52.23167	-138
52.23333	-137
52.23500	-137
52.23667	-137
52.23833	-137
52.24000	-136
52.24167	-136
52.24333	-136
52.24500	-136
52.24667	-135
52.24833	-135
52.25000	-136
52.25167	-135
52.25333	-135
52.25500	-135
52.25667	-134
52.25833	-135
52.26000	-134
52.26167	-133
52.26333	-134
52.26500	-133
52.26667	-133
52.26833	-133
52.27000	-133
52.27167	-132
52.27333	-133
52.27500	-132
52.27667	-132
52.27833	-132
52.28000	-133
52.28167	-132
52.28333	-132
52.28500	-131
52.28667	-132
52.28833	-132
52.29000	-132
52.29167	-131
52.29333	-132
52.29500	-131
52.29667	-132
52.29833	-132
52.30000	-132
52.30167	-131
52.30333	-132
52.30500	-131
52.30667	-132
52.30833	-132
52.31000	-132
52.31167	-132
52.31333	-132
52.31500	-133
52.31667	-132
52.31833	-133
52.32000	-132
52.32167	-133
52.32333	-132
52.32500	-132
52.32667	-132
52.32833	-132
52.33000	-133
52.33167	-132
52.33333	-132
52.33500	-131
52.33667	-132
52.33833	-132
52.34000	-131
52.34167	-132
52.34333	-131
52.34500	-132
52.34667	-132
52.34833	-132
52.35000	-132
52.35167	-132
52.35333	-132
52.35500	-132
52.35667	-132
52.35833	-132
52.36000	-132
52.36167	-132
52.36333	-133
52.36500	-132
52.36667	-132
52.36833	-133
52.37000	-132
52.37167	-133
52.37333	-133
52.37500	-132
52.37667	-133
52.37833	-132
52.38000	-133
52.38167	-132
52.38333	-133
52.38500	-132
52.38667	-132
52.38833	-133
52.39000	-131
52.39167	-132
52.39333	-132
52.39500	-131
52.39667	-131
52.39833	-131
52.40000	-131
52.40167	-131
52.40333	-130
52.40500	-130
52.40667	-130
52.40833	-130
52.41000	-130
52.41167	-129
52.41333	-130
52.41500	-130
52.41667	-129
52.41833	-129
52.42000	-129
52.42167	-129
52.42333	-129
52.42500	-130
52.42667	-128
52.42833	-129
52.43000	-129
52.43167	-129
52.43333	-129
52.43500	-129
52.43667	-129
52.43833	-130
52.44000	-129
52.44167	-129
52.44333	-130
52.44500	-129
52.44667	-129
52.44833	-130
52.45000	-129
52.45167	-130
52.45333	-130
52.45500	-130
52.45667	-130
52.45833	-130
52.46000	-130
52.46167	-130
52.46333	-130
52.46500	-131
52.46667	-130
52.46833	-131
52.47000	-131
52.47167	-131
52.47333	-131
52.47500	-131
52.47667	-131
52.47833	-131
52.48000	-132
52.48167	-131
52.48333	-132
52.48500	-132
52.48667	-132
52.48833	-132
52.49000	-132
52.49167	-132
52.49333	-133
52.49500	-132
52.49667	-132
52.49833	-132
52.50000	-133
52.50167	-133
52.50333	-133
52.50500	-132
52.50667	-133
52.50833	-133
52.51000	-133
52.51167	-133
52.51333	-133
52.51500	-132
52.51667	-133
52.51833	-132
52.52000	-133
52.52167	-132
52.52333	-133
52.52500	-132
52.52667	-133
52.52833	-132
52.53000	-133
52.53167	-132
52.53333	-132
52.53500	-133
52.53667	-132
52.53833	-132
52.54000	-132
52.54167	-132
52.54333	-133
52.54500	-132
52.54667	-132
52.54833	-132
52.55000	-132
52.55167	-131
52.55333	-132
52.55500	-132
52.55667	-131
52.55833	-132
52.56000	-133
52.56167	-132
52.56333	-133
52.56500	-132
52.56667	-133
52.56833	-132
52.57000	-133
52.57167	-133
52.57333	-133
52.57500	-134
52.57667	-134
52.57833	-134
52.58000	-134
52.58167	-135
52.58333	-134
52.58500	-136
52.58667	-135
52.58833	-136
52.59000	-136
52.59167	-136
52.59333	-136
52.59500	-137
52.59667	-137
52.59833	-137
52.60000	-138
52.60167	-137
52.60333	-138
52.60500	-138
52.60667	-138
52.60833	-139
52.61000	-139
52.61167	-139
52.61333	-139
52.61500	-139
52.61667	-140
52.61833	-139
52.62000	-139
52.62167	-140
52.62333	-139
52.62500	-140
52.62667	-140
52.62833	-139
52.63000	-140
52.63167	-140
52.63333	-140
52.63500	-140
52.63667	-140
52.63833	-140
52.64000	-140
52.64167	-140
52.64333	-140
52.64500	-140
52.64667	-140
52.64833	-141
52.65000	-140
52.65167	-141
52.65333	-140
52.65500	-141
52.65667	-140
52.65833	-141
52.66000	-140
52.66167	-141
52.66333	-140
52.66500	-141
52.66667	-140
52.66833	-140
52.67000	-141
52.67167	-140
52.67333	-140
52.67500	-140
52.67667	-141
52.67833	-140
52.68000	-140
52.68167	-140
52.68333	-141
52.68500	-141
52.68667	-140
52.68833	-141
52.69000	-141
52.69167	-142
52.69333	-141
52.69500	-141
52.69667	-141
52.69833	-142
52.70000	-141
52.70167	-142
52.70333	-142
52.70500	-141
52.70667	-142
52.70833	-141
52.71000	-142
52.71167	-142
52.71333	-142
52.71500	-142
52.71667	-142
52.71833	-142
52.72000	-142
52.72167	-142
52.72333	-142
52.72500	-142
52.72667	-142
52.72833	-142
52.73000	-142
52.73167	-142
52.73333	-142
52.73500	-143
52.73667	-142
52.73833	-141
52.74000	-142
52.74167	-142
52.74333	-142
52.74500	-141
52.74667	-142
52.74833	-142
52.75000	-141
52.75167	-142
52.75333	-142
52.75500	-142
52.75667	-142
52.75833	-142
52.76000	-143
52.76167	-141
52.76333	-143
52.76500	-142
52.76667	-142
52.76833	-142
52.77000	-143
52.77167	-142
52.77333	-143
52.77500	-142
52.77667	-143
52.77833	-143
52.78000	-143
52.78167	-142
52.78333	-143
52.78500	-143
52.78667	-142
52.78833	-143
52.79000	-142
52.79167	-143
52.79333	-142
52.79500	-142
52.79667	-142
52.79833	-143
52.80000	-142
52.80167	-143
52.80333	-142
52.80500	-143
52.80667	-142
52.80833	-143
52.81000	-143
52.81167	-143
52.81333	-143
52.81500	-143
52.81667	-143
52.81833	-143
52.82000	-143
52.82167	-143
52.82333	-143
52.82500	-143
52.82667	-144
52.82833	-143
52.83000	-143
52.83167	-143
52.83333	-144
52.83500	-143
52.83667	-144
52.83833	-144
52.84000	-144
52.84167	-143
52.84333	-144
52.84500	-144
52.84667	-145
52.84833	-144
52.85000	-144
52.85167	-143
52.85333	-144
52.85500	-144
52.85667	-144
52.85833	-144
52.86000	-144
52.86167	-145
52.86333	-144
52.86500	-145
52.86667	-145
52.86833	-145
52.87000	-145
52.87167	-145
52.87333	-145
52.87500	-146
52.87667	-145
52.87833	-146
52.88000	-146
52.88167	-146
52.88333	-147
52.88500	-146
52.88667	-147
52.88833	-147
52.89000	-147
52.89167	-147
52.89333	-147
52.89500	-147
52.89667	-147
52.89833	-148
52.90000	-147
52.90167	-147
52.90333	-147
52.90500	-147
52.90667	-147
52.90833	-147
52.91000	-146
52.91167	-147
52.91333	-147
52.91500	-146
52.91667	-147
52.91833	-146
52.92000	-146
52.92167	-146
52.92333	-145
52.92500	-146
52.92667	-145
52.92833	-146
52.93000	-146
52.93167	-145
52.93333	-146
52.93500	-146
52.93667	-145
52.93833	-146
52.94000	-145
52.94167	-145
52.94333	-146
52.94500	-145
52.94667	-145
52.94833	-146
52.95000	-145
52.95167	-146
52.95333	-145
52.95500	-146
52.95667	-145
52.95833	-145
52.96000	-146
52.96167	-145
52.96333	-145
52.96500	-144
52.96667	-145
52.96833	-145
52.97000	-144
52.97167	-144
52.97333	-144
52.97500	-145
52.97667	-144
52.97833	-144
52.98000	-144
52.98167	-144
52.98333	-144
52.98500	-143
52.98667	-144
52.98833	-143
52.99000	-144
52.99167	-143
52.99333	-144
52.99500	-144
52.99667	-144
52.99833	-143
53.00000	-144
53.00167	-144
53.00333	-144
53.00500	-144
53.00667	-145
53.00833	-144
53.01000	-144
53.01167	-145
53.01333	-144
53.01500	-145
53.01667	-144
53.01833	-145
53.02000	-144
53.02167	-144
53.02333	-145
53.02500	-144
53.02667	-145
53.02833	-144
53.03000	-144
53.03167	-144
53.03333	-144
53.03500	-144
53.03667	-144
53.03833	-144
53.04000	-144
53.04167	-144
53.04333	-144
53.04500	-144
53.04667	-144
53.04833	-144
53.05000	-143
53.05167	-143
53.05333	-144
53.05500	-143
53.05667	-142
53.05833	-143
53.06000	-143
53.06167	-143
53.06333	-142
53.06500	-143
53.06667	-142
53.06833	-142
53.07000	-142
53.07167	-142
53.07333	-142
53.07500	-142
53.07667	-142
53.07833	-141
53.08000	-142
53.08167	-141
53.08333	-141
53.08500	-141
53.08667	-141
53.08833	-141
53.09000	-141
53.09167	-141
53.09333	-142
53.09500	-140
53.09667	-141
53.09833	-141
53.10000	-141
53.10167	-141
53.10333	-141
53.10500	-141
53.10667	-140
53.10833	-141
53.11000	-141
53.11167	-141
53.11333	-141
53.11500	-140
53.11667	-141
53.11833	-141
53.12000	-140
53.12167	-141
53.12333	-140
53.12500	-141
53.12667	-140
53.12833	-141
53.13000	-140
53.13167	-141
53.13333	-140
53.13500	-140
53.13667	-141
53.13833	-140
53.14000	-140
53.14167	-141
53.14333	-140
53.14500	-141
53.14667	-140
53.14833	-141
53.15000	-141
53.15167	-141
53.15333	-141
53.15500	-141
53.15667	-142
53.15833	-141
53.16000	-142
53.16167	-141
53.16333	-142
53.16500	-142
53.16667	-142
53.16833	-142
53.17000	-142
53.17167	-142
53.17333	-142
53.17500	-142
53.17667	-142
53.17833	-142
53.18000	-142
53.18167	-142
53.18333	-142
53.18500	-143
53.18667	-142
53.18833	-142
53.19000	-142
53.19167	-142
53.19333	-142
53.19500	-142
53.19667	-142
53.19833	-143
53.20000	-142
53.20167	-143
53.20333	-143
53.20500	-143
53.20667	-142
53.20833	-143
53.21000	-143
53.21167	-143
53.21333	-142
53.21500	-143
53.21667	-143
53.21833	-143
53.22000	-142
53.22167	-143
53.22333	-142
53.22500	-143
53.22667	-142
53.22833	-142
53.23000	-143
53.23167	-142
53.23333	-141
53.23500	-142
53.23667	-142
53.23833	-141
53.24000	-142
53.24167	-141
53.24333	-141
53.24500	-141
53.24667	-141
53.24833	-140
53.25000	-141
53.25167	-141
53.25333	-141
53.25500	-140
53.25667	-141
53.25833	-141
53.26000	-140
53.26167	-141
53.26333	-140
53.26500	-140
53.26667	-141
53.26833	-140
53.27000	-141
53.27167	-140
53.27333	-141
53.27500	-140
53.27667	-140
53.27833	-140
53.28000	-141
53.28167	-140
53.28333	-140
53.28500	-141
53.28667	-141
53.28833	-141
53.29000	-141
53.29167	-141
53.29333	-141
53.29500	-142
53.29667	-141
53.29833	-141
53.30000	-141
53.30167	-142
53.30333	-141
53.30500	-141
53.30667	-142
53.30833	-141
53.31000	-141
53.31167	-141
53.31333	-141
53.31500	-141
53.31667	-142
53.31833	-141
53.32000	-141
53.32167	-141
53.32333	-141
53.32500	-141
53.32667	-141
53.32833	-141
53.33000	-141
53.33167	-142
53.33333	-141
53.33500	-142
53.33667	-141
53.33833	-142
53.34000	-142
53.34167	-142
53.34333	-142
53.34500	-142
53.34667	-143
53.34833	-142
53.35000	-143
53.35167	-142
53.35333	-143
53.35500	-143
53.35667	-143
53.35833	-143
53.36000	-143
53.36167	-143
53.36333	-143
53.36500	-143
53.36667	-143
53.36833	-143
53.37000	-143
53.37167	-143
53.37333	-143
53.37500	-142
53.37667	-143
53.37833	-143
53.38000	-142
53.38167	-142
53.38333	-143
53.38500	-142
53.38667	-142
53.38833	-142
53.39000	-141
53.39167	-142
53.39333	-142
53.39500	-141
53.39667	-142
53.39833	-141
53.40000	-141
53.40167	-142
53.40333	-142
53.40500	-141
53.40667	-142
53.40833	-142
53.41000	-142
53.41167	-142
53.41333	-142
53.41500	-142
53.41667	-142
53.41833	-142
53.42000	-142
53.42167	-142
53.42333	-143
53.42500	-142
53.42667	-142
53.42833	-142
53.43000	-143
53.43167	-142
53.43333	-142
53.43500	-142
53.43667	-141
53.43833	-142
53.44000	-141
53.44167	-142
53.44333	-141
53.44500	-141
53.44667	-141
53.44833	-141
53.45000	-141
53.45167	-141
53.45333	-140
53.45500	-141
53.45667	-140
53.45833	-140
53.46000	-141
53.46167	-140
53.46333	-140
53.46500	-140
53.46667	-140
53.46833	-140
53.47000	-139
53.47167	-140
53.47333	-140
53.47500	-140
53.47667	-140
53.47833	-139
53.48000	-140
53.48167	-140
53.48333	-140
53.48500	-140
53.48667	-140
53.48833	-140
53.49000	-140
53.49167	-140
53.49333	-141
53.49500	-140
53.49667	-141
53.49833	-141
53.50000	-142
53.50167	-142
53.50333	-141
53.50500	-142
53.50667	-142
53.50833	-142
53.51000	-142
53.51167	-142
53.51333	-143
53.51500	-142
53.51667	-143
53.51833	-142
53.52000	-143
53.52167	-143
53.52333	-143
53.52500	-142
53.52667	-143
53.52833	-143
53.53000	-142
53.53167	-143
53.53333	-142
53.53500	-143
53.53667	-142
53.53833	-143
53.54000	-142
53.54167	-143
53.54333	-142
53.54500	-143
53.54667	-142
53.54833	-142
53.55000	-142
53.55167	-143
53.55333	-142
53.55500	-142
53.55667	-142
53.55833	-142
53.56000	-143
53.56167	-142
53.56333	-142
53.56500	-142
53.56667	-142
53.56833	-142
53.57000	-143
53.57167	-142
53.57333	-142
53.57500	-142
53.57667	-143
53.57833	-143
53.58000	-142
53.58167	-143
53.58333	-143
53.58500	-143
53.58667	-142
53.58833	-143
53.59000	-143
53.59167	-143
53.59333	-143
53.59500	-142
53.59667	-143
53.59833	-143
53.60000	-142
53.60167	-143
53.60333	-142
53.60500	-143
53.60667	-142
53.60833	-142
53.61000	-142
53.61167	-142
53.61333	-141
53.61500	-142
53.61667	-141
53.61833	-141
53.62000	-141
53.62167	-141
53.62333	-141
53.62500	-141
53.62667	-141
53.62833	-140
53.63000	-141
53.63167	-140
53.63333	-140
53.63500	-140
53.63667	-141
53.63833	-140
53.64000	-140
53.64167	-139
53.64333	-140
53.64500	-140
53.64667	-140
53.64833	-139
53.65000	-140
53.65167	-139
53.65333	-140
53.65500	-139
53.65667	-140
53.65833	-139
53.66000	-139
53.66167	-139
53.66333	-139
53.66500	-140
53.66667	-139
53.66833	-139
53.67000	-140
53.67167	-139
53.67333	-139
53.67500	-140
53.67667	-139
53.67833	-139
53.68000	-140
53.68167	-140
53.68333	-140
53.68500	-140
53.68667	-140
53.68833	-140
53.69000	-141
53.69167	-140
53.69333	-141
53.69500	-141
53.69667	-141
53.69833	-142
53.70000	-142
53.70167	-141
53.70333	-142
53.70500	-142
53.70667	-142
53.70833	-143
53.71000	-142
53.71167	-143
53.71333	-142
53.71500	-143
53.71667	-143
53.71833	-143
53.72000	-143
53.72167	-143
53.72333	-143
53.72500	-143
53.72667	-143
53.72833	-143
53.73000	-143
53.73167	-143
53.73333	-143
53.73500	-143
53.73667	-143
53.73833	-143
53.74000	-144
53.74167	-143
53.74333	-143
53.74500	-142
53.74667	-143
53.74833	-143
53.75000	-143
53.75167	-142
53.75333	-143
53.75500	-143
53.75667	-143
53.75833	-143
53.76000	-144
53.76167	-143
53.76333	-142
53.76500	-143
53.76667	-143
53.76833	-143
53.77000	-143
53.77167	-142
53.77333	-143
53.77500	-143
53.77667	-142
53.77833	-143
53.78000	-142
53.78167	-142
53.78333	-141
53.78500	-142
53.78667	-142
53.78833	-141
53.79000	-141
53.79167	-141
53.79333	-141
53.79500	-141
53.79667	-141
53.79833	-141
53.80000	-140
53.80167	-140
53.80333	-141
53.80500	-140
53.80667	-139
53.80833	-140
53.81000	-140
53.81167	-139
53.81333	-140
53.81500	-139
53.81667	-140
53.81833	-139
53.82000	-140
53.82167	-139
53.82333	-140
53.82500	-139
53.82667	-140
53.82833	-140
53.83000	-139
53.83167	-140
53.83333	-140
53.83500	-140
53.83667	-140
53.83833	-140
53.84000	-140
53.84167	-140
53.84333	-139
53.84500	-140
53.84667	-139
53.84833	-140
53.85000	-139
53.85167	-139
53.85333	-140
53.85500	-139
53.85667	-139
53.85833	-139
53.86000	-139
53.86167	-139
53.86333	-139
53.86500	-139
53.86667	-138
53.86833	-139
53.87000	-138
53.87167	-139
53.87333	-138
53.87500	-139
53.87667	-138
53.87833	-138
53.88000	-138
53.88167	-138
53.88333	-139
53.88500	-138
53.88667	-139
53.88833	-138
53.89000	-139
53.89167	-138
53.89333	-139
53.89500	-138
53.89667	-138
53.89833	-139
53.90000	-139
53.90167	-138
53.90333	-139
53.90500	-139
53.90667	-139
53.90833	-139
53.91000	-139
53.91167	-138
53.91333	-139
53.91500	-139
53.91667	-139
53.91833	-139
53.92000	-139
53.92167	-139
53.92333	-139
53.92500	-139
53.92667	-139
53.92833	-139
53.93000	-139
53.93167	-139
53.93333	-139
53.93500	-139
53.93667	-138
53.93833	-139
53.94000	-139
53.94167	-139
53.94333	-139
53.94500	-139
53.94667	-139
53.94833	-139
53.95000	-139
53.95167	-139
53.95333	-139
53.95500	-139
53.95667	-139
53.95833	-139
53.96000	-140
53.96167	-139
53.96333	-140
53.96500	-140
53.96667	-140
53.96833	-139
53.97000	-141
53.97167	-140
53.97333	-140
53.97500	-140
53.97667	-140
53.97833	-141
53.98000	-140
53.98167	-141
53.98333	-141
53.98500	-141
53.98667	-140
53.98833	-142
53.99000	-141
53.99167	-141
53.99333	-141
53.99500	-142
53.99667	-142
53.99833	-141
54.00000	-142
54.00167	-142
54.00333	-143
54.00500	-142
54.00667	-142
54.00833	-142
54.01000	-142
54.01167	-143
54.01333	-142
54.01500	-142
54.01667	-142
54.01833	-143
54.02000	-142
54.02167	-142
54.02333	-142
54.02500	-142
54.02667	-142
54.02833	-141
54.03000	-141
54.03167	-141
54.03333	-141
54.03500	-140
54.03667	-140
54.03833	-140
54.04000	-140
54.04167	-139
54.04333	-139
54.04500	-138
54.04667	-139
54.04833	-138
54.05000	-137
54.05167	-137
54.05333	-137
54.05500	-137
54.05667	-137
54.05833	-136
54.06000	-136
54.06167	-136
54.06333	-136
54.06500	-135
54.06667	-135
54.06833	-135
54.07000	-135
54.07167	-135
54.07333	-135
54.07500	-134
54.07667	-135
54.07833	-134
54.08000	-134
54.08167	-134
54.08333	-134
54.08500	-134
54.08667	-133
54.08833	-134
54.09000	-133
54.09167	-134
54.09333	-133
54.09500	-133
54.09667	-133
54.09833	-133
54.10000	-132
54.10167	-133
54.10333	-133
54.10500	-132
54.10667	-133
54.10833	-133
54.11000	-132
54.11167	-133
54.11333	-133
54.11500	-132
54.11667	-133
54.11833	-133
54.12000	-132
54.12167	-133
54.12333	-132
54.12500	-133
54.12667	-132
54.12833	-132
54.13000	-132
54.13167	-131
54.13333	-132
54.13500	-131
54.13667	-131
54.13833	-131
54.14000	-131
54.14167	-130
54.14333	-130
54.14500	-130
54.14667	-129
54.14833	-129
54.15000	-128
54.15167	-128
54.15333	-127
54.15500	-128
54.15667	-126
54.15833	-127
54.16000	-126
54.16167	-125
54.16333	-126
54.16500	-124
54.16667	-124
54.16833	-124
54.17000	-123
54.17167	-123
54.17333	-122
54.17500	-122
54.17667	-121
54.17833	-121
54.18000	-121
54.18167	-120
54.18333	-119
54.18500	-119
54.18667	-119
54.18833	-118
54.19000	-118
54.19167	-117
54.19333	-117
54.19500	-117
54.19667	-116
54.19833	-115
54.20000	-115
54.20167	-114
54.20333	-114
54.20500	-114
54.20667	-113
54.20833	-113
54.21000	-112
54.21167	-112
54.21333	-111
54.21500	-111
54.21667	-111
54.21833	-110
54.22000	-109
54.22167	-109
54.22333	-109
54.22500	-108
54.22667	-107
54.22833	-107
54.23000	-106
54.23167	-106
54.23333	-105
54.23500	-105
54.23667	-104
54.23833	-104
54.24000	-103
54.24167	-102
54.24333	-103
54.24500	-101
54.24667	-102
54.24833	-101
54.25000	-100
54.25167	-100
54.25333	-99
54.25500	-99
54.25667	-98
54.25833	-98
54.26000	-98
54.26167	-96
54.26333	-96
54.26500	-95
54.26667	-95
54.26833	-94
54.27000	-93
54.27167	-93
54.27333	-91
54.27500	-91
54.27667	-90
54.27833	-88
54.28000	-88
54.28167	-87
54.28333	-86
54.28500	-84
54.28667	-83
54.28833	-82
54.29000	-81
54.29167	-80
54.29333	-78
54.29500	-77
54.29667	-76
54.29833	-74
54.30000	-72
54.30167	-72
54.30333	-70
54.30500	-68
54.30667	-67
54.30833	-66
54.31000	-64
54.31167	-63
54.31333	-61
54.31500	-59
54.31667	-58
54.31833	-57
54.32000	-55
54.32167	-54
54.32333	-52
54.32500	-50
54.32667	-49
54.32833	-48
54.33000	-46
54.33167	-44
54.33333	-43
54.33500	-41
54.33667	-40
54.33833	-38
54.34000	-37
54.34167	-34
54.34333	-34
54.34500	-32
54.34667	-30
54.34833	-29
54.35000	-27
54.35167	-25
54.35333	-24
54.35500	-22
54.35667	-21
54.35833	-19
54.36000	-17
54.36167	-16
54.36333	-15
54.36500	-12
54.36667	-11
54.36833	-10
54.37000	-8
54.37167	-6
54.37333	-5
54.37500	-4
54.37667	-1
54.37833	0
54.38000	1
54.38167	3
54.38333	4
54.38500	6
54.38667	8
54.38833	9
54.39000	10
54.39167	13
54.39333	14
54.39500	15
54.39667	17
54.39833	19
54.40000	19
54.40167	22
54.40333	23
54.40500	25
54.40667	26
54.40833	28
54.41000	30
54.41167	32
54.41333	33
54.41500	34
54.41667	37
54.41833	38
54.42000	40
54.42167	42
54.42333	43
54.42500	45
54.42667	46
54.42833	48
54.43000	50
54.43167	51
54.43333	54
54.43500	54
54.43667	57
54.43833	58
54.44000	60
54.44167	62
54.44333	63
54.44500	65
54.44667	66
54.44833	68
54.45000	70
54.45167	72
54.45333	73
54.45500	75
54.45667	76
54.45833	78
54.46000	80
54.46167	82
54.46333	83
54.46500	85
54.46667	87
54.46833	88
54.47000	90
54.47167	92
54.47333	93
54.47500	95
54.47667	97
54.47833	97
54.48000	100
54.48167	100
54.48333	102
54.48500	103
54.48667	105
54.48833	105
54.49000	107
54.49167	109
54.49333	109
54.49500	111
54.49667	112
54.49833	113
54.50000	114
54.50167	115
54.50333	116
54.50500	118
54.50667	118
54.50833	120
54.51000	120
54.51167	121
54.51333	122
54.51500	124
54.51667	124
54.51833	125
54.52000	127
54.52167	127
54.52333	129
54.52500	129
54.52667	131
54.52833	131
54.53000	132
54.53167	132
54.53333	134
54.53500	134
54.53667	135
54.53833	136
54.54000	136
54.54167	137
54.54333	138
54.54500	138
54.54667	139
54.54833	140
54.55000	140
54.55167	141
54.55333	141
54.55500	142
54.55667	143
54.55833	143
54.56000	143
54.56167	144
54.56333	144
54.56500	144
54.56667	145
54.56833	145
54.57000	146
54.57167	146
54.57333	146
54.57500	146
54.57667	147
54.57833	146
54.58000	147
54.58167	147
54.58333	147
54.58500	148
54.58667	147
54.58833	148
54.59000	147
54.59167	148
54.59333	148
54.59500	147
54.59667	147
54.59833	147
54.60000	147
54.60167	147
54.60333	146
54.60500	146
54.60667	146
54.60833	146
54.61000	145
54.61167	144
54.61333	144
54.61500	144
54.61667	143
54.61833	143
54.62000	143
54.62167	142
54.62333	141
54.62500	141
54.62667	140
54.62833	139
54.63000	139
54.63167	139
54.63333	137
54.63500	137
54.63667	137
54.63833	135
54.64000	136
54.64167	134
54.64333	134
54.64500	133
54.64667	132
54.64833	131
54.65000	131
54.65167	129
54.65333	129
54.65500	128
54.65667	126
54.65833	126
54.66000	125
54.66167	123
54.66333	123
54.66500	121
54.66667	120
54.66833	118
54.67000	118
54.67167	115
54.67333	115
54.67500	113
54.67667	112
54.67833	111
54.68000	109
54.68167	108
54.68333	106
54.68500	105
54.68667	104
54.68833	102
54.69000	100
54.69167	99
54.69333	97
54.69500	96
54.69667	94
54.69833	92
54.70000	91
54.70167	89
54.70333	87
54.70500	85
54.70667	84
54.70833	81
54.71000	79
54.71167	78
54.71333	76
54.71500	74
54.71667	72
54.71833	71
54.72000	68
54.72167	66
54.72333	65
54.72500	62
54.72667	61
54.72833	59
54.73000	57
54.73167	55
54.73333	53
54.73500	52
54.73667	49
54.73833	47
54.74000	46
54.74167	44
54.74333	41
54.74500	40
54.74667	38
54.74833	36
54.75000	35
54.75167	32
54.75333	31
54.75500	28
54.75667	27
54.75833	25
54.76000	23
54.76167	22
54.76333	19
54.76500	18
54.76667	16
54.76833	15
54.77000	12
54.77167	11
54.77333	8
54.77500	7
54.77667	5
54.77833	4
54.78000	1
54.78167	0
54.78333	-1
54.78500	-4
54.78667	-5
54.78833	-7
54.79000	-9
54.79167	-11
54.79333	-12
54.79500	-14
54.79667	-16
54.79833	-18
54.80000	-19
54.80167	-22
54.80333	-23
54.80500	-25
54.80667	-26
54.80833	-28
54.81000	-31
54.81167	-32
54.81333	-34
54.81500	-36
54.81667	-37
54.81833	-39
54.82000	-41
54.82167	-43
54.82333	-45
54.82500	-46
54.82667	-47
54.82833	-50
54.83000	-52
54.83167	-53
54.83333	-55
54.83500	-56
54.83667	-59
54.83833	-60
54.84000	-61
54.84167	-63
54.84333	-65
54.84500	-66
54.84667	-68
54.84833	-69
54.85000	-71
54.85167	-72
54.85333	-73
54.85500	-75
54.85667	-76
54.85833	-78
54.86000	-78
54.86167	-80
54.86333	-81
54.86500	-82
54.86667	-84
54.86833	-84
54.87000	-86
54.87167	-87
54.87333	-88
54.87500	-89
54.87667	-90
54.87833	-91
54.88000	-92
54.88167	-93
54.88333	-93
54.88500	-95
54.88667	-96
54.88833	-96
54.89000	-98
54.89167	-98
54.89333	-99
54.89500	-101
54.89667	-101
54.89833	-102
54.90000	-103
54.90167	-103
54.90333	-105
54.90500	-105
54.90667	-106
54.90833	-106
54.91000	-107
54.91167	-108
54.91333	-109
54.91500	-109
54.91667	-110
54.91833	-111
54.92000	-111
54.92167	-112
54.92333	-113
54.92500	-113
54.92667	-113
54.92833	-115
54.93000	-115
54.93167	-116
54.93333	-116
54.93500	-117
54.93667	-117
54.93833	-118
54.94000	-118
54.94167	-119
54.94333	-119
54.94500	-120
54.94667	-120
54.94833	-121
54.95000	-121
54.95167	-122
54.95333	-122
54.95500	-123
54.95667	-123
54.95833	-123
54.96000	-124
54.96167	-124
54.96333	-125
54.96500	-125
54.96667	-126
54.96833	-127
54.97000	-127
54.97167	-127
54.97333	-129
54.97500	-128
54.97667	-129
54.97833	-129
54.98000	-131
54.98167	-130
54.98333	-132
54.98500	-131
54.98667	-132
54.98833	-133
54.99000	-133
54.99167	-133
54.99333	-134
54.99500	-134
54.99667	-135
54.99833	-135
55.00000	-135
55.00167	-135
55.00333	-136
55.00500	-136
55.00667	-136
55.00833	-136
55.01000	-137
55.01167	-137
55.01333	-136
55.01500	-137
55.01667	-138
55.01833	-137
55.02000	-138
55.02167	-137
55.02333	-138
55.02500	-139
55.02667	-138
55.02833	-138
55.03000	-139
55.03167	-139
55.03333	-139
55.03500	-139
55.03667	-140
55.03833	-139
55.04000	-140
55.04167	-140
55.04333	-140
55.04500	-140
55.04667	-141
55.04833	-141
55.05000	-141
55.05167	-142
55.05333	-141
55.05500	-142
55.05667	-142
55.05833	-142
55.06000	-143
55.06167	-142
55.06333	-143
55.06500	-142
55.06667	-143
55.06833	-143
55.07000	-143
55.07167	-143
55.07333	-144
55.07500	-143
55.07667	-144
55.07833	-143
55.08000	-143
55.08167	-143
55.08333	-144
55.08500	-143
55.08667	-143
55.08833	-143
55.09000	-144
55.09167	-142
55.09333	-143
55.09500	-143
55.09667	-143
55.09833	-144
55.10000	-143
55.10167	-143
55.10333	-142
55.10500	-143
55.10667	-143
55.10833	-143
55.11000	-143
55.11167	-143
55.11333	-142
55.11500	-143
55.11667	-143
55.11833	-142
55.12000	-143
55.12167	-143
55.12333	-142
55.12500	-143
55.12667	-142
55.12833	-143
55.13000	-142
55.13167	-143
55.13333	-142
55.13500	-142
55.13667	-142
55.13833	-142
55.14000	-142
55.14167	-142
55.14333	-142
55.14500	-142
55.14667	-142
55.14833	-142
55.15000	-142
55.15167	-142
55.15333	-142
55.15500	-141
55.15667	-142
55.15833	-142
55.16000	-142
55.16167	-142
55.16333	-142
55.16500	-142
55.16667	-142
55.16833	-142
55.17000	-143
55.17167	-142
55.17333	-142
55.17500	-143
55.17667	-142
55.17833	-143
55.18000	-142
55.18167	-143
55.18333	-143
55.18500	-143
55.18667	-143
55.18833	-143
55.19000	-143
55.19167	-142
55.19333	-143
55.19500	-142
55.19667	-143
55.19833	-142
55.20000	-142
55.20167	-143
55.20333	-142
55.20500	-142
55.20667	-141
55.20833	-142
55.21000	-141
55.21167	-142
55.21333	-141
55.21500	-141
55.21667	-141
55.21833	-141
55.22000	-141
55.22167	-142
55.22333	-141
55.22500	-141
55.22667	-142
55.22833	-142
55.23000	-142
55.23167	-142
55.23333	-142
55.23500	-142
55.23667	-142
55.23833	-142
55.24000	-143
55.24167	-142
55.24333	-143
55.24500	-143
55.24667	-142
55.24833	-144
55.25000	-143
55.25167	-143
55.25333	-143
55.25500	-144
55.25667	-143
55.25833	-144
55.26000	-144
55.26167	-144
55.26333	-143
55.26500	-144
55.26667	-143
55.26833	-144
55.27000	-144
55.27167	-144
55.27333	-144
55.27500	-144
55.27667	-143
55.27833	-144
55.28000	-144
55.28167	-143
55.28333	-144
55.28500	-143
55.28667	-144
55.28833	-143
55.29000	-144
55.29167	-143
55.29333	-144
55.29500	-143
55.29667	-143
55.29833	-143
55.30000	-143
55.30167	-144
55.30333	-143
55.30500	-143
55.30667	-143
55.30833	-142
55.31000	-143
55.31167	-142
55.31333	-143
55.31500	-143
55.31667	-143
55.31833	-142
55.32000	-143
55.32167	-143
55.32333	-143
55.32500	-143
55.32667	-142
55.32833	-143
55.33000	-143
55.33167	-142
55.33333	-143
55.33500	-142
55.33667	-143
55.33833	-142
55.34000	-143
55.34167	-143
55.34333	-142
55.34500	-143
55.34667	-143
55.34833	-143
55.35000	-143
55.35167	-143
55.35333	-143
55.35500	-143
55.35667	-143
55.35833	-143
55.36000	-143
55.36167	-144
55.36333	-143
55.36500	-143
55.36667	-143
55.36833	-144
55.37000	-143
55.37167	-143
55.37333	-143
55.37500	-143
55.37667	-142
55.37833	-143
55.38000	-142
55.38167	-142
55.38333	-142
55.38500	-142
55.38667	-142
55.38833	-141
55.39000	-142
55.39167	-141
55.39333	-141
55.39500	-141
55.39667	-140
55.39833	-141
55.40000	-140
55.40167	-140
55.40333	-141
55.40500	-140
55.40667	-140
55.40833	-140
55.41000	-140
55.41167	-139
55.41333	-140
55.41500	-140
55.41667	-140
55.41833	-139
55.42000	-140
55.42167	-140
55.42333	-140
55.42500	-140
55.42667	-140
55.42833	-140
55.43000	-141
55.43167	-141
55.43333	-141
55.43500	-141
55.43667	-141
55.43833	-141
55.44000	-142
55.44167	-141
55.44333	-142
55.44500	-142
55.44667	-142
55.44833	-142
55.45000	-142
55.45167	-143
55.45333	-142
55.45500	-143
55.45667	-142
55.45833	-143
55.46000	-142
55.46167	-143
55.46333	-143
55.46500	-142
55.46667	-143
55.46833	-142
55.47000	-143
55.47167	-142
55.47333	-142
55.47500	-142
55.47667	-141
55.47833	-142
55.48000	-141
55.48167	-141
55.48333	-141
55.48500	-141
55.48667	-141
55.48833	-140
55.49000	-140
55.49167	-140
55.49333	-139
55.49500	-140
55.49667	-139
55.49833	-140
55.50000	-139
55.50167	-138
55.50333	-139
55.50500	-139
55.50667	-138
55.50833	-138
55.51000	-139
55.51167	-138
55.51333	-138
55.51500	-138
55.51667	-138
55.51833	-138
55.52000	-138
55.52167	-137
55.52333	-138
55.52500	-138
55.52667	-137
55.52833	-138
55.53000	-138
55.53167	-138
55.53333	-137
55.53500	-138
55.53667	-137
55.53833	-138
55.54000	-137
55.54167	-138
55.54333	-138
55.54500	-137
55.54667	-137
55.54833	-137
55.55000	-137
55.55167	-137
55.55333	-138
55.55500	-137
55.55667	-137
55.55833	-137
55.56000	-137
55.56167	-137
55.56333	-138
55.56500	-137
55.56667	-138
55.56833	-137
55.57000	-138
55.57167	-138
55.57333	-138
55.57500	-139
55.57667	-138
55.57833	-138
55.58000	-139
55.58167	-139
55.58333	-139
55.58500	-139
55.58667	-140
55.58833	-139
55.59000	-140
55.59167	-139
55.59333	-140
55.59500	-141
55.59667	-140
55.59833	-141
55.60000	-141
55.60167	-141
55.60333	-141
55.60500	-142
55.60667	-142
55.60833	-141
55.61000	-142
55.61167	-142
55.61333	-142
55.61500	-143
55.61667	-142
55.61833	-143
55.62000	-142
55.62167	-143
55.62333	-143
55.62500	-143
55.62667	-143
55.62833	-143
55.63000	-143
55.63167	-143
55.63333	-143
55.63500	-143
55.63667	-143
55.63833	-142
55.64000	-142
55.64167	-142
55.64333	-142
55.64500	-142
55.64667	-142
55.64833	-141
55.65000	-141
55.65167	-141
55.65333	-141
55.65500	-141
55.65667	-140
55.65833	-140
55.66000	-140
55.66167	-140
55.66333	-140
55.66500	-140
55.66667	-139
55.66833	-140
55.67000	-140
55.67167	-139
55.67333	-140
55.67500	-139
55.67667	-140
55.67833	-139
55.68000	-140
55.68167	-140
55.68333	-139
55.68500	-140
55.68667	-139
55.68833	-140
55.69000	-139
55.69167	-140
55.69333	-139
55.69500	-140
55.69667	-139
55.69833	-140
55.70000	-140
55.70167	-139
55.70333	-140
55.70500	-140
55.70667	-139
55.70833	-140
55.71000	-140
55.71167	-140
55.71333	-140
55.71500	-141
55.71667	-140
55.71833	-140
55.72000	-140
55.72167	-141
55.72333	-140
55.72500	-141
55.72667	-140
55.72833	-141
55.73000	-141
55.73167	-140
55.73333	-141
55.73500	-141
55.73667	-140
55.73833	-141
55.74000	-140
55.74167	-141
55.74333	-141
55.74500	-140
55.74667	-141
55.74833	-141
55.75000	-140
55.75167	-141
55.75333	-141
55.75500	-140
55.75667	-141
55.75833	-141
55.76000	-140
55.76167	-141
55.76333	-140
55.76500	-140
55.76667	-141
55.76833	-140
55.77000	-140
55.77167	-140
55.77333	-140
55.77500	-139
55.77667	-140
55.77833	-139
55.78000	-140
55.78167	-139
55.78333	-139
55.78500	-139
55.78667	-139
55.78833	-139
55.79000	-139
55.79167	-139
55.79333	-139
55.79500	-139
55.79667	-138
55.79833	-139
55.80000	-138
55.80167	-139
55.80333	-138
55.80500	-139
55.80667	-138
55.80833	-138
55.81000	-139
55.81167	-138
55.81333	-138
55.81500	-138
55.81667	-138
55.81833	-138
55.82000	-138
55.82167	-138
55.82333	-138
55.82500	-138
55.82667	-138
55.82833	-138
55.83000	-139
55.83167	-138
55.83333	-138
55.83500	-139
55.83667	-138
55.83833	-138
55.84000	-138
55.84167	-139
55.84333	-138
55.84500	-139
55.84667	-138
55.84833	-138
55.85000	-139
55.85167	-138
55.85333	-138
55.85500	-139
55.85667	-138
55.85833	-139
55.86000	-138
55.86167	-139
55.86333	-139
55.86500	-139
55.86667	-138
55.86833	-139
55.87000	-139
55.87167	-139
55.87333	-138
55.87500	-139
55.87667	-139
55.87833	-139
55.88000	-139
55.88167	-139
55.88333	-139
55.88500	-138
55.88667	-139
55.88833	-139
55.89000	-139
55.89167	-139
55.89333	-138
55.89500	-139
55.89667	-138
55.89833	-138
55.90000	-139
55.90167	-138
55.90333	-138
55.90500	-138
55.90667	-138
55.90833	-138
55.91000	-137
55.91167	-138
55.91333	-137
55.91500	-138
55.91667	-137
55.91833	-137
55.92000	-137
55.92167	-137
55.92333	-137
55.92500	-137
55.92667	-136
55.92833	-137
55.93000	-137
55.93167	-136
55.93333	-137
55.93500	-137
55.93667	-137
55.93833	-136
55.94000	-137
55.94167	-137
55.94333	-136
55.94500	-137
55.94667	-137
55.94833	-137
55.95000	-137
55.95167	-136
55.95333	-137
55.95500	-137
55.95667	-136
55.95833	-136
55.96000	-137
55.96167	-136
55.96333	-137
55.96500	-136
55.96667	-137
55.96833	-136
55.97000	-137
55.97167	-136
55.97333	-137
55.97500	-136
55.97667	-136
55.97833	-137
55.98000	-136
55.98167	-136
55.98333	-137
55.98500	-136
55.98667	-136
55.98833	-137
55.99000	-136
55.99167	-136
55.99333	-137
55.99500	-136
55.99667	-137
55.99833	-137
56.00000	-136
56.00167	-137
56.00333	-137
56.00500	-136
56.00667	-137
56.00833	-137
56.01000	-136
56.01167	-137
56.01333	-136
56.01500	-136
56.01667	-137
56.01833	-136
56.02000	-137
56.02167	-137
56.02333	-136
56.02500	-137
56.02667	-136
56.02833	-137
56.03000	-137
56.03167	-137
56.03333	-136
56.03500	-137
56.03667	-137
56.03833	-137
56.04000	-136
56.04167	-137
56.04333	-137
56.04500	-136
56.04667	-137
56.04833	-137
56.05000	-137
56.05167	-137
56.05333	-138
56.05500	-137
56.05667	-137
56.05833	-137
56.06000	-137
56.06167	-138
56.06333	-137
56.06500	-137
56.06667	-137
56.06833	-137
56.07000	-137
56.07167	-138
56.07333	-137
56.07500	-137
56.07667	-137
56.07833	-136
56.08000	-137
56.08167	-137
56.08333	-137
56.08500	-137
56.08667	-136
56.08833	-137
56.09000	-137
56.09167	-137
56.09333	-137
56.09500	-137
56.09667	-137
56.09833	-138
56.10000	-137
56.10167	-137
56.10333	-137
56.10500	-137
56.10667	-138
56.10833	-137
56.11000	-137
56.11167	-138
56.11333	-137
56.11500	-138
56.11667	-138
56.11833	-138
56.12000	-137
56.12167	-138
56.12333	-137
56.12500	-137
56.12667	-138
56.12833	-137
56.13000	-138
56.13167	-137
56.13333	-137
56.13500	-137
56.13667	-136
56.13833	-137
56.14000	-137
56.14167	-136
56.14333	-137
56.14500	-136
56.14667	-137
56.14833	-136
56.15000	-136
56.15167	-137
56.15333	-136
56.15500	-136
56.15667	-136
56.15833	-136
56.16000	-137
56.16167	-136
56.16333	-135
56.16500	-137
56.16667	-136
56.16833	-136
56.17000	-137
56.17167	-136
56.17333	-137
56.17500	-137
56.17667	-137
56.17833	-137
56.18000	-138
56.18167	-137
56.18333	-138
56.18500	-138
56.18667	-137
56.18833	-138
56.19000	-139
56.19167	-138
56.19333	-138
56.19500	-138
56.19667	-139
56.19833	-138
56.20000	-138
56.20167	-139
56.20333	-138
56.20500	-138
56.20667	-139
56.20833	-138
56.21000	-138
56.21167	-139
56.21333	-138
56.21500	-138
56.21667	-139
56.21833	-138
56.22000	-138
56.22167	-138
56.22333	-139
56.22500	-138
56.22667	-138
56.22833	-139
56.23000	-138
56.23167	-139
56.23333	-138
56.23500	-139
56.23667	-139
56.23833	-139
56.24000	-139
56.24167	-139
56.24333	-140
56.24500	-139
56.24667	-140
56.24833	-139
56.25000	-140
56.25167	-140
56.25333	-139
56.25500	-140
56.25667	-140
56.25833	-140
56.26000	-141
56.26167	-140
56.26333	-141
56.26500	-140
56.26667	-141
56.26833	-141
56.27000	-140
56.27167	-141
56.27333	-141
56.27500	-141
56.27667	-141
56.27833	-141
56.28000	-141
56.28167	-141
56.28333	-142
56.28500	-141
56.28667	-142
56.28833	-141
56.29000	-142
56.29167	-142
56.29333	-142
56.29500	-142
56.29667	-142
56.29833	-142
56.30000	-143
56.30167	-142
56.30333	-143
56.30500	-142
56.30667	-143
56.30833	-142
56.31000	-143
56.31167	-143
56.31333	-142
56.31500	-143
56.31667	-142
56.31833	-143
56.32000	-142
56.32167	-142
56.32333	-142
56.32500	-142
56.32667	-142
56.32833	-141
56.33000	-142
56.33167	-141
56.33333	-141
56.33500	-141
56.33667	-142
56.33833	-141
56.34000	-141
56.34167	-141
56.34333	-141
56.34500	-141
56.34667	-141
56.34833	-141
56.35000	-141
56.35167	-141
56.35333	-142
56.35500	-142
56.35667	-141
56.35833	-142
56.36000	-142
56.36167	-143
56.36333	-142
56.36500	-143
56.36667	-143
56.36833	-143
56.37000	-144
56.37167	-143
56.37333	-144
56.37500	-144
56.37667	-144
56.37833	-145
56.38000	-144
56.38167	-145
56.38333	-145
56.38500	-145
56.38667	-145
56.38833	-146
56.39000	-145
56.39167	-146
56.39333	-146
56.39500	-146
56.39667	-146
56.39833	-147
56.40000	-147
56.40167	-147
56.40333	-147
56.40500	-147
56.40667	-147
56.40833	-147
56.41000	-148
56.41167	-147
56.41333	-148
56.41500	-147
56.41667	-148
56.41833	-148
56.42000	-148
56.42167	-147
56.42333	-148
56.42500	-148
56.42667	-148
56.42833	-149
56.43000	-148
56.43167	-149
56.43333	-148
56.43500	-149
56.43667	-149
56.43833	-149
56.44000	-150
56.44167	-149
56.44333	-149
56.44500	-149
56.44667	-150
56.44833	-149
56.45000	-149
56.45167	-150
56.45333	-149
56.45500	-149
56.45667	-150
56.45833	-149
56.46000	-149
56.46167	-149
56.46333	-149
56.46500	-150
56.46667	-149
56.46833	-149
56.47000	-150
56.47167	-149
56.47333	-149
56.47500	-150
56.47667	-149
56.47833	-149
56.48000	-149
56.48167	-149
56.48333	-150
56.48500	-149
56.48667	-149
56.48833	-149
56.49000	-150
56.49167	-149
56.49333	-150
56.49500	-149
56.49667	-150
56.49833	-149
56.50000	-150
56.50167	-149
56.50333	-150
56.50500	-149
56.50667	-150
56.50833	-149
56.51000	-149
56.51167	-149
56.51333	-148
56.51500	-149
56.51667	-148
56.51833	-148
56.52000	-147
56.52167	-148
56.52333	-147
56.52500	-147
56.52667	-147
56.52833	-146
56.53000	-146
56.53167	-146
56.53333	-145
56.53500	-145
56.53667	-145
56.53833	-144
56.54000	-144
56.54167	-144
56.54333	-144
56.54500	-143
56.54667	-142
56.54833	-143
56.55000	-142
56.55167	-142
56.55333	-142
56.55500	-142
56.55667	-142
56.55833	-142
56.56000	-141
56.56167	-141
56.56333	-142
56.56500	-141
56.56667	-142
56.56833	-142
56.57000	-141
56.57167	-142
56.57333	-142
56.57500	-143
56.57667	-142
56.57833	-143
56.58000	-143
56.58167	-143
56.58333	-143
56.58500	-143
56.58667	-144
56.58833	-144
56.59000	-143
56.59167	-145
56.59333	-144
56.59500	-144
56.59667	-145
56.59833	-145
56.60000	-144
56.60167	-145
56.60333	-144
56.60500	-145
56.60667	-145
56.60833	-145
56.61000	-144
56.61167	-144
56.61333	-145
56.61500	-143
56.61667	-144
56.61833	-144
56.62000	-143
56.62167	-144
56.62333	-143
56.62500	-143
56.62667	-143
56.62833	-143
56.63000	-143
56.63167	-143
56.63333	-143
56.63500	-142
56.63667	-142
56.63833	-143
56.64000	-142
56.64167	-142
56.64333	-141
56.64500	-142
56.64667	-142
56.64833	-142
56.65000	-142
56.65167	-142
56.65333	-142
56.65500	-142
56.65667	-142
56.65833	-142
56.66000	-142
56.66167	-142
56.66333	-143
56.66500	-143
56.66667	-142
56.66833	-143
56.67000	-143
56.67167	-143
56.67333	-143
56.67500	-143
56.67667	-144
56.67833	-143
56.68000	-143
56.68167	-144
56.68333	-143
56.68500	-144
56.68667	-143
56.68833	-144
56.69000	-143
56.69167	-144
56.69333	-143
56.69500	-144
56.69667	-143
56.69833	-143
56.70000	-143
56.70167	-144
56.70333	-143
56.70500	-143
56.70667	-143
56.70833	-143
56.71000	-143
56.71167	-143
56.71333	-143
56.71500	-142
56.71667	-143
56.71833	-143
56.72000	-142
56.72167	-143
56.72333	-142
56.72500	-142
56.72667	-143
56.72833	-142
56.73000	-142
56.73167	-142
56.73333	-142
56.73500	-142
56.73667	-142
56.73833	-142
56.74000	-141
56.74167	-142
56.74333	-141
56.74500	-141
56.74667	-141
56.74833	-142
56.75000	-141
56.75167	-141
56.75333	-141
56.75500	-141
56.75667	-141
56.75833	-140
56.76000	-141
56.76167	-140
56.76333	-140
56.76500	-140
56.76667	-141
56.76833	-140
56.77000	-140
56.77167	-140
56.77333	-140
56.77500	-140
56.77667	-139
56.77833	-140
56.78000	-140
56.78167	-140
56.78333	-140
56.78500	-139
56.78667	-140
56.78833	-139
56.79000	-140
56.79167	-139
56.79333	-139
56.79500	-139
56.79667	-140
56.79833	-139
56.80000	-139
56.80167	-140
56.80333	-139
56.80500	-139
56.80667	-140
56.80833	-139
56.81000	-140
56.81167	-140
56.81333	-140
56.81500	-139
56.81667	-140
56.81833	-141
56.82000	-140
56.82167	-140
56.82333	-141
56.82500	-140
56.82667	-142
56.82833	-141
56.83000	-141
56.83167	-141
56.83333	-142
56.83500	-141
56.83667	-142
56.83833	-142
56.84000	-142
56.84167	-142
56.84333	-143
56.84500	-142
56.84667	-142
56.84833	-143
56.85000	-142
56.85167	-143
56.85333	-142
56.85500	-143
56.85667	-142
56.85833	-143
56.86000	-143
56.86167	-143
56.86333	-143
56.86500	-143
56.86667	-143
56.86833	-143
56.87000	-143
56.87167	-144
56.87333	-143
56.87500	-144
56.87667	-143
56.87833	-144
56.88000	-144
56.88167	-144
56.88333	-144
56.88500	-144
56.88667	-144
56.88833	-145
56.89000	-144
56.89167	-145
56.89333	-145
56.89500	-145
56.89667	-144
56.89833	-145
56.90000	-145
56.90167	-145
56.90333	-145
56.90500	-145
56.90667	-145
56.90833	-144
56.91000	-145
56.91167	-144
56.91333	-145
56.91500	-144
56.91667	-143
56.91833	-144
56.92000	-144
56.92167	-144
56.92333	-143
56.92500	-143
56.92667	-143
56.92833	-143
56.93000	-143
56.93167	-144
56.93333	-142
56.93500	-143
56.93667	-143
56.93833	-143
56.94000	-142
56.94167	-143
56.94333	-142
56.94500	-142
56.94667	-142
56.94833	-142
56.95000	-142
56.95167	-142
56.95333	-142
56.95500	-142
56.95667	-141
56.95833	-142
56.96000	-141
56.96167	-141
56.96333	-141
56.96500	-141
56.96667	-141
56.96833	-140
56.97000	-141
56.97167	-140
56.97333	-141
56.97500	-140
56.97667	-140
56.97833	-139
56.98000	-140
56.98167	-139
56.98333	-140
56.98500	-139
56.98667	-140
56.98833	-139
56.99000	-139
56.99167	-138
56.99333	-139
56.99500	-139
56.99667	-138
56.99833	-139
57.00000	-138
57.00167	-139
57.00333	-138
57.00500	-139
57.00667	-139
57.00833	-139
57.01000	-139
57.01167	-140
57.01333	-139
57.01500	-139
57.01667	-140
57.01833	-140
57.02000	-140
57.02167	-140
57.02333	-140
57.02500	-141
57.02667	-141
57.02833	-141
57.03000	-141
57.03167	-141
57.03333	-141
57.03500	-142
57.03667	-141
57.03833	-141
57.04000	-142
57.04167	-141
57.04333	-142
57.04500	-141
57.04667	-142
57.04833	-141
57.05000	-142
57.05167	-142
57.05333	-141
57.05500	-141
57.05667	-142
57.05833	-141
57.06000	-142
57.06167	-141
57.06333	-141
57.06500	-142
57.06667	-141
57.06833	-141
57.07000	-141
57.07167	-141
57.07333	-141
57.07500	-141
57.07667	-141
57.07833	-141
57.08000	-141
57.08167	-141
57.08333	-141
57.08500	-142
57.08667	-141
57.08833	-141
57.09000	-142
57.09167	-142
57.09333	-142
57.09500	-142
57.09667	-142
57.09833	-142
57.10000	-142
57.10167	-143
57.10333	-142
57.10500	-143
57.10667	-142
57.10833	-143
57.11000	-143
57.11167	-142
57.11333	-143
57.11500	-143
57.11667	-143
57.11833	-143
57.12000	-143
57.12167	-143
57.12333	-142
57.12500	-143
57.12667	-142
57.12833	-142
57.13000	-143
57.13167	-142
57.13333	-142
57.13500	-142
57.13667	-143
57.13833	-142
57.14000	-142
57.14167	-142
57.14333	-142
57.14500	-142
57.14667	-141
57.14833	-142
57.15000	-141
57.15167	-142
57.15333	-142
57.15500	-142
57.15667	-141
57.15833	-142
57.16000	-142
57.16167	-141
57.16333	-141
57.16500	-141
57.16667	-141
57.16833	-141
57.17000	-141
57.17167	-141
57.17333	-141
57.17500	-141
57.17667	-141
57.17833	-142
57.18000	-141
57.18167	-141
57.18333	-142
57.18500	-141
57.18667	-142
57.18833	-142
57.19000	-142
57.19167	-142
57.19333	-142
57.19500	-142
57.19667	-143
57.19833	-142
57.20000	-143
57.20167	-143
57.20333	-142
57.20500	-143
57.20667	-143
57.20833	-143
57.21000	-143
57.21167	-143
57.21333	-144
57.21500	-143
57.21667	-143
57.21833	-143
57.22000	-143
57.22167	-143
57.22333	-144
57.22500	-143
57.22667	-144
57.22833	-143
57.23000	-144
57.23167	-144
57.23333	-143
57.23500	-144
57.23667	-143
57.23833	-144
57.24000	-143
57.24167	-144
57.24333	-143
57.24500	-144
57.24667	-143
57.24833	-144
57.25000	-143
57.25167	-143
57.25333	-144
57.25500	-143
57.25667	-143
57.25833	-144
57.26000	-143
57.26167	-144
57.26333	-143
57.26500	-143
57.26667	-144
57.26833	-143
57.27000	-144
57.27167	-143
57.27333	-144
57.27500	-143
57.27667	-144
57.27833	-143
57.28000	-144
57.28167	-143
57.28333	-144
57.28500	-144
57.28667	-143
57.28833	-143
57.29000	-144
57.29167	-144
57.29333	-143
57.29500	-144
57.29667	-143
57.29833	-144
57.30000	-143
57.30167	-143
57.30333	-144
57.30500	-143
57.30667	-143
57.30833	-143
57.31000	-143
57.31167	-143
57.31333	-143
57.31500	-143
57.31667	-143
57.31833	-143
57.32000	-143
57.32167	-143
57.32333	-143
57.32500	-143
57.32667	-143
57.32833	-143
57.33000	-143
57.33167	-143
57.33333	-144
57.33500	-143
57.33667	-143
57.33833	-144
57.34000	-143
57.34167	-143
57.34333	-144
57.34500	-143
57.34667	-144
57.34833	-144
57.35000	-143
57.35167	-144
57.35333	-145
57.35500	-144
57.35667	-144
57.35833	-145
57.36000	-144
57.36167	-145
57.36333	-145
57.36500	-145
57.36667	-146
57.36833	-145
57.37000	-145
57.37167	-146
57.37333	-146
57.37500	-146
57.37667	-146
57.37833	-146
57.38000	-146
57.38167	-146
57.38333	-146
57.38500	-147
57.38667	-146
57.38833	-147
57.39000	-146
57.39167	-147
57.39333	-147
57.39500	-147
57.39667	-146
57.39833	-147
57.40000	-147
57.40167	-146
57.40333	-147
57.40500	-147
57.40667	-147
57.40833	-146
57.41000	-147
57.41167	-147
57.41333	-147
57.41500	-146
57.41667	-146
57.41833	-147
57.42000	-146
57.42167	-146
57.42333	-146
57.42500	-146
57.42667	-145
57.42833	-146
57.43000	-146
57.43167	-145
57.43333	-145
57.43500	-146
57.43667	-144
57.43833	-145
57.44000	-145
57.44167	-144
57.44333	-145
57.44500	-144
57.44667	-144
57.44833	-144
57.45000	-144
57.45167	-144
57.45333	-144
57.45500	-143
57.45667	-144
57.45833	-143
57.46000	-143
57.46167	-144
57.46333	-143
57.46500	-143
57.46667	-143
57.46833	-143
57.47000	-143
57.47167	-144
57.47333	-143
57.47500	-143
57.47667	-144
57.47833	-143
57.48000	-144
57.48167	-143
57.48333	-144
57.48500	-144
57.48667	-144
57.48833	-145
57.49000	-144
57.49167	-145
57.49333	-145
57.49500	-145
57.49667	-145
57.49833	-145
57.50000	-145
57.50167	-145
57.50333	-146
57.50500	-145
57.50667	-145
57.50833	-146
57.51000	-145
57.51167	-146
57.51333	-146
57.51500	-145
57.51667	-146
57.51833	-145
57.52000	-145
57.52167	-145
57.52333	-145
57.52500	-145
57.52667	-144
57.52833	-144
57.53000	-144
57.53167	-143
57.53333	-144
57.53500	-143
57.53667	-143
57.53833	-143
57.54000	-143
57.54167	-142
57.54333	-143
57.54500	-142
57.54667	-142
57.54833	-142
57.55000	-142
57.55167	-142
57.55333	-141
57.55500	-142
57.55667	-142
57.55833	-142
57.56000	-142
57.56167	-141
57.56333	-143
57.56500	-142
57.56667	-142
57.56833	-142
57.57000	-142
57.57167	-143
57.57333	-142
57.57500	-142
57.57667	-142
57.57833	-142
57.58000	-143
57.58167	-142
57.58333	-142
57.58500	-143
57.58667	-143
57.58833	-142
57.59000	-143
57.59167	-143
57.59333	-142
57.59500	-143
57.59667	-143
57.59833	-143
57.60000	-143
57.60167	-143
57.60333	-143
57.60500	-143
57.60667	-143
57.60833	-143
57.61000	-143
57.61167	-143
57.61333	-143
57.61500	-143
57.61667	-144
57.61833	-143
57.62000	-144
57.62167	-143
57.62333	-143
57.62500	-144
57.62667	-144
57.62833	-144
57.63000	-143
57.63167	-144
57.63333	-144
57.63500	-144
57.63667	-144
57.63833	-144
57.64000	-144
57.64167	-144
57.64333	-144
57.64500	-144
57.64667	-145
57.64833	-144
57.65000	-143
57.65167	-144
57.65333	-145
57.65500	-144
57.65667	-143
57.65833	-144
57.66000	-144
57.66167	-143
57.66333	-143
57.66500	-144
57.66667	-143
57.66833	-143
57.67000	-143
57.67167	-143
57.67333	-142
57.67500	-142
57.67667	-143
57.67833	-142
57.68000	-141
57.68167	-142
57.68333	-142
57.68500	-141
57.68667	-141
57.68833	-142
57.69000	-141
57.69167	-142
57.69333	-141
57.69500	-141
57.69667	-141
57.69833	-142
57.70000	-141
57.70167	-141
57.70333	-141
57.70500	-142
57.70667	-141
57.70833	-141
57.71000	-142
57.71167	-141
57.71333	-142
57.71500	-141
57.71667	-142
57.71833	-142
57.72000	-141
57.72167	-142
57.72333	-142
57.72500	-141
57.72667	-142
57.72833	-142
57.73000	-141
57.73167	-142
57.73333	-142
57.73500	-142
57.73667	-142
57.73833	-142
57.74000	-143
57.74167	-142
57.74333	-142
57.74500	-143
57.74667	-142
57.74833	-143
57.75000	-142
57.75167	-142
57.75333	-143
57.75500	-143
57.75667	-142
57.75833	-143
57.76000	-142
57.76167	-142
57.76333	-143
57.76500	-142
57.76667	-142
57.76833	-142
57.77000	-143
57.77167	-142
57.77333	-143
57.77500	-143
57.77667	-142
57.77833	-143
57.78000	-143
57.78167	-143
57.78333	-143
57.78500	-144
57.78667	-143
57.78833	-143
57.79000	-143
57.79167	-144
57.79333	-143
57.79500	-144
57.79667	-144
57.79833	-144
57.80000	-144
57.80167	-144
57.80333	-144
57.80500	-144
57.80667	-145
57.80833	-144
57.81000	-145
57.81167	-144
57.81333	-144
57.81500	-144
57.81667	-144
57.81833	-145
57.82000	-144
57.82167	-144
57.82333	-145
57.82500	-144
57.82667	-145
57.82833	-144
57.83000	-144
57.83167	-145
57.83333	-144
57.83500	-144
57.83667	-144
57.83833	-144
57.84000	-145
57.84167	-144
57.84333	-144
57.84500	-144
57.84667	-144
57.84833	-144
57.85000	-145
57.85167	-144
57.85333	-144
57.85500	-144
57.85667	-144
57.85833	-145
57.86000	-144
57.86167	-144
57.86333	-145
57.86500	-144
57.86667	-144
57.86833	-144
57.87000	-145
57.87167	-144
57.87333	-144
57.87500	-144
57.87667	-144
57.87833	-144
57.88000	-144
57.88167	-144
57.88333	-144
57.88500	-144
57.88667	-143
57.88833	-144
57.89000	-144
57.89167	-144
57.89333	-143
57.89500	-144
57.89667	-143
57.89833	-143
57.90000	-144
57.90167	-143
57.90333	-143
57.90500	-144
57.90667	-143
57.90833	-143
57.91000	-143
57.91167	-144
57.91333	-143
57.91500	-143
57.91667	-143
57.91833	-144
57.92000	-143
57.92167	-143
57.92333	-143
57.92500	-143
57.92667	-142
57.92833	-143
57.93000	-142
57.93167	-143
57.93333	-142
57.93500	-141
57.93667	-142
57.93833	-141
57.94000	-141
57.94167	-141
57.94333	-141
57.94500	-140
57.94667	-141
57.94833	-140
57.95000	-140
57.95167	-140
57.95333	-140
57.95500	-140
57.95667	-139
57.95833	-140
57.96000	-139
57.96167	-139
57.96333	-139
57.96500	-139
57.96667	-139
57.96833	-138
57.97000	-139
57.97167	-139
57.97333	-139
57.97500	-139
57.97667	-138
57.97833	-139
57.98000	-139
57.98167	-138
57.98333	-139
57.98500	-139
57.98667	-139
57.98833	-139
57.99000	-139
57.99167	-140
57.99333	-139
57.99500	-140
57.99667	-140
57.99833	-140
58.00000	-140
58.00167	-141
58.00333	-140
58.00500	-141
58.00667	-141
58.00833	-141
58.01000	-142
58.01167	-142
58.01333	-142
58.01500	-142
58.01667	-142
58.01833	-143
58.02000	-143
58.02167	-143
58.02333	-143
58.02500	-144
58.02667	-143
58.02833	-144
58.03000	-144
58.03167	-144
58.03333	-143
58.03500	-144
58.03667	-144
58.03833	-143
58.04000	-144
58.04167	-143
58.04333	-144
58.04500	-143
58.04667	-143
58.04833	-143
58.05000	-143
58.05167	-143
58.05333	-143
58.05500	-142
58.05667	-143
58.05833	-142
58.06000	-142
58.06167	-142
58.06333	-142
58.06500	-142
58.06667	-142
58.06833	-143
58.07000	-142
58.07167	-142
58.07333	-142
58.07500	-142
58.07667	-142
58.07833	-142
58.08000	-141
58.08167	-142
58.08333	-141
58.08500	-142
58.08667	-141
58.08833	-141
58.09000	-141
58.09167	-141
58.09333	-140
58.09500	-140
58.09667	-141
58.09833	-140
58.10000	-140
58.10167	-139
58.10333	-140
58.10500	-139
58.10667	-139
58.10833	-138
58.11000	-139
58.11167	-138
58.11333	-138
58.11500	-138
58.11667	-138
58.11833	-137
58.12000	-137
58.12167	-138
58.12333	-137
58.12500	-137
58.12667	-137
58.12833	-137
58.13000	-137
58.13167	-137
58.13333	-137
58.13500	-137
58.13667	-137
58.13833	-137
58.14000	-138
58.14167	-137
58.14333	-137
58.14500	-138
58.14667	-137
58.14833	-138
58.15000	-137
58.15167	-138
58.15333	-138
58.15500	-138
58.15667	-139
58.15833	-138
58.16000	-139
58.16167	-138
58.16333	-139
58.16500	-139
58.16667	-139
58.16833	-139
58.17000	-139
58.17167	-139
58.17333	-139
58.17500	-140
58.17667	-139
58.17833	-139
58.18000	-139
58.18167	-140
58.18333	-139
58.18500	-139
58.18667	-140
58.18833	-139
58.19000	-140
58.19167	-139
58.19333	-139
58.19500	-140
58.19667	-139
58.19833	-140
58.20000	-139
58.20167	-139
58.20333	-140
58.20500	-139
58.20667	-140
58.20833	-139
58.21000	-140
58.21167	-139
58.21333	-140
58.21500	-140
58.21667	-139
58.21833	-140
58.22000	-140
58.22167	-139
58.22333	-140
58.22500	-140
58.22667	-139
58.22833	-140
58.23000	-139
58.23167	-140
58.23333	-139
58.23500	-139
58.23667	-139
58.23833	-140
58.24000	-139
58.24167	-139
58.24333	-140
58.24500	-139
58.24667	-140
58.24833	-139
58.25000	-140
58.25167	-139
58.25333	-140
58.25500	-139
58.25667	-140
58.25833	-139
58.26000	-140
58.26167	-140
58.26333	-140
58.26500	-141
58.26667	-140
58.26833	-141
58.27000	-140
58.27167	-141
58.27333	-141
58.27500	-142
58.27667	-141
58.27833	-142
58.28000	-141
58.28167	-142
58.28333	-142
58.28500	-142
58.28667	-141
58.28833	-142
58.29000	-142
58.29167	-142
58.29333	-141
58.29500	-142
58.29667	-142
58.29833	-142
58.30000	-142
58.30167	-142
58.30333	-142
58.30500	-142
58.30667	-142
58.30833	-142
58.31000	-142
58.31167	-142
58.31333	-142
58.31500	-142
58.31667	-142
58.31833	-142
58.32000	-142
58.32167	-142
58.32333	-143
58.32500	-142
58.32667	-142
58.32833	-142
58.33000	-143
58.33167	-142
58.33333	-143
58.33500	-142
58.33667	-142
58.33833	-143
58.34000	-142
58.34167	-143
58.34333	-142
58.34500	-143
58.34667	-143
58.34833	-143
58.35000	-142
58.35167	-143
58.35333	-143
58.35500	-143
58.35667	-143
58.35833	-143
58.36000	-143
58.36167	-143
58.36333	-143
58.36500	-143
58.36667	-143
58.36833	-144
58.37000	-143
58.37167	-144
58.37333	-143
58.37500	-144
58.37667	-143
58.37833	-144
58.38000	-143
58.38167	-144
58.38333	-143
58.38500	-144
58.38667	-144
58.38833	-143
58.39000	-144
58.39167	-144
58.39333	-144
58.39500	-144
58.39667	-144
58.39833	-144
58.40000	-144
58.40167	-144
58.40333	-145
58.40500	-144
58.40667	-145
58.40833	-145
58.41000	-145
58.41167	-145
58.41333	-145
58.41500	-145
58.41667	-145
58.41833	-145
58.42000	-145
58.42167	-146
58.42333	-145
58.42500	-145
58.42667	-146
58.42833	-145
58.43000	-145
58.43167	-146
58.43333	-145
58.43500	-145
58.43667	-146
58.43833	-145
58.44000	-145
58.44167	-144
58.44333	-145
58.44500	-144
58.44667	-145
58.44833	-144
58.45000	-144
58.45167	-144
58.45333	-143
58.45500	-144
58.45667	-143
58.45833	-143
58.46000	-143
58.46167	-143
58.46333	-143
58.46500	-143
58.46667	-142
58.46833	-142
58.47000	-142
58.47167	-142
58.47333	-142
58.47500	-141
58.47667	-142
58.47833	-141
58.48000	-141
58.48167	-141
58.48333	-141
58.48500	-141
58.48667	-141
58.48833	-141
58.49000	-140
58.49167	-140
58.49333	-140
58.49500	-140
58.49667	-140
58.49833	-140
58.50000	-140
58.50167	-140
58.50333	-139
58.50500	-139
58.50667	-140
58.50833	-139
58.51000	-139
58.51167	-139
58.51333	-140
58.51500	-139
58.51667	-139
58.51833	-140
58.52000	-139
58.52167	-140
58.52333	-140
58.52500	-140
58.52667	-139
58.52833	-141
58.53000	-140
58.53167	-140
58.53333	-141
58.53500	-141
58.53667	-141
58.53833	-141
58.54000	-142
58.54167	-141
58.54333	-142
58.54500	-142
58.54667	-142
58.54833	-142
58.55000	-143
58.55167	-143
58.55333	-142
58.55500	-143
58.55667	-143
58.55833	-143
58.56000	-144
58.56167	-143
58.56333	-143
58.56500	-143
58.56667	-144
58.56833	-143
58.57000	-143
58.57167	-144
58.57333	-143
58.57500	-143
58.57667	-144
58.57833	-143
58.58000	-144
58.58167	-144
58.58333	-143
58.58500	-144
58.58667	-143
58.58833	-143
58.59000	-143
58.59167	-144
58.59333	-143
58.59500	-143
58.59667	-143
58.59833	-143
58.60000	-143
58.60167	-143
58.60333	-144
58.60500	-143
58.60667	-144
58.60833	-143
58.61000	-144
58.61167	-144
58.61333	-144
58.61500	-144
58.61667	-144
58.61833	-144
58.62000	-145
58.62167	-144
58.62333	-144
58.62500	-145
58.62667	-144
58.62833	-144
58.63000	-145
58.63167	-144
58.63333	-145
58.63500	-144
58.63667	-144
58.63833	-143
58.64000	-144
58.64167	-144
58.64333	-143
58.64500	-143
58.64667	-143
58.64833	-143
58.65000	-143
58.65167	-142
58.65333	-143
58.65500	-142
58.65667	-142
58.65833	-142
58.66000	-142
58.66167	-142
58.66333	-141
58.66500	-142
58.66667	-141
58.66833	-142
58.67000	-141
58.67167	-141
58.67333	-141
58.67500	-141
58.67667	-142
58.67833	-141
58.68000	-141
58.68167	-141
58.68333	-142
58.68500	-141
58.68667	-141
58.68833	-142
58.69000	-141
58.69167	-141
58.69333	-142
58.69500	-141
58.69667	-141
58.69833	-142
58.70000	-141
58.70167	-141
58.70333	-141
58.70500	-142
58.70667	-142
58.70833	-141
58.71000	-142
58.71167	-142
58.71333	-141
58.71500	-142
58.71667	-142
58.71833	-141
58.72000	-142
58.72167	-141
58.72333	-142
58.72500	-142
58.72667	-141
58.72833	-142
58.73000	-141
58.73167	-142
58.73333	-141
58.73500	-141
58.73667	-142
58.73833	-141
58.74000	-141
58.74167	-141
58.74333	-142
58.74500	-141
58.74667	-141
58.74833	-141
58.75000	-142
58.75167	-141
58.75333	-141
58.75500	-141
58.75667	-141
58.75833	-141
58.76000	-141
58.76167	-141
58.76333	-142
58.76500	-141
58.76667	-141
58.76833	-141
58.77000	-141
58.77167	-141
58.77333	-141
58.77500	-142
58.77667	-141
58.77833	-142
58.78000	-141
58.78167	-142
58.78333	-142
58.78500	-142
58.78667	-142
58.78833	-142
58.79000	-143
58.79167	-142
58.79333	-143
58.79500	-142
58.79667	-143
58.79833	-143
58.80000	-143
58.80167	-143
58.80333	-143
58.80500	-143
58.80667	-144
58.80833	-143
58.81000	-143
58.81167	-144
58.81333	-143
58.81500	-144
58.81667	-143
58.81833	-143
58.82000	-144
58.82167	-143
58.82333	-143
58.82500	-144
58.82667	-143
58.82833	-144
58.83000	-143
58.83167	-144
58.83333	-143
58.83500	-143
58.83667	-144
58.83833	-144
58.84000	-143
58.84167	-144
58.84333	-143
58.84500	-144
58.84667	-144
58.84833	-143
58.85000	-144
58.85167	-143
58.85333	-144
58.85500	-143
58.85667	-144
58.85833	-144
58.86000	-143
58.86167	-144
58.86333	-144
58.86500	-143
58.86667	-144
58.86833	-144
58.87000	-143
58.87167	-143
58.87333	-143
58.87500	-143
58.87667	-143
58.87833	-142
58.88000	-143
58.88167	-143
58.88333	-143
58.88500	-142
58.88667	-143
58.88833	-142
58.89000	-143
58.89167	-143
58.89333	-142
58.89500	-143
58.89667	-142
58.89833	-143
58.90000	-143
58.90167	-142
58.90333	-143
58.90500	-143
58.90667	-143
58.90833	-143
58.91000	-144
58.91167	-143
58.91333	-144
58.91500	-143
58.91667	-144
58.91833	-143
58.92000	-143
58.92167	-144
58.92333	-143
58.92500	-144
58.92667	-143
58.92833	-144
58.93000	-144
58.93167	-143
58.93333	-144
58.93500	-144
58.93667	-143
58.93833	-144
58.94000	-143
58.94167	-144
58.94333	-144
58.94500	-143
58.94667	-143
58.94833	-144
58.95000	-144
58.95167	-143
58.95333	-144
58.95500	-144
58.95667	-144
58.95833	-143
58.96000	-144
58.96167	-143
58.96333	-144
58.96500	-144
58.96667	-143
58.96833	-144
58.97000	-143
58.97167	-144
58.97333	-144
58.97500	-143
58.97667	-144
58.97833	-144
58.98000	-144
58.98167	-145
58.98333	-144
58.98500	-144
58.98667	-144
58.98833	-144
58.99000	-144
58.99167	-143
58.99333	-144
58.99500	-144
58.99667	-144
58.99833	-143
59.00000	-144
59.00167	-144
59.00333	-143
59.00500	-144
59.00667	-144
59.00833	-143
59.01000	-144
59.01167	-143
59.01333	-144
59.01500	-144
59.01667	-143
59.01833	-144
59.02000	-143
59.02167	-143
59.02333	-144
59.02500	-143
59.02667	-143
59.02833	-144
59.03000	-143
59.03167	-144
59.03333	-143
59.03500	-144
59.03667	-143
59.03833	-144
59.04000	-143
59.04167	-144
59.04333	-143
59.04500	-143
59.04667	-144
59.04833	-143
59.05000	-143
59.05167	-143
59.05333	-144
59.05500	-142
59.05667	-143
59.05833	-143
59.06000	-142
59.06167	-142
59.06333	-143
59.06500	-141
59.06667	-142
59.06833	-141
59.07000	-141
59.07167	-141
59.07333	-141
59.07500	-140
59.07667	-140
59.07833	-140
59.08000	-139
59.08167	-140
59.08333	-139
59.08500	-139
59.08667	-138
59.08833	-139
59.09000	-138
59.09167	-138
59.09333	-138
59.09500	-137
59.09667	-138
59.09833	-137
59.10000	-137
59.10167	-137
59.10333	-137
59.10500	-137
59.10667	-136
59.10833	-137
59.11000	-137
59.11167	-136
59.11333	-137
59.11500	-136
59.11667	-137
59.11833	-137
59.12000	-136
59.12167	-137
59.12333	-137
59.12500	-137
59.12667	-138
59.12833	-137
59.13000	-138
59.13167	-138
59.13333	-138
59.13500	-139
59.13667	-138
59.13833	-139
59.14000	-139
59.14167	-139
59.14333	-139
59.14500	-140
59.14667	-139
59.14833	-140
59.15000	-140
59.15167	-140
59.15333	-140
59.15500	-140
59.15667	-141
59.15833	-140
59.16000	-140
59.16167	-140
59.16333	-141
59.16500	-140
59.16667	-141
59.16833	-140
59.17000	-141
59.17167	-140
59.17333	-140
59.17500	-140
59.17667	-140
59.17833	-140
59.18000	-140
59.18167	-140
59.18333	-139
59.18500	-140
59.18667	-139
59.18833	-140
59.19000	-139
59.19167	-139
59.19333	-139
59.19500	-139
59.19667	-139
59.19833	-138
59.20000	-139
59.20167	-139
59.20333	-138
59.20500	-139
59.20667	-138
59.20833	-138
59.21000	-138
59.21167	-138
59.21333	-139
59.21500	-138
59.21667	-138
59.21833	-138
59.22000	-139
59.22167	-138
59.22333	-138
59.22500	-138
59.22667	-138
59.22833	-138
59.23000	-138
59.23167	-138
59.23333	-138
59.23500	-138
59.23667	-138
59.23833	-138
59.24000	-137
59.24167	-138
59.24333	-138
59.24500	-138
59.24667	-138
59.24833	-138
59.25000	-138
59.25167	-138
59.25333	-138
59.25500	-139
59.25667	-138
59.25833	-139
59.26000	-139
59.26167	-139
59.26333	-139
59.26500	-140
59.26667	-139
59.26833	-140
59.27000	-141
59.27167	-141
59.27333	-141
59.27500	-141
59.27667	-142
59.27833	-142
59.28000	-142
59.28167	-142
59.28333	-143
59.28500	-143
59.28667	-143
59.28833	-144
59.29000	-144
59.29167	-144
59.29333	-144
59.29500	-144
59.29667	-145
59.29833	-145
59.30000	-144
59.30167	-145
59.30333	-145
59.30500	-145
59.30667	-145
59.30833	-145
59.31000	-145
59.31167	-145
59.31333	-145
59.31500	-145
59.31667	-145
59.31833	-145
59.32000	-145
59.32167	-145
59.32333	-144
59.32500	-145
59.32667	-144
59.32833	-144
59.33000	-144
59.33167	-144
59.33333	-144
59.33500	-144
59.33667	-143
59.33833	-144
59.34000	-143
59.34167	-144
59.34333	-143
59.34500	-143
59.34667	-142
59.34833	-143
59.35000	-143
59.35167	-142
59.35333	-142
59.35500	-141
59.35667	-142
59.35833	-142
59.36000	-141
59.36167	-141
59.36333	-141
59.36500	-141
59.36667	-141
59.36833	-140
59.37000	-141
59.37167	-141
59.37333	-141
59.37500	-140
59.37667	-141
59.37833	-140
59.38000	-141
59.38167	-140
59.38333	-141
59.38500	-141
59.38667	-140
59.38833	-141
59.39000	-142
59.39167	-141
59.39333	-141
59.39500	-142
59.39667	-141
59.39833	-142
59.40000	-142
59.40167	-142
59.40333	-142
59.40500	-143
59.40667	-142
59.40833	-142
59.41000	-142
59.41167	-142
59.41333	-142
59.41500	-142
59.41667	-142
59.41833	-142
59.42000	-142
59.42167	-142
59.42333	-142
59.42500	-142
59.42667	-142
59.42833	-141
59.43000	-142
59.43167	-142
59.43333	-142
59.43500	-142
59.43667	-141
59.43833	-142
59.44000	-141
59.44167	-141
59.44333	-141
59.44500	-141
59.44667	-142
59.44833	-141
59.45000	-141
59.45167	-141
59.45333	-141
59.45500	-142
59.45667	-141
59.45833	-141
59.46000	-142
59.46167	-141
59.46333	-142
59.46500	-142
59.46667	-141
59.46833	-142
59.47000	-143
59.47167	-142
59.47333	-142
59.47500	-142
59.47667	-143
59.47833	-142
59.48000	-143
59.48167	-142
59.48333	-143
59.48500	-143
59.48667	-143
59.48833	-143
59.49000	-144
59.49167	-143
59.49333	-143
59.49500	-144
59.49667	-143
59.49833	-144
59.50000	-143
59.50167	-144
59.50333	-143
59.50500	-143
59.50667	-144
59.50833	-143
59.51000	-144
59.51167	-143
59.51333	-144
59.51500	-143
59.51667	-144
59.51833	-143
59.52000	-143
59.52167	-144
59.52333	-143
59.52500	-143
59.52667	-143
59.52833	-144
59.53000	-143
59.53167	-143
59.53333	-143
59.53500	-143
59.53667	-143
59.53833	-142
59.54000	-143
59.54167	-143
59.54333	-142
59.54500	-143
59.54667	-142
59.54833	-142
59.55000	-142
59.55167	-142
59.55333	-142
59.55500	-142
59.55667	-142
59.55833	-141
59.56000	-142
59.56167	-142
59.56333	-142
59.56500	-141
59.56667	-141
59.56833	-142
59.57000	-141
59.57167	-142
59.57333	-141
59.57500	-142
59.57667	-141
59.57833	-141
59.58000	-142
59.58167	-141
59.58333	-141
59.58500	-142
59.58667	-142
59.58833	-141
59.59000	-142
59.59167	-142
59.59333	-141
59.59500	-142
59.59667	-142
59.59833	-142
59.60000	-142
59.60167	-142
59.60333	-141
59.60500	-142
59.60667	-142
59.60833	-142
59.61000	-142
59.61167	-142
59.61333	-141
59.61500	-141
59.61667	-141
59.61833	-141
59.62000	-141
59.62167	-141
59.62333	-140
59.62500	-140
59.62667	-140
59.62833	-140
59.63000	-140
59.63167	-140
59.63333	-139
59.63500	-139
59.63667	-139
59.63833	-139
59.64000	-139
59.64167	-139
59.64333	-139
59.64500	-139
59.64667	-138
59.64833	-139
59.65000	-139
59.65167	-139
59.65333	-139
59.65500	-139
59.65667	-139
59.65833	-139
59.66000	-140
59.66167	-139
59.66333	-140
59.66500	-139
59.66667	-140
59.66833	-141
59.67000	-140
59.67167	-140
59.67333	-141
59.67500	-141
59.67667	-141
59.67833	-141
59.68000	-142
59.68167	-141
59.68333	-142
59.68500	-142
59.68667	-142
59.68833	-143
59.69000	-142
59.69167	-143
59.69333	-143
59.69500	-144
59.69667	-143
59.69833	-144
59.70000	-144
59.70167	-144
59.70333	-144
59.70500	-144
59.70667	-144
59.70833	-144
59.71000	-145
59.71167	-144
59.71333	-144
59.71500	-145
59.71667	-144
59.71833	-144
59.72000	-145
59.72167	-144
59.72333	-145
59.72500	-144
59.72667	-145
59.72833	-144
59.73000	-145
59.73167	-145
59.73333	-145
59.73500	-144
59.73667	-145
59.73833	-144
59.74000	-145
59.74167	-145
59.74333	-145
59.74500	-144
59.74667	-145
59.74833	-144
59.75000	-145
59.75167	-145
59.75333	-144
59.75500	-144
59.75667	-144
59.75833	-144
59.76000	-143
59.76167	-144
59.76333	-143
59.76500	-143
59.76667	-143
59.76833	-143
59.77000	-142
59.77167	-143
59.77333	-142
59.77500	-142
59.77667	-141
59.77833	-142
59.78000	-141
59.78167	-141
59.78333	-141
59.78500	-141
59.78667	-141
59.78833	-141
59.79000	-141
59.79167	-141
59.79333	-140
59.79500	-141
59.79667	-141
59.79833	-141
59.80000	-140
59.80167	-141
59.80333	-141
59.80500	-141
59.80667	-140
59.80833	-141
59.81000	-141
59.81167	-141
59.81333	-141
59.81500	-141
59.81667	-141
59.81833	-141
59.82000	-141
59.82167	-141
59.82333	-140
59.82500	-141
59.82667	-141
59.82833	-141
59.83000	-141
59.83167	-141
59.83333	-140
59.83500	-141
59.83667	-141
59.83833	-140
59.84000	-141
59.84167	-140
59.84333	-141
59.84500	-140
59.84667	-140
59.84833	-141
59.85000	-140
59.85167	-141
59.85333	-140
59.85500	-141
59.85667	-140
59.85833	-141
59.86000	-140
59.86167	-141
59.86333	-141
59.86500	-140
59.86667	-141
59.86833	-141
59.87000	-141
59.87167	-141
59.87333	-142
59.87500	-141
59.87667	-141
59.87833	-142
59.88000	-141
59.88167	-141
59.88333	-141
59.88500	-141
59.88667	-141
59.88833	-141
59.89000	-141
59.89167	-142
59.89333	-141
59.89500	-141
59.89667	-141
59.89833	-142
59.90000	-141
59.90167	-141
59.90333	-142
59.90500	-141
59.90667	-141
59.90833	-141
59.91000	-141
59.91167	-141
59.91333	-140
59.91500	-141
59.91667	-141
59.91833	-140
59.92000	-141
59.92167	-141
59.92333	-140
59.92500	-141
59.92667	-141
59.92833	-140
59.93000	-141
59.93167	-141
59.93333	-141
59.93500	-140
59.93667	-141
59.93833	-141
59.94000	-140
59.94167	-141
59.94333	-141
59.94500	-141
59.94667	-141
59.94833	-142
59.95000	-141
59.95167	-141
59.95333	-141
59.95500	-141
59.95667	-142
59.95833	-141
59.96000	-142
59.96167	-142
59.96333	-141
59.96500	-142
59.96667	-142
59.96833	-141
59.97000	-142
59.97167	-142
59.97333	-142
59.97500	-143
59.97667	-142
59.97833	-142
59.98000	-142
59.98167	-143
59.98333	-142
59.98500	-143
59.98667	-143
59.98833	-143
59.99000	-143
59.99167	-143
59.99333	-143
59.99500	-144
59.99667	-143
59.99833	-143
60.00000	-144
60.00167	-143
60.00333	-144
60.00500	-144
60.00667	-143
60.00833	-144
60.01000	-144
60.01167	-144
60.01333	-143
60.01500	-144
60.01667	-143
60.01833	-144
60.02000	-143
60.02167	-143
60.02333	-143
60.02500	-143
60.02667	-142
60.02833	-143
60.03000	-142
60.03167	-142
60.03333	-142
60.03500	-142
60.03667	-141
60.03833	-141
60.04000	-141
60.04167	-141
60.04333	-141
60.04500	-140
60.04667	-141
60.04833	-140
60.05000	-140
60.05167	-141
60.05333	-140
60.05500	-140
60.05667	-140
60.05833	-140
60.06000	-140
60.06167	-139
60.06333	-140
60.06500	-140
60.06667	-139
60.06833	-139
60.07000	-139
60.07167	-140
60.07333	-139
60.07500	-139
60.07667	-140
60.07833	-139
60.08000	-139
60.08167	-139
60.08333	-140
60.08500	-139
60.08667	-139
60.08833	-139
60.09000	-139
60.09167	-139
60.09333	-140
60.09500	-139
60.09667	-139
60.09833	-140
60.10000	-139
60.10167	-140
60.10333	-139
60.10500	-139
60.10667	-139
60.10833	-140
60.11000	-139
60.11167	-139
60.11333	-140
60.11500	-140
60.11667	-139
60.11833	-140
60.12000	-140
60.12167	-140
60.12333	-140
60.12500	-140
60.12667	-140
60.12833	-140
60.13000	-140
60.13167	-140
60.13333	-141
60.13500	-140
60.13667	-140
60.13833	-140
60.14000	-141
60.14167	-140
60.14333	-141
60.14500	-141
60.14667	-141
60.14833	-141
60.15000	-141
60.15167	-141
60.15333	-141
60.15500	-141
60.15667	-141
60.15833	-142
60.16000	-141
60.16167	-142
60.16333	-141
60.16500	-142
60.16667	-142
60.16833	-142
60.17000	-142
60.17167	-143
60.17333	-142
60.17500	-143
60.17667	-143
60.17833	-143
60.18000	-142
60.18167	-144
60.18333	-142
60.18500	-143
60.18667	-143
60.18833	-143
60.19000	-143
60.19167	-143
60.19333	-143
60.19500	-143
60.19667	-143
60.19833	-143
60.20000	-143
60.20167	-143
60.20333	-143
60.20500	-143
60.20667	-143
60.20833	-143
60.21000	-143
60.21167	-142
60.21333	-143
60.21500	-142
60.21667	-143
60.21833	-142
60.22000	-143
60.22167	-142
60.22333	-143
60.22500	-142
60.22667	-142
60.22833	-142
60.23000	-142
60.23167	-142
60.23333	-142
60.23500	-142
60.23667	-141
60.23833	-142
60.24000	-141
60.24167	-142
60.24333	-141
60.24500	-141
60.24667	-141
60.24833	-142
60.25000	-140
60.25167	-141
60.25333	-141
60.25500	-140
60.25667	-141
60.25833	-140
60.26000	-141
60.26167	-140
60.26333	-140
60.26500	-141
60.26667	-140
60.26833	-140
60.27000	-140
60.27167	-140
60.27333	-141
60.27500	-140
60.27667	-140
60.27833	-140
60.28000	-141
60.28167	-140
60.28333	-141
60.28500	-140
60.28667	-140
60.28833	-141
60.29000	-140
60.29167	-140
60.29333	-140
60.29500	-141
60.29667	-140
60.29833	-140
60.30000	-140
60.30167	-141
60.30333	-140
60.30500	-140
60.30667	-140
60.30833	-140
60.31000	-140
60.31167	-140
60.31333	-140
60.31500	-139
60.31667	-140
60.31833	-140
60.32000	-140
60.32167	-141
60.32333	-139
60.32500	-141
60.32667	-140
60.32833	-140
60.33000	-140
60.33167	-140
60.33333	-141
60.33500	-140
60.33667	-140
60.33833	-141
60.34000	-140
60.34167	-141
60.34333	-141
60.34500	-140
60.34667	-141
60.34833	-141
60.35000	-141
60.35167	-141
60.35333	-141
60.35500	-141
60.35667	-140
60.35833	-141
60.36000	-141
60.36167	-141
60.36333	-141
60.36500	-140
60.36667	-141
60.36833	-141
60.37000	-140
60.37167	-141
60.37333	-140
60.37500	-140
60.37667	-141
60.37833	-140
60.38000	-140
60.38167	-140
60.38333	-140
60.38500	-140
60.38667	-140
60.38833	-140
60.39000	-140
60.39167	-141
60.39333	-140
60.39500	-140
60.39667	-140
60.39833	-140
60.40000	-140
60.40167	-140
60.40333	-140
60.40500	-140
60.40667	-140
60.40833	-141
60.41000	-140
60.41167	-140
60.41333	-141
60.41500	-140
60.41667	-141
60.41833	-141
60.42000	-141
60.42167	-141
60.42333	-141
60.42500	-141
60.42667	-141
60.42833	-141
60.43000	-141
60.43167	-142
60.43333	-142
60.43500	-141
60.43667	-142
60.43833	-142
60.44000	-141
60.44167	-142
60.44333	-142
60.44500	-142
60.44667	-141
60.44833	-142
60.45000	-142
60.45167	-141
60.45333	-142
60.45500	-141
60.45667	-141
60.45833	-142
60.46000	-141
60.46167	-142
60.46333	-141
60.46500	-141
60.46667	-141
60.46833	-142
60.47000	-141
60.47167	-141
60.47333	-141
60.47500	-141
60.47667	-142
60.47833	-141
60.48000	-142
60.48167	-141
60.48333	-142
60.48500	-142
60.48667	-141
60.48833	-142
60.49000	-142
60.49167	-141
60.49333	-142
60.49500	-142
60.49667	-141
60.49833	-142
60.50000	-141
60.50167	-142
60.50333	-142
60.50500	-141
60.50667	-142
60.50833	-142
60.51000	-141
60.51167	-142
60.51333	-141
60.51500	-141
60.51667	-142
60.51833	-141
60.52000	-142
60.52167	-141
60.52333	-141
60.52500	-142
60.52667	-141
60.52833	-141
60.53000	-141
60.53167	-140
60.53333	-141
60.53500	-141
60.53667	-141
60.53833	-141
60.54000	-140
60.54167	-140
60.54333	-141
60.54500	-140
60.54667	-140
60.54833	-140
60.55000	-140
60.55167	-141
60.55333	-139
60.55500	-140
60.55667	-140
60.55833	-140
60.56000	-139
60.56167	-140
60.56333	-139
60.56500	-140
60.56667	-139
60.56833	-139
60.57000	-140
60.57167	-140
60.57333	-140
60.57500	-140
60.57667	-140
60.57833	-140
60.58000	-140
60.58167	-140
60.58333	-140
60.58500	-140
60.58667	-140
60.58833	-141
60.59000	-140
60.59167	-140
60.59333	-141
60.59500	-140
60.59667	-140
60.59833	-140
60.60000	-140
60.60167	-140
60.60333	-139
60.60500	-140
60.60667	-139
60.60833	-140
60.61000	-139
60.61167	-139
60.61333	-139
60.61500	-139
60.61667	-139
60.61833	-138
60.62000	-138
60.62167	-138
60.62333	-138
60.62500	-138
60.62667	-137
60.62833	-137
60.63000	-136
60.63167	-137
60.63333	-136
60.63500	-136
60.63667	-136
60.63833	-135
60.64000	-136
60.64167	-135
60.64333	-134
60.64500	-135
60.64667	-134
60.64833	-135
60.65000	-133
60.65167	-134
60.65333	-133
60.65500	-134
60.65667	-133
60.65833	-133
60.66000	-132
60.66167	-132
60.66333	-132
60.66500	-132
60.66667	-132
60.66833	-131
60.67000	-131
60.67167	-131
60.67333	-130
60.67500	-130
60.67667	-130
60.67833	-130
60.68000	-129
60.68167	-129
60.68333	-129
60.68500	-129
60.68667	-129
60.68833	-128
60.69000	-128
60.69167	-128
60.69333	-128
60.69500	-128
60.69667	-127
60.69833	-127
60.70000	-128
60.70167	-127
60.70333	-126
60.70500	-127
60.70667	-127
60.70833	-126
60.71000	-127
60.71167	-126
60.71333	-126
60.71500	-127
60.71667	-126
60.71833	-126
60.72000	-126
60.72167	-125
60.72333	-126
60.72500	-126
60.72667	-125
60.72833	-126
60.73000	-125
60.73167	-125
60.73333	-125
60.73500	-125
60.73667	-125
60.73833	-124
60.74000	-124
60.74167	-125
60.74333	-123
60.74500	-124
60.74667	-124
60.74833	-123
60.75000	-123
60.75167	-123
60.75333	-122
60.75500	-123
60.75667	-122
60.75833	-122
60.76000	-122
60.76167	-122
60.76333	-121
60.76500	-121
60.76667	-121
60.76833	-121
60.77000	-120
60.77167	-121
60.77333	-120
60.77500	-120
60.77667	-120
60.77833	-120
60.78000	-119
60.78167	-119
60.78333	-119
60.78500	-118
60.78667	-119
60.78833	-118
60.79000	-117
60.79167	-118
60.79333	-117
60.79500	-117
60.79667	-117
60.79833	-116
60.80000	-116
60.80167	-116
60.80333	-115
60.80500	-115
60.80667	-115
60.80833	-114
60.81000	-115
60.81167	-114
60.81333	-113
60.81500	-114
60.81667	-113
60.81833	-113
60.82000	-113
60.82167	-113
60.82333	-112
60.82500	-112
60.82667	-111
60.82833	-112
60.83000	-111
60.83167	-111
60.83333	-110
60.83500	-110
60.83667	-110
60.83833	-110
60.84000	-109
60.84167	-109
60.84333	-108
60.84500	-109
60.84667	-108
60.84833	-107
60.85000	-108
60.85167	-107
60.85333	-106
60.85500	-107
60.85667	-106
60.85833	-106
60.86000	-105
60.86167	-106
60.86333	-104
60.86500	-105
60.86667	-105
60.86833	-104
60.87000	-104
60.87167	-104
60.87333	-103
60.87500	-103
60.87667	-103
60.87833	-103
60.88000	-102
60.88167	-103
60.88333	-102
60.88500	-102
60.88667	-101
60.88833	-102
60.89000	-101
60.89167	-101
60.89333	-100
60.89500	-101
60.89667	-100
60.89833	-100
60.90000	-100
60.90167	-99
60.90333	-100
60.90500	-99
60.90667	-99
60.90833	-99
60.91000	-99
60.91167	-99
60.91333	-99
60.91500	-98
60.91667	-99
60.91833	-98
60.92000	-98
60.92167	-99
60.92333	-98
60.92500	-98
60.92667	-98
60.92833	-99
60.93000	-98
60.93167	-98
60.93333	-99
60.93500	-98
60.93667	-98
60.93833	-98
60.94000	-99
60.94167	-98
60.94333	-98
60.94500	-98
60.94667	-98
60.94833	-99
60.95000	-98
60.95167	-98
60.95333	-98
60.95500	-98
60.95667	-99
60.95833	-98
60.96000	-98
60.96167	-98
60.96333	-98
60.96500	-97
60.96667	-99
60.96833	-98
60.97000	-98
60.97167	-98
60.97333	-98
60.97500	-98
60.97667	-98
60.97833	-99
60.98000	-99
60.98167	-98
60.98333	-99
60.98500	-99
60.98667	-100
60.98833	-99
60.99000	-100
60.99167	-101
60.99333	-100
60.99500	-101
60.99667	-101
60.99833	-101
61.00000	-102
61.00167	-102
61.00333	-102
61.00500	-103
61.00667	-102
61.00833	-103
61.01000	-104
61.01167	-104
61.01333	-104
61.01500	-104
61.01667	-105
61.01833	-106
61.02000	-106
61.02167	-106
61.02333	-107
61.02500	-107
61.02667	-108
61.02833	-108
61.03000	-108
61.03167	-108
61.03333	-109
61.03500	-109
61.03667	-109
61.03833	-110
61.04000	-110
61.04167	-110
61.04333	-110
61.04500	-111
61.04667	-111
61.04833	-110
61.05000	-111
61.05167	-111
61.05333	-111
61.05500	-111
61.05667	-111
61.05833	-111
61.06000	-112
61.06167	-111
61.06333	-112
61.06500	-112
61.06667	-112
61.06833	-112
61.07000	-113
61.07167	-112
61.07333	-113
61.07500	-113
61.07667	-113
61.07833	-113
61.08000	-113
61.08167	-114
61.08333	-115
61.08500	-115
61.08667	-115
61.08833	-115
61.09000	-115
61.09167	-116
61.09333	-117
61.09500	-116
61.09667	-117
61.09833	-118
61.10000	-117
61.10167	-119
61.10333	-118
61.10500	-119
61.10667	-119
61.10833	-120
61.11000	-119
61.11167	-120
61.11333	-120
61.11500	-121
61.11667	-120
61.11833	-121
61.12000	-122
61.12167	-121
61.12333	-122
61.12500	-122
61.12667	-122
61.12833	-123
61.13000	-123
61.13167	-123
61.13333	-124
61.13500	-124
61.13667	-124
61.13833	-125
61.14000	-125
61.14167	-125
61.14333	-126
61.14500	-126
61.14667	-126
61.14833	-126
61.15000	-127
61.15167	-128
61.15333	-127
61.15500	-128
61.15667	-129
61.15833	-129
61.16000	-129
61.16167	-129
61.16333	-129
61.16500	-130
61.16667	-130
61.16833	-131
61.17000	-130
61.17167	-131
61.17333	-131
61.17500	-131
61.17667	-131
61.17833	-131
61.18000	-131
61.18167	-132
61.18333	-131
61.18500	-132
61.18667	-131
61.18833	-132
61.19000	-131
61.19167	-132
61.19333	-132
61.19500	-132
61.19667	-132
61.19833	-132
61.20000	-132
61.20167	-132
61.20333	-132
61.20500	-132
61.20667	-132
61.20833	-132
61.21000	-132
61.21167	-133
61.21333	-132
61.21500	-133
61.21667	-133
61.21833	-133
61.22000	-132
61.22167	-133
61.22333	-134
61.22500	-133
61.22667	-134
61.22833	-134
61.23000	-134
61.23167	-134
61.23333	-134
61.23500	-135
61.23667	-134
61.23833	-135
61.24000	-134
61.24167	-135
61.24333	-135
61.24500	-135
61.24667	-135
61.24833	-135
61.25000	-135
61.25167	-136
61.25333	-135
61.25500	-135
61.25667	-135
61.25833	-135
61.26000	-135
61.26167	-134
61.26333	-135
61.26500	-134
61.26667	-135
61.26833	-134
61.27000	-135
61.27167	-134
61.27333	-135
61.27500	-134
61.27667	-135
61.27833	-134
61.28000	-135
61.28167	-135
61.28333	-134
61.28500	-135
61.28667	-135
61.28833	-134
61.29000	-135
61.29167	-135
61.29333	-135
61.29500	-135
61.29667	-135
61.29833	-135
61.30000	-134
61.30167	-135
61.30333	-135
61.30500	-136
61.30667	-135
61.30833	-136
61.31000	-135
61.31167	-135
61.31333	-135
61.31500	-135
61.31667	-135
61.31833	-135
61.32000	-136
61.32167	-136
61.32333	-135
61.32500	-136
61.32667	-136
61.32833	-136
61.33000	-136
61.33167	-136
61.33333	-137
61.33500	-137
61.33667	-137
61.33833	-137
61.34000	-137
61.34167	-138
61.34333	-137
61.34500	-138
61.34667	-138
61.34833	-139
61.35000	-138
61.35167	-139
61.35333	-139
61.35500	-139
61.35667	-140
61.35833	-139
61.36000	-139
61.36167	-140
61.36333	-139
61.36500	-140
61.36667	-140
61.36833	-140
61.37000	-140
61.37167	-139
61.37333	-140
61.37500	-139
61.37667	-140
61.37833	-139
61.38000	-140
61.38167	-140
61.38333	-139
61.38500	-139
61.38667	-139
61.38833	-139
61.39000	-139
61.39167	-139
61.39333	-138
61.39500	-139
61.39667	-138
61.39833	-139
61.40000	-138
61.40167	-139
61.40333	-138
61.40500	-138
61.40667	-139
61.40833	-138
61.41000	-139
61.41167	-139
61.41333	-139
61.41500	-139
61.41667	-138
61.41833	-139
61.42000	-139
61.42167	-139
61.42333	-139
61.42500	-139
61.42667	-139
61.42833	-139
61.43000	-139
61.43167	-140
61.43333	-139
61.43500	-140
61.43667	-139
61.43833	-140
61.44000	-139
61.44167	-140
61.44333	-139
61.44500	-140
61.44667	-139
61.44833	-140
61.45000	-139
61.45167	-140
61.45333	-139
61.45500	-140
61.45667	-140
61.45833	-140
61.46000	-140
61.46167	-140
61.46333	-141
61.46500	-140
61.46667	-140
61.46833	-140
61.47000	-140
61.47167	-140
61.47333	-140
61.47500	-140
61.47667	-139
61.47833	-140
61.48000	-139
61.48167	-140
61.48333	-139
61.48500	-139
61.48667	-139
61.48833	-139
61.49000	-139
61.49167	-138
61.49333	-138
61.49500	-139
61.49667	-138
61.49833	-138
61.50000	-139
61.50167	-138
61.50333	-138
61.50500	-138
61.50667	-138
61.50833	-137
61.51000	-137
61.51167	-137
61.51333	-137
61.51500	-137
61.51667	-137
61.51833	-136
61.52000	-137
61.52167	-136
61.52333	-136
61.52500	-137
61.52667	-136
61.52833	-136
61.53000	-136
61.53167	-136
61.53333	-136
61.53500	-137
61.53667	-136
61.53833	-136
61.54000	-137
61.54167	-136
61.54333	-137
61.54500	-137
61.54667	-138
61.54833	-137
61.55000	-138
61.55167	-138
61.55333	-138
61.55500	-139
61.55667	-139
61.55833	-139
61.56000	-139
61.56167	-140
61.56333	-140
61.56500	-140
61.56667	-141
61.56833	-141
61.57000	-141
61.57167	-142
61.57333	-141
61.57500	-142
61.57667	-142
61.57833	-142
61.58000	-143
61.58167	-142
61.58333	-142
61.58500	-143
61.58667	-142
61.58833	-142
61.59000	-142
61.59167	-142
61.59333	-142
61.59500	-141
61.59667	-141
61.59833	-141
61.60000	-141
61.60167	-141
61.60333	-140
61.60500	-140
61.60667	-140
61.60833	-140
61.61000	-139
61.61167	-140
61.61333	-139
61.61500	-138
61.61667	-139
61.61833	-139
61.62000	-138
61.62167	-138
61.62333	-138
61.62500	-138
61.62667	-138
61.62833	-138
61.63000	-138
61.63167	-137
61.63333	-138
61.63500	-138
61.63667	-137
61.63833	-138
61.64000	-137
61.64167	-137
61.64333	-138
61.64500	-137
61.64667	-137
61.64833	-138
61.65000	-137
61.65167	-137
61.65333	-138
61.65500	-138
61.65667	-137
61.65833	-138
61.66000	-138
61.66167	-138
61.66333	-137
61.66500	-139
61.66667	-138
61.66833	-139
61.67000	-139
61.67167	-139
61.67333	-139
61.67500	-139
61.67667	-139
61.67833	-139
61.68000	-140
61.68167	-139
61.68333	-139
61.68500	-140
61.68667	-139
61.68833	-139
61.69000	-140
61.69167	-139
61.69333	-139
61.69500	-138
61.69667	-139
61.69833	-139
61.70000	-138
61.70167	-139
61.70333	-138
61.70500	-138
61.70667	-138
61.70833	-138
61.71000	-137
61.71167	-138
61.71333	-137
61.71500	-137
61.71667	-137
61.71833	-137
61.72000	-136
61.72167	-137
61.72333	-136
61.72500	-137
61.72667	-136
61.72833	-136
61.73000	-137
61.73167	-136
61.73333	-136
61.73500	-137
61.73667	-136
61.73833	-137
61.74000	-136
61.74167	-137
61.74333	-136
61.74500	-137
61.74667	-137
61.74833	-137
61.75000	-137
61.75167	-137
61.75333	-137
61.75500	-138
61.75667	-137
61.75833	-137
61.76000	-138
61.76167	-138
61.76333	-137
61.76500	-138
61.76667	-138
61.76833	-138
61.77000	-138
61.77167	-139
61.77333	-138
61.77500	-139
61.77667	-138
61.77833	-139
61.78000	-138
61.78167	-139
61.78333	-139
61.78500	-138
61.78667	-139
61.78833	-139
61.79000	-139
61.79167	-138
61.79333	-139
61.79500	-139
61.79667	-138
61.79833	-139
61.80000	-139
61.80167	-139
61.80333	-138
61.80500	-139
61.80667	-138
61.80833	-138
61.81000	-138
61.81167	-138
61.81333	-138
61.81500	-137
61.81667	-138
61.81833	-137
61.82000	-138
61.82167	-137
61.82333	-137
61.82500	-137
61.82667	-137
61.82833	-137
61.83000	-138
61.83167	-137
61.83333	-137
61.83500	-138
61.83667	-137
61.83833	-137
61.84000	-138
61.84167	-137
61.84333	-137
61.84500	-138
61.84667	-137
61.84833	-138
61.85000	-137
61.85167	-138
61.85333	-138
61.85500	-137
61.85667	-138
61.85833	-138
61.86000	-138
61.86167	-138
61.86333	-138
61.86500	-137
61.86667	-139
61.86833	-138
61.87000	-138
61.87167	-138
61.87333	-139
61.87500	-138
61.87667	-138
61.87833	-138
61.88000	-139
61.88167	-138
61.88333	-139
61.88500	-138
61.88667	-139
61.88833	-139
61.89000	-139
61.89167	-139
61.89333	-139
61.89500	-139
61.89667	-139
61.89833	-140
61.90000	-140
61.90167	-139
61.90333	-140
61.90500	-140
61.90667	-140
61.90833	-140
61.91000	-140
61.91167	-140
61.91333	-140
61.91500	-140
61.91667	-141
61.91833	-140
61.92000	-140
61.92167	-141
61.92333	-140
61.92500	-140
61.92667	-140
61.92833	-140
61.93000	-140
61.93167	-140
61.93333	-140
61.93500	-141
61.93667	-140
61.93833	-140
61.94000	-140
61.94167	-140
61.94333	-141
61.94500	-140
61.94667	-140
61.94833	-139
61.95000	-140
61.95167	-140
61.95333	-139
61.95500	-139
61.95667	-139
61.95833	-140
61.96000	-139
61.96167	-139
61.96333	-139
61.96500	-139
61.96667	-139
61.96833	-138
61.97000	-139
61.97167	-139
61.97333	-138
61.97500	-138
61.97667	-139
61.97833	-139
61.98000	-138
61.98167	-139
61.98333	-138
61.98500	-139
61.98667	-138
61.98833	-139
61.99000	-138
61.99167	-138
61.99333	-139
61.99500	-139
61.99667	-138
61.99833	-139
62.00000	-139
62.00167	-139
62.00333	-139
62.00500	-140
62.00667	-139
62.00833	-139
62.01000	-139
62.01167	-140
62.01333	-140
62.01500	-139
62.01667	-140
62.01833	-140
62.02000	-140
62.02167	-140
62.02333	-140
62.02500	-140
62.02667	-140
62.02833	-140
62.03000	-140
62.03167	-140
62.03333	-140
62.03500	-140
62.03667	-140
62.03833	-140
62.04000	-140
62.04167	-140
62.04333	-140
62.04500	-139
62.04667	-140
62.04833	-140
62.05000	-139
62.05167	-140
62.05333	-139
62.05500	-139
62.05667	-139
62.05833	-139
62.06000	-138
62.06167	-139
62.06333	-138
62.06500	-139
62.06667	-138
62.06833	-138
62.07000	-138
62.07167	-138
62.07333	-138
62.07500	-138
62.07667	-138
62.07833	-138
62.08000	-138
62.08167	-138
62.08333	-137
62.08500	-138
62.08667	-139
62.08833	-138
62.09000	-138
62.09167	-138
62.09333	-139
62.09500	-139
62.09667	-138
62.09833	-139
62.10000	-139
62.10167	-139
62.10333	-140
62.10500	-139
62.10667	-139
62.10833	-140
62.11000	-139
62.11167	-139
62.11333	-139
62.11500	-139
62.11667	-139
62.11833	-139
62.12000	-138
62.12167	-139
62.12333	-138
62.12500	-138
62.12667	-138
62.12833	-138
62.13000	-138
62.13167	-137
62.13333	-137
62.13500	-137
62.13667	-136
62.13833	-136
62.14000	-136
62.14167	-136
62.14333	-136
62.14500	-135
62.14667	-135
62.14833	-135
62.15000	-135
62.15167	-134
62.15333	-134
62.15500	-134
62.15667	-134
62.15833	-134
62.16000	-134
62.16167	-134
62.16333	-133
62.16500	-134
62.16667	-133
62.16833	-133
62.17000	-133
62.17167	-133
62.17333	-133
62.17500	-132
62.17667	-133
62.17833	-132
62.18000	-132
62.18167	-132
62.18333	-131
62.18500	-132
62.18667	-131
62.18833	-132
62.19000	-131
62.19167	-131
62.19333	-131
62.19500	-131
62.19667	-131
62.19833	-131
62.20000	-130
62.20167	-131
62.20333	-131
62.20500	-130
62.20667	-131
62.20833	-130
62.21000	-130
62.21167	-130
62.21333	-131
62.21500	-130
62.21667	-130
62.21833	-130
62.22000	-130
62.22167	-131
62.22333	-130
62.22500	-130
62.22667	-130
62.22833	-130
62.23000	-130
62.23167	-131
62.23333	-130
62.23500	-129
62.23667	-130
62.23833	-130
62.24000	-130
62.24167	-130
62.24333	-130
62.24500	-130
62.24667	-130
62.24833	-130
62.25000	-131
62.25167	-131
62.25333	-130
62.25500	-131
62.25667	-130
62.25833	-131
62.26000	-131
62.26167	-131
62.26333	-131
62.26500	-131
62.26667	-131
62.26833	-131
62.27000	-131
62.27167	-132
62.27333	-131
62.27500	-132
62.27667	-131
62.27833	-132
62.28000	-131
62.28167	-132
62.28333	-132
62.28500	-132
62.28667	-131
62.28833	-132
62.29000	-132
62.29167	-131
62.29333	-132
62.29500	-131
62.29667	-132
62.29833	-131
62.30000	-131
62.30167	-131
62.30333	-131
62.30500	-131
62.30667	-131
62.30833	-130
62.31000	-131
62.31167	-130
62.31333	-130
62.31500	-130
62.31667	-130
62.31833	-130
62.32000	-129
62.32167	-130
62.32333	-129
62.32500	-128
62.32667	-129
62.32833	-128
62.33000	-129
62.33167	-128
62.33333	-129
62.33500	-128
62.33667	-128
62.33833	-129
62.34000	-128
62.34167	-129
62.34333	-128
62.34500	-128
62.34667	-128
62.34833	-129
62.35000	-128
62.35167	-128
62.35333	-129
62.35500	-128
62.35667	-128
62.35833	-128
62.36000	-128
62.36167	-128
62.36333	-128
62.36500	-127
62.36667	-128
62.36833	-127
62.37000	-128
62.37167	-127
62.37333	-127
62.37500	-126
62.37667	-127
62.37833	-127
62.38000	-127
62.38167	-126
62.38333	-127
62.38500	-126
62.38667	-126
62.38833	-126
62.39000	-127
62.39167	-126
62.39333	-126
62.39500	-127
62.39667	-126
62.39833	-126
62.40000	-127
62.40167	-126
62.40333	-126
62.40500	-127
62.40667	-126
62.40833	-127
62.41000	-126
62.41167	-127
62.41333	-127
62.41500	-127
62.41667	-127
62.41833	-127
62.42000	-127
62.42167	-127
62.42333	-127
62.42500	-127
62.42667	-127
62.42833	-127
62.43000	-128
62.43167	-127
62.43333	-127
62.43500	-128
62.43667	-128
62.43833	-128
62.44000	-128
62.44167	-128
62.44333	-128
62.44500	-128
62.44667	-128
62.44833	-128
62.45000	-128
62.45167	-128
62.45333	-128
62.45500	-128
62.45667	-128
62.45833	-128
62.46000	-128
62.46167	-129
62.46333	-128
62.46500	-128
62.46667	-129
62.46833	-128
62.47000	-128
62.47167	-129
62.47333	-128
62.47500	-128
62.47667	-129
62.47833	-128
62.48000	-128
62.48167	-129
62.48333	-129
62.48500	-128
62.48667	-129
62.48833	-129
62.49000	-129
62.49167	-129
62.49333	-128
62.49500	-129
62.49667	-129
62.49833	-129
62.50000	-129
62.50167	-130
62.50333	-130
62.50500	-129
62.50667	-130
62.50833	-129
62.51000	-130
62.51167	-129
62.51333	-130
62.51500	-131
62.51667	-130
62.51833	-130
62.52000	-131
62.52167	-130
62.52333	-131
62.52500	-131
62.52667	-131
62.52833	-131
62.53000	-131
62.53167	-131
62.53333	-131
62.53500	-131
62.53667	-130
62.53833	-131
62.54000	-131
62.54167	-130
62.54333	-131
62.54500	-130
62.54667	-130
62.54833	-130
62.55000	-130
62.55167	-130
62.55333	-130
62.55500	-129
62.55667	-129
62.55833	-129
62.56000	-129
62.56167	-128
62.56333	-128
62.56500	-129
62.56667	-127
62.56833	-128
62.57000	-128
62.57167	-128
62.57333	-127
62.57500	-127
62.57667	-127
62.57833	-127
62.58000	-127
62.58167	-127
62.58333	-127
62.58500	-126
62.58667	-127
62.58833	-126
62.59000	-126
62.59167	-127
62.59333	-126
62.59500	-127
62.59667	-126
62.59833	-126
62.60000	-127
62.60167	-125
62.60333	-126
62.60500	-126
62.60667	-126
62.60833	-126
62.61000	-126
62.61167	-125
62.61333	-126
62.61500	-126
62.61667	-125
62.61833	-126
62.62000	-126
62.62167	-125
62.62333	-126
62.62500	-125
62.62667	-125
62.62833	-125
62.63000	-125
62.63167	-125
62.63333	-125
62.63500	-125
62.63667	-125
62.63833	-124
62.64000	-125
62.64167	-124
62.64333	-125
62.64500	-124
62.64667	-125
62.64833	-124
62.65000	-125
62.65167	-125
62.65333	-125
62.65500	-125
62.65667	-125
62.65833	-125
62.66000	-125
62.66167	-125
62.66333	-126
62.66500	-125
62.66667	-125
62.66833	-125
62.67000	-125
62.67167	-126
62.67333	-125
62.67500	-125
62.67667	-126
62.67833	-125
62.68000	-125
62.68167	-126
62.68333	-125
62.68500	-125
62.68667	-125
62.68833	-125
62.69000	-125
62.69167	-124
62.69333	-125
62.69500	-124
62.69667	-125
62.69833	-124
62.70000	-125
62.70167	-124
62.70333	-124
62.70500	-124
62.70667	-124
62.70833	-125
62.71000	-124
62.71167	-124
62.71333	-125
62.71500	-125
62.71667	-125
62.71833	-124
62.72000	-125
62.72167	-125
62.72333	-124
62.72500	-125
62.72667	-125
62.72833	-125
62.73000	-125
62.73167	-125
62.73333	-125
62.73500	-125
62.73667	-125
62.73833	-125
62.74000	-126
62.74167	-125
62.74333	-125
62.74500	-125
62.74667	-125
62.74833	-125
62.75000	-126
62.75167	-125
62.75333	-126
62.75500	-125
62.75667	-126
62.75833	-125
62.76000	-125
62.76167	-126
62.76333	-125
62.76500	-126
62.76667	-125
62.76833	-125
62.77000	-126
62.77167	-125
62.77333	-125
62.77500	-125
62.77667	-124
62.77833	-125
62.78000	-124
62.78167	-125
62.78333	-124
62.78500	-124
62.78667	-124
62.78833	-123
62.79000	-123
62.79167	-123
62.79333	-123
62.79500	-123
62.79667	-122
62.79833	-123
62.80000	-122
62.80167	-121
62.80333	-122
62.80500	-121
62.80667	-120
62.80833	-121
62.81000	-120
62.81167	-121
62.81333	-119
62.81500	-120
62.81667	-120
62.81833	-119
62.82000	-120
62.82167	-119
62.82333	-120
62.82500	-119
62.82667	-119
62.82833	-120
62.83000	-119
62.83167	-120
62.83333	-119
62.83500	-120
62.83667	-119
62.83833	-119
62.84000	-120
62.84167	-120
62.84333	-120
62.84500	-120
62.84667	-119
62.84833	-120
62.85000	-120
62.85167	-120
62.85333	-120
62.85500	-120
62.85667	-120
62.85833	-120
62.86000	-119
62.86167	-120
62.86333	-120
62.86500	-119
62.86667	-119
62.86833	-120
62.87000	-119
62.87167	-119
62.87333	-119
62.87500	-119
62.87667	-119
62.87833	-119
62.88000	-119
62.88167	-118
62.88333	-118
62.88500	-118
62.88667	-118
62.88833	-118
62.89000	-118
62.89167	-118
62.89333	-118
62.89500	-118
62.89667	-117
62.89833	-118
62.90000	-117
62.90167	-117
62.90333	-118
62.90500	-117
62.90667	-117
62.90833	-117
62.91000	-118
62.91167	-117
62.91333	-117
62.91500	-117
62.91667	-118
62.91833	-117
62.92000	-117
62.92167	-118
62.92333	-117
62.92500	-118
62.92667	-117
62.92833	-118
62.93000	-117
62.93167	-118
62.93333	-117
62.93500	-118
62.93667	-117
62.93833	-118
62.94000	-117
62.94167	-118
62.94333	-117
62.94500	-117
62.94667	-118
62.94833	-117
62.95000	-117
62.95167	-118
62.95333	-117
62.95500	-117
62.95667	-117
62.95833	-117
62.96000	-118
62.96167	-117
62.96333	-117
62.96500	-117
62.96667	-117
62.96833	-117
62.97000	-117
62.97167	-117
62.97333	-117
62.97500	-116
62.97667	-117
62.97833	-117
62.98000	-116
62.98167	-117
62.98333	-116
62.98500	-117
62.98667	-116
62.98833	-116
62.99000	-117
62.99167	-116
62.99333	-117
62.99500	-116
62.99667	-116
62.99833	-117
63.00000	-116
63.00167	-116
63.00333	-116
63.00500	-117
63.00667	-116
63.00833	-116
63.01000	-116
63.01167	-116
63.01333	-116
63.01500	-116
63.01667	-116
63.01833	-116
63.02000	-116
63.02167	-115
63.02333	-115
63.02500	-116
63.02667	-115
63.02833	-114
63.03000	-115
63.03167	-114
63.03333	-114
63.03500	-114
63.03667	-114
63.03833	-114
63.04000	-113
63.04167	-112
63.04333	-113
63.04500	-112
63.04667	-112
63.04833	-112
63.05000	-112
63.05167	-111
63.05333	-112
63.05500	-111
63.05667	-111
63.05833	-110
63.06000	-111
63.06167	-110
63.06333	-110
63.06500	-110
63.06667	-110
63.06833	-109
63.07000	-109
63.07167	-109
63.07333	-108
63.07500	-109
63.07667	-108
63.07833	-109
63.08000	-108
63.08167	-107
63.08333	-108
63.08500	-108
63.08667	-107
63.08833	-107
63.09000	-107
63.09167	-107
63.09333	-107
63.09500	-107
63.09667	-107
63.09833	-107
63.10000	-106
63.10167	-108
63.10333	-107
63.10500	-107
63.10667	-107
63.10833	-107
63.11000	-107
63.11167	-106
63.11333	-107
63.11500	-107
63.11667	-106
63.11833	-107
63.12000	-106
63.12167	-107
63.12333	-106
63.12500	-106
63.12667	-106
63.12833	-106
63.13000	-106
63.13167	-105
63.13333	-106
63.13500	-105
63.13667	-105
63.13833	-106
63.14000	-105
63.14167	-105
63.14333	-105
63.14500	-104
63.14667	-104
63.14833	-105
63.15000	-104
63.15167	-104
63.15333	-105
63.15500	-104
63.15667	-105
63.15833	-104
63.16000	-105
63.16167	-104
63.16333	-104
63.16500	-104
63.16667	-105
63.16833	-104
63.17000	-104
63.17167	-104
63.17333	-105
63.17500	-104
63.17667	-104
63.17833	-105
63.18000	-104
63.18167	-104
63.18333	-105
63.18500	-104
63.18667	-104
63.18833	-104
63.19000	-104
63.19167	-104
63.19333	-104
63.19500	-104
63.19667	-104
63.19833	-103
63.20000	-104
63.20167	-103
63.20333	-104
63.20500	-103
63.20667	-103
63.20833	-103
63.21000	-104
63.21167	-102
63.21333	-103
63.21500	-103
63.21667	-103
63.21833	-103
63.22000	-102
63.22167	-103
63.22333	-102
63.22500	-102
63.22667	-103
63.22833	-102
63.23000	-103
63.23167	-102
63.23333	-102
63.23500	-102
63.23667	-102
63.23833	-101
63.24000	-102
63.24167	-101
63.24333	-101
63.24500	-101
63.24667	-100
63.24833	-101
63.25000	-100
63.25167	-100
63.25333	-99
63.25500	-100
63.25667	-99
63.25833	-100
63.26000	-99
63.26167	-98
63.26333	-99
63.26500	-98
63.26667	-98
63.26833	-97
63.27000	-97
63.27167	-97
63.27333	-97
63.27500	-96
63.27667	-97
63.27833	-96
63.28000	-96
63.28167	-96
63.28333	-95
63.28500	-96
63.28667	-95
63.28833	-95
63.29000	-95
63.29167	-94
63.29333	-95
63.29500	-94
63.29667	-95
63.29833	-94
63.30000	-94
63.30167	-94
63.30333	-94
63.30500	-94
63.30667	-93
63.30833	-93
63.31000	-93
63.31167	-93
63.31333	-92
63.31500	-92
63.31667	-92
63.31833	-92
63.32000	-92
63.32167	-91
63.32333	-91
63.32500	-91
63.32667	-91
63.32833	-90
63.33000	-90
63.33167	-89
63.33333	-89
63.33500	-89
63.33667	-89
63.33833	-88
63.34000	-88
63.34167	-87
63.34333	-87
63.34500	-87
63.34667	-87
63.34833	-87
63.35000	-86
63.35167	-85
63.35333	-86
63.35500	-85
63.35667	-85
63.35833	-85
63.36000	-85
63.36167	-84
63.36333	-84
63.36500	-84
63.36667	-83
63.36833	-84
63.37000	-83
63.37167	-83
63.37333	-82
63.37500	-83
63.37667	-82
63.37833	-82
63.38000	-82
63.38167	-81
63.38333	-82
63.38500	-81
63.38667	-81
63.38833	-81
63.39000	-81
63.39167	-80
63.39333	-81
63.39500	-80
63.39667	-80
63.39833	-80
63.40000	-80
63.40167	-80
63.40333	-79
63.40500	-80
63.40667	-79
63.40833	-79
63.41000	-79
63.41167	-79
63.41333	-79
63.41500	-78
63.41667	-79
63.41833	-78
63.42000	-77
63.42167	-78
63.42333	-77
63.42500	-77
63.42667	-76
63.42833	-77
63.43000	-75
63.43167	-76
63.43333	-74
63.43500	-75
63.43667	-74
63.43833	-74
63.44000	-73
63.44167	-72
63.44333	-72
63.44500	-72
63.44667	-71
63.44833	-70
63.45000	-70
63.45167	-70
63.45333	-69
63.45500	-69
63.45667	-68
63.45833	-68
63.46000	-67
63.46167	-67
63.46333	-66
63.46500	-66
63.46667	-65
63.46833	-65
63.47000	-65
63.47167	-64
63.47333	-63
63.47500	-63
63.47667	-63
63.47833	-62
63.48000	-62
63.48167	-62
63.48333	-61
63.48500	-62
63.48667	-60
63.48833	-61
63.49000	-60
63.49167	-61
63.49333	-60
63.49500	-60
63.49667	-60
63.49833	-59
63.50000	-60
63.50167	-59
63.50333	-58
63.50500	-59
63.50667	-59
63.50833	-59
63.51000	-58
63.51167	-58
63.51333	-57
63.51500	-57
63.51667	-58
63.51833	-57
63.52000	-57
63.52167	-56
63.52333	-57
63.52500	-56
63.52667	-55
63.52833	-56
63.53000	-55
63.53167	-54
63.53333	-55
63.53500	-54
63.53667	-54
63.53833	-53
63.54000	-53
63.54167	-53
63.54333	-53
63.54500	-52
63.54667	-52
63.54833	-51
63.55000	-51
63.55167	-51
63.55333	-51
63.55500	-50
63.55667	-50
63.55833	-50
63.56000	-49
63.56167	-49
63.56333	-49
63.56500	-48
63.56667	-48
63.56833	-48
63.57000	-47
63.57167	-47
63.57333	-47
63.57500	-47
63.57667	-46
63.57833	-46
63.58000	-45
63.58167	-46
63.58333	-45
63.58500	-45
63.58667	-45
63.58833	-44
63.59000	-44
63.59167	-44
63.59333	-44
63.59500	-43
63.59667	-43
63.59833	-44
63.60000	-42
63.60167	-43
63.60333	-42
63.60500	-42
63.60667	-42
63.60833	-41
63.61000	-42
63.61167	-41
63.61333	-41
63.61500	-41
63.61667	-40
63.61833	-40
63.62000	-41
63.62167	-39
63.62333	-40
63.62500	-39
63.62667	-39
63.62833	-39
63.63000	-38
63.63167	-38
63.63333	-38
63.63500	-37
63.63667	-37
63.63833	-36
63.64000	-36
63.64167	-36
63.64333	-35
63.64500	-35
63.64667	-35
63.64833	-34
63.65000	-34
63.65167	-33
63.65333	-33
63.65500	-32
63.65667	-32
63.65833	-32
63.66000	-31
63.66167	-30
63.66333	-30
63.66500	-30
63.66667	-29
63.66833	-28
63.67000	-27
63.67167	-27
63.67333	-26
63.67500	-26
63.67667	-26
63.67833	-25
63.68000	-24
63.68167	-24
63.68333	-23
63.68500	-23
63.68667	-23
63.68833	-21
63.69000	-21
63.69167	-21
63.69333	-21
63.69500	-20
63.69667	-19
63.69833	-19
63.70000	-19
63.70167	-18
63.70333	-18
63.70500	-18
63.70667	-18
63.70833	-17
63.71000	-18
63.71167	-17
63.71333	-17
63.71500	-16
63.71667	-16
63.71833	-16
63.72000	-16
63.72167	-15
63.72333	-15
63.72500	-15
63.72667	-15
63.72833	-14
63.73000	-13
63.73167	-14
63.73333	-13
63.73500	-13
63.73667	-12
63.73833	-13
63.74000	-11
63.74167	-12
63.74333	-10
63.74500	-11
63.74667	-10
63.74833	-9
63.75000	-10
63.75167	-8
63.75333	-9
63.75500	-7
63.75667	-8
63.75833	-7
63.76000	-6
63.76167	-6
63.76333	-6
63.76500	-5
63.76667	-5
63.76833	-4
63.77000	-4
63.77167	-3
63.77333	-3
63.77500	-3
63.77667	-2
63.77833	-1
63.78000	-1
63.78167	-1
63.78333	0
63.78500	0
63.78667	0
63.78833	1
63.79000	2
63.79167	1
63.79333	2
63.79500	2
63.79667	2
63.79833	3
63.80000	2
63.80167	3
63.80333	3
63.80500	3
63.80667	4
63.80833	3
63.81000	4
63.81167	4
63.81333	4
63.81500	5
63.81667	4
63.81833	5
63.82000	5
63.82167	5
63.82333	6
63.82500	6
63.82667	6
63.82833	7
63.83000	7
63.83167	7
63.83333	7
63.83500	9
63.83667	8
63.83833	9
63.84000	9
63.84167	10
63.84333	10
63.84500	11
63.84667	12
63.84833	12
63.85000	13
63.85167	13
63.85333	14
63.85500	15
63.85667	15
63.85833	15
63.86000	16
63.86167	17
63.86333	17
63.86500	18
63.86667	18
63.86833	19
63.87000	19
63.87167	19
63.87333	21
63.87500	20
63.87667	21
63.87833	21
63.88000	22
63.88167	22
63.88333	23
63.88500	23
63.88667	24
63.88833	24
63.89000	24
63.89167	24
63.89333	25
63.89500	26
63.89667	25
63.89833	26
63.90000	26
63.90167	26
63.90333	26
63.90500	27
63.90667	26
63.90833	27
63.91000	26
63.91167	27
63.91333	27
63.91500	28
63.91667	27
63.91833	28
63.92000	28
63.92167	28
63.92333	28
63.92500	29
63.92667	28
63.92833	29
63.93000	30
63.93167	29
63.93333	30
63.93500	29
63.93667	30
63.93833	31
63.94000	30
63.94167	31
63.94333	31
63.94500	31
63.94667	32
63.94833	32
63.95000	32
63.95167	33
63.95333	33
63.95500	34
63.95667	33
63.95833	34
63.96000	34
63.96167	34
63.96333	35
63.96500	35
63.96667	35
63.96833	35
63.97000	36
63.97167	37
63.97333	36
63.97500	37
63.97667	37
63.97833	38
63.98000	38
63.98167	38
63.98333	39
63.98500	38
63.98667	39
63.98833	39
63.99000	40
63.99167	39
63.99333	40
63.99500	41
63.99667	40
63.99833	41
64.00000	41
64.00167	42
64.00333	42
64.00500	41
64.00667	42
64.00833	43
64.01000	43
64.01167	43
64.01333	43
64.01500	43
64.01667	44
64.01833	44
64.02000	45
64.02167	44
64.02333	45
64.02500	45
64.02667	45
64.02833	46
64.03000	45
64.03167	46
64.03333	46
64.03500	46
64.03667	46
64.03833	47
64.04000	46
64.04167	47
64.04333	47
64.04500	47
64.04667	47
64.04833	47
64.05000	47
64.05167	47
64.05333	47
64.05500	48
64.05667	47
64.05833	48
64.06000	48
64.06167	48
64.06333	49
64.06500	48
64.06667	49
64.06833	49
64.07000	50
64.07167	49
64.07333	50
64.07500	50
64.07667	50
64.07833	50
64.08000	51
64.08167	51
64.08333	52
64.08500	51
64.08667	52
64.08833	52
64.09000	52
64.09167	53
64.09333	52
64.09500	53
64.09667	52
64.09833	53
64.10000	53
64.10167	54
64.10333	53
64.10500	53
64.10667	54
64.10833	54
64.11000	54
64.11167	54
64.11333	55
64.11500	54
64.11667	55
64.11833	56
64.12000	55
64.12167	56
64.12333	55
64.12500	56
64.12667	56
64.12833	57
64.13000	56
64.13167	57
64.13333	57
64.13500	57
64.13667	57
64.13833	57
64.14000	58
64.14167	58
64.14333	57
64.14500	58
64.14667	58
64.14833	58
64.15000	58
64.15167	59
64.15333	58
64.15500	59
64.15667	59
64.15833	59
64.16000	60
64.16167	60
64.16333	60
64.16500	60
64.16667	59
64.16833	61
64.17000	60
64.17167	61
64.17333	61
64.17500	61
64.17667	62
64.17833	61
64.18000	62
64.18167	62
64.18333	62
64.18500	62
64.18667	62
64.18833	62
64.19000	62
64.19167	63
64.19333	62
64.19500	62
64.19667	63
64.19833	63
64.20000	63
64.20167	62
64.20333	64
64.20500	63
64.20667	63
64.20833	63
64.21000	63
64.21167	63
64.21333	63
64.21500	64
64.21667	63
64.21833	64
64.22000	63
64.22167	64
64.22333	64
64.22500	64
64.22667	65
64.22833	65
64.23000	64
64.23167	66
64.23333	65
64.23500	66
64.23667	67
64.23833	67
64.24000	67
64.24167	67
64.24333	68
64.24500	69
64.24667	69
64.24833	69
64.25000	70
64.25167	70
64.25333	71
64.25500	71
64.25667	72
64.25833	72
64.26000	73
64.26167	73
64.26333	73
64.26500	74
64.26667	74
64.26833	75
64.27000	75
64.27167	75
64.27333	75
64.27500	76
64.27667	76
64.27833	76
64.28000	76
64.28167	77
64.28333	76
64.28500	77
64.28667	77
64.28833	78
64.29000	77
64.29167	77
64.29333	78
64.29500	77
64.29667	78
64.29833	79
64.30000	78
64.30167	78
64.30333	79
64.30500	79
64.30667	78
64.30833	79
64.31000	79
64.31167	79
64.31333	79
64.31500	80
64.31667	79
64.31833	79
64.32000	80
64.32167	79
64.32333	79
64.32500	80
64.32667	79
64.32833	79
64.33000	79
64.33167	79
64.33333	79
64.33500	79
64.33667	79
64.33833	79
64.34000	78
64.34167	79
64.34333	79
64.34500	79
64.34667	78
64.34833	79
64.35000	79
64.35167	78
64.35333	79
64.35500	79
64.35667	79
64.35833	79
64.36000	79
64.36167	79
64.36333	80
64.36500	80
64.36667	80
64.36833	81
64.37000	80
64.37167	81
64.37333	81
64.37500	82
64.37667	81
64.37833	82
64.38000	82
64.38167	81
64.38333	82
64.38500	83
64.38667	82
64.38833	83
64.39000	83
64.39167	83
64.39333	83
64.39500	82
64.39667	83
64.39833	83
64.40000	83
64.40167	83
64.40333	83
64.40500	83
64.40667	83
64.40833	83
64.41000	82
64.41167	83
64.41333	83
64.41500	83
64.41667	82
64.41833	83
64.42000	83
64.42167	83
64.42333	83
64.42500	83
64.42667	84
64.42833	83
64.43000	83
64.43167	83
64.43333	84
64.43500	83
64.43667	84
64.43833	83
64.44000	84
64.44167	83
64.44333	84
64.44500	83
64.44667	84
64.44833	83
64.45000	84
64.45167	84
64.45333	85
64.45500	84
64.45667	84
64.45833	84
64.46000	83
64.46167	84
64.46333	83
64.46500	84
64.46667	83
64.46833	84
64.47000	83
64.47167	84
64.47333	83
64.47500	83
64.47667	83
64.47833	84
64.48000	83
64.48167	84
64.48333	83
64.48500	84
64.48667	84
64.48833	84
64.49000	84
64.49167	84
64.49333	84
64.49500	85
64.49667	85
64.49833	85
64.50000	85
64.50167	85
64.50333	85
64.50500	86
64.50667	86
64.50833	85
64.51000	87
64.51167	86
64.51333	86
64.51500	87
64.51667	87
64.51833	86
64.52000	87
64.52167	87
64.52333	88
64.52500	87
64.52667	87
64.52833	87
64.53000	88
64.53167	87
64.53333	87
64.53500	88
64.53667	87
64.53833	88
64.54000	87
64.54167	88
64.54333	87
64.54500	88
64.54667	88
64.54833	88
64.55000	89
64.55167	88
64.55333	89
64.55500	88
64.55667	89
64.55833	89
64.56000	89
64.56167	89
64.56333	89
64.56500	90
64.56667	89
64.56833	90
64.57000	89
64.57167	90
64.57333	90
64.57500	90
64.57667	90
64.57833	91
64.58000	90
64.58167	91
64.58333	90
64.58500	91
64.58667	91
64.58833	92
64.59000	91
64.59167	92
64.59333	92
64.59500	92
64.59667	92
64.59833	92
64.60000	93
64.60167	92
64.60333	93
64.60500	92
64.60667	93
64.60833	93
64.61000	93
64.61167	93
64.61333	92
64.61500	93
64.61667	93
64.61833	93
64.62000	93
64.62167	93
64.62333	93
64.62500	93
64.62667	93
64.62833	93
64.63000	93
64.63167	93
64.63333	93
64.63500	93
64.63667	92
64.63833	93
64.64000	92
64.64167	93
64.64333	92
64.64500	93
64.64667	92
64.64833	93
64.65000	92
64.65167	92
64.65333	93
64.65500	92
64.65667	92
64.65833	92
64.66000	92
64.66167	91
64.66333	92
64.66500	92
64.66667	91
64.66833	91
64.67000	91
64.67167	91
64.67333	91
64.67500	90
64.67667	91
64.67833	90
64.68000	91
64.68167	90
64.68333	90
64.68500	91
64.68667	90
64.68833	90
64.69000	91
64.69167	90
64.69333	91
64.69500	90
64.69667	91
64.69833	91
64.70000	90
64.70167	91
64.70333	91
64.70500	91
64.70667	90
64.70833	91
64.71000	91
64.71167	91
64.71333	91
64.71500	90
64.71667	91
64.71833	91
64.72000	91
64.72167	90
64.72333	91
64.72500	91
64.72667	91
64.72833	91
64.73000	92
64.73167	91
64.73333	91
64.73500	91
64.73667	91
64.73833	91
64.74000	91
64.74167	91
64.74333	91
64.74500	91
64.74667	91
64.74833	91
64.75000	91
64.75167	91
64.75333	92
64.75500	91
64.75667	92
64.75833	91
64.76000	92
64.76167	92
64.76333	91
64.76500	92
64.76667	92
64.76833	92
64.77000	92
64.77167	93
64.77333	92
64.77500	93
64.77667	93
64.77833	93
64.78000	94
64.78167	94
64.78333	95
64.78500	95
64.78667	95
64.78833	95
64.79000	95
64.79167	96
64.79333	96
64.79500	97
64.79667	97
64.79833	97
64.80000	97
64.80167	98
64.80333	98
64.80500	98
64.80667	99
64.80833	99
64.81000	99
64.81167	100
64.81333	99
64.81500	100
64.81667	100
64.81833	100
64.82000	100
64.82167	100
64.82333	100
64.82500	101
64.82667	100
64.82833	101
64.83000	101
64.83167	101
64.83333	100
64.83500	101
64.83667	100
64.83833	100
64.84000	101
64.84167	100
64.84333	101
64.84500	100
64.84667	100
64.84833	101
64.85000	100
64.85167	100
64.85333	99
64.85500	100
64.85667	100
64.85833	99
64.86000	99
64.86167	98
64.86333	99
64.86500	98
64.86667	98
64.86833	98
64.87000	98
64.87167	97
64.87333	97
64.87500	96
64.87667	97
64.87833	97
64.88000	96
64.88167	96
64.88333	96
64.88500	96
64.88667	96
64.88833	96
64.89000	96
64.89167	96
64.89333	96
64.89500	96
64.89667	96
64.89833	96
64.90000	96
64.90167	97
64.90333	96
64.90500	96
64.90667	97
64.90833	97
64.91000	97
64.91167	98
64.91333	97
64.91500	98
64.91667	98
64.91833	99
64.92000	99
64.92167	98
64.92333	100
64.92500	99
64.92667	100
64.92833	100
64.93000	100
64.93167	100
64.93333	100
64.93500	101
64.93667	100
64.93833	101
64.94000	101
64.94167	101
64.94333	102
64.94500	101
64.94667	101
64.94833	102
64.95000	102
64.95167	101
64.95333	102
64.95500	102
64.95667	101
64.95833	101
64.96000	101
64.96167	101
64.96333	101
64.96500	101
64.96667	100
64.96833	101
64.97000	100
64.97167	99
64.97333	100
64.97500	99
64.97667	99
64.97833	99
64.98000	98
64.98167	99
64.98333	98
64.98500	98
64.98667	98
64.98833	98
64.99000	98
64.99167	98
64.99333	98
64.99500	98
64.99667	97
64.99833	98
65.00000	98
65.00167	98
65.00333	97
65.00500	97
65.00667	98
65.00833	97
65.01000	97
65.01167	97
65.01333	97
65.01500	96
65.01667	97
65.01833	98
65.02000	97
65.02167	97
65.02333	96
65.02500	97
65.02667	97
65.02833	96
65.03000	97
65.03167	97
65.03333	96
65.03500	97
65.03667	97
65.03833	97
65.04000	97
65.04167	97
65.04333	97
65.04500	97
65.04667	97
65.04833	97
65.05000	97
65.05167	97
65.05333	97
65.05500	97
65.05667	98
65.05833	97
65.06000	97
65.06167	98
65.06333	97
65.06500	98
65.06667	97
65.06833	97
65.07000	98
65.07167	97
65.07333	97
65.07500	97
65.07667	97
65.07833	97
65.08000	97
65.08167	97
65.08333	96
65.08500	97
65.08667	96
65.08833	97
65.09000	96
65.09167	96
65.09333	96
65.09500	96
65.09667	96
65.09833	96
65.10000	96
65.10167	96
65.10333	96
65.10500	95
65.10667	96
65.10833	95
65.11000	96
65.11167	95
65.11333	95
65.11500	95
65.11667	95
65.11833	95
65.12000	95
65.12167	94
65.12333	95
65.12500	94
65.12667	95
65.12833	94
65.13000	95
65.13167	94
65.13333	94
65.13500	94
65.13667	94
65.13833	94
65.14000	94
65.14167	94
65.14333	93
65.14500	94
65.14667	94
65.14833	93
65.15000	94
65.15167	94
65.15333	93
65.15500	94
65.15667	93
65.15833	94
65.16000	93
65.16167	93
65.16333	94
65.16500	93
65.16667	93
65.16833	93
65.17000	93
65.17167	93
65.17333	93
65.17500	92
65.17667	93
65.17833	92
65.18000	93
65.18167	92
65.18333	91
65.18500	92
65.18667	92
65.18833	91
65.19000	91
65.19167	91
65.19333	91
65.19500	91
65.19667	91
65.19833	90
65.20000	91
65.20167	90
65.20333	90
65.20500	90
65.20667	90
65.20833	89
65.21000	89
65.21167	90
65.21333	89
65.21500	89
65.21667	89
65.21833	88
65.22000	89
65.22167	89
65.22333	88
65.22500	88
65.22667	88
65.22833	88
65.23000	89
65.23167	88
65.23333	88
65.23500	89
65.23667	88
65.23833	89
65.24000	89
65.24167	88
65.24333	89
65.24500	89
65.24667	89
65.24833	89
65.25000	89
65.25167	90
65.25333	89
65.25500	89
65.25667	90
65.25833	89
65.26000	90
65.26167	90
65.26333	90
65.26500	89
65.26667	90
65.26833	90
65.27000	89
65.27167	90
65.27333	90
65.27500	89
65.27667	90
65.27833	89
65.28000	90
65.28167	89
65.28333	90
65.28500	89
65.28667	89
65.28833	90
65.29000	89
65.29167	89
65.29333	90
65.29500	89
65.29667	89
65.29833	90
65.30000	90
65.30167	90
65.30333	90
65.30500	90
65.30667	90
65.30833	90
65.31000	90
65.31167	90
65.31333	91
65.31500	89
65.31667	90
65.31833	90
65.32000	90
65.32167	90
65.32333	90
65.32500	90
65.32667	90
65.32833	89
65.33000	90
65.33167	90
65.33333	89
65.33500	90
65.33667	89
65.33833	90
65.34000	90
65.34167	89
65.34333	90
65.34500	89
65.34667	90
65.34833	90
65.35000	89
65.35167	90
65.35333	90
65.35500	89
65.35667	90
65.35833	90
65.36000	90
65.36167	90
65.36333	91
65.36500	90
65.36667	90
65.36833	91
65.37000	90
65.37167	91
65.37333	90
65.37500	90
65.37667	91
65.37833	90
65.38000	90
65.38167	91
65.38333	90
65.38500	90
65.38667	90
65.38833	90
65.39000	90
65.39167	91
65.39333	90
65.39500	90
65.39667	90
65.39833	90
65.40000	90
65.40167	89
65.40333	90
65.40500	89
65.40667	90
65.40833	90
65.41000	89
65.41167	90
65.41333	90
65.41500	90
65.41667	89
65.41833	90
65.42000	90
65.42167	89
65.42333	89
65.42500	90
65.42667	89
65.42833	89
65.43000	89
65.43167	89
65.43333	88
65.43500	89
65.43667	88
65.43833	88
65.44000	88
65.44167	88
65.44333	88
65.44500	87
65.44667	88
65.44833	87
65.45000	86
65.45167	87
65.45333	87
65.45500	86
65.45667	86
65.45833	86
65.46000	86
65.46167	86
65.46333	85
65.46500	86
65.46667	85
65.46833	86
65.47000	85
65.47167	85
65.47333	86
65.47500	85
65.47667	85
65.47833	85
65.48000	85
65.48167	86
65.48333	85
65.48500	85
65.48667	86
65.48833	86
65.49000	85
65.49167	86
65.49333	86
65.49500	86
65.49667	86
65.49833	86
65.50000	86
65.50167	87
65.50333	86
65.50500	87
65.50667	87
65.50833	87
65.51000	87
65.51167	88
65.51333	87
65.51500	88
65.51667	88
65.51833	88
65.52000	89
65.52167	89
65.52333	88
65.52500	89
65.52667	89
65.52833	89
65.53000	90
65.53167	90
65.53333	89
65.53500	90
65.53667	90
65.53833	90
65.54000	90
65.54167	90
65.54333	90
65.54500	90
65.54667	90
65.54833	90
65.55000	89
65.55167	90
65.55333	89
65.55500	90
65.55667	89
65.55833	89
65.56000	90
65.56167	89
65.56333	89
65.56500	89
65.56667	88
65.56833	89
65.57000	89
65.57167	88
65.57333	88
65.57500	89
65.57667	88
65.57833	88
65.58000	88
65.58167	88
65.58333	88
65.58500	88
65.58667	87
65.58833	87
65.59000	88
65.59167	87
65.59333	87
65.59500	87
65.59667	87
65.59833	86
65.60000	87
65.60167	87
65.60333	86
65.60500	87
65.60667	86
65.60833	86
65.61000	87
65.61167	86
65.61333	86
65.61500	86
65.61667	86
65.61833	86
65.62000	86
65.62167	86
65.62333	85
65.62500	86
65.62667	86
65.62833	85
65.63000	86
65.63167	85
65.63333	85
65.63500	85
65.63667	85
65.63833	85
65.64000	84
65.64167	84
65.64333	84
65.64500	84
65.64667	84
65.64833	83
65.65000	84
65.65167	83
65.65333	83
65.65500	82
65.65667	83
65.65833	82
65.66000	82
65.66167	82
65.66333	82
65.66500	82
65.66667	81
65.66833	82
65.67000	81
65.67167	82
65.67333	81
65.67500	81
65.67667	81
65.67833	81
65.68000	81
65.68167	81
65.68333	80
65.68500	81
65.68667	81
65.68833	80
65.69000	81
65.69167	80
65.69333	81
65.69500	81
65.69667	80
65.69833	80
65.70000	80
65.70167	81
65.70333	80
65.70500	80
65.70667	80
65.70833	80
65.71000	80
65.71167	80
65.71333	80
65.71500	80
65.71667	80
65.71833	80
65.72000	80
65.72167	80
65.72333	81
65.72500	80
65.72667	80
65.72833	81
65.73000	80
65.73167	81
65.73333	80
65.73500	81
65.73667	81
65.73833	81
65.74000	81
65.74167	82
65.74333	82
65.74500	82
65.74667	82
65.74833	82
65.75000	83
65.75167	83
65.75333	83
65.75500	82
65.75667	83
65.75833	83
65.76000	84
65.76167	83
65.76333	84
65.76500	84
65.76667	83
65.76833	84
65.77000	83
65.77167	84
65.77333	83
65.77500	83
65.77667	84
65.77833	83
65.78000	83
65.78167	83
65.78333	83
65.78500	83
65.78667	82
65.78833	82
65.79000	83
65.79167	81
65.79333	82
65.79500	81
65.79667	81
65.79833	81
65.80000	80
65.80167	81
65.80333	79
65.80500	80
65.80667	80
65.80833	78
65.81000	79
65.81167	79
65.81333	78
65.81500	78
65.81667	77
65.81833	78
65.82000	77
65.82167	77
65.82333	77
65.82500	77
65.82667	76
65.82833	77
65.83000	76
65.83167	76
65.83333	76
65.83500	76
65.83667	76
65.83833	76
65.84000	76
65.84167	75
65.84333	76
65.84500	76
65.84667	75
65.84833	76
65.85000	75
65.85167	76
65.85333	76
65.85500	75
65.85667	76
65.85833	75
65.86000	75
65.86167	76
65.86333	75
65.86500	75
65.86667	75
65.86833	76
65.87000	75
65.87167	75
65.87333	76
65.87500	75
65.87667	75
65.87833	75
65.88000	75
65.88167	75
65.88333	75
65.88500	75
65.88667	76
65.88833	75
65.89000	75
65.89167	75
65.89333	74
65.89500	75
65.89667	75
65.89833	75
65.90000	75
65.90167	74
65.90333	74
65.90500	74
65.90667	74
65.90833	74
65.91000	73
65.91167	74
65.91333	73
65.91500	74
65.91667	73
65.91833	73
65.92000	72
65.92167	73
65.92333	72
65.92500	72
65.92667	72
65.92833	72
65.93000	71
65.93167	72
65.93333	71
65.93500	71
65.93667	70
65.93833	70
65.94000	70
65.94167	70
65.94333	70
65.94500	70
65.94667	70
65.94833	69
65.95000	70
65.95167	69
65.95333	69
65.95500	68
65.95667	68
65.95833	69
65.96000	68
65.96167	68
65.96333	68
65.96500	68
65.96667	68
65.96833	68
65.97000	68
65.97167	68
65.97333	68
65.97500	68
65.97667	67
65.97833	68
65.98000	68
65.98167	67
65.98333	68
65.98500	69
65.98667	68
65.98833	69
65.99000	69
65.99167	69
65.99333	69
65.99500	70
65.99667	69
65.99833	70
66.00000	70
66.00167	70
66.00333	71
66.00500	71
66.00667	71
66.00833	71
66.01000	71
66.01167	71
66.01333	72
66.01500	72
66.01667	72
66.01833	72
66.02000	72
66.02167	72
66.02333	73
66.02500	72
66.02667	72
66.02833	73
66.03000	72
66.03167	73
66.03333	73
66.03500	73
66.03667	73
66.03833	73
66.04000	73
66.04167	73
66.04333	72
66.04500	73
66.04667	72
66.04833	73
66.05000	72
66.05167	72
66.05333	72
66.05500	72
66.05667	72
66.05833	71
66.06000	72
66.06167	71
66.06333	72
66.06500	71
66.06667	71
66.06833	71
66.07000	71
66.07167	71
66.07333	71
66.07500	71
66.07667	71
66.07833	71
66.08000	71
66.08167	71
66.08333	71
66.08500	70
66.08667	71
66.08833	71
66.09000	71
66.09167	71
66.09333	71
66.09500	71
66.09667	71
66.09833	71
66.10000	72
66.10167	72
66.10333	72
66.10500	72
66.10667	73
66.10833	72
66.11000	73
66.11167	73
66.11333	73
66.11500	74
66.11667	74
66.11833	74
66.12000	74
66.12167	75
66.12333	74
66.12500	76
66.12667	75
66.12833	76
66.13000	76
66.13167	77
66.13333	76
66.13500	77
66.13667	77
66.13833	78
66.14000	77
66.14167	79
66.14333	78
66.14500	79
66.14667	80
66.14833	79
66.15000	81
66.15167	80
66.15333	82
66.15500	81
66.15667	83
66.15833	83
66.16000	83
66.16167	84
66.16333	85
66.16500	85
66.16667	87
66.16833	87
66.17000	87
66.17167	89
66.17333	89
66.17500	90
66.17667	92
66.17833	92
66.18000	93
66.18167	95
66.18333	96
66.18500	97
66.18667	98
66.18833	99
66.19000	101
66.19167	102
66.19333	104
66.19500	104
66.19667	107
66.19833	108
66.20000	109
66.20167	111
66.20333	113
66.20500	114
66.20667	116
66.20833	117
66.21000	119
66.21167	120
66.21333	122
66.21500	123
66.21667	126
66.21833	126
66.22000	129
66.22167	130
66.22333	131
66.22500	133
66.22667	134
66.22833	136
66.23000	137
66.23167	139
66.23333	139
66.23500	141
66.23667	142
66.23833	143
66.24000	144
66.24167	145
66.24333	146
66.24500	147
66.24667	147
66.24833	147
66.25000	148
66.25167	149
66.25333	148
66.25500	149
66.25667	149
66.25833	148
66.26000	149
66.26167	149
66.26333	148
66.26500	148
66.26667	147
66.26833	146
66.27000	146
66.27167	144
66.27333	144
66.27500	142
66.27667	142
66.27833	140
66.28000	139
66.28167	137
66.28333	136
66.28500	134
66.28667	133
66.28833	131
66.29000	129
66.29167	128
66.29333	126
66.29500	125
66.29667	123
66.29833	121
66.30000	120
66.30167	118
66.30333	117
66.30500	115
66.30667	114
66.30833	111
66.31000	111
66.31167	109
66.31333	107
66.31500	107
66.31667	105
66.31833	104
66.32000	103
66.32167	101
66.32333	101
66.32500	99
66.32667	98
66.32833	97
66.33000	95
66.33167	95
66.33333	93
66.33500	93
66.33667	91
66.33833	91
66.34000	89
66.34167	89
66.34333	88
66.34500	87
66.34667	86
66.34833	85
66.35000	84
66.35167	83
66.35333	83
66.35500	81
66.35667	81
66.35833	81
66.36000	79
66.36167	78
66.36333	78
66.36500	77
66.36667	77
66.36833	76
66.37000	75
66.37167	75
66.37333	74
66.37500	74
66.37667	73
66.37833	72
66.38000	72
66.38167	72
66.38333	70
66.38500	71
66.38667	70
66.38833	70
66.39000	69
66.39167	70
66.39333	69
66.39500	69
66.39667	69
66.39833	68
66.40000	68
66.40167	68
66.40333	68
66.40500	68
66.40667	68
66.40833	67
66.41000	67
66.41167	68
66.41333	67
66.41500	66
66.41667	67
66.41833	67
66.42000	66
66.42167	67
66.42333	66
66.42500	67
66.42667	66
66.42833	67
66.43000	66
66.43167	66
66.43333	66
66.43500	67
66.43667	66
66.43833	66
66.44000	67
66.44167	66
66.44333	67
66.44500	66
66.44667	66
66.44833	67
66.45000	66
66.45167	67
66.45333	66
66.45500	66
66.45667	67
66.45833	66
66.46000	67
66.46167	66
66.46333	66
66.46500	66
66.46667	67
66.46833	66
66.47000	66
66.47167	67
66.47333	66
66.47500	66
66.47667	66
66.47833	66
66.48000	65
66.48167	66
66.48333	66
66.48500	65
66.48667	65
66.48833	65
66.49000	65
66.49167	64
66.49333	65
66.49500	64
66.49667	65
66.49833	64
66.50000	65
66.50167	64
66.50333	65
66.50500	64
66.50667	64
66.50833	64
66.51000	64
66.51167	64
66.51333	64
66.51500	64
66.51667	63
66.51833	64
66.52000	64
66.52167	63
66.52333	64
66.52500	63
66.52667	64
66.52833	63
66.53000	63
66.53167	64
66.53333	63
66.53500	63
66.53667	63
66.53833	64
66.54000	63
66.54167	63
66.54333	63
66.54500	64
66.54667	63
66.54833	64
66.55000	63
66.55167	64
66.55333	64
66.55500	63
66.55667	64
66.55833	64
66.56000	64
66.56167	65
66.56333	64
66.56500	64
66.56667	65
66.56833	64
66.57000	65
66.57167	64
66.57333	64
66.57500	65
66.57667	64
66.57833	65
66.58000	64
66.58167	64
66.58333	65
66.58500	64
66.58667	64
66.58833	63
66.59000	64
66.59167	63
66.59333	64
66.59500	63
66.59667	63
66.59833	63
66.60000	62
66.60167	63
66.60333	62
66.60500	63
66.60667	61
66.60833	62
66.61000	62
66.61167	61
66.61333	62
66.61500	61
66.61667	60
66.61833	61
66.62000	61
66.62167	60
66.62333	61
66.62500	60
66.62667	59
66.62833	60
66.63000	59
66.63167	60
66.63333	59
66.63500	59
66.63667	59
66.63833	58
66.64000	59
66.64167	58
66.64333	58
66.64500	59
66.64667	57
66.64833	58
66.65000	58
66.65167	57
66.65333	58
66.65500	57
66.65667	57
66.65833	58
66.66000	57
66.66167	58
66.66333	57
66.66500	57
66.66667	58
66.66833	57
66.67000	57
66.67167	58
66.67333	57
66.67500	58
66.67667	58
66.67833	58
66.68000	58
66.68167	58
66.68333	58
66.68500	58
66.68667	58
66.68833	58
66.69000	58
66.69167	59
66.69333	58
66.69500	59
66.69667	58
66.69833	59
66.70000	58
66.70167	59
66.70333	58
66.70500	58
66.70667	58
66.70833	58
66.71000	58
66.71167	57
66.71333	58
66.71500	57
66.71667	57
66.71833	57
66.72000	57
66.72167	56
66.72333	56
66.72500	56
66.72667	56
66.72833	55
66.73000	56
66.73167	55
66.73333	55
66.73500	55
66.73667	55
66.73833	54
66.74000	54
66.74167	54
66.74333	54
66.74500	53
66.74667	54
66.74833	54
66.75000	54
66.75167	53
66.75333	54
66.75500	54
66.75667	53
66.75833	54
66.76000	53
66.76167	54
66.76333	53
66.76500	54
66.76667	54
66.76833	54
66.77000	54
66.77167	54
66.77333	54
66.77500	54
66.77667	54
66.77833	55
66.78000	54
66.78167	55
66.78333	54
66.78500	54
66.78667	54
66.78833	55
66.79000	54
66.79167	54
66.79333	54
66.79500	55
66.79667	54
66.79833	54
66.80000	54
66.80167	54
66.80333	54
66.80500	54
66.80667	54
66.80833	53
66.81000	54
66.81167	53
66.81333	53
66.81500	53
66.81667	53
66.81833	52
66.82000	52
66.82167	52
66.82333	52
66.82500	52
66.82667	52
66.82833	51
66.83000	52
66.83167	51
66.83333	52
66.83500	51
66.83667	50
66.83833	51
66.84000	51
66.84167	50
66.84333	51
66.84500	50
66.84667	50
66.84833	50
66.85000	50
66.85167	50
66.85333	50
66.85500	49
66.85667	49
66.85833	49
66.86000	50
66.86167	49
66.86333	49
66.86500	49
66.86667	49
66.86833	49
66.87000	49
66.87167	49
66.87333	48
66.87500	49
66.87667	49
66.87833	49
66.88000	49
66.88167	48
66.88333	49
66.88500	49
66.88667	48
66.88833	49
66.89000	49
66.89167	49
66.89333	49
66.89500	49
66.89667	49
66.89833	49
66.90000	49
66.90167	49
66.90333	49
66.90500	50
66.90667	49
66.90833	49
66.91000	49
66.91167	49
66.91333	50
66.91500	49
66.91667	49
66.91833	50
66.92000	49
66.92167	49
66.92333	50
66.92500	50
66.92667	50
66.92833	50
66.93000	51
66.93167	50
66.93333	51
66.93500	51
66.93667	51
66.93833	51
66.94000	51
66.94167	52
66.94333	51
66.94500	52
66.94667	52
66.94833	52
66.95000	51
66.95167	52
66.95333	52
66.95500	53
66.95667	52
66.95833	52
66.96000	53
66.96167	52
66.96333	53
66.96500	53
66.96667	53
66.96833	53
66.97000	54
66.97167	53
66.97333	53
66.97500	53
66.97667	53
66.97833	54
66.98000	53
66.98167	53
66.98333	53
66.98500	54
66.98667	53
66.98833	53
66.99000	53
66.99167	53
66.99333	53
66.99500	53
66.99667	52
66.99833	53
67.00000	52
67.00167	52
67.00333	52
67.00500	52
67.00667	51
67.00833	52
67.01000	51
67.01167	51
67.01333	51
67.01500	50
67.01667	51
67.01833	50
67.02000	50
67.02167	50
67.02333	50
67.02500	50
67.02667	49
67.02833	50
67.03000	50
67.03167	49
67.03333	49
67.03500	50
67.03667	49
67.03833	49
67.04000	49
67.04167	49
67.04333	49
67.04500	49
67.04667	49
67.04833	49
67.05000	50
67.05167	49
67.05333	49
67.05500	49
67.05667	50
67.05833	49
67.06000	49
67.06167	50
67.06333	50
67.06500	49
67.06667	50
67.06833	50
67.07000	50
67.07167	50
67.07333	49
67.07500	50
67.07667	50
67.07833	50
67.08000	49
67.08167	50
67.08333	50
67.08500	49
67.08667	50
67.08833	50
67.09000	49
67.09167	50
67.09333	49
67.09500	50
67.09667	49
67.09833	50
67.10000	49
67.10167	49
67.10333	50
67.10500	49
67.10667	50
67.10833	49
67.11000	50
67.11167	50
67.11333	49
67.11500	50
67.11667	51
67.11833	50
67.12000	50
67.12167	51
67.12333	50
67.12500	51
67.12667	51
67.12833	51
67.13000	51
67.13167	50
67.13333	51
67.13500	51
67.13667	51
67.13833	51
67.14000	50
67.14167	51
67.14333	51
67.14500	51
67.14667	51
67.14833	51
67.15000	50
67.15167	51
67.15333	50
67.15500	51
67.15667	50
67.15833	50
67.16000	51
67.16167	50
67.16333	50
67.16500	50
67.16667	50
67.16833	50
67.17000	50
67.17167	50
67.17333	50
67.17500	50
67.17667	50
67.17833	49
67.18000	50
67.18167	50
67.18333	50
67.18500	50
67.18667	50
67.18833	50
67.19000	49
67.19167	50
67.19333	50
67.19500	50
67.19667	50
67.19833	50
67.20000	51
67.20167	50
67.20333	51
67.20500	50
67.20667	51
67.20833	51
67.21000	50
67.21167	51
67.21333	51
67.21500	50
67.21667	51
67.21833	50
67.22000	50
67.22167	51
67.22333	50
67.22500	50
67.22667	50
67.22833	50
67.23000	49
67.23167	50
67.23333	50
67.23500	49
67.23667	49
67.23833	50
67.24000	49
67.24167	49
67.24333	48
67.24500	49
67.24667	49
67.24833	48
67.25000	48
67.25167	48
67.25333	48
67.25500	48
67.25667	47
67.25833	48
67.26000	47
67.26167	47
67.26333	47
67.26500	47
67.26667	47
67.26833	47
67.27000	46
67.27167	47
67.27333	46
67.27500	47
67.27667	46
67.27833	46
67.28000	46
67.28167	46
67.28333	46
67.28500	46
67.28667	45
67.28833	46
67.29000	45
67.29167	45
67.29333	46
67.29500	45
67.29667	45
67.29833	45
67.30000	44
67.30167	45
67.30333	44
67.30500	44
67.30667	43
67.30833	43
67.31000	44
67.31167	43
67.31333	43
67.31500	43
67.31667	42
67.31833	43
67.32000	42
67.32167	42
67.32333	42
67.32500	41
67.32667	42
67.32833	41
67.33000	41
67.33167	41
67.33333	41
67.33500	41
67.33667	40
67.33833	41
67.34000	40
67.34167	40
67.34333	40
67.34500	40
67.34667	39
67.34833	40
67.35000	39
67.35167	39
67.35333	39
67.35500	39
67.35667	39
67.35833	38
67.36000	39
67.36167	38
67.36333	38
67.36500	37
67.36667	38
67.36833	38
67.37000	37
67.37167	38
67.37333	37
67.37500	37
67.37667	37
67.37833	36
67.38000	37
67.38167	37
67.38333	36
67.38500	36
67.38667	35
67.38833	36
67.39000	35
67.39167	35
67.39333	35
67.39500	35
67.39667	34
67.39833	34
67.40000	33
67.40167	34
67.40333	33
67.40500	33
67.40667	32
67.40833	33
67.41000	32
67.41167	31
67.41333	32
67.41500	31
67.41667	32
67.41833	31
67.42000	30
67.42167	31
67.42333	30
67.42500	30
67.42667	29
67.42833	29
67.43000	30
67.43167	29
67.43333	28
67.43500	29
67.43667	29
67.43833	29
67.44000	28
67.44167	28
67.44333	28
67.44500	27
67.44667	28
67.44833	27
67.45000	27
67.45167	27
67.45333	27
67.45500	27
67.45667	27
67.45833	26
67.46000	26
67.46167	26
67.46333	26
67.46500	26
67.46667	26
67.46833	26
67.47000	25
67.47167	25
67.47333	25
67.47500	25
67.47667	26
67.47833	25
67.48000	25
67.48167	24
67.48333	25
67.48500	24
67.48667	25
67.48833	25
67.49000	24
67.49167	25
67.49333	25
67.49500	25
67.49667	24
67.49833	25
67.50000	25
67.50167	25
67.50333	25
67.50500	24
67.50667	25
67.50833	24
67.51000	25
67.51167	24
67.51333	24
67.51500	24
67.51667	25
67.51833	24
67.52000	23
67.52167	24
67.52333	24
67.52500	24
67.52667	23
67.52833	23
67.53000	23
67.53167	23
67.53333	22
67.53500	23
67.53667	23
67.53833	22
67.54000	22
67.54167	22
67.54333	22
67.54500	22
67.54667	21
67.54833	21
67.55000	22
67.55167	20
67.55333	21
67.55500	21
67.55667	20
67.55833	20
67.56000	20
67.56167	20
67.56333	19
67.56500	19
67.56667	19
67.56833	19
67.57000	19
67.57167	18
67.57333	18
67.57500	18
67.57667	18
67.57833	18
67.58000	18
67.58167	17
67.58333	17
67.58500	17
67.58667	17
67.58833	17
67.59000	17
67.59167	17
67.59333	16
67.59500	16
67.59667	17
67.59833	16
67.60000	16
67.60167	16
67.60333	15
67.60500	16
67.60667	15
67.60833	16
67.61000	15
67.61167	15
67.61333	14
67.61500	15
67.61667	14
67.61833	15
67.62000	14
67.62167	13
67.62333	14
67.62500	13
67.62667	13
67.62833	14
67.63000	12
67.63167	13
67.63333	12
67.63500	13
67.63667	12
67.63833	11
67.64000	12
67.64167	11
67.64333	12
67.64500	10
67.64667	11
67.64833	11
67.65000	10
67.65167	10
67.65333	10
67.65500	10
67.65667	10
67.65833	10
67.66000	9
67.66167	10
67.66333	9
67.66500	9
67.66667	9
67.66833	9
67.67000	8
67.67167	9
67.67333	8
67.67500	8
67.67667	8
67.67833	8
67.68000	8
67.68167	8
67.68333	7
67.68500	8
67.68667	7
67.68833	7
67.69000	7
67.69167	7
67.69333	7
67.69500	6
67.69667	7
67.69833	6
67.70000	6
67.70167	5
67.70333	6
67.70500	5
67.70667	6
67.70833	5
67.71000	5
67.71167	5
67.71333	4
67.71500	5
67.71667	4
67.71833	5
67.72000	4
67.72167	4
67.72333	3
67.72500	4
67.72667	4
67.72833	3
67.73000	4
67.73167	3
67.73333	3
67.73500	3
67.73667	2
67.73833	3
67.74000	2
67.74167	3
67.74333	2
67.74500	2
67.74667	2
67.74833	2
67.75000	2
67.75167	1
67.75333	2
67.75500	1
67.75667	1
67.75833	2
67.76000	1
67.76167	1
67.76333	1
67.76500	0
67.76667	1
67.76833	1
67.77000	0
67.77167	0
67.77333	0
67.77500	0
67.77667	-1
67.77833	0
67.78000	-1
67.78167	-1
67.78333	-1
67.78500	-1
67.78667	-1
67.78833	-2
67.79000	-1
67.79167	-2
67.79333	-2
67.79500	-2
67.79667	-2
67.79833	-2
67.80000	-3
67.80167	-2
67.80333	-3
67.80500	-2
67.80667	-3
67.80833	-3
67.81000	-3
67.81167	-4
67.81333	-3
67.81500	-4
67.81667	-3
67.81833	-4
67.82000	-4
67.82167	-4
67.82333	-4
67.82500	-5
67.82667	-5
67.82833	-4
67.83000	-6
67.83167	-5
67.83333	-6
67.83500	-6
67.83667	-6
67.83833	-7
67.84000	-6
67.84167	-7
67.84333	-6
67.84500	-7
67.84667	-7
67.84833	-7
67.85000	-7
67.85167	-8
67.85333	-7
67.85500	-8
67.85667	-7
67.85833	-8
67.86000	-7
67.86167	-7
67.86333	-8
67.86500	-8
67.86667	-8
67.86833	-7
67.87000	-8
67.87167	-8
67.87333	-8
67.87500	-8
67.87667	-8
67.87833	-8
67.88000	-8
67.88167	-8
67.88333	-8
67.88500	-9
67.88667	-8
67.88833	-8
67.89000	-9
67.89167	-9
67.89333	-9
67.89500	-9
67.89667	-10
67.89833	-10
67.90000	-10
67.90167	-10
67.90333	-10
67.90500	-11
67.90667	-11
67.90833	-12
67.91000	-12
67.91167	-12
67.91333	-12
67.91500	-13
67.91667	-12
67.91833	-14
67.92000	-13
67.92167	-13
67.92333	-14
67.92500	-13
67.92667	-14
67.92833	-14
67.93000	-13
67.93167	-14
67.93333	-14
67.93500	-14
67.93667	-14
67.93833	-14
67.94000	-14
67.94167	-14
67.94333	-13
67.94500	-14
67.94667	-13
67.94833	-14
67.95000	-13
67.95167	-14
67.95333	-14
67.95500	-13
67.95667	-14
67.95833	-13
67.96000	-14
67.96167	-13
67.96333	-14
67.96500	-15
67.96667	-14
67.96833	-14
67.97000	-15
67.97167	-14
67.97333	-15
67.97500	-16
67.97667	-15
67.97833	-16
67.98000	-15
67.98167	-17
67.98333	-16
67.98500	-16
67.98667	-17
67.98833	-17
67.99000	-17
67.99167	-18
67.99333	-17
67.99500	-18
67.99667	-18
67.99833	-18
68.00000	-19
68.00167	-18
68.00333	-19
68.00500	-19
68.00667	-18
68.00833	-19
68.01000	-19
68.01167	-19
68.01333	-20
68.01500	-19
68.01667	-19
68.01833	-19
68.02000	-19
68.02167	-20
68.02333	-19
68.02500	-20
68.02667	-20
68.02833	-19
68.03000	-21
68.03167	-20
68.03333	-21
68.03500	-21
68.03667	-20
68.03833	-21
68.04000	-21
68.04167	-22
68.04333	-21
68.04500	-21
68.04667	-22
68.04833	-22
68.05000	-22
68.05167	-22
68.05333	-22
68.05500	-22
68.05667	-23
68.05833	-23
68.06000	-22
68.06167	-23
68.06333	-23
68.06500	-24
68.06667	-23
68.06833	-24
68.07000	-23
68.07167	-24
68.07333	-24
68.07500	-24
68.07667	-24
68.07833	-24
68.08000	-24
68.08167	-25
68.08333	-25
68.08500	-24
68.08667	-25
68.08833	-25
68.09000	-26
68.09167	-25
68.09333	-25
68.09500	-26
68.09667	-25
68.09833	-26
68.10000	-25
68.10167	-26
68.10333	-26
68.10500	-26
68.10667	-27
68.10833	-26
68.11000	-26
68.11167	-26
68.11333	-26
68.11500	-26
68.11667	-26
68.11833	-26
68.12000	-26
68.12167	-26
68.12333	-26
68.12500	-26
68.12667	-26
68.12833	-26
68.13000	-26
68.13167	-26
68.13333	-26
68.13500	-27
68.13667	-26
68.13833	-26
68.14000	-27
68.14167	-26
68.14333	-27
68.14500	-26
68.14667	-27
68.14833	-27
68.15000	-27
68.15167	-27
68.15333	-28
68.15500	-27
68.15667	-27
68.15833	-28
68.16000	-28
68.16167	-27
68.16333	-28
68.16500	-29
68.16667	-28
68.16833	-28
68.17000	-29
68.17167	-28
68.17333	-29
68.17500	-29
68.17667	-29
68.17833	-29
68.18000	-30
68.18167	-29
68.18333	-29
68.18500	-30
68.18667	-30
68.18833	-30
68.19000	-30
68.19167	-30
68.19333	-31
68.19500	-30
68.19667	-31
68.19833	-31
68.20000	-31
68.20167	-31
68.20333	-31
68.20500	-32
68.20667	-31
68.20833	-32
68.21000	-32
68.21167	-32
68.21333	-31
68.21500	-32
68.21667	-32
68.21833	-32
68.22000	-33
68.22167	-32
68.22333	-32
68.22500	-33
68.22667	-33
68.22833	-33
68.23000	-34
68.23167	-33
68.23333	-34
68.23500	-33
68.23667	-34
68.23833	-34
68.24000	-34
68.24167	-34
68.24333	-34
68.24500	-35
68.24667	-34
68.24833	-35
68.25000	-35
68.25167	-35
68.25333	-35
68.25500	-35
68.25667	-35
68.25833	-36
68.26000	-35
68.26167	-36
68.26333	-35
68.26500	-36
68.26667	-36
68.26833	-35
68.27000	-36
68.27167	-35
68.27333	-36
68.27500	-35
68.27667	-36
68.27833	-35
68.28000	-36
68.28167	-35
68.28333	-36
68.28500	-35
68.28667	-35
68.28833	-35
68.29000	-35
68.29167	-35
68.29333	-35
68.29500	-34
68.29667	-35
68.29833	-35
68.30000	-35
68.30167	-34
68.30333	-35
68.30500	-34
68.30667	-34
68.30833	-34
68.31000	-34
68.31167	-34
68.31333	-34
68.31500	-34
68.31667	-34
68.31833	-33
68.32000	-34
68.32167	-34
68.32333	-34
68.32500	-33
68.32667	-34
68.32833	-34
68.33000	-34
68.33167	-34
68.33333	-34
68.33500	-35
68.33667	-35
68.33833	-35
68.34000	-35
68.34167	-35
68.34333	-35
68.34500	-36
68.34667	-37
68.34833	-36
68.35000	-37
68.35167	-37
68.35333	-37
68.35500	-38
68.35667	-38
68.35833	-38
68.36000	-39
68.36167	-39
68.36333	-39
68.36500	-39
68.36667	-40
68.36833	-40
68.37000	-40
68.37167	-40
68.37333	-41
68.37500	-40
68.37667	-41
68.37833	-40
68.38000	-41
68.38167	-40
68.38333	-41
68.38500	-41
68.38667	-40
68.38833	-41
68.39000	-40
68.39167	-41
68.39333	-41
68.39500	-40
68.39667	-41
68.39833	-41
68.40000	-41
68.40167	-41
68.40333	-41
68.40500	-41
68.40667	-41
68.40833	-41
68.41000	-41
68.41167	-41
68.41333	-40
68.41500	-41
68.41667	-40
68.41833	-41
68.42000	-41
68.42167	-41
68.42333	-41
68.42500	-41
68.42667	-42
68.42833	-41
68.43000	-42
68.43167	-41
68.43333	-42
68.43500	-42
68.43667	-42
68.43833	-42
68.44000	-42
68.44167	-42
68.44333	-42
68.44500	-43
68.44667	-43
68.44833	-42
68.45000	-43
68.45167	-43
68.45333	-43
68.45500	-42
68.45667	-43
68.45833	-43
68.46000	-43
68.46167	-43
68.46333	-43
68.46500	-44
68.46667	-43
68.46833	-43
68.47000	-43
68.47167	-44
68.47333	-43
68.47500	-43
68.47667	-43
68.47833	-43
68.48000	-43
68.48167	-43
68.48333	-43
68.48500	-42
68.48667	-43
68.48833	-42
68.49000	-43
68.49167	-42
68.49333	-42
68.49500	-42
68.49667	-41
68.49833	-42
68.50000	-42
68.50167	-41
68.50333	-41
68.50500	-41
68.50667	-41
68.50833	-41
68.51000	-41
68.51167	-40
68.51333	-41
68.51500	-40
68.51667	-41
68.51833	-40
68.52000	-40
68.52167	-40
68.52333	-40
68.52500	-40
68.52667	-40
68.52833	-39
68.53000	-40
68.53167	-40
68.53333	-40
68.53500	-40
68.53667	-40
68.53833	-39
68.54000	-40
68.54167	-40
68.54333	-40
68.54500	-40
68.54667	-40
68.54833	-40
68.55000	-40
68.55167	-40
68.55333	-41
68.55500	-41
68.55667	-41
68.55833	-41
68.56000	-42
68.56167	-41
68.56333	-41
68.56500	-42
68.56667	-42
68.56833	-42
68.57000	-42
68.57167	-42
68.57333	-43
68.57500	-42
68.57667	-43
68.57833	-43
68.58000	-43
68.58167	-42
68.58333	-43
68.58500	-43
68.58667	-43
68.58833	-44
68.59000	-43
68.59167	-44
68.59333	-44
68.59500	-44
68.59667	-44
68.59833	-44
68.60000	-45
68.60167	-44
68.60333	-45
68.60500	-46
68.60667	-45
68.60833	-45
68.61000	-46
68.61167	-46
68.61333	-46
68.61500	-46
68.61667	-47
68.61833	-46
68.62000	-47
68.62167	-47
68.62333	-48
68.62500	-48
68.62667	-48
68.62833	-48
68.63000	-49
68.63167	-48
68.63333	-49
68.63500	-49
68.63667	-50
68.63833	-50
68.64000	-50
68.64167	-50
68.64333	-51
68.64500	-51
68.64667	-51
68.64833	-51
68.65000	-51
68.65167	-52
68.65333	-52
68.65500	-52
68.65667	-52
68.65833	-52
68.66000	-52
68.66167	-52
68.66333	-53
68.66500	-52
68.66667	-53
68.66833	-53
68.67000	-53
68.67167	-53
68.67333	-53
68.67500	-54
68.67667	-53
68.67833	-54
68.68000	-53
68.68167	-54
68.68333	-53
68.68500	-54
68.68667	-53
68.68833	-53
68.69000	-53
68.69167	-54
68.69333	-53
68.69500	-53
68.69667	-53
68.69833	-53
68.70000	-53
68.70167	-53
68.70333	-52
68.70500	-53
68.70667	-53
68.70833	-53
68.71000	-53
68.71167	-53
68.71333	-53
68.71500	-53
68.71667	-52
68.71833	-53
68.72000	-53
68.72167	-53
68.72333	-54
68.72500	-53
68.72667	-53
68.72833	-53
68.73000	-54
68.73167	-54
68.73333	-54
68.73500	-53
68.73667	-54
68.73833	-54
68.74000	-54
68.74167	-55
68.74333	-54
68.74500	-54
68.74667	-54
68.74833	-54
68.75000	-53
68.75167	-54
68.75333	-54
68.75500	-54
68.75667	-54
68.75833	-54
68.76000	-53
68.76167	-54
68.76333	-54
68.76500	-53
68.76667	-54
68.76833	-54
68.77000	-53
68.77167	-54
68.77333	-54
68.77500	-53
68.77667	-54
68.77833	-54
68.78000	-54
68.78167	-53
68.78333	-54
68.78500	-54
68.78667	-54
68.78833	-54
68.79000	-54
68.79167	-54
68.79333	-54
68.79500	-54
68.79667	-53
68.79833	-54
68.80000	-54
68.80167	-54
68.80333	-54
68.80500	-53
68.80667	-54
68.80833	-54
68.81000	-53
68.81167	-54
68.81333	-53
68.81500	-54
68.81667	-53
68.81833	-54
68.82000	-53
68.82167	-54
68.82333	-53
68.82500	-54
68.82667	-54
68.82833	-53
68.83000	-54
68.83167	-54
68.83333	-53
68.83500	-54
68.83667	-54
68.83833	-54
68.84000	-55
68.84167	-54
68.84333	-55
68.84500	-54
68.84667	-55
68.84833	-55
68.85000	-55
68.85167	-56
68.85333	-56
68.85500	-56
68.85667	-56
68.85833	-56
68.86000	-57
68.86167	-57
68.86333	-58
68.86500	-58
68.86667	-57
68.86833	-58
68.87000	-59
68.87167	-58
68.87333	-58
68.87500	-59
68.87667	-58
68.87833	-59
68.88000	-59
68.88167	-58
68.88333	-59
68.88500	-59
68.88667	-59
68.88833	-59
68.89000	-59
68.89167	-58
68.89333	-59
68.89500	-59
68.89667	-58
68.89833	-59
68.90000	-58
68.90167	-59
68.90333	-58
68.90500	-59
68.90667	-58
68.90833	-59
68.91000	-58
68.91167	-59
68.91333	-58
68.91500	-59
68.91667	-59
68.91833	-59
68.92000	-59
68.92167	-59
68.92333	-60
68.92500	-59
68.92667	-60
68.92833	-60
68.93000	-59
68.93167	-61
68.93333	-60
68.93500	-60
68.93667	-61
68.93833	-61
68.94000	-61
68.94167	-61
68.94333	-62
68.94500	-61
68.94667	-62
68.94833	-62
68.95000	-62
68.95167	-62
68.95333	-63
68.95500	-62
68.95667	-63
68.95833	-62
68.96000	-63
68.96167	-64
68.96333	-63
68.96500	-64
68.96667	-64
68.96833	-64
68.97000	-64
68.97167	-64
68.97333	-65
68.97500	-65
68.97667	-65
68.97833	-65
68.98000	-65
68.98167	-65
68.98333	-66
68.98500	-66
68.98667	-65
68.98833	-66
68.99000	-66
68.99167	-66
68.99333	-66
68.99500	-66
68.99667	-66
68.99833	-67
69.00000	-66
69.00167	-66
69.00333	-67
69.00500	-66
69.00667	-66
69.00833	-66
69.01000	-67
69.01167	-66
69.01333	-66
69.01500	-66
69.01667	-67
69.01833	-66
69.02000	-67
69.02167	-66
69.02333	-67
69.02500	-66
69.02667	-67
69.02833	-67
69.03000	-67
69.03167	-66
69.03333	-67
69.03500	-66
69.03667	-66
69.03833	-67
69.04000	-66
69.04167	-66
69.04333	-66
69.04500	-66
69.04667	-65
69.04833	-66
69.05000	-65
69.05167	-65
69.05333	-65
69.05500	-65
69.05667	-65
69.05833	-64
69.06000	-64
69.06167	-64
69.06333	-64
69.06500	-63
69.06667	-64
69.06833	-63
69.07000	-63
69.07167	-63
69.07333	-63
69.07500	-62
69.07667	-63
69.07833	-61
69.08000	-62
69.08167	-61
69.08333	-61
69.08500	-60
69.08667	-60
69.08833	-60
69.09000	-59
69.09167	-59
69.09333	-58
69.09500	-58
69.09667	-58
69.09833	-57
69.10000	-57
69.10167	-57
69.10333	-56
69.10500	-56
69.10667	-55
69.10833	-54
69.11000	-55
69.11167	-54
69.11333	-53
69.11500	-53
69.11667	-52
69.11833	-52
69.12000	-52
69.12167	-51
69.12333	-51
69.12500	-50
69.12667	-50
69.12833	-50
69.13000	-49
69.13167	-50
69.13333	-49
69.13500	-48
69.13667	-49
69.13833	-48
69.14000	-49
69.14167	-48
69.14333	-47
69.14500	-48
69.14667	-47
69.14833	-47
69.15000	-47
69.15167	-47
69.15333	-47
69.15500	-46
69.15667	-46
69.15833	-46
69.16000	-46
69.16167	-45
69.16333	-45
69.16500	-45
69.16667	-44
69.16833	-44
69.17000	-43
69.17167	-43
69.17333	-43
69.17500	-41
69.17667	-42
69.17833	-40
69.18000	-40
69.18167	-39
69.18333	-39
69.18500	-37
69.18667	-37
69.18833	-36
69.19000	-35
69.19167	-34
69.19333	-33
69.19500	-32
69.19667	-30
69.19833	-30
69.20000	-29
69.20167	-27
69.20333	-26
69.20500	-25
69.20667	-23
69.20833	-22
69.21000	-22
69.21167	-19
69.21333	-19
69.21500	-17
69.21667	-16
69.21833	-15
69.22000	-14
69.22167	-12
69.22333	-12
69.22500	-11
69.22667	-9
69.22833	-9
69.23000	-8
69.23167	-7
69.23333	-7
69.23500	-6
69.23667	-5
69.23833	-5
69.24000	-5
69.24167	-5
69.24333	-4
69.24500	-4
69.24667	-4
69.24833	-4
69.25000	-4
69.25167	-4
69.25333	-5
69.25500	-5
69.25667	-6
69.25833	-6
69.26000	-7
69.26167	-7
69.26333	-8
69.26500	-9
69.26667	-10
69.26833	-11
69.27000	-12
69.27167	-12
69.27333	-14
69.27500	-15
69.27667	-15
69.27833	-17
69.28000	-18
69.28167	-19
69.28333	-20
69.28500	-21
69.28667	-23
69.28833	-23
69.29000	-25
69.29167	-25
69.29333	-27
69.29500	-28
69.29667	-29
69.29833	-30
69.30000	-31
69.30167	-32
69.30333	-33
69.30500	-33
69.30667	-35
69.30833	-35
69.31000	-36
69.31167	-37
69.31333	-38
69.31500	-38
69.31667	-39
69.31833	-40
69.32000	-40
69.32167	-41
69.32333	-42
69.32500	-42
69.32667	-42
69.32833	-44
69.33000	-43
69.33167	-44
69.33333	-44
69.33500	-44
69.33667	-45
69.33833	-45
69.34000	-46
69.34167	-46
69.34333	-46
69.34500	-47
69.34667	-47
69.34833	-48
69.35000	-48
69.35167	-47
69.35333	-49
69.35500	-48
69.35667	-49
69.35833	-49
69.36000	-50
69.36167	-50
69.36333	-50
69.36500	-51
69.36667	-52
69.36833	-52
69.37000	-53
69.37167	-54
69.37333	-54
69.37500	-55
69.37667	-56
69.37833	-57
69.38000	-57
69.38167	-57
69.38333	-59
69.38500	-59
69.38667	-60
69.38833	-61
69.39000	-61
69.39167	-62
69.39333	-63
69.39500	-64
69.39667	-64
69.39833	-64
69.40000	-65
69.40167	-66
69.40333	-66
69.40500	-67
69.40667	-67
69.40833	-68
69.41000	-68
69.41167	-68
69.41333	-69
69.41500	-69
69.41667	-69
69.41833	-70
69.42000	-70
69.42167	-70
69.42333	-70
69.42500	-70
69.42667	-71
69.42833	-71
69.43000	-72
69.43167	-71
69.43333	-72
69.43500	-72
69.43667	-72
69.43833	-73
69.44000	-73
69.44167	-73
69.44333	-73
69.44500	-74
69.44667	-75
69.44833	-74
69.45000	-75
69.45167	-76
69.45333	-76
69.45500	-76
69.45667	-77
69.45833	-77
69.46000	-77
69.46167	-78
69.46333	-78
69.46500	-79
69.46667	-78
69.46833	-79
69.47000	-79
69.47167	-79
69.47333	-80
69.47500	-80
69.47667	-79
69.47833	-80
69.48000	-80
69.48167	-80
69.48333	-81
69.48500	-80
69.48667	-80
69.48833	-80
69.49000	-80
69.49167	-80
69.49333	-80
69.49500	-80
69.49667	-80
69.49833	-80
69.50000	-80
69.50167	-80
69.50333	-79
69.50500	-80
69.50667	-79
69.50833	-80
69.51000	-79
69.51167	-79
69.51333	-79
69.51500	-79
69.51667	-78
69.51833	-79
69.52000	-78
69.52167	-78
69.52333	-79
69.52500	-77
69.52667	-78
69.52833	-78
69.53000	-77
69.53167	-78
69.53333	-77
69.53500	-78
69.53667	-77
69.53833	-78
69.54000	-77
69.54167	-77
69.54333	-78
69.54500	-77
69.54667	-77
69.54833	-78
69.55000	-77
69.55167	-78
69.55333	-78
69.55500	-77
69.55667	-78
69.55833	-78
69.56000	-78
69.56167	-78
69.56333	-78
69.56500	-79
69.56667	-79
69.56833	-79
69.57000	-80
69.57167	-79
69.57333	-80
69.57500	-79
69.57667	-80
69.57833	-79
69.58000	-80
69.58167	-80
69.58333	-80
69.58500	-80
69.58667	-80
69.58833	-80
69.59000	-81
69.59167	-80
69.59333	-80
69.59500	-81
69.59667	-80
69.59833	-81
69.60000	-81
69.60167	-80
69.60333	-81
69.60500	-81
69.60667	-81
69.60833	-81
69.61000	-81
69.61167	-81
69.61333	-82
69.61500	-82
69.61667	-81
69.61833	-82
69.62000	-82
69.62167	-82
69.62333	-83
69.62500	-82
69.62667	-82
69.62833	-83
69.63000	-82
69.63167	-83
69.63333	-83
69.63500	-83
69.63667	-83
69.63833	-83
69.64000	-84
69.64167	-83
69.64333	-84
69.64500	-84
69.64667	-84
69.64833	-84
69.65000	-84
69.65167	-84
69.65333	-84
69.65500	-84
69.65667	-84
69.65833	-85
69.66000	-84
69.66167	-84
69.66333	-84
69.66500	-84
69.66667	-84
69.66833	-84
69.67000	-84
69.67167	-84
69.67333	-84
69.67500	-84
69.67667	-84
69.67833	-83
69.68000	-84
69.68167	-83
69.68333	-83
69.68500	-83
69.68667	-83
69.68833	-83
69.69000	-82
69.69167	-83
69.69333	-82
69.69500	-83
69.69667	-82
69.69833	-82
69.70000	-82
69.70167	-82
69.70333	-82
69.70500	-82
69.70667	-81
69.70833	-81
69.71000	-82
69.71167	-81
69.71333	-81
69.71500	-81
69.71667	-81
69.71833	-81
69.72000	-81
69.72167	-81
69.72333	-81
69.72500	-81
69.72667	-81
69.72833	-81
69.73000	-81
69.73167	-81
69.73333	-81
69.73500	-81
69.73667	-81
69.73833	-81
69.74000	-81
69.74167	-81
69.74333	-82
69.74500	-82
69.74667	-81
69.74833	-82
69.75000	-82
69.75167	-83
69.75333	-82
69.75500	-82
69.75667	-83
69.75833	-83
69.76000	-83
69.76167	-83
69.76333	-84
69.76500	-83
69.76667	-84
69.76833	-83
69.77000	-84
69.77167	-83
69.77333	-84
69.77500	-83
69.77667	-84
69.77833	-84
69.78000	-84
69.78167	-83
69.78333	-84
69.78500	-84
69.78667	-83
69.78833	-85
69.79000	-83
69.79167	-84
69.79333	-84
69.79500	-83
69.79667	-84
69.79833	-83
69.80000	-83
69.80167	-84
69.80333	-83
69.80500	-84
69.80667	-83
69.80833	-84
69.81000	-83
69.81167	-83
69.81333	-84
69.81500	-83
69.81667	-83
69.81833	-84
69.82000	-83
69.82167	-84
69.82333	-83
69.82500	-83
69.82667	-83
69.82833	-84
69.83000	-83
69.83167	-83
69.83333	-83
69.83500	-82
69.83667	-83
69.83833	-83
69.84000	-82
69.84167	-83
69.84333	-82
69.84500	-83
69.84667	-82
69.84833	-83
69.85000	-82
69.85167	-82
69.85333	-83
69.85500	-82
69.85667	-82
69.85833	-81
69.86000	-82
69.86167	-82
69.86333	-82
69.86500	-82
69.86667	-82
69.86833	-82
69.87000	-82
69.87167	-82
69.87333	-83
69.87500	-82
69.87667	-82
69.87833	-83
69.88000	-83
69.88167	-83
69.88333	-83
69.88500	-84
69.88667	-83
69.88833	-84
69.89000	-84
69.89167	-84
69.89333	-84
69.89500	-84
69.89667	-84
69.89833	-85
69.90000	-84
69.90167	-85
69.90333	-85
69.90500	-85
69.90667	-86
69.90833	-85
69.91000	-86
69.91167	-85
69.91333	-86
69.91500	-86
69.91667	-85
69.91833	-86
69.92000	-87
69.92167	-86
69.92333	-86
69.92500	-86
69.92667	-87
69.92833	-87
69.93000	-86
69.93167	-87
69.93333	-86
69.93500	-87
69.93667	-87
69.93833	-86
69.94000	-87
69.94167	-87
69.94333	-87
69.94500	-87
69.94667	-86
69.94833	-87
69.95000	-87
69.95167	-86
69.95333	-86
69.95500	-87
69.95667	-86
69.95833	-86
69.96000	-86
69.96167	-85
69.96333	-86
69.96500	-86
69.96667	-85
69.96833	-85
69.97000	-85
69.97167	-86
69.97333	-85
69.97500	-85
69.97667	-85
69.97833	-85
69.98000	-84
69.98167	-85
69.98333	-84
69.98500	-85
69.98667	-84
69.98833	-85
69.99000	-84
69.99167	-85
69.99333	-85
69.99500	-84
69.99667	-85
69.99833	-85
70.00000	-84
70.00167	-85
70.00333	-85
70.00500	-85
70.00667	-84
70.00833	-85
70.01000	-85
70.01167	-84
70.01333	-84
70.01500	-84
70.01667	-84
70.01833	-84
70.02000	-84
70.02167	-84
70.02333	-84
70.02500	-84
70.02667	-84
70.02833	-85
70.03000	-84
70.03167	-84
70.03333	-84
70.03500	-84
70.03667	-84
70.03833	-85
70.04000	-84
70.04167	-84
70.04333	-85
70.04500	-84
70.04667	-85
70.04833	-84
70.05000	-85
70.05167	-85
70.05333	-85
70.05500	-85
70.05667	-85
70.05833	-85
70.06000	-85
70.06167	-86
70.06333	-86
70.06500	-85
70.06667	-86
70.06833	-85
70.07000	-86
70.07167	-86
70.07333	-86
70.07500	-85
70.07667	-86
70.07833	-86
70.08000	-86
70.08167	-85
70.08333	-86
70.08500	-85
70.08667	-86
70.08833	-85
70.09000	-85
70.09167	-85
70.09333	-85
70.09500	-85
70.09667	-84
70.09833	-85
70.10000	-84
70.10167	-84
70.10333	-84
70.10500	-84
70.10667	-84
70.10833	-84
70.11000	-84
70.11167	-84
70.11333	-84
70.11500	-84
70.11667	-84
70.11833	-84
70.12000	-84
70.12167	-84
70.12333	-84
70.12500	-85
70.12667	-84
70.12833	-85
70.13000	-85
70.13167	-86
70.13333	-86
70.13500	-85
70.13667	-86
70.13833	-87
70.14000	-86
70.14167	-87
70.14333	-86
70.14500	-87
70.14667	-87
70.14833	-87
70.15000	-87
70.15167	-88
70.15333	-87
70.15500	-88
70.15667	-88
70.15833	-87
70.16000	-88
70.16167	-88
70.16333	-89
70.16500	-88
70.16667	-88
70.16833	-88
70.17000	-88
70.17167	-88
70.17333	-88
70.17500	-88
70.17667	-88
70.17833	-88
70.18000	-88
70.18167	-87
70.18333	-88
70.18500	-88
70.18667	-87
70.18833	-87
70.19000	-87
70.19167	-87
70.19333	-87
70.19500	-87
70.19667	-86
70.19833	-87
70.20000	-86
70.20167	-87
70.20333	-86
70.20500	-87
70.20667	-87
70.20833	-86
70.21000	-86
70.21167	-87
70.21333	-86
70.21500	-86
70.21667	-86
70.21833	-87
70.22000	-86
70.22167	-86
70.22333	-86
70.22500	-86
70.22667	-86
70.22833	-86
70.23000	-85
70.23167	-86
70.23333	-86
70.23500	-85
70.23667	-86
70.23833	-86
70.24000	-85
70.24167	-86
70.24333	-85
70.24500	-86
70.24667	-86
70.24833	-85
70.25000	-86
70.25167	-86
70.25333	-87
70.25500	-86
70.25667	-86
70.25833	-87
70.26000	-86
70.26167	-87
70.26333	-87
70.26500	-86
70.26667	-88
70.26833	-87
70.27000	-87
70.27167	-88
70.27333	-88
70.27500	-88
70.27667	-88
70.27833	-89
70.28000	-88
70.28167	-89
70.28333	-89
70.28500	-88
70.28667	-89
70.28833	-89
70.29000	-88
70.29167	-89
70.29333	-89
70.29500	-88
70.29667	-89
70.29833	-88
70.30000	-89
70.30167	-88
70.30333	-88
70.30500	-88
70.30667	-88
70.30833	-88
70.31000	-88
70.31167	-88
70.31333	-88
70.31500	-88
70.31667	-88
70.31833	-88
70.32000	-88
70.32167	-88
70.32333	-88
70.32500	-89
70.32667	-88
70.32833	-88
70.33000	-88
70.33167	-88
70.33333	-89
70.33500	-88
70.33667	-89
70.33833	-88
70.34000	-89
70.34167	-88
70.34333	-88
70.34500	-89
70.34667	-88
70.34833	-88
70.35000	-88
70.35167	-89
70.35333	-87
70.35500	-88
70.35667	-88
70.35833	-88
70.36000	-89
70.36167	-88
70.36333	-88
70.36500	-87
70.36667	-88
70.36833	-88
70.37000	-88
70.37167	-87
70.37333	-88
70.37500	-87
70.37667	-88
70.37833	-87
70.38000	-88
70.38167	-87
70.38333	-88
70.38500	-87
70.38667	-88
70.38833	-88
70.39000	-87
70.39167	-88
70.39333	-88
70.39500	-88
70.39667	-88
70.39833	-87
70.40000	-88
70.40167	-88
70.40333	-88
70.40500	-88
70.40667	-88
70.40833	-88
70.41000	-88
70.41167	-89
70.41333	-88
70.41500	-88
70.41667	-88
70.41833	-88
70.42000	-88
70.42167	-88
70.42333	-88
70.42500	-87
70.42667	-88
70.42833	-88
70.43000	-87
70.43167	-88
70.43333	-87
70.43500	-88
70.43667	-87
70.43833	-86
70.44000	-87
70.44167	-87
70.44333	-86
70.44500	-87
70.44667	-86
70.44833	-86
70.45000	-86
70.45167	-86
70.45333	-86
70.45500	-86
70.45667	-85
70.45833	-86
70.46000	-86
70.46167	-86
70.46333	-86
70.46500	-86
70.46667	-86
70.46833	-86
70.47000	-86
70.47167	-86
70.47333	-87
70.47500	-86
70.47667	-86
70.47833	-86
70.48000	-86
70.48167	-86
70.48333	-87
70.48500	-86
70.48667	-86
70.48833	-87
70.49000	-86
70.49167	-86
70.49333	-86
70.49500	-85
70.49667	-86
70.49833	-86
70.50000	-85
70.50167	-86
70.50333	-85
70.50500	-85
70.50667	-86
70.50833	-85
70.51000	-85
70.51167	-85
70.51333	-85
70.51500	-85
70.51667	-85
70.51833	-85
70.52000	-85
70.52167	-84
70.52333	-85
70.52500	-85
70.52667	-84
70.52833	-85
70.53000	-85
70.53167	-84
70.53333	-85
70.53500	-85
70.53667	-84
70.53833	-84
70.54000	-85
70.54167	-84
70.54333	-84
70.54500	-84
70.54667	-84
70.54833	-84
70.55000	-84
70.55167	-83
70.55333	-84
70.55500	-83
70.55667	-83
70.55833	-84
70.56000	-82
70.56167	-83
70.56333	-83
70.56500	-83
70.56667	-83
70.56833	-83
70.57000	-83
70.57167	-83
70.57333	-83
70.57500	-83
70.57667	-83
70.57833	-83
70.58000	-84
70.58167	-83
70.58333	-83
70.58500	-84
70.58667	-84
70.58833	-84
70.59000	-84
70.59167	-84
70.59333	-85
70.59500	-84
70.59667	-85
70.59833	-85
70.60000	-85
70.60167	-85
70.60333	-86
70.60500	-86
70.60667	-85
70.60833	-86
70.61000	-86
70.61167	-87
70.61333	-86
70.61500	-87
70.61667	-86
70.61833	-87
70.62000	-88
70.62167	-87
70.62333	-88
70.62500	-88
70.62667	-88
70.62833	-88
70.63000	-88
70.63167	-89
70.63333	-89
70.63500	-89
70.63667	-89
70.63833	-89
70.64000	-90
70.64167	-89
70.64333	-90
70.64500	-90
70.64667	-91
70.64833	-90
70.65000	-91
70.65167	-91
70.65333	-91
70.65500	-91
70.65667	-91
70.65833	-91
70.66000	-92
70.66167	-92
70.66333	-92
70.66500	-92
70.66667	-92
70.66833	-92
70.67000	-92
70.67167	-92
70.67333	-93
70.67500	-92
70.67667	-93
70.67833	-93
70.68000	-93
70.68167	-93
70.68333	-93
70.68500	-92
70.68667	-93
70.68833	-93
70.69000	-93
70.69167	-92
70.69333	-93
70.69500	-93
70.69667	-93
70.69833	-92
70.70000	-93
70.70167	-93
70.70333	-92
70.70500	-92
70.70667	-92
70.70833	-92
70.71000	-92
70.71167	-91
70.71333	-92
70.71500	-91
70.71667	-91
70.71833	-91
70.72000	-91
70.72167	-90
70.72333	-91
70.72500	-90
70.72667	-90
70.72833	-89
70.73000	-90
70.73167	-89
70.73333	-89
70.73500	-88
70.73667	-89
70.73833	-88
70.74000	-88
70.74167	-88
70.74333	-87
70.74500	-88
70.74667	-87
70.74833	-87
70.75000	-86
70.75167	-87
70.75333	-87
70.75500	-86
70.75667	-87
70.75833	-86
70.76000	-86
70.76167	-87
70.76333	-86
70.76500	-86
70.76667	-86
70.76833	-87
70.77000	-86
70.77167	-87
70.77333	-86
70.77500	-87
70.77667	-86
70.77833	-87
70.78000	-86
70.78167	-87
70.78333	-86
70.78500	-87
70.78667	-86
70.78833	-87
70.79000	-87
70.79167	-87
70.79333	-87
70.79500	-87
70.79667	-87
70.79833	-87
70.80000	-88
70.80167	-87
70.80333	-87
70.80500	-87
70.80667	-87
70.80833	-88
70.81000	-87
70.81167	-87
70.81333	-88
70.81500	-87
70.81667	-88
70.81833	-87
70.82000	-88
70.82167	-87
70.82333	-87
70.82500	-87
70.82667	-88
70.82833	-87
70.83000	-88
70.83167	-87
70.83333	-87
70.83500	-87
70.83667	-87
70.83833	-87
70.84000	-87
70.84167	-86
70.84333	-87
70.84500	-86
70.84667	-87
70.84833	-86
70.85000	-86
70.85167	-85
70.85333	-86
70.85500	-86
70.85667	-85
70.85833	-86
70.86000	-85
70.86167	-86
70.86333	-85
70.86500	-86
70.86667	-85
70.86833	-85
70.87000	-85
70.87167	-85
70.87333	-85
70.87500	-86
70.87667	-85
70.87833	-85
70.88000	-85
70.88167	-86
70.88333	-86
70.88500	-85
70.88667	-87
70.88833	-86
70.89000	-86
70.89167	-86
70.89333	-87
70.89500	-87
70.89667	-88
70.89833	-87
70.90000	-88
70.90167	-88
70.90333	-88
70.90500	-88
70.90667	-89
70.90833	-89
70.91000	-89
70.91167	-89
70.91333	-89
70.91500	-90
70.91667	-89
70.91833	-89
70.92000	-90
70.92167	-90
70.92333	-89
70.92500	-89
70.92667	-90
70.92833	-89
70.93000	-89
70.93167	-90
70.93333	-89
70.93500	-88
70.93667	-89
70.93833	-89
70.94000	-88
70.94167	-89
70.94333	-88
70.94500	-88
70.94667	-88
70.94833	-88
70.95000	-88
70.95167	-88
70.95333	-87
70.95500	-88
70.95667	-88
70.95833	-87
70.96000	-88
70.96167	-88
70.96333	-87
70.96500	-88
70.96667	-88
70.96833	-87
70.97000	-88
70.97167	-88
70.97333	-87
70.97500	-88
70.97667	-89
70.97833	-88
70.98000	-88
70.98167	-88
70.98333	-89
70.98500	-88
70.98667	-89
70.98833	-88
70.99000	-89
70.99167	-89
70.99333	-88
70.99500	-89
70.99667	-89
70.99833	-90
71.00000	-89
71.00167	-89
71.00333	-89
71.00500	-89
71.00667	-90
71.00833	-89
71.01000	-90
71.01167	-89
71.01333	-90
71.01500	-89
71.01667	-90
71.01833	-89
71.02000	-90
71.02167	-89
71.02333	-90
71.02500	-89
71.02667	-90
71.02833	-89
71.03000	-89
71.03167	-89
71.03333	-89
71.03500	-89
71.03667	-89
71.03833	-88
71.04000	-88
71.04167	-89
71.04333	-88
71.04500	-88
71.04667	-88
71.04833	-88
71.05000	-87
71.05167	-88
71.05333	-87
71.05500	-86
71.05667	-87
71.05833	-87
71.06000	-86
71.06167	-86
71.06333	-86
71.06500	-85
71.06667	-85
71.06833	-85
71.07000	-85
71.07167	-84
71.07333	-85
71.07500	-84
71.07667	-84
71.07833	-83
71.08000	-84
71.08167	-83
71.08333	-83
71.08500	-83
71.08667	-82
71.08833	-82
71.09000	-82
71.09167	-82
71.09333	-82
71.09500	-82
71.09667	-81
71.09833	-82
71.10000	-82
71.10167	-82
71.10333	-81
71.10500	-82
71.10667	-82
71.10833	-82
71.11000	-82
71.11167	-83
71.11333	-83
71.11500	-83
71.11667	-84
71.11833	-84
71.12000	-84
71.12167	-84
71.12333	-85
71.12500	-85
71.12667	-85
71.12833	-86
71.13000	-86
71.13167	-86
71.13333	-86
71.13500	-87
71.13667	-86
71.13833	-87
71.14000	-88
71.14167	-87
71.14333	-88
71.14500	-88
71.14667	-88
71.14833	-88
71.15000	-89
71.15167	-88
71.15333	-89
71.15500	-88
71.15667	-89
71.15833	-89
71.16000	-88
71.16167	-89
71.16333	-89
71.16500	-88
71.16667	-89
71.16833	-89
71.17000	-88
71.17167	-89
71.17333	-88
71.17500	-89
71.17667	-88
71.17833	-88
71.18000	-89
71.18167	-88
71.18333	-89
71.18500	-88
71.18667	-89
71.18833	-88
71.19000	-88
71.19167	-89
71.19333	-88
71.19500	-88
71.19667	-89
71.19833	-88
71.20000	-89
71.20167	-88
71.20333	-89
71.20500	-89
71.20667	-88
71.20833	-90
71.21000	-89
71.21167	-89
71.21333	-89
71.21500	-89
71.21667	-89
71.21833	-89
71.22000	-90
71.22167	-89
71.22333	-90
71.22500	-89
71.22667	-90
71.22833	-89
71.23000	-90
71.23167	-90
71.23333	-90
71.23500	-90
71.23667	-90
71.23833	-91
71.24000	-90
71.24167	-91
71.24333	-91
71.24500	-91
71.24667	-91
71.24833	-91
71.25000	-91
71.25167	-92
71.25333	-92
71.25500	-91
71.25667	-92
71.25833	-92
71.26000	-92
71.26167	-92
71.26333	-91
71.26500	-92
71.26667	-92
71.26833	-92
71.27000	-92
71.27167	-92
71.27333	-92
71.27500	-92
71.27667	-92
71.27833	-92
71.28000	-91
71.28167	-91
71.28333	-91
71.28500	-91
71.28667	-91
71.28833	-91
71.29000	-90
71.29167	-91
71.29333	-90
71.29500	-90
71.29667	-90
71.29833	-90
71.30000	-89
71.30167	-90
71.30333	-90
71.30500	-89
71.30667	-89
71.30833	-89
71.31000	-90
71.31167	-89
71.31333	-89
71.31500	-90
71.31667	-89
71.31833	-89
71.32000	-90
71.32167	-89
71.32333	-90
71.32500	-89
71.32667	-90
71.32833	-89
71.33000	-90
71.33167	-89
71.33333	-89
71.33500	-90
71.33667	-89
71.33833	-89
71.34000	-90
71.34167	-89
71.34333	-90
71.34500	-89
71.34667	-89
71.34833	-89
71.35000	-89
71.35167	-89
71.35333	-90
71.35500	-88
71.35667	-89
71.35833	-89
71.36000	-89
71.36167	-89
71.36333	-88
71.36500	-89
71.36667	-88
71.36833	-88
71.37000	-89
71.37167	-88
71.37333	-89
71.37500	-88
71.37667	-89
71.37833	-89
71.38000	-89
71.38167	-89
71.38333	-89
71.38500	-89
71.38667	-89
71.38833	-89
71.39000	-89
71.39167	-89
71.39333	-89
71.39500	-89
71.39667	-89
71.39833	-89
71.40000	-89
71.40167	-89
71.40333	-90
71.40500	-89
71.40667	-89
71.40833	-89
71.41000	-88
71.41167	-89
71.41333	-89
71.41500	-88
71.41667	-89
71.41833	-88
71.42000	-88
71.42167	-89
71.42333	-88
71.42500	-88
71.42667	-89
71.42833	-88
71.43000	-88
71.43167	-88
71.43333	-88
71.43500	-88
71.43667	-88
71.43833	-88
71.44000	-87
71.44167	-87
71.44333	-88
71.44500	-87
71.44667	-87
71.44833	-88
71.45000	-88
71.45167	-87
71.45333	-88
71.45500	-87
71.45667	-88
71.45833	-88
71.46000	-88
71.46167	-88
71.46333	-88
71.46500	-89
71.46667	-88
71.46833	-89
71.47000	-89
71.47167	-89
71.47333	-89
71.47500	-89
71.47667	-90
71.47833	-90
71.48000	-90
71.48167	-90
71.48333	-90
71.48500	-90
71.48667	-90
71.48833	-90
71.49000	-90
71.49167	-90
71.49333	-90
71.49500	-90
71.49667	-90
71.49833	-90
71.50000	-90
71.50167	-90
71.50333	-90
71.50500	-90
71.50667	-90
71.50833	-90
71.51000	-89
71.51167	-90
71.51333	-89
71.51500	-90
71.51667	-89
71.51833	-89
71.52000	-89
71.52167	-88
71.52333	-89
71.52500	-89
71.52667	-88
71.52833	-88
71.53000	-89
71.53167	-88
71.53333	-87
71.53500	-88
71.53667	-88
71.53833	-87
71.54000	-88
71.54167	-87
71.54333	-88
71.54500	-88
71.54667	-88
71.54833	-87
71.55000	-88
71.55167	-88
71.55333	-87
71.55500	-88
71.55667	-87
71.55833	-88
71.56000	-87
71.56167	-88
71.56333	-88
71.56500	-88
71.56667	-87
71.56833	-89
71.57000	-88
71.57167	-89
71.57333	-89
71.57500	-89
71.57667	-89
71.57833	-89
71.58000	-90
71.58167	-90
71.58333	-90
71.58500	-90
71.58667	-91
71.58833	-91
71.59000	-91
71.59167	-91
71.59333	-91
71.59500	-92
71.59667	-91
71.59833	-92
71.60000	-92
71.60167	-92
71.60333	-92
71.60500	-92
71.60667	-93
71.60833	-92
71.61000	-93
71.61167	-93
71.61333	-93
71.61500	-93
71.61667	-92
71.61833	-93
71.62000	-93
71.62167	-93
71.62333	-93
71.62500	-93
71.62667	-93
71.62833	-93
71.63000	-93
71.63167	-92
71.63333	-93
71.63500	-93
71.63667	-93
71.63833	-92
71.64000	-92
71.64167	-92
71.64333	-92
71.64500	-92
71.64667	-92
71.64833	-91
71.65000	-91
71.65167	-91
71.65333	-91
71.65500	-89
71.65667	-90
71.65833	-89
71.66000	-89
71.66167	-89
71.66333	-88
71.66500	-89
71.66667	-88
71.66833	-87
71.67000	-88
71.67167	-87
71.67333	-88
71.67500	-87
71.67667	-87
71.67833	-87
71.68000	-87
71.68167	-88
71.68333	-87
71.68500	-87
71.68667	-87
71.68833	-87
71.69000	-88
71.69167	-87
71.69333	-87
71.69500	-88
71.69667	-88
71.69833	-88
71.70000	-87
71.70167	-89
71.70333	-87
71.70500	-88
71.70667	-88
71.70833	-88
71.71000	-88
71.71167	-89
71.71333	-88
71.71500	-88
71.71667	-88
71.71833	-89
71.72000	-88
71.72167	-88
71.72333	-88
71.72500	-89
71.72667	-88
71.72833	-89
71.73000	-88
71.73167	-88
71.73333	-88
71.73500	-88
71.73667	-88
71.73833	-88
71.74000	-88
71.74167	-88
71.74333	-88
71.74500	-87
71.74667	-88
71.74833	-87
71.75000	-88
71.75167	-87
71.75333	-88
71.75500	-88
71.75667	-87
71.75833	-88
71.76000	-87
71.76167	-87
71.76333	-88
71.76500	-87
71.76667	-88
71.76833	-87
71.77000	-88
71.77167	-88
71.77333	-88
71.77500	-88
71.77667	-88
71.77833	-88
71.78000	-88
71.78167	-88
71.78333	-88
71.78500	-88
71.78667	-88
71.78833	-88
71.79000	-88
71.79167	-88
71.79333	-88
71.79500	-88
71.79667	-88
71.79833	-89
71.80000	-88
71.80167	-88
71.80333	-88
71.80500	-88
71.80667	-88
71.80833	-88
71.81000	-88
71.81167	-88
71.81333	-88
71.81500	-88
71.81667	-88
71.81833	-87
71.82000	-88
71.82167	-87
71.82333	-88
71.82500	-87
71.82667	-87
71.82833	-87
71.83000	-88
71.83167	-86
71.83333	-87
71.83500	-87
71.83667	-87
71.83833	-88
71.84000	-87
71.84167	-87
71.84333	-87
71.84500	-87
71.84667	-87
71.84833	-88
71.85000	-87
71.85167	-87
71.85333	-87
71.85500	-88
71.85667	-87
71.85833	-88
71.86000	-88
71.86167	-87
71.86333	-88
71.86500	-89
71.86667	-88
71.86833	-88
71.87000	-89
71.87167	-88
71.87333	-89
71.87500	-88
71.87667	-89
71.87833	-89
71.88000	-89
71.88167	-89
71.88333	-89
71.88500	-88
71.88667	-89
71.88833	-89
71.89000	-88
71.89167	-89
71.89333	-89
71.89500	-88
71.89667	-89
71.89833	-88
71.90000	-89
71.90167	-89
71.90333	-88
71.90500	-88
71.90667	-88
71.90833	-88
71.91000	-88
71.91167	-89
71.91333	-88
71.91500	-88
71.91667	-88
71.91833	-89
71.92000	-88
71.92167	-88
71.92333	-89
71.92500	-88
71.92667	-88
71.92833	-88
71.93000	-89
71.93167	-88
71.93333	-89
71.93500	-88
71.93667	-89
71.93833	-89
71.94000	-89
71.94167	-89
71.94333	-89
71.94500	-90
71.94667	-90
71.94833	-90
71.95000	-90
71.95167	-90
71.95333	-90
71.95500	-90
71.95667	-91
71.95833	-90
71.96000	-91
71.96167	-91
71.96333	-91
71.96500	-91
71.96667	-90
71.96833	-91
71.97000	-91
71.97167	-91
71.97333	-91
71.97500	-91
71.97667	-90
71.97833	-91
71.98000	-91
71.98167	-90
71.98333	-90
71.98500	-90
71.98667	-90
71.98833	-90
71.99000	-90
71.99167	-89
71.99333	-90
71.99500	-89
71.99667	-89
71.99833	-89
72.00000	-88
72.00167	-89
72.00333	-88
72.00500	-88
72.00667	-88
72.00833	-88
72.01000	-88
72.01167	-88
72.01333	-87
72.01500	-88
72.01667	-87
72.01833	-88
72.02000	-87
72.02167	-88
72.02333	-87
72.02500	-88
72.02667	-88
72.02833	-87
72.03000	-88
72.03167	-87
72.03333	-87
72.03500	-87
72.03667	-88
72.03833	-87
72.04000	-88
72.04167	-87
72.04333	-87
72.04500	-88
72.04667	-87
72.04833	-88
72.05000	-87
72.05167	-87
72.05333	-88
72.05500	-87
72.05667	-88
72.05833	-87
72.06000	-87
72.06167	-88
72.06333	-87
72.06500	-87
72.06667	-87
72.06833	-88
72.07000	-87
72.07167	-87
72.07333	-87
72.07500	-87
72.07667	-87
72.07833	-87
72.08000	-88
72.08167	-87
72.08333	-87
72.08500	-87
72.08667	-87
72.08833	-87
72.09000	-87
72.09167	-88
72.09333	-87
72.09500	-88
72.09667	-88
72.09833	-88
72.10000	-88
72.10167	-88
72.10333	-88
72.10500	-88
72.10667	-89
72.10833	-88
72.11000	-89
72.11167	-89
72.11333	-89
72.11500	-89
72.11667	-89
72.11833	-89
72.12000	-90
72.12167	-89
72.12333	-89
72.12500	-89
72.12667	-90
72.12833	-89
72.13000	-90
72.13167	-89
72.13333	-89
72.13500	-90
72.13667	-89
72.13833	-90
72.14000	-89
72.14167	-89
72.14333	-89
72.14500	-89
72.14667	-89
72.14833	-89
72.15000	-89
72.15167	-89
72.15333	-89
72.15500	-88
72.15667	-89
72.15833	-88
72.16000	-88
72.16167	-88
72.16333	-87
72.16500	-88
72.16667	-87
72.16833	-88
72.17000	-87
72.17167	-88
72.17333	-87
72.17500	-88
72.17667	-87
72.17833	-88
72.18000	-87
72.18167	-87
72.18333	-88
72.18500	-87
72.18667	-88
72.18833	-87
72.19000	-87
72.19167	-88
72.19333	-88
72.19500	-87
72.19667	-88
72.19833	-87
72.20000	-88
72.20167	-88
72.20333	-88
72.20500	-88
72.20667	-88
72.20833	-89
72.21000	-88
72.21167	-89
72.21333	-88
72.21500	-88
72.21667	-89
72.21833	-89
72.22000	-88
72.22167	-89
72.22333	-88
72.22500	-89
72.22667	-89
72.22833	-89
72.23000	-89
72.23167	-89
72.23333	-89
72.23500	-89
72.23667	-89
72.23833	-89
72.24000	-89
72.24167	-89
72.24333	-90
72.24500	-89
72.24667	-89
72.24833	-89
72.25000	-90
72.25167	-90
72.25333	-90
72.25500	-89
72.25667	-91
72.25833	-89
72.26000	-91
72.26167	-90
72.26333	-90
72.26500	-90
72.26667	-90
72.26833	-91
72.27000	-90
72.27167	-90
72.27333	-90
72.27500	-91
72.27667	-90
72.27833	-90
72.28000	-91
72.28167	-90
72.28333	-91
72.28500	-90
72.28667	-91
72.28833	-90
72.29000	-90
72.29167	-91
72.29333	-90
72.29500	-91
72.29667	-90
72.29833	-91
72.30000	-90
72.30167	-91
72.30333	-90
72.30500	-90
72.30667	-91
72.30833	-90
72.31000	-90
72.31167	-91
72.31333	-91
72.31500	-91
72.31667	-91
72.31833	-90
72.32000	-91
72.32167	-91
72.32333	-91
72.32500	-92
72.32667	-91
72.32833	-91
72.33000	-92
72.33167	-91
72.33333	-92
72.33500	-91
72.33667	-92
72.33833	-92
72.34000	-91
72.34167	-92
72.34333	-92
72.34500	-92
72.34667	-91
72.34833	-92
72.35000	-91
72.35167	-91
72.35333	-91
72.35500	-92
72.35667	-91
72.35833	-91
72.36000	-91
72.36167	-91
72.36333	-91
72.36500	-91
72.36667	-90
72.36833	-91
72.37000	-90
72.37167	-91
72.37333	-91
72.37500	-90
72.37667	-91
72.37833	-90
72.38000	-91
72.38167	-91
72.38333	-90
72.38500	-91
72.38667	-91
72.38833	-91
72.39000	-91
72.39167	-91
72.39333	-91
72.39500	-92
72.39667	-91
72.39833	-92
72.40000	-92
72.40167	-92
72.40333	-92
72.40500	-92
72.40667	-92
72.40833	-92
72.41000	-93
72.41167	-92
72.41333	-92
72.41500	-93
72.41667	-93
72.41833	-92
72.42000	-93
72.42167	-93
72.42333	-92
72.42500	-93
72.42667	-93
72.42833	-92
72.43000	-92
72.43167	-92
72.43333	-92
72.43500	-92
72.43667	-92
72.43833	-92
72.44000	-92
72.44167	-92
72.44333	-92
72.44500	-91
72.44667	-92
72.44833	-92
72.45000	-92
72.45167	-91
72.45333	-92
72.45500	-92
72.45667	-92
72.45833	-92
72.46000	-92
72.46167	-91
72.46333	-92
72.46500	-92
72.46667	-92
72.46833	-92
72.47000	-92
72.47167	-92
72.47333	-92
72.47500	-92
72.47667	-92
72.47833	-91
72.48000	-92
72.48167	-92
72.48333	-92
72.48500	-91
72.48667	-92
72.48833	-91
72.49000	-92
72.49167	-91
72.49333	-92
72.49500	-91
72.49667	-92
72.49833	-92
72.50000	-91
72.50167	-91
72.50333	-91
72.50500	-91
72.50667	-91
72.50833	-91
72.51000	-90
72.51167	-91
72.51333	-91
72.51500	-90
72.51667	-91
72.51833	-90
72.52000	-91
72.52167	-90
72.52333	-90
72.52500	-90
72.52667	-91
72.52833	-90
72.53000	-90
72.53167	-90
72.53333	-90
72.53500	-90
72.53667	-90
72.53833	-89
72.54000	-90
72.54167	-89
72.54333	-89
72.54500	-89
72.54667	-89
72.54833	-89
72.55000	-89
72.55167	-89
72.55333	-89
72.55500	-89
72.55667	-88
72.55833	-89
72.56000	-88
72.56167	-89
72.56333	-88
72.56500	-89
72.56667	-88
72.56833	-89
72.57000	-88
72.57167	-89
72.57333	-88
72.57500	-89
72.57667	-88
72.57833	-89
72.58000	-88
72.58167	-89
72.58333	-89
72.58500	-89
72.58667	-89
72.58833	-89
72.59000	-89
72.59167	-89
72.59333	-90
72.59500	-89
72.59667	-90
72.59833	-90
72.60000	-90
72.60167	-90
72.60333	-89
72.60500	-90
72.60667	-90
72.60833	-89
72.61000	-90
72.61167	-89
72.61333	-89
72.61500	-90
72.61667	-89
72.61833	-88
72.62000	-89
72.62167	-88
72.62333	-88
72.62500	-88
72.62667	-87
72.62833	-87
72.63000	-86
72.63167	-86
72.63333	-86
72.63500	-85
72.63667	-85
72.63833	-85
72.64000	-84
72.64167	-85
72.64333	-83
72.64500	-84
72.64667	-83
72.64833	-84
72.65000	-83
72.65167	-83
72.65333	-83
72.65500	-83
72.65667	-83
72.65833	-83
72.66000	-84
72.66167	-83
72.66333	-84
72.66500	-83
72.66667	-84
72.66833	-84
72.67000	-83
72.67167	-84
72.67333	-84
72.67500	-85
72.67667	-84
72.67833	-85
72.68000	-85
72.68167	-86
72.68333	-86
72.68500	-85
72.68667	-87
72.68833	-86
72.69000	-87
72.69167	-87
72.69333	-88
72.69500	-87
72.69667	-88
72.69833	-89
72.70000	-88
72.70167	-89
72.70333	-89
72.70500	-88
72.70667	-89
72.70833	-90
72.71000	-89
72.71167	-89
72.71333	-89
72.71500	-90
72.71667	-89
72.71833	-89
72.72000	-89
72.72167	-89
72.72333	-89
72.72500	-90
72.72667	-89
72.72833	-89
72.73000	-89
72.73167	-89
72.73333	-89
72.73500	-88
72.73667	-89
72.73833	-89
72.74000	-89
72.74167	-89
72.74333	-89
72.74500	-89
72.74667	-89
72.74833	-89
72.75000	-89
72.75167	-90
72.75333	-89
72.75500	-90
72.75667	-90
72.75833	-89
72.76000	-90
72.76167	-90
72.76333	-89
72.76500	-90
72.76667	-90
72.76833	-90
72.77000	-89
72.77167	-90
72.77333	-90
72.77500	-90
72.77667	-90
72.77833	-89
72.78000	-90
72.78167	-89
72.78333	-90
72.78500	-89
72.78667	-90
72.78833	-90
72.79000	-89
72.79167	-89
72.79333	-90
72.79500	-89
72.79667	-88
72.79833	-89
72.80000	-89
72.80167	-88
72.80333	-89
72.80500	-88
72.80667	-89
72.80833	-88
72.81000	-88
72.81167	-87
72.81333	-88
72.81500	-88
72.81667	-87
72.81833	-88
72.82000	-87
72.82167	-88
72.82333	-87
72.82500	-88
72.82667	-87
72.82833	-88
72.83000	-87
72.83167	-88
72.83333	-87
72.83500	-88
72.83667	-88
72.83833	-88
72.84000	-88
72.84167	-89
72.84333	-88
72.84500	-89
72.84667	-89
72.84833	-89
72.85000	-89
72.85167	-89
72.85333	-90
72.85500	-89
72.85667	-90
72.85833	-89
72.86000	-90
72.86167	-90
72.86333	-90
72.86500	-90
72.86667	-90
72.86833	-90
72.87000	-90
72.87167	-90
72.87333	-89
72.87500	-90
72.87667	-90
72.87833	-90
72.88000	-90
72.88167	-89
72.88333	-90
72.88500	-90
72.88667	-90
72.88833	-89
72.89000	-90
72.89167	-89
72.89333	-90
72.89500	-89
72.89667	-89
72.89833	-90
72.90000	-89
72.90167	-89
72.90333	-90
72.90500	-89
72.90667	-90
72.90833	-89
72.91000	-90
72.91167	-89
72.91333	-90
72.91500	-89
72.91667	-89
72.91833	-90
72.92000	-89
72.92167	-89
72.92333	-89
72.92500	-88
72.92667	-89
72.92833	-89
72.93000	-88
72.93167	-88
72.93333	-89
72.93500	-87
72.93667	-88
72.93833	-88
72.94000	-87
72.94167	-87
72.94333	-87
72.94500	-86
72.94667	-86
72.94833	-86
72.95000	-86
72.95167	-86
72.95333	-85
72.95500	-85
72.95667	-84
72.95833	-85
72.96000	-84
72.96167	-85
72.96333	-84
72.96500	-84
72.96667	-84
72.96833	-84
72.97000	-84
72.97167	-83
72.97333	-84
72.97500	-84
72.97667	-84
72.97833	-84
72.98000	-84
72.98167	-84
72.98333	-84
72.98500	-84
72.98667	-85
72.98833	-84
72.99000	-85
72.99167	-85
72.99333	-85
72.99500	-85
72.99667	-85
72.99833	-85
73.00000	-86
73.00167	-85
73.00333	-85
73.00500	-86
73.00667	-85
73.00833	-86
73.01000	-86
73.01167	-85
73.01333	-86
73.01500	-86
73.01667	-85
73.01833	-86
73.02000	-86
73.02167	-86
73.02333	-86
73.02500	-85
73.02667	-87
73.02833	-86
73.03000	-86
73.03167	-86
73.03333	-86
73.03500	-87
73.03667	-86
73.03833	-86
73.04000	-87
73.04167	-86
73.04333	-87
73.04500	-86
73.04667	-87
73.04833	-86
73.05000	-87
73.05167	-86
73.05333	-87
73.05500	-87
73.05667	-87
73.05833	-87
73.06000	-87
73.06167	-87
73.06333	-87
73.06500	-87
73.06667	-88
73.06833	-87
73.07000	-88
73.07167	-87
73.07333	-88
73.07500	-87
73.07667	-88
73.07833	-88
73.08000	-87
73.08167	-88
73.08333	-88
73.08500	-88
73.08667	-89
73.08833	-88
73.09000	-89
73.09167	-88
73.09333	-88
73.09500	-88
73.09667	-88
73.09833	-89
73.10000	-88
73.10167	-89
73.10333	-88
73.10500	-88
73.10667	-89
73.10833	-88
73.11000	-88
73.11167	-88
73.11333	-88
73.11500	-89
73.11667	-88
73.11833	-88
73.12000	-89
73.12167	-88
73.12333	-89
73.12500	-88
73.12667	-89
73.12833	-88
73.13000	-88
73.13167	-89
73.13333	-88
73.13500	-89
73.13667	-88
73.13833	-88
73.14000	-88
73.14167	-89
73.14333	-88
73.14500	-88
73.14667	-88
73.14833	-88
73.15000	-88
73.15167	-88
73.15333	-88
73.15500	-89
73.15667	-88
73.15833	-88
73.16000	-88
73.16167	-88
73.16333	-89
73.16500	-88
73.16667	-89
73.16833	-88
73.17000	-89
73.17167	-89
73.17333	-89
73.17500	-89
73.17667	-89
73.17833	-89
73.18000	-89
73.18167	-90
73.18333	-90
73.18500	-89
73.18667	-90
73.18833	-90
73.19000	-90
73.19167	-90
73.19333	-90
73.19500	-89
73.19667	-90
73.19833	-90
73.20000	-90
73.20167	-89
73.20333	-89
73.20500	-90
73.20667	-89
73.20833	-89
73.21000	-90
73.21167	-89
73.21333	-88
73.21500	-89
73.21667	-89
73.21833	-88
73.22000	-89
73.22167	-88
73.22333	-88
73.22500	-88
73.22667	-88
73.22833	-88
73.23000	-88
73.23167	-87
73.23333	-88
73.23500	-88
73.23667	-88
73.23833	-88
73.24000	-88
73.24167	-87
73.24333	-88
73.24500	-88
73.24667	-88
73.24833	-88
73.25000	-89
73.25167	-88
73.25333	-88
73.25500	-88
73.25667	-88
73.25833	-88
73.26000	-88
73.26167	-88
73.26333	-88
73.26500	-88
73.26667	-89
73.26833	-88
73.27000	-88
73.27167	-88
73.27333	-88
73.27500	-89
73.27667	-88
73.27833	-88
73.28000	-88
73.28167	-89
73.28333	-88
73.28500	-88
73.28667	-89
73.28833	-88
73.29000	-88
73.29167	-89
73.29333	-89
73.29500	-89
73.29667	-88
73.29833	-89
73.30000	-89
73.30167	-89
73.30333	-89
73.30500	-89
73.30667	-88
73.30833	-89
73.31000	-88
73.31167	-89
73.31333	-89
73.31500	-88
73.31667	-89
73.31833	-88
73.32000	-89
73.32167	-89
73.32333	-89
73.32500	-89
73.32667	-88
73.32833	-89
73.33000	-89
73.33167	-88
73.33333	-89
73.33500	-89
73.33667	-88
73.33833	-89
73.34000	-89
73.34167	-88
73.34333	-89
73.34500	-88
73.34667	-88
73.34833	-88
73.35000	-88
73.35167	-88
73.35333	-87
73.35500	-88
73.35667	-87
73.35833	-87
73.36000	-87
73.36167	-87
73.36333	-88
73.36500	-86
73.36667	-87
73.36833	-87
73.37000	-87
73.37167	-87
73.37333	-86
73.37500	-87
73.37667	-87
73.37833	-87
73.38000	-87
73.38167	-87
73.38333	-87
73.38500	-87
73.38667	-87
73.38833	-87
73.39000	-87
73.39167	-87
73.39333	-87
73.39500	-88
73.39667	-87
73.39833	-87
73.40000	-88
73.40167	-87
73.40333	-87
73.40500	-87
73.40667	-87
73.40833	-87
73.41000	-87
73.41167	-87
73.41333	-87
73.41500	-87
73.41667	-87
73.41833	-87
73.42000	-87
73.42167	-87
73.42333	-87
73.42500	-87
73.42667	-87
73.42833	-87
73.43000	-87
73.43167	-87
73.43333	-87
73.43500	-87
73.43667	-87
73.43833	-87
73.44000	-87
73.44167	-88
73.44333	-87
73.44500	-87
73.44667	-88
73.44833	-87
73.45000	-87
73.45167	-88
73.45333	-87
73.45500	-88
73.45667	-87
73.45833	-88
73.46000	-88
73.46167	-88
73.46333	-88
73.46500	-89
73.46667	-88
73.46833	-89
73.47000	-89
73.47167	-89
73.47333	-89
73.47500	-89
73.47667	-90
73.47833	-89
73.48000	-90
73.48167	-89
73.48333	-90
73.48500	-90
73.48667	-90
73.48833	-89
73.49000	-90
73.49167	-90
73.49333	-90
73.49500	-89
73.49667	-89
73.49833	-90
73.50000	-89
73.50167	-89
73.50333	-89
73.50500	-89
73.50667	-89
73.50833	-88
73.51000	-89
73.51167	-88
73.51333	-89
73.51500	-88
73.51667	-88
73.51833	-89
73.52000	-88
73.52167	-88
73.52333	-88
73.52500	-88
73.52667	-88
73.52833	-88
73.53000	-88
73.53167	-87
73.53333	-88
73.53500	-89
73.53667	-88
73.53833	-87
73.54000	-88
73.54167	-88
73.54333	-88
73.54500	-88
73.54667	-88
73.54833	-88
73.55000	-88
73.55167	-88
73.55333	-88
73.55500	-88
73.55667	-88
73.55833	-88
73.56000	-88
73.56167	-88
73.56333	-87
73.56500	-88
73.56667	-88
73.56833	-87
73.57000	-87
73.57167	-88
73.57333	-87
73.57500	-87
73.57667	-87
73.57833	-87
73.58000	-87
73.58167	-87
73.58333	-87
73.58500	-86
73.58667	-87
73.58833	-87
73.59000	-86
73.59167	-86
73.59333	-87
73.59500	-86
73.59667	-87
73.59833	-86
73.60000	-86
73.60167	-86
73.60333	-87
73.60500	-86
73.60667	-86
73.60833	-87
73.61000	-86
73.61167	-86
73.61333	-86
73.61500	-86
73.61667	-86
73.61833	-85
73.62000	-86
73.62167	-86
73.62333	-85
73.62500	-85
73.62667	-86
73.62833	-85
73.63000	-84
73.63167	-85
73.63333	-85
73.63500	-85
73.63667	-84
73.63833	-85
73.64000	-85
73.64167	-85
73.64333	-85
73.64500	-84
73.64667	-84
73.64833	-84
73.65000	-84
73.65167	-84
73.65333	-83
73.65500	-84
73.65667	-84
73.65833	-84
73.66000	-84
73.66167	-84
73.66333	-84
73.66500	-84
73.66667	-83
73.66833	-84
73.67000	-84
73.67167	-83
73.67333	-84
73.67500	-84
73.67667	-84
73.67833	-83
73.68000	-84
73.68167	-84
73.68333	-83
73.68500	-84
73.68667	-83
73.68833	-84
73.69000	-84
73.69167	-83
73.69333	-83
73.69500	-84
73.69667	-83
73.69833	-83
73.70000	-83
73.70167	-82
73.70333	-83
73.70500	-83
73.70667	-82
73.70833	-83
73.71000	-82
73.71167	-83
73.71333	-83
73.71500	-83
73.71667	-82
73.71833	-83
73.72000	-83
73.72167	-83
73.72333	-83
73.72500	-83
73.72667	-83
73.72833	-83
73.73000	-83
73.73167	-83
73.73333	-83
73.73500	-83
73.73667	-83
73.73833	-83
73.74000	-83
73.74167	-84
73.74333	-83
73.74500	-84
73.74667	-83
73.74833	-84
73.75000	-84
73.75167	-84
73.75333	-84
73.75500	-84
73.75667	-84
73.75833	-84
73.76000	-85
73.76167	-84
73.76333	-85
73.76500	-85
73.76667	-84
73.76833	-85
73.77000	-86
73.77167	-85
73.77333	-86
73.77500	-85
73.77667	-86
73.77833	-86
73.78000	-86
73.78167	-86
73.78333	-87
73.78500	-86
73.78667	-86
73.78833	-87
73.79000	-87
73.79167	-86
73.79333	-87
73.79500	-86
73.79667	-87
73.79833	-86
73.80000	-87
73.80167	-87
73.80333	-86
73.80500	-87
73.80667	-86
73.80833	-87
73.81000	-87
73.81167	-86
73.81333	-87
73.81500	-86
73.81667	-86
73.81833	-86
73.82000	-86
73.82167	-86
73.82333	-87
73.82500	-86
73.82667	-86
73.82833	-86
73.83000	-86
73.83167	-87
73.83333	-86
73.83500	-86
73.83667	-87
73.83833	-86
73.84000	-87
73.84167	-87
73.84333	-86
73.84500	-87
73.84667	-87
73.84833	-87
73.85000	-87
73.85167	-87
73.85333	-87
73.85500	-87
73.85667	-87
73.85833	-87
73.86000	-87
73.86167	-87
73.86333	-86
73.86500	-87
73.86667	-87
73.86833	-86
73.87000	-86
73.87167	-87
73.87333	-86
73.87500	-86
73.87667	-86
73.87833	-86
73.88000	-86
73.88167	-85
73.88333	-86
73.88500	-85
73.88667	-86
73.88833	-85
73.89000	-86
73.89167	-86
73.89333	-86
73.89500	-87
73.89667	-86
73.89833	-86
73.90000	-87
73.90167	-87
73.90333	-87
73.90500	-87
73.90667	-87
73.90833	-88
73.91000	-87
73.91167	-88
73.91333	-88
73.91500	-89
73.91667	-88
73.91833	-89
73.92000	-88
73.92167	-89
73.92333	-89
73.92500	-89
73.92667	-89
73.92833	-89
73.93000	-89
73.93167	-89
73.93333	-89
73.93500	-89
73.93667	-89
73.93833	-89
73.94000	-89
73.94167	-89
73.94333	-88
73.94500	-89
73.94667	-88
73.94833	-88
73.95000	-88
73.95167	-88
73.95333	-87
73.95500	-88
73.95667	-87
73.95833	-87
73.96000	-87
73.96167	-86
73.96333	-87
73.96500	-86
73.96667	-86
73.96833	-87
73.97000	-86
73.97167	-85
73.97333	-86
73.97500	-85
73.97667	-85
73.97833	-85
73.98000	-85
73.98167	-85
73.98333	-85
73.98500	-85
73.98667	-85
73.98833	-84
73.99000	-85
73.99167	-85
73.99333	-84
73.99500	-85
73.99667	-85
73.99833	-86
74.00000	-85
74.00167	-85
74.00333	-86
74.00500	-85
74.00667	-86
74.00833	-86
74.01000	-86
74.01167	-86
74.01333	-86
74.01500	-86
74.01667	-86
74.01833	-87
74.02000	-86
74.02167	-87
74.02333	-86
74.02500	-87
74.02667	-86
74.02833	-87
74.03000	-86
74.03167	-87
74.03333	-87
74.03500	-86
74.03667	-86
74.03833	-87
74.04000	-86
74.04167	-86
74.04333	-86
74.04500	-86
74.04667	-86
74.04833	-86
74.05000	-86
74.05167	-85
74.05333	-86
74.05500	-85
74.05667	-85
74.05833	-85
74.06000	-85
74.06167	-86
74.06333	-85
74.06500	-85
74.06667	-86
74.06833	-85
74.07000	-86
74.07167	-85
74.07333	-86
74.07500	-86
74.07667	-86
74.07833	-86
74.08000	-85
74.08167	-86
74.08333	-86
74.08500	-86
74.08667	-87
74.08833	-86
74.09000	-87
74.09167	-87
74.09333	-87
74.09500	-87
74.09667	-88
74.09833	-88
74.10000	-88
74.10167	-88
74.10333	-88
74.10500	-88
74.10667	-89
74.10833	-89
74.11000	-89
74.11167	-90
74.11333	-89
74.11500	-90
74.11667	-90
74.11833	-90
74.12000	-89
74.12167	-90
74.12333	-91
74.12500	-90
74.12667	-90
74.12833	-89
74.13000	-90
74.13167	-90
74.13333	-90
74.13500	-89
74.13667	-90
74.13833	-90
74.14000	-89
74.14167	-89
74.14333	-89
74.14500	-89
74.14667	-90
74.14833	-89
74.15000	-89
74.15167	-89
74.15333	-89
74.15500	-90
74.15667	-89
74.15833	-89
74.16000	-90
74.16167	-89
74.16333	-90
74.16500	-90
74.16667	-90
74.16833	-90
74.17000	-90
74.17167	-90
74.17333	-91
74.17500	-91
74.17667	-91
74.17833	-91
74.18000	-90
74.18167	-92
74.18333	-91
74.18500	-92
74.18667	-91
74.18833	-92
74.19000	-92
74.19167	-92
74.19333	-91
74.19500	-93
74.19667	-92
74.19833	-92
74.20000	-92
74.20167	-92
74.20333	-92
74.20500	-92
74.20667	-92
74.20833	-92
74.21000	-91
74.21167	-92
74.21333	-92
74.21500	-91
74.21667	-91
74.21833	-92
74.22000	-91
74.22167	-91
74.22333	-90
74.22500	-91
74.22667	-91
74.22833	-91
74.23000	-91
74.23167	-90
74.23333	-90
74.23500	-90
74.23667	-90
74.23833	-90
74.24000	-90
74.24167	-89
74.24333	-90
74.24500	-89
74.24667	-89
74.24833	-90
74.25000	-89
74.25167	-89
74.25333	-88
74.25500	-89
74.25667	-89
74.25833	-89
74.26000	-88
74.26167	-89
74.26333	-88
74.26500	-88
74.26667	-88
74.26833	-88
74.27000	-87
74.27167	-88
74.27333	-87
74.27500	-88
74.27667	-87
74.27833	-87
74.28000	-87
74.28167	-88
74.28333	-87
74.28500	-87
74.28667	-86
74.28833	-87
74.29000	-87
74.29167	-86
74.29333	-87
74.29500	-86
74.29667	-87
74.29833	-87
74.30000	-86
74.30167	-87
74.30333	-86
74.30500	-86
74.30667	-86
74.30833	-87
74.31000	-86
74.31167	-86
74.31333	-86
74.31500	-86
74.31667	-87
74.31833	-86
74.32000	-86
74.32167	-87
74.32333	-86
74.32500	-86
74.32667	-87
74.32833	-86
74.33000	-86
74.33167	-87
74.33333	-86
74.33500	-86
74.33667	-87
74.33833	-86
74.34000	-86
74.34167	-87
74.34333	-86
74.34500	-87
74.34667	-86
74.34833	-87
74.35000	-86
74.35167	-87
74.35333	-86
74.35500	-87
74.35667	-87
74.35833	-86
74.36000	-87
74.36167	-86
74.36333	-87
74.36500	-87
74.36667	-86
74.36833	-87
74.37000	-87
74.37167	-87
74.37333	-86
74.37500	-87
74.37667	-87
74.37833	-87
74.38000	-86
74.38167	-87
74.38333	-87
74.38500	-87
74.38667	-86
74.38833	-87
74.39000	-87
74.39167	-86
74.39333	-87
74.39500	-86
74.39667	-87
74.39833	-86
74.40000	-87
74.40167	-86
74.40333	-87
74.40500	-86
74.40667	-87
74.40833	-86
74.41000	-87
74.41167	-86
74.41333	-87
74.41500	-86
74.41667	-87
74.41833	-86
74.42000	-87
74.42167	-87
74.42333	-86
74.42500	-87
74.42667	-86
74.42833	-87
74.43000	-86
74.43167	-87
74.43333	-87
74.43500	-86
74.43667	-87
74.43833	-86
74.44000	-87
74.44167	-86
74.44333	-86
74.44500	-87
74.44667	-86
74.44833	-85
74.45000	-86
74.45167	-86
74.45333	-86
74.45500	-86
74.45667	-85
74.45833	-85
74.46000	-86
74.46167	-85
74.46333	-85
74.46500	-84
74.46667	-85
74.46833	-85
74.47000	-85
74.47167	-86
74.47333	-85
74.47500	-85
74.47667	-85
74.47833	-85
74.48000	-84
74.48167	-85
74.48333	-85
74.48500	-85
74.48667	-85
74.48833	-86
74.49000	-85
74.49167	-86
74.49333	-86
74.49500	-85
74.49667	-87
74.49833	-86
74.50000	-86
74.50167	-87
74.50333	-87
74.50500	-87
74.50667	-87
74.50833	-87
74.51000	-88
74.51167	-87
74.51333	-87
74.51500	-88
74.51667	-88
74.51833	-88
74.52000	-87
74.52167	-88
74.52333	-88
74.52500	-88
74.52667	-88
74.52833	-89
74.53000	-88
74.53167	-88
74.53333	-89
74.53500	-88
74.53667	-89
74.53833	-88
74.54000	-89
74.54167	-88
74.54333	-89
74.54500	-89
74.54667	-88
74.54833	-89
74.55000	-88
74.55167	-89
74.55333	-88
74.55500	-89
74.55667	-88
74.55833	-89
74.56000	-89
74.56167	-88
74.56333	-89
74.56500	-89
74.56667	-88
74.56833	-89
74.57000	-88
74.57167	-88
74.57333	-88
74.57500	-89
74.57667	-88
74.57833	-88
74.58000	-88
74.58167	-88
74.58333	-88
74.58500	-87
74.58667	-88
74.58833	-88
74.59000	-87
74.59167	-88
74.59333	-87
74.59500	-87
74.59667	-88
74.59833	-86
74.60000	-87
74.60167	-87
74.60333	-87
74.60500	-86
74.60667	-87
74.60833	-86
74.61000	-87
74.61167	-86
74.61333	-86
74.61500	-86
74.61667	-86
74.61833	-86
74.62000	-86
74.62167	-86
74.62333	-86
74.62500	-86
74.62667	-85
74.62833	-86
74.63000	-85
74.63167	-86
74.63333	-86
74.63500	-85
74.63667	-86
74.63833	-86
74.64000	-86
74.64167	-86
74.64333	-86
74.64500	-86
74.64667	-86
74.64833	-86
74.65000	-86
74.65167	-87
74.65333	-86
74.65500	-86
74.65667	-86
74.65833	-86
74.66000	-87
74.66167	-86
74.66333	-86
74.66500	-86
74.66667	-86
74.66833	-86
74.67000	-86
74.67167	-86
74.67333	-85
74.67500	-86
74.67667	-85
74.67833	-86
74.68000	-85
74.68167	-85
74.68333	-85
74.68500	-85
74.68667	-84
74.68833	-85
74.69000	-85
74.69167	-84
74.69333	-84
74.69500	-85
74.69667	-84
74.69833	-83
74.70000	-84
74.70167	-84
74.70333	-83
74.70500	-84
74.70667	-83
74.70833	-83
74.71000	-83
74.71167	-82
74.71333	-83
74.71500	-83
74.71667	-82
74.71833	-83
74.72000	-82
74.72167	-83
74.72333	-82
74.72500	-82
74.72667	-83
74.72833	-82
74.73000	-83
74.73167	-82
74.73333	-82
74.73500	-83
74.73667	-82
74.73833	-82
74.74000	-83
74.74167	-82
74.74333	-83
74.74500	-82
74.74667	-83
74.74833	-83
74.75000	-83
74.75167	-83
74.75333	-83
74.75500	-84
74.75667	-83
74.75833	-83
74.76000	-84
74.76167	-83
74.76333	-84
74.76500	-84
74.76667	-83
74.76833	-84
74.77000	-84
74.77167	-84
74.77333	-83
74.77500	-84
74.77667	-84
74.77833	-84
74.78000	-84
74.78167	-83
74.78333	-83
74.78500	-84
74.78667	-83
74.78833	-83
74.79000	-83
74.79167	-82
74.79333	-83
74.79500	-82
74.79667	-83
74.79833	-82
74.80000	-82
74.80167	-82
74.80333	-82
74.80500	-81
74.80667	-82
74.80833	-81
74.81000	-81
74.81167	-81
74.81333	-81
74.81500	-81
74.81667	-81
74.81833	-81
74.82000	-81
74.82167	-80
74.82333	-81
74.82500	-81
74.82667	-81
74.82833	-80
74.83000	-81
74.83167	-81
74.83333	-81
74.83500	-80
74.83667	-81
74.83833	-81
74.84000	-81
74.84167	-82
74.84333	-81
74.84500	-81
74.84667	-82
74.84833	-82
74.85000	-82
74.85167	-82
74.85333	-82
74.85500	-83
74.85667	-83
74.85833	-83
74.86000	-83
74.86167	-83
74.86333	-84
74.86500	-84
74.86667	-84
74.86833	-85
74.87000	-84
74.87167	-85
74.87333	-85
74.87500	-86
74.87667	-85
74.87833	-86
74.88000	-86
74.88167	-86
74.88333	-87
74.88500	-86
74.88667	-87
74.88833	-87
74.89000	-87
74.89167	-87
74.89333	-87
74.89500	-88
74.89667	-87
74.89833	-88
74.90000	-87
74.90167	-88
74.90333	-88
74.90500	-88
74.90667	-88
74.90833	-87
74.91000	-88
74.91167	-88
74.91333	-89
74.91500	-88
74.91667	-88
74.91833	-88
74.92000	-88
74.92167	-89
74.92333	-88
74.92500	-89
74.92667	-89
74.92833	-88
74.93000	-89
74.93167	-89
74.93333	-89
74.93500	-88
74.93667	-89
74.93833	-88
74.94000	-88
74.94167	-88
74.94333	-88
74.94500	-88
74.94667	-88
74.94833	-88
74.95000	-88
74.95167	-87
74.95333	-88
74.95500	-87
74.95667	-88
74.95833	-87
74.96000	-87
74.96167	-87
74.96333	-87
74.96500	-86
74.96667	-86
74.96833	-86
74.97000	-86
74.97167	-85
74.97333	-85
74.97500	-84
74.97667	-85
74.97833	-84
74.98000	-84
74.98167	-83
74.98333	-84
74.98500	-83
74.98667	-83
74.98833	-83
74.99000	-83
74.99167	-83
74.99333	-82
74.99500	-82
74.99667	-82
74.99833	-82
75.00000	-82
75.00167	-81
75.00333	-81
75.00500	-82
75.00667	-81
75.00833	-82
75.01000	-82
75.01167	-81
75.01333	-82
75.01500	-81
75.01667	-82
75.01833	-81
75.02000	-81
75.02167	-82
75.02333	-81
75.02500	-82
75.02667	-81
75.02833	-82
75.03000	-82
75.03167	-81
75.03333	-82
75.03500	-82
75.03667	-82
75.03833	-82
75.04000	-82
75.04167	-82
75.04333	-82
75.04500	-82
75.04667	-83
75.04833	-82
75.05000	-82
75.05167	-82
75.05333	-82
75.05500	-82
75.05667	-82
75.05833	-82
75.06000	-82
75.06167	-82
75.06333	-82
75.06500	-82
75.06667	-82
75.06833	-81
75.07000	-82
75.07167	-82
75.07333	-82
75.07500	-82
75.07667	-82
75.07833	-81
75.08000	-82
75.08167	-83
75.08333	-82
75.08500	-82
75.08667	-83
75.08833	-82
75.09000	-83
75.09167	-83
75.09333	-82
75.09500	-83
75.09667	-83
75.09833	-83
75.10000	-84
75.10167	-83
75.10333	-84
75.10500	-84
75.10667	-84
75.10833	-85
75.11000	-84
75.11167	-85
75.11333	-85
75.11500	-85
75.11667	-86
75.11833	-85
75.12000	-86
75.12167	-85
75.12333	-86
75.12500	-86
75.12667	-86
75.12833	-86
75.13000	-86
75.13167	-86
75.13333	-86
75.13500	-86
75.13667	-86
75.13833	-86
75.14000	-86
75.14167	-86
75.14333	-86
75.14500	-86
75.14667	-85
75.14833	-86
75.15000	-85
75.15167	-86
75.15333	-85
75.15500	-85
75.15667	-84
75.15833	-85
75.16000	-84
75.16167	-85
75.16333	-84
75.16500	-84
75.16667	-84
75.16833	-85
75.17000	-84
75.17167	-84
75.17333	-84
75.17500	-84
75.17667	-84
75.17833	-84
75.18000	-84
75.18167	-85
75.18333	-85
75.18500	-84
75.18667	-86
75.18833	-85
75.19000	-85
75.19167	-85
75.19333	-85
75.19500	-86
75.19667	-85
75.19833	-85
75.20000	-85
75.20167	-86
75.20333	-85
75.20500	-85
75.20667	-86
75.20833	-85
75.21000	-86
75.21167	-85
75.21333	-85
75.21500	-86
75.21667	-85
75.21833	-86
75.22000	-85
75.22167	-85
75.22333	-86
75.22500	-85
75.22667	-85
75.22833	-85
75.23000	-85
75.23167	-85
75.23333	-85
75.23500	-85
75.23667	-85
75.23833	-84
75.24000	-85
75.24167	-84
75.24333	-84
75.24500	-85
75.24667	-84
75.24833	-84
75.25000	-84
75.25167	-84
75.25333	-84
75.25500	-84
75.25667	-84
75.25833	-83
75.26000	-84
75.26167	-84
75.26333	-83
75.26500	-84
75.26667	-83
75.26833	-84
75.27000	-83
75.27167	-83
75.27333	-84
75.27500	-83
75.27667	-84
75.27833	-83
75.28000	-83
75.28167	-84
75.28333	-83
75.28500	-83
75.28667	-84
75.28833	-83
75.29000	-83
75.29167	-83
75.29333	-83
75.29500	-83
75.29667	-83
75.29833	-83
75.30000	-83
75.30167	-83
75.30333	-82
75.30500	-83
75.30667	-83
75.30833	-83
75.31000	-82
75.31167	-83
75.31333	-83
75.31500	-82
75.31667	-82
75.31833	-83
75.32000	-82
75.32167	-83
75.32333	-83
75.32500	-82
75.32667	-83
75.32833	-83
75.33000	-83
75.33167	-83
75.33333	-83
75.33500	-83
75.33667	-83
75.33833	-83
75.34000	-84
75.34167	-83
75.34333	-83
75.34500	-84
75.34667	-83
75.34833	-84
75.35000	-83
75.35167	-83
75.35333	-84
75.35500	-84
75.35667	-83
75.35833	-84
75.36000	-84
75.36167	-84
75.36333	-84
75.36500	-83
75.36667	-84
75.36833	-84
75.37000	-84
75.37167	-84
75.37333	-84
75.37500	-83
75.37667	-84
75.37833	-84
75.38000	-83
75.38167	-84
75.38333	-84
75.38500	-85
75.38667	-83
75.38833	-84
75.39000	-84
75.39167	-83
75.39333	-84
75.39500	-83
75.39667	-84
75.39833	-83
75.40000	-83
75.40167	-83
75.40333	-83
75.40500	-83
75.40667	-83
75.40833	-83
75.41000	-82
75.41167	-83
75.41333	-82
75.41500	-83
75.41667	-82
75.41833	-82
75.42000	-82
75.42167	-82
75.42333	-83
75.42500	-82
75.42667	-82
75.42833	-82
75.43000	-82
75.43167	-82
75.43333	-83
75.43500	-82
75.43667	-83
75.43833	-83
75.44000	-82
75.44167	-83
75.44333	-82
75.44500	-83
75.44667	-83
75.44833	-83
75.45000	-83
75.45167	-83
75.45333	-83
75.45500	-83
75.45667	-84
75.45833	-83
75.46000	-83
75.46167	-84
75.46333	-84
75.46500	-83
75.46667	-84
75.46833	-84
75.47000	-84
75.47167	-84
75.47333	-84
75.47500	-85
75.47667	-84
75.47833	-84
75.48000	-85
75.48167	-84
75.48333	-85
75.48500	-84
75.48667	-85
75.48833	-84
75.49000	-84
75.49167	-84
75.49333	-85
75.49500	-84
75.49667	-83
75.49833	-84
75.50000	-84
75.50167	-84
75.50333	-83
75.50500	-83
75.50667	-83
75.50833	-83
75.51000	-83
75.51167	-82
75.51333	-83
75.51500	-82
75.51667	-82
75.51833	-82
75.52000	-81
75.52167	-82
75.52333	-81
75.52500	-82
75.52667	-81
75.52833	-81
75.53000	-82
75.53167	-81
75.53333	-82
75.53500	-82
75.53667	-82
75.53833	-82
75.54000	-82
75.54167	-83
75.54333	-82
75.54500	-83
75.54667	-83
75.54833	-84
75.55000	-83
75.55167	-83
75.55333	-84
75.55500	-84
75.55667	-84
75.55833	-85
75.56000	-84
75.56167	-85
75.56333	-85
75.56500	-85
75.56667	-85
75.56833	-85
75.57000	-85
75.57167	-85
75.57333	-85
75.57500	-85
75.57667	-85
75.57833	-85
75.58000	-85
75.58167	-85
75.58333	-85
75.58500	-84
75.58667	-84
75.58833	-84
75.59000	-84
75.59167	-83
75.59333	-84
75.59500	-83
75.59667	-83
75.59833	-82
75.60000	-83
75.60167	-82
75.60333	-82
75.60500	-82
75.60667	-82
75.60833	-81
75.61000	-81
75.61167	-81
75.61333	-81
75.61500	-81
75.61667	-81
75.61833	-82
75.62000	-81
75.62167	-81
75.62333	-82
75.62500	-81
75.62667	-82
75.62833	-81
75.63000	-82
75.63167	-81
75.63333	-82
75.63500	-82
75.63667	-82
75.63833	-82
75.64000	-82
75.64167	-82
75.64333	-82
75.64500	-83
75.64667	-82
75.64833	-83
75.65000	-82
75.65167	-83
75.65333	-82
75.65500	-83
75.65667	-82
75.65833	-83
75.66000	-82
75.66167	-82
75.66333	-82
75.66500	-82
75.66667	-82
75.66833	-82
75.67000	-82
75.67167	-82
75.67333	-82
75.67500	-81
75.67667	-81
75.67833	-81
75.68000	-81
75.68167	-81
75.68333	-81
75.68500	-81
75.68667	-81
75.68833	-81
75.69000	-81
75.69167	-81
75.69333	-81
75.69500	-81
75.69667	-81
75.69833	-81
75.70000	-81
75.70167	-81
75.70333	-81
75.70500	-82
75.70667	-81
75.70833	-82
75.71000	-82
75.71167	-82
75.71333	-82
75.71500	-82
75.71667	-83
75.71833	-82
75.72000	-83
75.72167	-83
75.72333	-83
75.72500	-84
75.72667	-83
75.72833	-83
75.73000	-84
75.73167	-83
75.73333	-84
75.73500	-83
75.73667	-84
75.73833	-84
75.74000	-83
75.74167	-83
75.74333	-83
75.74500	-83
75.74667	-83
75.74833	-83
75.75000	-83
75.75167	-83
75.75333	-83
75.75500	-83
75.75667	-83
75.75833	-82
75.76000	-83
75.76167	-83
75.76333	-82
75.76500	-83
75.76667	-83
75.76833	-82
75.77000	-83
75.77167	-83
75.77333	-83
75.77500	-83
75.77667	-82
75.77833	-83
75.78000	-83
75.78167	-83
75.78333	-84
75.78500	-83
75.78667	-83
75.78833	-83
75.79000	-83
75.79167	-83
75.79333	-83
75.79500	-84
75.79667	-83
75.79833	-84
75.80000	-84
75.80167	-83
75.80333	-84
75.80500	-84
75.80667	-84
75.80833	-83
75.81000	-85
75.81167	-84
75.81333	-84
75.81500	-84
75.81667	-85
75.81833	-84
75.82000	-84
75.82167	-85
75.82333	-84
75.82500	-84
75.82667	-84
75.82833	-84
75.83000	-84
75.83167	-83
75.83333	-84
75.83500	-83
75.83667	-83
75.83833	-84
75.84000	-83
75.84167	-83
75.84333	-83
75.84500	-83
75.84667	-83
75.84833	-82
75.85000	-83
75.85167	-82
75.85333	-82
75.85500	-83
75.85667	-82
75.85833	-82
75.86000	-81
75.86167	-82
75.86333	-81
75.86500	-82
75.86667	-81
75.86833	-82
75.87000	-81
75.87167	-82
75.87333	-81
75.87500	-82
75.87667	-82
75.87833	-81
75.88000	-82
75.88167	-81
75.88333	-82
75.88500	-81
75.88667	-82
75.88833	-81
75.89000	-82
75.89167	-82
75.89333	-82
75.89500	-82
75.89667	-82
75.89833	-82
75.90000	-82
75.90167	-83
75.90333	-82
75.90500	-82
75.90667	-83
75.90833	-82
75.91000	-83
75.91167	-83
75.91333	-82
75.91500	-84
75.91667	-83
75.91833	-83
75.92000	-83
75.92167	-83
75.92333	-83
75.92500	-83
75.92667	-84
75.92833	-83
75.93000	-84
75.93167	-83
75.93333	-84
75.93500	-83
75.93667	-84
75.93833	-83
75.94000	-84
75.94167	-84
75.94333	-84
75.94500	-84
75.94667	-84
75.94833	-84
75.95000	-84
75.95167	-83
75.95333	-84
75.95500	-84
75.95667	-84
75.95833	-84
75.96000	-83
75.96167	-84
75.96333	-83
75.96500	-84
75.96667	-83
75.96833	-84
75.97000	-83
75.97167	-83
75.97333	-83
75.97500	-84
75.97667	-83
75.97833	-84
75.98000	-83
75.98167	-84
75.98333	-84
75.98500	-83
75.98667	-84
75.98833	-84
75.99000	-83
75.99167	-84
75.99333	-84
75.99500	-84
75.99667	-84
75.99833	-84
76.00000	-84
76.00167	-84
76.00333	-84
76.00500	-84
76.00667	-85
76.00833	-84
76.01000	-85
76.01167	-84
76.01333	-84
76.01500	-85
76.01667	-84
76.01833	-84
76.02000	-84
76.02167	-84
76.02333	-84
76.02500	-84
76.02667	-84
76.02833	-83
76.03000	-84
76.03167	-84
76.03333	-83
76.03500	-83
76.03667	-84
76.03833	-83
76.04000	-83
76.04167	-82
76.04333	-83
76.04500	-83
76.04667	-83
76.04833	-82
76.05000	-83
76.05167	-82
76.05333	-82
76.05500	-83
76.05667	-82
76.05833	-82
76.06000	-82
76.06167	-82
76.06333	-82
76.06500	-82
76.06667	-82
76.06833	-82
76.07000	-82
76.07167	-81
76.07333	-82
76.07500	-82
76.07667	-82
76.07833	-82
76.08000	-81
76.08167	-82
76.08333	-81
76.08500	-82
76.08667	-81
76.08833	-82
76.09000	-81
76.09167	-82
76.09333	-81
76.09500	-82
76.09667	-81
76.09833	-82
76.10000	-81
76.10167	-82
76.10333	-81
76.10500	-82
76.10667	-81
76.10833	-82
76.11000	-81
76.11167	-82
76.11333	-81
76.11500	-82
76.11667	-81
76.11833	-82
76.12000	-82
76.12167	-81
76.12333	-82
76.12500	-81
76.12667	-82
76.12833	-81
76.13000	-81
76.13167	-82
76.13333	-81
76.13500	-82
76.13667	-82
76.13833	-82
76.14000	-82
76.14167	-82
76.14333	-82
76.14500	-82
76.14667	-83
76.14833	-82
76.15000	-83
76.15167	-83
76.15333	-83
76.15500	-83
76.15667	-83
76.15833	-84
76.16000	-83
76.16167	-84
76.16333	-83
76.16500	-84
76.16667	-83
76.16833	-84
76.17000	-83
76.17167	-84
76.17333	-83
76.17500	-83
76.17667	-84
76.17833	-83
76.18000	-84
76.18167	-83
76.18333	-84
76.18500	-84
76.18667	-83
76.18833	-84
76.19000	-84
76.19167	-84
76.19333	-84
76.19500	-84
76.19667	-84
76.19833	-84
76.20000	-84
76.20167	-84
76.20333	-85
76.20500	-84
76.20667	-84
76.20833	-85
76.21000	-85
76.21167	-84
76.21333	-85
76.21500	-86
76.21667	-85
76.21833	-85
76.22000	-85
76.22167	-86
76.22333	-85
76.22500	-85
76.22667	-86
76.22833	-86
76.23000	-85
76.23167	-86
76.23333	-86
76.23500	-86
76.23667	-86
76.23833	-85
76.24000	-86
76.24167	-86
76.24333	-85
76.24500	-86
76.24667	-86
76.24833	-85
76.25000	-85
76.25167	-85
76.25333	-85
76.25500	-85
76.25667	-84
76.25833	-85
76.26000	-84
76.26167	-85
76.26333	-84
76.26500	-84
76.26667	-84
76.26833	-84
76.27000	-84
76.27167	-84
76.27333	-84
76.27500	-83
76.27667	-84
76.27833	-83
76.28000	-84
76.28167	-83
76.28333	-84
76.28500	-83
76.28667	-84
76.28833	-83
76.29000	-84
76.29167	-84
76.29333	-83
76.29500	-84
76.29667	-84
76.29833	-84
76.30000	-84
76.30167	-85
76.30333	-84
76.30500	-85
76.30667	-85
76.30833	-84
76.31000	-85
76.31167	-85
76.31333	-85
76.31500	-85
76.31667	-85
76.31833	-85
76.32000	-85
76.32167	-85
76.32333	-85
76.32500	-84
76.32667	-85
76.32833	-85
76.33000	-84
76.33167	-84
76.33333	-84
76.33500	-84
76.33667	-84
76.33833	-83
76.34000	-83
76.34167	-84
76.34333	-82
76.34500	-83
76.34667	-82
76.34833	-83
76.35000	-81
76.35167	-82
76.35333	-81
76.35500	-81
76.35667	-80
76.35833	-80
76.36000	-80
76.36167	-80
76.36333	-80
76.36500	-79
76.36667	-80
76.36833	-79
76.37000	-79
76.37167	-80
76.37333	-79
76.37500	-79
76.37667	-79
76.37833	-79
76.38000	-79
76.38167	-79
76.38333	-79
76.38500	-79
76.38667	-79
76.38833	-80
76.39000	-79
76.39167	-79
76.39333	-80
76.39500	-79
76.39667	-80
76.39833	-79
76.40000	-80
76.40167	-80
76.40333	-80
76.40500	-81
76.40667	-80
76.40833	-81
76.41000	-80
76.41167	-81
76.41333	-81
76.41500	-81
76.41667	-81
76.41833	-81
76.42000	-82
76.42167	-82
76.42333	-82
76.42500	-82
76.42667	-82
76.42833	-83
76.43000	-82
76.43167	-83
76.43333	-83
76.43500	-83
76.43667	-83
76.43833	-83
76.44000	-84
76.44167	-83
76.44333	-84
76.44500	-84
76.44667	-84
76.44833	-84
76.45000	-85
76.45167	-84
76.45333	-84
76.45500	-85
76.45667	-84
76.45833	-85
76.46000	-85
76.46167	-84
76.46333	-85
76.46500	-85
76.46667	-84
76.46833	-85
76.47000	-86
76.47167	-85
76.47333	-85
76.47500	-86
76.47667	-85
76.47833	-86
76.48000	-86
76.48167	-86
76.48333	-85
76.48500	-86
76.48667	-86
76.48833	-85
76.49000	-86
76.49167	-86
76.49333	-85
76.49500	-86
76.49667	-85
76.49833	-85
76.50000	-85
76.50167	-85
76.50333	-85
76.50500	-85
76.50667	-84
76.50833	-85
76.51000	-84
76.51167	-84
76.51333	-84
76.51500	-84
76.51667	-84
76.51833	-83
76.52000	-84
76.52167	-83
76.52333	-83
76.52500	-84
76.52667	-83
76.52833	-83
76.53000	-83
76.53167	-83
76.53333	-83
76.53500	-83
76.53667	-82
76.53833	-82
76.54000	-83
76.54167	-82
76.54333	-82
76.54500	-83
76.54667	-82
76.54833	-82
76.55000	-82
76.55167	-82
76.55333	-81
76.55500	-82
76.55667	-82
76.55833	-82
76.56000	-81
76.56167	-82
76.56333	-81
76.56500	-81
76.56667	-81
76.56833	-81
76.57000	-81
76.57167	-80
76.57333	-81
76.57500	-81
76.57667	-80
76.57833	-81
76.58000	-80
76.58167	-81
76.58333	-80
76.58500	-80
76.58667	-80
76.58833	-80
76.59000	-80
76.59167	-81
76.59333	-80
76.59500	-80
76.59667	-80
76.59833	-80
76.60000	-80
76.60167	-80
76.60333	-80
76.60500	-80
76.60667	-80
76.60833	-80
76.61000	-79
76.61167	-80
76.61333	-80
76.61500	-81
76.61667	-80
76.61833	-80
76.62000	-80
76.62167	-79
76.62333	-80
76.62500	-80
76.62667	-80
76.62833	-80
76.63000	-80
76.63167	-80
76.63333	-80
76.63500	-80
76.63667	-81
76.63833	-80
76.64000	-81
76.64167	-80
76.64333	-81
76.64500	-81
76.64667	-80
76.64833	-81
76.65000	-81
76.65167	-81
76.65333	-81
76.65500	-81
76.65667	-82
76.65833	-81
76.66000	-81
76.66167	-82
76.66333	-81
76.66500	-82
76.66667	-81
76.66833	-82
76.67000	-81
76.67167	-82
76.67333	-82
76.67500	-81
76.67667	-81
76.67833	-82
76.68000	-81
76.68167	-82
76.68333	-81
76.68500	-81
76.68667	-81
76.68833	-81
76.69000	-81
76.69167	-81
76.69333	-81
76.69500	-80
76.69667	-81
76.69833	-80
76.70000	-80
76.70167	-81
76.70333	-79
76.70500	-80
76.70667	-80
76.70833	-80
76.71000	-79
76.71167	-79
76.71333	-79
76.71500	-80
76.71667	-78
76.71833	-79
76.72000	-79
76.72167	-78
76.72333	-79
76.72500	-78
76.72667	-79
76.72833	-78
76.73000	-78
76.73167	-78
76.73333	-78
76.73500	-79
76.73667	-77
76.73833	-78
76.74000	-78
76.74167	-78
76.74333	-79
76.74500	-77
76.74667	-78
76.74833	-78
76.75000	-79
76.75167	-78
76.75333	-78
76.75500	-79
76.75667	-78
76.75833	-79
76.76000	-78
76.76167	-79
76.76333	-79
76.76500	-79
76.76667	-79
76.76833	-79
76.77000	-80
76.77167	-80
76.77333	-80
76.77500	-80
76.77667	-80
76.77833	-80
76.78000	-81
76.78167	-81
76.78333	-81
76.78500	-81
76.78667	-81
76.78833	-82
76.79000	-82
76.79167	-81
76.79333	-82
76.79500	-83
76.79667	-82
76.79833	-82
76.80000	-83
76.80167	-82
76.80333	-83
76.80500	-82
76.80667	-83
76.80833	-83
76.81000	-82
76.81167	-83
76.81333	-82
76.81500	-83
76.81667	-83
76.81833	-82
76.82000	-83
76.82167	-83
76.82333	-83
76.82500	-83
76.82667	-82
76.82833	-83
76.83000	-83
76.83167	-83
76.83333	-83
76.83500	-83
76.83667	-83
76.83833	-82
76.84000	-83
76.84167	-82
76.84333	-83
76.84500	-82
76.84667	-83
76.84833	-82
76.85000	-83
76.85167	-82
76.85333	-83
76.85500	-82
76.85667	-83
76.85833	-82
76.86000	-82
76.86167	-82
76.86333	-82
76.86500	-83
76.86667	-82
76.86833	-82
76.87000	-82
76.87167	-82
76.87333	-82
76.87500	-81
76.87667	-82
76.87833	-81
76.88000	-82
76.88167	-81
76.88333	-82
76.88500	-81
76.88667	-81
76.88833	-81
76.89000	-82
76.89167	-81
76.89333	-81
76.89500	-80
76.89667	-81
76.89833	-81
76.90000	-80
76.90167	-81
76.90333	-80
76.90500	-81
76.90667	-80
76.90833	-80
76.91000	-80
76.91167	-81
76.91333	-80
76.91500	-80
76.91667	-80
76.91833	-80
76.92000	-81
76.92167	-80
76.92333	-80
76.92500	-80
76.92667	-81
76.92833	-80
76.93000	-80
76.93167	-80
76.93333	-80
76.93500	-80
76.93667	-79
76.93833	-80
76.94000	-79
76.94167	-79
76.94333	-80
76.94500	-79
76.94667	-79
76.94833	-79
76.95000	-78
76.95167	-79
76.95333	-79
76.95500	-78
76.95667	-79
76.95833	-78
76.96000	-79
76.96167	-78
76.96333	-79
76.96500	-78
76.96667	-78
76.96833	-79
76.97000	-78
76.97167	-79
76.97333	-78
76.97500	-79
76.97667	-78
76.97833	-79
76.98000	-78
76.98167	-79
76.98333	-79
76.98500	-78
76.98667	-79
76.98833	-79
76.99000	-79
76.99167	-78
76.99333	-79
76.99500	-79
76.99667	-79
76.99833	-79
77.00000	-79
77.00167	-78
77.00333	-79
77.00500	-79
77.00667	-79
77.00833	-78
77.01000	-79
77.01167	-79
77.01333	-79
77.01500	-79
77.01667	-79
77.01833	-80
77.02000	-79
77.02167	-80
77.02333	-80
77.02500	-80
77.02667	-80
77.02833	-81
77.03000	-80
77.03167	-81
77.03333	-81
77.03500	-81
77.03667	-81
77.03833	-81
77.04000	-82
77.04167	-82
77.04333	-81
77.04500	-82
77.04667	-82
77.04833	-82
77.05000	-82
77.05167	-82
77.05333	-82
77.05500	-82
77.05667	-82
77.05833	-82
77.06000	-83
77.06167	-81
77.06333	-82
77.06500	-83
77.06667	-82
77.06833	-82
77.07000	-83
77.07167	-82
77.07333	-82
77.07500	-82
77.07667	-82
77.07833	-82
77.08000	-82
77.08167	-82
77.08333	-82
77.08500	-82
77.08667	-83
77.08833	-82
77.09000	-82
77.09167	-82
77.09333	-82
77.09500	-82
77.09667	-83
77.09833	-82
77.10000	-82
77.10167	-82
77.10333	-82
77.10500	-82
77.10667	-82
77.10833	-82
77.11000	-82
77.11167	-82
77.11333	-82
77.11500	-82
77.11667	-81
77.11833	-82
77.12000	-82
77.12167	-81
77.12333	-82
77.12500	-82
77.12667	-81
77.12833	-81
77.13000	-82
77.13167	-82
77.13333	-81
77.13500	-82
77.13667	-81
77.13833	-82
77.14000	-81
77.14167	-81
77.14333	-81
77.14500	-82
77.14667	-81
77.14833	-81
77.15000	-81
77.15167	-82
77.15333	-81
77.15500	-81
77.15667	-81
77.15833	-81
77.16000	-81
77.16167	-81
77.16333	-80
77.16500	-81
77.16667	-80
77.16833	-81
77.17000	-80
77.17167	-80
77.17333	-81
77.17500	-80
77.17667	-80
77.17833	-80
77.18000	-79
77.18167	-80
77.18333	-80
77.18500	-81
77.18667	-80
77.18833	-80
77.19000	-81
77.19167	-81
77.19333	-81
77.19500	-82
77.19667	-82
77.19833	-82
77.20000	-82
77.20167	-83
77.20333	-83
77.20500	-83
77.20667	-84
77.20833	-84
77.21000	-84
77.21167	-84
77.21333	-84
77.21500	-84
77.21667	-84
77.21833	-85
77.22000	-84
77.22167	-85
77.22333	-85
77.22500	-85
77.22667	-85
77.22833	-85
77.23000	-85
77.23167	-85
77.23333	-85
77.23500	-85
77.23667	-85
77.23833	-85
77.24000	-85
77.24167	-86
77.24333	-85
77.24500	-85
77.24667	-85
77.24833	-85
77.25000	-85
77.25167	-85
77.25333	-86
77.25500	-85
77.25667	-86
77.25833	-86
77.26000	-85
77.26167	-86
77.26333	-86
77.26500	-86
77.26667	-86
77.26833	-86
77.27000	-86
77.27167	-86
77.27333	-86
77.27500	-86
77.27667	-86
77.27833	-85
77.28000	-86
77.28167	-86
77.28333	-85
77.28500	-86
77.28667	-85
77.28833	-86
77.29000	-85
77.29167	-86
77.29333	-85
77.29500	-85
77.29667	-84
77.29833	-85
77.30000	-84
77.30167	-85
77.30333	-84
77.30500	-84
77.30667	-84
77.30833	-84
77.31000	-84
77.31167	-84
77.31333	-85
77.31500	-84
77.31667	-84
77.31833	-84
77.32000	-84
77.32167	-84
77.32333	-85
77.32500	-84
77.32667	-84
77.32833	-84
77.33000	-84
77.33167	-85
77.33333	-84
77.33500	-84
77.33667	-84
77.33833	-84
77.34000	-84
77.34167	-84
77.34333	-84
77.34500	-84
77.34667	-84
77.34833	-84
77.35000	-84
77.35167	-84
77.35333	-84
77.35500	-83
77.35667	-83
77.35833	-84
77.36000	-83
77.36167	-83
77.36333	-83
77.36500	-83
77.36667	-83
77.36833	-83
77.37000	-82
77.37167	-83
77.37333	-82
77.37500	-82
77.37667	-82
77.37833	-82
77.38000	-82
77.38167	-82
77.38333	-81
77.38500	-82
77.38667	-81
77.38833	-81
77.39000	-81
77.39167	-81
77.39333	-81
77.39500	-81
77.39667	-80
77.39833	-81
77.40000	-80
77.40167	-81
77.40333	-80
77.40500	-80
77.40667	-81
77.40833	-81
77.41000	-80
77.41167	-81
77.41333	-80
77.41500	-81
77.41667	-80
77.41833	-81
77.42000	-81
77.42167	-81
77.42333	-82
77.42500	-81
77.42667	-82
77.42833	-81
77.43000	-82
77.43167	-82
77.43333	-82
77.43500	-82
77.43667	-83
77.43833	-83
77.44000	-83
77.44167	-83
77.44333	-84
77.44500	-84
77.44667	-84
77.44833	-84
77.45000	-84
77.45167	-85
77.45333	-85
77.45500	-85
77.45667	-85
77.45833	-86
77.46000	-85
77.46167	-86
77.46333	-85
77.46500	-86
77.46667	-86
77.46833	-86
77.47000	-85
77.47167	-86
77.47333	-85
77.47500	-86
77.47667	-86
77.47833	-85
77.48000	-85
77.48167	-85
77.48333	-84
77.48500	-84
77.48667	-84
77.48833	-84
77.49000	-83
77.49167	-83
77.49333	-83
77.49500	-83
77.49667	-82
77.49833	-82
77.50000	-82
77.50167	-81
77.50333	-81
77.50500	-81
77.50667	-81
77.50833	-80
77.51000	-79
77.51167	-80
77.51333	-79
77.51500	-80
77.51667	-79
77.51833	-79
77.52000	-79
77.52167	-79
77.52333	-79
77.52500	-79
77.52667	-79
77.52833	-79
77.53000	-79
77.53167	-80
77.53333	-79
77.53500	-79
77.53667	-79
77.53833	-80
77.54000	-79
77.54167	-80
77.54333	-79
77.54500	-80
77.54667	-80
77.54833	-81
77.55000	-80
77.55167	-81
77.55333	-81
77.55500	-81
77.55667	-81
77.55833	-81
77.56000	-81
77.56167	-81
77.56333	-81
77.56500	-82
77.56667	-81
77.56833	-82
77.57000	-82
77.57167	-82
77.57333	-82
77.57500	-82
77.57667	-83
77.57833	-82
77.58000	-83
77.58167	-82
77.58333	-83
77.58500	-83
77.58667	-83
77.58833	-83
77.59000	-83
77.59167	-83
77.59333	-83
77.59500	-83
77.59667	-83
77.59833	-83
77.60000	-83
77.60167	-83
77.60333	-83
77.60500	-83
77.60667	-83
77.60833	-83
77.61000	-84
77.61167	-83
77.61333	-83
77.61500	-83
77.61667	-83
77.61833	-83
77.62000	-84
77.62167	-83
77.62333	-84
77.62500	-84
77.62667	-84
77.62833	-84
77.63000	-84
77.63167	-85
77.63333	-84
77.63500	-85
77.63667	-85
77.63833	-85
77.64000	-85
77.64167	-85
77.64333	-85
77.64500	-84
77.64667	-85
77.64833	-85
77.65000	-84
77.65167	-85
77.65333	-84
77.65500	-85
77.65667	-84
77.65833	-84
77.66000	-84
77.66167	-84
77.66333	-84
77.66500	-83
77.66667	-84
77.66833	-83
77.67000	-83
77.67167	-83
77.67333	-82
77.67500	-83
77.67667	-82
77.67833	-82
77.68000	-82
77.68167	-82
77.68333	-82
77.68500	-82
77.68667	-81
77.68833	-81
77.69000	-82
77.69167	-80
77.69333	-81
77.69500	-81
77.69667	-80
77.69833	-80
77.70000	-80
77.70167	-80
77.70333	-79
77.70500	-79
77.70667	-79
77.70833	-79
77.71000	-79
77.71167	-78
77.71333	-78
77.71500	-78
77.71667	-78
77.71833	-77
77.72000	-78
77.72167	-77
77.72333	-76
77.72500	-77
77.72667	-76
77.72833	-77
77.73000	-76
77.73167	-76
77.73333	-76
77.73500	-76
77.73667	-76
77.73833	-76
77.74000	-76
77.74167	-76
77.74333	-76
77.74500	-77
77.74667	-76
77.74833	-77
77.75000	-76
77.75167	-77
77.75333	-77
77.75500	-77
77.75667	-78
77.75833	-77
77.76000	-78
77.76167	-78
77.76333	-78
77.76500	-79
77.76667	-78
77.76833	-79
77.77000	-79
77.77167	-80
77.77333	-79
77.77500	-79
77.77667	-80
77.77833	-79
77.78000	-80
77.78167	-81
77.78333	-80
77.78500	-81
77.78667	-80
77.78833	-81
77.79000	-81
77.79167	-81
77.79333	-81
77.79500	-81
77.79667	-81
77.79833	-81
77.80000	-81
77.80167	-81
77.80333	-82
77.80500	-81
77.80667	-82
77.80833	-81
77.81000	-82
77.81167	-82
77.81333	-82
77.81500	-82
77.81667	-83
77.81833	-82
77.82000	-83
77.82167	-82
77.82333	-82
77.82500	-83
77.82667	-82
77.82833	-81
77.83000	-82
77.83167	-82
77.83333	-81
77.83500	-82
77.83667	-81
77.83833	-81
77.84000	-81
77.84167	-82
77.84333	-81
77.84500	-81
77.84667	-81
77.84833	-80
77.85000	-81
77.85167	-80
77.85333	-81
77.85500	-81
77.85667	-81
77.85833	-81
77.86000	-81
77.86167	-81
77.86333	-81
77.86500	-81
77.86667	-81
77.86833	-81
77.87000	-81
77.87167	-82
77.87333	-81
77.87500	-83
77.87667	-82
77.87833	-82
77.88000	-82
77.88167	-82
77.88333	-83
77.88500	-82
77.88667	-83
77.88833	-84
77.89000	-83
77.89167	-83
77.89333	-83
77.89500	-84
77.89667	-83
77.89833	-83
77.90000	-83
77.90167	-83
77.90333	-83
77.90500	-83
77.90667	-82
77.90833	-82
77.91000	-82
77.91167	-82
77.91333	-82
77.91500	-81
77.91667	-81
77.91833	-80
77.92000	-81
77.92167	-80
77.92333	-80
77.92500	-79
77.92667	-80
77.92833	-79
77.93000	-79
77.93167	-78
77.93333	-79
77.93500	-78
77.93667	-79
77.93833	-78
77.94000	-78
77.94167	-79
77.94333	-78
77.94500	-78
77.94667	-78
77.94833	-78
77.95000	-78
77.95167	-78
77.95333	-78
77.95500	-79
77.95667	-78
77.95833	-78
77.96000	-78
77.96167	-79
77.96333	-79
77.96500	-79
77.96667	-79
77.96833	-79
77.97000	-79
77.97167	-80
77.97333	-80
77.97500	-80
77.97667	-80
77.97833	-80
77.98000	-81
77.98167	-80
77.98333	-81
77.98500	-81
77.98667	-81
77.98833	-81
77.99000	-82
77.99167	-82
77.99333	-81
77.99500	-82
77.99667	-82
77.99833	-82
78.00000	-82
78.00167	-82
78.00333	-82
78.00500	-82
78.00667	-82
78.00833	-83
78.01000	-82
78.01167	-83
78.01333	-82
78.01500	-83
78.01667	-83
78.01833	-83
78.02000	-83
78.02167	-83
78.02333	-83
78.02500	-83
78.02667	-83
78.02833	-83
78.03000	-83
78.03167	-83
78.03333	-83
78.03500	-83
78.03667	-83
78.03833	-83
78.04000	-84
78.04167	-83
78.04333	-83
78.04500	-83
78.04667	-83
78.04833	-84
78.05000	-83
78.05167	-84
78.05333	-83
78.05500	-84
78.05667	-83
78.05833	-83
78.06000	-84
78.06167	-84
78.06333	-83
78.06500	-84
78.06667	-84
78.06833	-84
78.07000	-83
78.07167	-84
78.07333	-84
78.07500	-84
78.07667	-84
78.07833	-84
78.08000	-84
78.08167	-84
78.08333	-84
78.08500	-84
78.08667	-84
78.08833	-85
78.09000	-84
78.09167	-84
78.09333	-85
78.09500	-84
78.09667	-85
78.09833	-84
78.10000	-84
78.10167	-84
78.10333	-85
78.10500	-84
78.10667	-84
78.10833	-84
78.11000	-84
78.11167	-84
78.11333	-84
78.11500	-84
78.11667	-84
78.11833	-84
78.12000	-84
78.12167	-84
78.12333	-84
78.12500	-84
78.12667	-83
78.12833	-83
78.13000	-84
78.13167	-83
78.13333	-83
78.13500	-84
78.13667	-83
78.13833	-82
78.14000	-83
78.14167	-83
78.14333	-83
78.14500	-83
78.14667	-82
78.14833	-83
78.15000	-82
78.15167	-82
78.15333	-83
78.15500	-82
78.15667	-82
78.15833	-82
78.16000	-82
78.16167	-82
78.16333	-82
78.16500	-82
78.16667	-83
78.16833	-82
78.17000	-82
78.17167	-82
78.17333	-82
78.17500	-82
78.17667	-82
78.17833	-82
78.18000	-82
78.18167	-82
78.18333	-82
78.18500	-82
78.18667	-82
78.18833	-82
78.19000	-83
78.19167	-82
78.19333	-82
78.19500	-82
78.19667	-82
78.19833	-81
78.20000	-82
78.20167	-82
78.20333	-81
78.20500	-82
78.20667	-81
78.20833	-82
78.21000	-81
78.21167	-82
78.21333	-82
78.21500	-82
78.21667	-81
78.21833	-82
78.22000	-82
78.22167	-82
78.22333	-81
78.22500	-82
78.22667	-82
78.22833	-82
78.23000	-82
78.23167	-83
78.23333	-82
78.23500	-82
78.23667	-82
78.23833	-81
78.24000	-82
78.24167	-82
78.24333	-82
78.24500	-82
78.24667	-82
78.24833	-82
78.25000	-82
78.25167	-81
78.25333	-82
78.25500	-81
78.25667	-81
78.25833	-81
78.26000	-81
78.26167	-81
78.26333	-80
78.26500	-81
78.26667	-81
78.26833	-81
78.27000	-80
78.27167	-80
78.27333	-80
78.27500	-80
78.27667	-80
78.27833	-80
78.28000	-79
78.28167	-80
78.28333	-79
78.28500	-80
78.28667	-80
78.28833	-80
78.29000	-80
78.29167	-79
78.29333	-80
78.29500	-80
78.29667	-80
78.29833	-80
78.30000	-80
78.30167	-80
78.30333	-81
78.30500	-80
78.30667	-81
78.30833	-80
78.31000	-81
78.31167	-81
78.31333	-81
78.31500	-81
78.31667	-81
78.31833	-81
78.32000	-81
78.32167	-81
78.32333	-82
78.32500	-81
78.32667	-81
78.32833	-82
78.33000	-82
78.33167	-81
78.33333	-82
78.33500	-82
78.33667	-82
78.33833	-81
78.34000	-82
78.34167	-82
78.34333	-82
78.34500	-81
78.34667	-81
78.34833	-82
78.35000	-81
78.35167	-81
78.35333	-81
78.35500	-82
78.35667	-81
78.35833	-80
78.36000	-81
78.36167	-81
78.36333	-81
78.36500	-80
78.36667	-81
78.36833	-81
78.37000	-81
78.37167	-81
78.37333	-81
78.37500	-81
78.37667	-80
78.37833	-81
78.38000	-80
78.38167	-81
78.38333	-80
78.38500	-81
78.38667	-80
78.38833	-81
78.39000	-80
78.39167	-81
78.39333	-81
78.39500	-81
78.39667	-81
78.39833	-81
78.40000	-81
78.40167	-81
78.40333	-81
78.40500	-81
78.40667	-81
78.40833	-82
78.41000	-81
78.41167	-82
78.41333	-81
78.41500	-81
78.41667	-81
78.41833	-82
78.42000	-81
78.42167	-81
78.42333	-81
78.42500	-81
78.42667	-81
78.42833	-81
78.43000	-81
78.43167	-81
78.43333	-81
78.43500	-81
78.43667	-80
78.43833	-81
78.44000	-81
78.44167	-80
78.44333	-81
78.44500	-81
78.44667	-81
78.44833	-81
78.45000	-80
78.45167	-81
78.45333	-81
78.45500	-81
78.45667	-81
78.45833	-81
78.46000	-80
78.46167	-81
78.46333	-81
78.46500	-81
78.46667	-80
78.46833	-81
78.47000	-80
78.47167	-80
78.47333	-81
78.47500	-80
78.47667	-80
78.47833	-80
78.48000	-79
78.48167	-80
78.48333	-79
78.48500	-79
78.48667	-79
78.48833	-79
78.49000	-78
78.49167	-78
78.49333	-77
78.49500	-78
78.49667	-77
78.49833	-77
78.50000	-78
78.50167	-77
78.50333	-77
78.50500	-77
78.50667	-77
78.50833	-76
78.51000	-77
78.51167	-77
78.51333	-77
78.51500	-77
78.51667	-77
78.51833	-77
78.52000	-77
78.52167	-77
78.52333	-77
78.52500	-77
78.52667	-77
78.52833	-77
78.53000	-77
78.53167	-77
78.53333	-78
78.53500	-77
78.53667	-78
78.53833	-78
78.54000	-78
78.54167	-78
78.54333	-78
78.54500	-79
78.54667	-78
78.54833	-79
78.55000	-79
78.55167	-79
78.55333	-79
78.55500	-79
78.55667	-80
78.55833	-79
78.56000	-79
78.56167	-80
78.56333	-80
78.56500	-80
78.56667	-80
78.56833	-80
78.57000	-81
78.57167	-80
78.57333	-81
78.57500	-80
78.57667	-81
78.57833	-80
78.58000	-80
78.58167	-80
78.58333	-81
78.58500	-80
78.58667	-80
78.58833	-81
78.59000	-80
78.59167	-81
78.59333	-81
78.59500	-81
78.59667	-80
78.59833	-81
78.60000	-81
78.60167	-81
78.60333	-81
78.60500	-81
78.60667	-81
78.60833	-82
78.61000	-81
78.61167	-82
78.61333	-82
78.61500	-82
78.61667	-83
78.61833	-82
78.62000	-83
78.62167	-83
78.62333	-83
78.62500	-83
78.62667	-83
78.62833	-84
78.63000	-84
78.63167	-83
78.63333	-84
78.63500	-84
78.63667	-84
78.63833	-84
78.64000	-84
78.64167	-83
78.64333	-84
78.64500	-84
78.64667	-84
78.64833	-84
78.65000	-83
78.65167	-84
78.65333	-83
78.65500	-83
78.65667	-83
78.65833	-83
78.66000	-83
78.66167	-83
78.66333	-82
78.66500	-83
78.66667	-82
78.66833	-82
78.67000	-82
78.67167	-81
78.67333	-82
78.67500	-81
78.67667	-81
78.67833	-81
78.68000	-81
78.68167	-81
78.68333	-81
78.68500	-80
78.68667	-81
78.68833	-80
78.69000	-80
78.69167	-80
78.69333	-80
78.69500	-80
78.69667	-80
78.69833	-80
78.70000	-80
78.70167	-80
78.70333	-80
78.70500	-80
78.70667	-80
78.70833	-80
78.71000	-80
78.71167	-81
78.71333	-80
78.71500	-80
78.71667	-81
78.71833	-80
78.72000	-81
78.72167	-80
78.72333	-81
78.72500	-80
78.72667	-81
78.72833	-80
78.73000	-81
78.73167	-81
78.73333	-80
78.73500	-81
78.73667	-80
78.73833	-81
78.74000	-80
78.74167	-80
78.74333	-81
78.74500	-80
78.74667	-80
78.74833	-80
78.75000	-80
78.75167	-80
78.75333	-80
78.75500	-80
78.75667	-80
78.75833	-80
78.76000	-80
78.76167	-80
78.76333	-80
78.76500	-80
78.76667	-80
78.76833	-80
78.77000	-80
78.77167	-81
78.77333	-80
78.77500	-80
78.77667	-80
78.77833	-81
78.78000	-80
78.78167	-81
78.78333	-80
78.78500	-81
78.78667	-80
78.78833	-81
78.79000	-81
78.79167	-81
78.79333	-81
78.79500	-81
78.79667	-81
78.79833	-81
78.80000	-81
78.80167	-81
78.80333	-81
78.80500	-81
78.80667	-81
78.80833	-82
78.81000	-81
78.81167	-81
78.81333	-82
78.81500	-81
78.81667	-81
78.81833	-81
78.82000	-82
78.82167	-81
78.82333	-81
78.82500	-82
78.82667	-81
78.82833	-81
78.83000	-81
78.83167	-82
78.83333	-81
78.83500	-81
78.83667	-82
78.83833	-81
78.84000	-81
78.84167	-81
78.84333	-82
78.84500	-81
78.84667	-81
78.84833	-82
78.85000	-81
78.85167	-82
78.85333	-82
78.85500	-81
78.85667	-82
78.85833	-82
78.86000	-82
78.86167	-82
78.86333	-82
78.86500	-83
78.86667	-82
78.86833	-82
78.87000	-83
78.87167	-82
78.87333	-83
78.87500	-82
78.87667	-83
78.87833	-82
78.88000	-82
78.88167	-83
78.88333	-82
78.88500	-83
78.88667	-82
78.88833	-82
78.89000	-82
78.89167	-81
78.89333	-82
78.89500	-81
78.89667	-81
78.89833	-81
78.90000	-81
78.90167	-81
78.90333	-80
78.90500	-80
78.90667	-80
78.90833	-80
78.91000	-80
78.91167	-80
78.91333	-79
78.91500	-79
78.91667	-79
78.91833	-79
78.92000	-78
78.92167	-78
78.92333	-78
78.92500	-78
78.92667	-78
78.92833	-78
78.93000	-78
78.93167	-78
78.93333	-78
78.93500	-78
78.93667	-77
78.93833	-78
78.94000	-77
78.94167	-77
78.94333	-78
78.94500	-77
78.94667	-78
78.94833	-77
78.95000	-77
78.95167	-78
78.95333	-78
78.95500	-77
78.95667	-78
78.95833	-78
78.96000	-78
78.96167	-77
78.96333	-79
78.96500	-78
78.96667	-78
78.96833	-78
78.97000	-78
78.97167	-78
78.97333	-77
78.97500	-78
78.97667	-78
78.97833	-78
78.98000	-77
78.98167	-78
78.98333	-77
78.98500	-78
78.98667	-77
78.98833	-77
78.99000	-78
78.99167	-77
78.99333	-77
78.99500	-77
78.99667	-77
78.99833	-77
79.00000	-77
79.00167	-77
79.00333	-77
79.00500	-76
79.00667	-77
79.00833	-76
79.01000	-77
79.01167	-76
79.01333	-76
79.01500	-77
79.01667	-76
79.01833	-76
79.02000	-76
79.02167	-76
79.02333	-76
79.02500	-76
79.02667	-76
79.02833	-76
79.03000	-75
79.03167	-76
79.03333	-75
79.03500	-76
79.03667	-75
79.03833	-76
79.04000	-76
79.04167	-75
79.04333	-75
79.04500	-76
79.04667	-75
79.04833	-75
79.05000	-75
79.05167	-75
79.05333	-75
79.05500	-75
79.05667	-74
79.05833	-75
79.06000	-75
79.06167	-74
79.06333	-74
79.06500	-74
79.06667	-74
79.06833	-74
79.07000	-74
79.07167	-74
79.07333	-73
79.07500	-74
79.07667	-73
79.07833	-73
79.08000	-73
79.08167	-74
79.08333	-73
79.08500	-73
79.08667	-73
79.08833	-73
79.09000	-73
79.09167	-73
79.09333	-72
79.09500	-73
79.09667	-73
79.09833	-74
79.10000	-73
79.10167	-74
79.10333	-73
79.10500	-73
79.10667	-73
79.10833	-74
79.11000	-73
79.11167	-74
79.11333	-73
79.11500	-74
79.11667	-73
79.11833	-74
79.12000	-74
79.12167	-73
79.12333	-74
79.12500	-73
79.12667	-72
79.12833	-73
79.13000	-73
79.13167	-73
79.13333	-72
79.13500	-73
79.13667	-72
79.13833	-72
79.14000	-71
79.14167	-72
79.14333	-71
79.14500	-71
79.14667	-71
79.14833	-70
79.15000	-71
79.15167	-70
79.15333	-70
79.15500	-69
79.15667	-70
79.15833	-69
79.16000	-69
79.16167	-69
79.16333	-69
79.16500	-68
79.16667	-68
79.16833	-69
79.17000	-68
79.17167	-68
79.17333	-68
79.17500	-68
79.17667	-67
79.17833	-68
79.18000	-67
79.18167	-67
79.18333	-67
79.18500	-67
79.18667	-67
79.18833	-66
79.19000	-66
79.19167	-67
79.19333	-66
79.19500	-66
79.19667	-65
79.19833	-66
79.20000	-65
79.20167	-66
79.20333	-65
79.20500	-65
79.20667	-65
79.20833	-65
79.21000	-65
79.21167	-64
79.21333	-65
79.21500	-65
79.21667	-65
79.21833	-65
79.22000	-65
79.22167	-66
79.22333	-65
79.22500	-65
79.22667	-66
79.22833	-65
79.23000	-66
79.23167	-66
79.23333	-66
79.23500	-65
79.23667	-66
79.23833	-66
79.24000	-66
79.24167	-66
79.24333	-66
79.24500	-65
79.24667	-66
79.24833	-65
79.25000	-66
79.25167	-65
79.25333	-65
79.25500	-64
79.25667	-65
79.25833	-64
79.26000	-63
79.26167	-63
79.26333	-63
79.26500	-63
79.26667	-62
79.26833	-62
79.27000	-61
79.27167	-61
79.27333	-60
79.27500	-60
79.27667	-60
79.27833	-59
79.28000	-59
79.28167	-59
79.28333	-58
79.28500	-57
79.28667	-57
79.28833	-57
79.29000	-57
79.29167	-57
79.29333	-56
79.29500	-56
79.29667	-55
79.29833	-56
79.30000	-55
79.30167	-55
79.30333	-55
79.30500	-55
79.30667	-54
79.30833	-55
79.31000	-54
79.31167	-54
79.31333	-53
79.31500	-54
79.31667	-54
79.31833	-53
79.32000	-53
79.32167	-54
79.32333	-53
79.32500	-53
79.32667	-52
79.32833	-53
79.33000	-54
79.33167	-53
79.33333	-52
79.33500	-53
79.33667	-53
79.33833	-53
79.34000	-53
79.34167	-53
79.34333	-53
79.34500	-54
79.34667	-54
79.34833	-53
79.35000	-54
79.35167	-54
79.35333	-54
79.35500	-54
79.35667	-54
79.35833	-55
79.36000	-55
79.36167	-54
79.36333	-55
79.36500	-55
79.36667	-55
79.36833	-55
79.37000	-56
79.37167	-55
79.37333	-56
79.37500	-56
79.37667	-55
79.37833	-56
79.38000	-55
79.38167	-56
79.38333	-56
79.38500	-55
79.38667	-56
79.38833	-55
79.39000	-55
79.39167	-55
79.39333	-55
79.39500	-56
79.39667	-55
79.39833	-54
79.40000	-55
79.40167	-55
79.40333	-54
79.40500	-55
79.40667	-53
79.40833	-54
79.41000	-54
79.41167	-53
79.41333	-54
79.41500	-53
79.41667	-53
79.41833	-52
79.42000	-53
79.42167	-53
79.42333	-52
79.42500	-52
79.42667	-52
79.42833	-52
79.43000	-52
79.43167	-52
79.43333	-52
79.43500	-51
79.43667	-52
79.43833	-51
79.44000	-52
79.44167	-51
79.44333	-51
79.44500	-51
79.44667	-51
79.44833	-51
79.45000	-51
79.45167	-51
79.45333	-51
79.45500	-51
79.45667	-51
79.45833	-51
79.46000	-50
79.46167	-51
79.46333	-50
79.46500	-51
79.46667	-49
79.46833	-50
79.47000	-50
79.47167	-50
79.47333	-49
79.47500	-49
79.47667	-50
79.47833	-48
79.48000	-49
79.48167	-49
79.48333	-49
79.48500	-48
79.48667	-48
79.48833	-48
79.49000	-48
79.49167	-48
79.49333	-47
79.49500	-48
79.49667	-48
79.49833	-47
79.50000	-47
79.50167	-47
79.50333	-47
79.50500	-47
79.50667	-46
79.50833	-47
79.51000	-46
79.51167	-46
79.51333	-46
79.51500	-46
79.51667	-46
79.51833	-45
79.52000	-46
79.52167	-44
79.52333	-45
79.52500	-45
79.52667	-44
79.52833	-44
79.53000	-43
79.53167	-44
79.53333	-43
79.53500	-43
79.53667	-43
79.53833	-43
79.54000	-42
79.54167	-42
79.54333	-42
79.54500	-41
79.54667	-41
79.54833	-41
79.55000	-40
79.55167	-41
79.55333	-40
79.55500	-40
79.55667	-41
79.55833	-40
79.56000	-40
79.56167	-40
79.56333	-40
79.56500	-39
79.56667	-40
79.56833	-39
79.57000	-39
79.57167	-39
79.57333	-39
79.57500	-39
79.57667	-38
79.57833	-38
79.58000	-38
79.58167	-38
79.58333	-38
79.58500	-37
79.58667	-37
79.58833	-37
79.59000	-36
79.59167	-37
79.59333	-36
79.59500	-35
79.59667	-36
79.59833	-35
79.60000	-35
79.60167	-35
79.60333	-35
79.60500	-35
79.60667	-34
79.60833	-34
79.61000	-34
79.61167	-34
79.61333	-33
79.61500	-33
79.61667	-33
79.61833	-34
79.62000	-33
79.62167	-33
79.62333	-32
79.62500	-33
79.62667	-33
79.62833	-32
79.63000	-33
79.63167	-32
79.63333	-32
79.63500	-33
79.63667	-32
79.63833	-33
79.64000	-32
79.64167	-33
79.64333	-32
79.64500	-33
79.64667	-32
79.64833	-33
79.65000	-33
79.65167	-33
79.65333	-33
79.65500	-33
79.65667	-34
79.65833	-34
79.66000	-34
79.66167	-34
79.66333	-35
79.66500	-35
79.66667	-35
79.66833	-35
79.67000	-36
79.67167	-37
79.67333	-36
79.67500	-37
79.67667	-37
79.67833	-38
79.68000	-38
79.68167	-39
79.68333	-39
79.68500	-39
79.68667	-40
79.68833	-40
79.69000	-41
79.69167	-41
79.69333	-41
79.69500	-42
79.69667	-42
79.69833	-42
79.70000	-43
79.70167	-42
79.70333	-44
79.70500	-43
79.70667	-44
79.70833	-44
79.71000	-44
79.71167	-45
79.71333	-45
79.71500	-45
79.71667	-45
79.71833	-46
79.72000	-46
79.72167	-46
79.72333	-46
79.72500	-46
79.72667	-46
79.72833	-46
79.73000	-46
79.73167	-46
79.73333	-46
79.73500	-46
79.73667	-46
79.73833	-45
79.74000	-46
79.74167	-45
79.74333	-46
79.74500	-45
79.74667	-45
79.74833	-45
79.75000	-45
79.75167	-45
79.75333	-45
79.75500	-45
79.75667	-45
79.75833	-45
79.76000	-45
79.76167	-44
79.76333	-45
79.76500	-44
79.76667	-44
79.76833	-45
79.77000	-44
79.77167	-44
79.77333	-44
79.77500	-45
79.77667	-44
79.77833	-44
79.78000	-44
79.78167	-45
79.78333	-44
79.78500	-44
79.78667	-44
79.78833	-44
79.79000	-45
79.79167	-44
79.79333	-44
79.79500	-45
79.79667	-44
79.79833	-45
79.80000	-45
79.80167	-46
79.80333	-45
79.80500	-46
79.80667	-46
79.80833	-46
79.81000	-46
79.81167	-46
79.81333	-47
79.81500	-47
79.81667	-48
79.81833	-48
79.82000	-47
79.82167	-48
79.82333	-49
79.82500	-49
79.82667	-48
79.82833	-49
79.83000	-48
79.83167	-49
79.83333	-49
79.83500	-49
79.83667	-49
79.83833	-48
79.84000	-49
79.84167	-49
79.84333	-48
79.84500	-49
79.84667	-49
79.84833	-48
79.85000	-48
79.85167	-48
79.85333	-48
79.85500	-47
79.85667	-48
79.85833	-47
79.86000	-47
79.86167	-47
79.86333	-46
79.86500	-47
79.86667	-46
79.86833	-47
79.87000	-46
79.87167	-47
79.87333	-46
79.87500	-46
79.87667	-46
79.87833	-46
79.88000	-46
79.88167	-47
79.88333	-46
79.88500	-47
79.88667	-46
79.88833	-47
79.89000	-47
79.89167	-46
79.89333	-47
79.89500	-47
79.89667	-48
79.89833	-47
79.90000	-47
79.90167	-48
79.90333	-47
79.90500	-48
79.90667	-48
79.90833	-47
79.91000	-48
79.91167	-48
79.91333	-48
79.91500	-48
79.91667	-49
79.91833	-48
79.92000	-48
79.92167	-49
79.92333	-49
79.92500	-49
79.92667	-49
79.92833	-50
79.93000	-49
79.93167	-49
79.93333	-50
79.93500	-49
79.93667	-50
79.93833	-50
79.94000	-50
79.94167	-50
79.94333	-50
79.94500	-50
79.94667	-50
79.94833	-50
79.95000	-50
79.95167	-51
79.95333	-50
79.95500	-51
79.95667	-51
79.95833	-50
79.96000	-51
79.96167	-50
79.96333	-51
79.96500	-50
79.96667	-50
79.96833	-50
79.97000	-49
79.97167	-50
79.97333	-49
79.97500	-49
79.97667	-49
79.97833	-49
79.98000	-48
79.98167	-48
79.98333	-47
79.98500	-48
79.98667	-47
79.98833	-47
79.99000	-47
79.99167	-46
79.99333	-47
79.99500	-46
79.99667	-47
79.99833	-46
80.00000	-46
80.00167	-46
80.00333	-46
80.00500	-46
80.00667	-46
80.00833	-46
80.01000	-47
80.01167	-46
80.01333	-47
80.01500	-46
80.01667	-47
80.01833	-47
80.02000	-47
80.02167	-47
80.02333	-47
80.02500	-47
80.02667	-47
80.02833	-47
80.03000	-46
80.03167	-47
80.03333	-46
80.03500	-47
80.03667	-46
80.03833	-46
80.04000	-46
80.04167	-45
80.04333	-46
80.04500	-46
80.04667	-45
80.04833	-45
80.05000	-44
80.05167	-45
80.05333	-44
80.05500	-45
80.05667	-44
80.05833	-44
80.06000	-44
80.06167	-44
80.06333	-44
80.06500	-44
80.06667	-44
80.06833	-44
80.07000	-43
80.07167	-44
80.07333	-44
80.07500	-43
80.07667	-44
80.07833	-44
80.08000	-43
80.08167	-44
80.08333	-44
80.08500	-45
80.08667	-44
80.08833	-44
80.09000	-44
80.09167	-44
80.09333	-44
80.09500	-45
80.09667	-44
80.09833	-44
80.10000	-44
80.10167	-44
80.10333	-44
80.10500	-44
80.10667	-44
80.10833	-43
80.11000	-43
80.11167	-44
80.11333	-43
80.11500	-42
80.11667	-42
80.11833	-42
80.12000	-42
80.12167	-41
80.12333	-40
80.12500	-40
80.12667	-40
80.12833	-38
80.13000	-39
80.13167	-37
80.13333	-37
80.13500	-36
80.13667	-35
80.13833	-35
80.14000	-33
80.14167	-33
80.14333	-32
80.14500	-31
80.14667	-30
80.14833	-29
80.15000	-28
80.15167	-27
80.15333	-26
80.15500	-24
80.15667	-23
80.15833	-22
80.16000	-21
80.16167	-20
80.16333	-18
80.16500	-18
80.16667	-16
80.16833	-14
80.17000	-13
80.17167	-12
80.17333	-10
80.17500	-9
80.17667	-7
80.17833	-5
80.18000	-4
80.18167	-3
80.18333	0
80.18500	1
80.18667	3
80.18833	4
80.19000	6
80.19167	8
80.19333	10
80.19500	12
80.19667	14
80.19833	15
80.20000	18
80.20167	19
80.20333	21
80.20500	23
80.20667	25
80.20833	27
80.21000	28
80.21167	31
80.21333	33
80.21500	35
80.21667	36
80.21833	39
80.22000	40
80.22167	43
80.22333	45
80.22500	46
80.22667	49
80.22833	50
80.23000	53
80.23167	54
80.23333	56
80.23500	58
80.23667	61
80.23833	62
80.24000	64
80.24167	66
80.24333	68
80.24500	70
80.24667	71
80.24833	74
80.25000	75
80.25167	78
80.25333	79
80.25500	80
80.25667	83
80.25833	84
80.26000	86
80.26167	88
80.26333	90
80.26500	91
80.26667	93
80.26833	95
80.27000	96
80.27167	98
80.27333	100
80.27500	101
80.27667	102
80.27833	104
80.28000	106
80.28167	107
80.28333	108
80.28500	110
80.28667	111
80.28833	113
80.29000	114
80.29167	115
80.29333	116
80.29500	118
80.29667	118
80.29833	120
80.30000	121
80.30167	123
80.30333	123
80.30500	124
80.30667	126
80.30833	127
80.31000	127
80.31167	129
80.31333	129
80.31500	131
80.31667	132
80.31833	132
80.32000	134
80.32167	134
80.32333	135
80.32500	136
80.32667	137
80.32833	137
80.33000	139
80.33167	138
80.33333	140
80.33500	140
80.33667	142
80.33833	141
80.34000	143
80.34167	143
80.34333	143
80.34500	144
80.34667	145
80.34833	145
80.35000	146
80.35167	146
80.35333	147
80.35500	148
80.35667	148
80.35833	148
80.36000	149
80.36167	150
80.36333	149
80.36500	151
80.36667	151
80.36833	152
80.37000	152
80.37167	153
80.37333	153
80.37500	154
80.37667	154
80.37833	154
80.38000	155
80.38167	156
80.38333	156
80.38500	157
80.38667	157
80.38833	158
80.39000	158
80.39167	158
80.39333	159
80.39500	160
80.39667	159
80.39833	161
80.40000	160
80.40167	161
80.40333	162
80.40500	162
80.40667	162
80.40833	162
80.41000	163
80.41167	163
80.41333	164
80.41500	164
80.41667	164
80.41833	164
80.42000	165
80.42167	165
80.42333	165
80.42500	166
80.42667	165
80.42833	166
80.43000	166
80.43167	167
80.43333	166
80.43500	166
80.43667	167
80.43833	167
80.44000	167
80.44167	166
80.44333	167
80.44500	167
80.44667	168
80.44833	167
80.45000	168
80.45167	167
80.45333	168
80.45500	168
80.45667	168
80.45833	168
80.46000	167
80.46167	168
80.46333	169
80.46500	168
80.46667	169
80.46833	168
80.47000	169
80.47167	169
80.47333	169
80.47500	169
80.47667	169
80.47833	169
80.48000	169
80.48167	169
80.48333	169
80.48500	169
80.48667	169
80.48833	169
80.49000	168
80.49167	169
80.49333	169
80.49500	168
80.49667	168
80.49833	168
80.50000	168
80.50167	167
80.50333	168
80.50500	167
80.50667	166
80.50833	167
80.51000	166
80.51167	166
80.51333	166
80.51500	165
80.51667	164
80.51833	165
80.52000	163
80.52167	164
80.52333	163
80.52500	162
80.52667	163
80.52833	162
80.53000	161
80.53167	161
80.53333	161
80.53500	160
80.53667	160
80.53833	159
80.54000	158
80.54167	158
80.54333	158
80.54500	157
80.54667	157
80.54833	156
80.55000	156
80.55167	156
80.55333	154
80.55500	155
80.55667	153
80.55833	154
80.56000	153
80.56167	152
80.56333	152
80.56500	151
80.56667	151
80.56833	151
80.57000	150
80.57167	150
80.57333	149
80.57500	149
80.57667	149
80.57833	147
80.58000	148
80.58167	147
80.58333	146
80.58500	146
80.58667	146
80.58833	145
80.59000	145
80.59167	145
80.59333	144
80.59500	144
80.59667	143
80.59833	144
80.60000	142
80.60167	143
80.60333	142
80.60500	142
80.60667	142
80.60833	141
80.61000	141
80.61167	140
80.61333	140
80.61500	140
80.61667	139
80.61833	140
80.62000	138
80.62167	138
80.62333	138
80.62500	137
80.62667	137
80.62833	137
80.63000	136
80.63167	135
80.63333	135
80.63500	135
80.63667	134
80.63833	134
80.64000	134
80.64167	133
80.64333	132
80.64500	132
80.64667	132
80.64833	131
80.65000	130
80.65167	129
80.65333	129
80.65500	128
80.65667	128
80.65833	127
80.66000	127
80.66167	126
80.66333	126
80.66500	124
80.66667	125
80.66833	123
80.67000	124
80.67167	122
80.67333	122
80.67500	122
80.67667	121
80.67833	120
80.68000	120
80.68167	119
80.68333	119
80.68500	118
80.68667	117
80.68833	116
80.69000	117
80.69167	115
80.69333	115
80.69500	115
80.69667	114
80.69833	113
80.70000	113
80.70167	113
80.70333	111
80.70500	112
80.70667	110
80.70833	110
80.71000	110
80.71167	109
80.71333	108
80.71500	108
80.71667	108
80.71833	107
80.72000	106
80.72167	106
80.72333	106
80.72500	106
80.72667	105
80.72833	105
80.73000	105
80.73167	104
80.73333	104
80.73500	103
80.73667	102
80.73833	103
80.74000	102
80.74167	102
80.74333	102
80.74500	101
80.74667	101
80.74833	101
80.75000	100
80.75167	100
80.75333	99
80.75500	99
80.75667	98
80.75833	98
80.76000	98
80.76167	98
80.76333	97
80.76500	97
80.76667	96
80.76833	96
80.77000	96
80.77167	96
80.77333	95
80.77500	94
80.77667	95
80.77833	94
80.78000	93
80.78167	93
80.78333	93
80.78500	93
80.78667	92
80.78833	92
80.79000	91
80.79167	91
80.79333	91
80.79500	90
80.79667	90
80.79833	89
80.80000	89
80.80167	89
80.80333	89
80.80500	88
80.80667	87
80.80833	87
80.81000	87
80.81167	86
80.81333	85
80.81500	85
80.81667	85
80.81833	84
80.82000	83
80.82167	83
80.82333	82
80.82500	82
80.82667	81
80.82833	81
80.83000	80
80.83167	80
80.83333	79
80.83500	79
80.83667	78
80.83833	77
80.84000	77
80.84167	77
80.84333	76
80.84500	75
80.84667	75
80.84833	74
80.85000	73
80.85167	73
80.85333	73
80.85500	72
80.85667	71
80.85833	71
80.86000	70
80.86167	70
80.86333	69
80.86500	69
80.86667	68
80.86833	68
80.87000	67
80.87167	67
80.87333	67
80.87500	66
80.87667	65
80.87833	66
80.88000	65
80.88167	65
80.88333	64
80.88500	65
80.88667	64
80.88833	64
80.89000	63
80.89167	64
80.89333	63
80.89500	62
80.89667	63
80.89833	62
80.90000	62
80.90167	61
80.90333	62
80.90500	61
80.90667	60
80.90833	60
80.91000	60
80.91167	60
80.91333	60
80.91500	58
80.91667	59
80.91833	58
80.92000	57
80.92167	57
80.92333	57
80.92500	57
80.92667	56
80.92833	56
80.93000	55
80.93167	55
80.93333	55
80.93500	54
80.93667	54
80.93833	54
80.94000	54
80.94167	53
80.94333	53
80.94500	53
80.94667	53
80.94833	52
80.95000	53
80.95167	52
80.95333	51
80.95500	52
80.95667	52
80.95833	51
80.96000	51
80.96167	51
80.96333	50
80.96500	51
80.96667	50
80.96833	51
80.97000	50
80.97167	50
80.97333	49
80.97500	49
80.97667	49
80.97833	49
80.98000	48
80.98167	48
80.98333	48
80.98500	48
80.98667	48
80.98833	47
80.99000	47
80.99167	47
80.99333	47
80.99500	47
80.99667	46
80.99833	46
81.00000	47
81.00167	45
81.00333	46
81.00500	45
81.00667	45
81.00833	45
81.01000	44
81.01167	45
81.01333	43
81.01500	44
81.01667	43
81.01833	43
81.02000	43
81.02167	42
81.02333	43
81.02500	41
81.02667	42
81.02833	41
81.03000	40
81.03167	40
81.03333	39
81.03500	39
81.03667	39
81.03833	38
81.04000	37
81.04167	37
81.04333	37
81.04500	36
81.04667	35
81.04833	35
81.05000	35
81.05167	34
81.05333	35
81.05500	33
81.05667	34
81.05833	33
81.06000	33
81.06167	33
81.06333	32
81.06500	31
81.06667	32
81.06833	31
81.07000	31
81.07167	31
81.07333	31
81.07500	31
81.07667	31
81.07833	30
81.08000	30
81.08167	31
81.08333	30
81.08500	30
81.08667	29
81.08833	30
81.09000	30
81.09167	29
81.09333	29
81.09500	29
81.09667	28
81.09833	29
81.10000	28
81.10167	28
81.10333	29
81.10500	27
81.10667	28
81.10833	28
81.11000	27
81.11167	28
81.11333	27
81.11500	27
81.11667	26
81.11833	27
81.12000	25
81.12167	26
81.12333	25
81.12500	26
81.12667	24
81.12833	24
81.13000	25
81.13167	23
81.13333	24
81.13500	23
81.13667	24
81.13833	22
81.14000	23
81.14167	22
81.14333	22
81.14500	22
81.14667	21
81.14833	21
81.15000	21
81.15167	21
81.15333	20
81.15500	21
81.15667	20
81.15833	20
81.16000	19
81.16167	20
81.16333	19
81.16500	19
81.16667	19
81.16833	18
81.17000	18
81.17167	19
81.17333	18
81.17500	17
81.17667	18
81.17833	18
81.18000	17
81.18167	17
81.18333	17
81.18500	17
81.18667	17
81.18833	16
81.19000	16
81.19167	15
81.19333	16
81.19500	14
81.19667	15
81.19833	14
81.20000	14
81.20167	14
81.20333	13
81.20500	13
81.20667	13
81.20833	12
81.21000	12
81.21167	11
81.21333	11
81.21500	11
81.21667	10
81.21833	10
81.22000	10
81.22167	9
81.22333	9
81.22500	9
81.22667	9
81.22833	8
81.23000	7
81.23167	8
81.23333	7
81.23500	7
81.23667	7
81.23833	6
81.24000	7
81.24167	6
81.24333	6
81.24500	6
81.24667	5
81.24833	5
81.25000	5
81.25167	5
81.25333	5
81.25500	5
81.25667	4
81.25833	5
81.26000	4
81.26167	4
81.26333	3
81.26500	4
81.26667	4
81.26833	4
81.27000	3
81.27167	4
81.27333	3
81.27500	4
81.27667	3
81.27833	4
81.28000	4
81.28167	3
81.28333	4
81.28500	3
81.28667	4
81.28833	3
81.29000	4
81.29167	4
81.29333	3
81.29500	3
81.29667	4
81.29833	3
81.30000	4
81.30167	3
81.30333	3
81.30500	3
81.30667	3
81.30833	2
81.31000	3
81.31167	2
81.31333	3
81.31500	2
81.31667	2
81.31833	2
81.32000	2
81.32167	1
81.32333	1
81.32500	1
81.32667	0
81.32833	1
81.33000	0
81.33167	-1
81.33333	0
81.33500	-1
81.33667	-1
81.33833	-2
81.34000	-2
81.34167	-2
81.34333	-2
81.34500	-3
81.34667	-4
81.34833	-3
81.35000	-5
81.35167	-5
81.35333	-5
81.35500	-6
81.35667	-6
81.35833	-6
81.36000	-7
81.36167	-7
81.36333	-8
81.36500	-8
81.36667	-8
81.36833	-9
81.37000	-9
81.37167	-9
81.37333	-10
81.37500	-10
81.37667	-10
81.37833	-11
81.38000	-10
81.38167	-11
81.38333	-11
81.38500	-11
81.38667	-12
81.38833	-11
81.39000	-12
81.39167	-12
81.39333	-11
81.39500	-12
81.39667	-12
81.39833	-12
81.40000	-12
81.40167	-13
81.40333	-12
81.40500	-13
81.40667	-12
81.40833	-13
81.41000	-12
81.41167	-13
81.41333	-12
81.41500	-13
81.41667	-12
81.41833	-13
81.42000	-12
81.42167	-13
81.42333	-13
81.42500	-12
81.42667	-13
81.42833	-12
81.43000	-13
81.43167	-12
81.43333	-13
81.43500	-13
81.43667	-13
81.43833	-13
81.44000	-13
81.44167	-13
81.44333	-14
81.44500	-13
81.44667	-14
81.44833	-14
81.45000	-14
81.45167	-14
81.45333	-15
81.45500	-15
81.45667	-15
81.45833	-16
81.46000	-16
81.46167	-16
81.46333	-16
81.46500	-17
81.46667	-17
81.46833	-17
81.47000	-18
81.47167	-18
81.47333	-18
81.47500	-19
81.47667	-19
81.47833	-19
81.48000	-19
81.48167	-20
81.48333	-20
81.48500	-21
81.48667	-20
81.48833	-21
81.49000	-21
81.49167	-22
81.49333	-22
81.49500	-22
81.49667	-23
81.49833	-22
81.50000	-24
81.50167	-23
81.50333	-24
81.50500	-24
81.50667	-24
81.50833	-24
81.51000	-25
81.51167	-25
81.51333	-25
81.51500	-26
81.51667	-25
81.51833	-26
81.52000	-25
81.52167	-26
81.52333	-25
81.52500	-26
81.52667	-26
81.52833	-26
81.53000	-26
81.53167	-26
81.53333	-26
81.53500	-26
81.53667	-26
81.53833	-26
81.54000	-26
81.54167	-26
81.54333	-26
81.54500	-27
81.54667	-26
81.54833	-27
81.55000	-27
81.55167	-28
81.55333	-27
81.55500	-27
81.55667	-27
81.55833	-27
81.56000	-27
81.56167	-28
81.56333	-27
81.56500	-28
81.56667	-28
81.56833	-28
81.57000	-28
81.57167	-28
81.57333	-28
81.57500	-29
81.57667	-28
81.57833	-29
81.58000	-29
81.58167	-30
81.58333	-29
81.58500	-30
81.58667	-30
81.58833	-30
81.59000	-30
81.59167	-31
81.59333	-31
81.59500	-31
81.59667	-31
81.59833	-32
81.60000	-31
81.60167	-32
81.60333	-32
81.60500	-33
81.60667	-32
81.60833	-33
81.61000	-33
81.61167	-33
81.61333	-34
81.61500	-33
81.61667	-34
81.61833	-34
81.62000	-34
81.62167	-34
81.62333	-35
81.62500	-34
81.62667	-35
81.62833	-35
81.63000	-35
81.63167	-35
81.63333	-35
81.63500	-35
81.63667	-35
81.63833	-36
81.64000	-35
81.64167	-36
81.64333	-36
81.64500	-35
81.64667	-35
81.64833	-36
81.65000	-36
81.65167	-36
81.65333	-35
81.65500	-36
81.65667	-36
81.65833	-36
81.66000	-35
81.66167	-36
81.66333	-37
81.66500	-36
81.66667	-36
81.66833	-36
81.67000	-37
81.67167	-36
81.67333	-36
81.67500	-37
81.67667	-37
81.67833	-36
81.68000	-38
81.68167	-37
81.68333	-37
81.68500	-38
81.68667	-38
81.68833	-39
81.69000	-38
81.69167	-39
81.69333	-39
81.69500	-39
81.69667	-40
81.69833	-40
81.70000	-41
81.70167	-40
81.70333	-41
81.70500	-41
81.70667	-42
81.70833	-42
81.71000	-43
81.71167	-43
81.71333	-43
81.71500	-44
81.71667	-45
81.71833	-44
81.72000	-45
81.72167	-45
81.72333	-46
81.72500	-46
81.72667	-46
81.72833	-47
81.73000	-47
81.73167	-47
81.73333	-47
81.73500	-47
81.73667	-48
81.73833	-47
81.74000	-48
81.74167	-48
81.74333	-48
81.74500	-48
81.74667	-48
81.74833	-48
81.75000	-48
81.75167	-48
81.75333	-48
81.75500	-49
81.75667	-48
81.75833	-48
81.76000	-47
81.76167	-48
81.76333	-48
81.76500	-48
81.76667	-48
81.76833	-48
81.77000	-47
81.77167	-48
81.77333	-48
81.77500	-48
81.77667	-48
81.77833	-49
81.78000	-48
81.78167	-48
81.78333	-49
81.78500	-49
81.78667	-49
81.78833	-50
81.79000	-49
81.79167	-50
81.79333	-50
81.79500	-51
81.79667	-51
81.79833	-51
81.80000	-51
81.80167	-52
81.80333	-52
81.80500	-52
81.80667	-53
81.80833	-53
81.81000	-53
81.81167	-54
81.81333	-54
81.81500	-54
81.81667	-54
81.81833	-55
81.82000	-54
81.82167	-55
81.82333	-56
81.82500	-55
81.82667	-56
81.82833	-56
81.83000	-56
81.83167	-56
81.83333	-56
81.83500	-57
81.83667	-56
81.83833	-56
81.84000	-57
81.84167	-57
81.84333	-56
81.84500	-58
81.84667	-57
81.84833	-57
81.85000	-58
81.85167	-58
81.85333	-57
81.85500	-58
81.85667	-58
81.85833	-58
81.86000	-59
81.86167	-58
81.86333	-59
81.86500	-59
81.86667	-59
81.86833	-60
81.87000	-60
81.87167	-60
81.87333	-60
81.87500	-61
81.87667	-61
81.87833	-61
81.88000	-61
81.88167	-61
81.88333	-61
81.88500	-62
81.88667	-62
81.88833	-62
81.89000	-63
81.89167	-63
81.89333	-63
81.89500	-63
81.89667	-64
81.89833	-63
81.90000	-64
81.90167	-64
81.90333	-64
81.90500	-65
81.90667	-65
81.90833	-65
81.91000	-65
81.91167	-66
81.91333	-66
81.91500	-66
81.91667	-66
81.91833	-67
81.92000	-66
81.92167	-67
81.92333	-67
81.92500	-67
81.92667	-68
81.92833	-67
81.93000	-68
81.93167	-68
81.93333	-69
81.93500	-68
81.93667	-69
81.93833	-69
81.94000	-69
81.94167	-69
81.94333	-69
81.94500	-69
81.94667	-70
81.94833	-69
81.95000	-70
81.95167	-69
81.95333	-70
81.95500	-70
81.95667	-70
81.95833	-70
81.96000	-69
81.96167	-70
81.96333	-70
81.96500	-70
81.96667	-70
81.96833	-70
81.97000	-70
81.97167	-70
81.97333	-70
81.97500	-70
81.97667	-70
81.97833	-69
81.98000	-70
81.98167	-70
81.98333	-70
81.98500	-69
81.98667	-70
81.98833	-70
81.99000	-69
81.99167	-70
81.99333	-69
81.99500	-70
81.99667	-70
81.99833	-70
82.00000	-70
82.00167	-70
82.00333	-70
82.00500	-70
82.00667	-70
82.00833	-70
82.01000	-71
82.01167	-71
82.01333	-71
82.01500	-71
82.01667	-72
82.01833	-71
82.02000	-72
82.02167	-73
82.02333	-72
82.02500	-73
82.02667	-73
82.02833	-73
82.03000	-74
82.03167	-74
82.03333	-74
82.03500	-75
82.03667	-75
82.03833	-75
82.04000	-76
82.04167	-76
82.04333	-77
82.04500	-77
82.04667	-77
82.04833	-77
82.05000	-77
82.05167	-78
82.05333	-78
82.05500	-78
82.05667	-79
82.05833	-79
82.06000	-79
82.06167	-79
82.06333	-79
82.06500	-79
82.06667	-80
82.06833	-80
82.07000	-80
82.07167	-81
82.07333	-80
82.07500	-81
82.07667	-81
82.07833	-80
82.08000	-81
82.08167	-82
82.08333	-81
82.08500	-82
82.08667	-81
82.08833	-82
82.09000	-82
82.09167	-82
82.09333	-82
82.09500	-82
82.09667	-83
82.09833	-82
82.10000	-83
82.10167	-83
82.10333	-83
82.10500	-83
82.10667	-84
82.10833	-83
82.11000	-84
82.11167	-84
82.11333	-83
82.11500	-84
82.11667	-83
82.11833	-84
82.12000	-83
82.12167	-84
82.12333	-84
82.12500	-84
82.12667	-84
82.12833	-84
82.13000	-84
82.13167	-84
82.13333	-85
82.13500	-85
82.13667	-84
82.13833	-85
82.14000	-85
82.14167	-86
82.14333	-85
82.14500	-85
82.14667	-86
82.14833	-86
82.15000	-86
82.15167	-86
82.15333	-87
82.15500	-87
82.15667	-87
82.15833	-87
82.16000	-87
82.16167	-88
82.16333	-87
82.16500	-88
82.16667	-88
82.16833	-88
82.17000	-88
82.17167	-88
82.17333	-89
82.17500	-88
82.17667	-88
82.17833	-89
82.18000	-89
82.18167	-88
82.18333	-89
82.18500	-89
82.18667	-88
82.18833	-89
82.19000	-89
82.19167	-89
82.19333	-89
82.19500	-89
82.19667	-89
82.19833	-89
82.20000	-89
82.20167	-89
82.20333	-89
82.20500	-89
82.20667	-89
82.20833	-89
82.21000	-89
82.21167	-89
82.21333	-89
82.21500	-89
82.21667	-89
82.21833	-89
82.22000	-90
82.22167	-89
82.22333	-89
82.22500	-89
82.22667	-89
82.22833	-90
82.23000	-90
82.23167	-91
82.23333	-90
82.23500	-91
82.23667	-91
82.23833	-91
82.24000	-92
82.24167	-91
82.24333	-93
82.24500	-92
82.24667	-93
82.24833	-93
82.25000	-93
82.25167	-94
82.25333	-94
82.25500	-94
82.25667	-94
82.25833	-95
82.26000	-95
82.26167	-95
82.26333	-95
82.26500	-96
82.26667	-96
82.26833	-95
82.27000	-96
82.27167	-96
82.27333	-96
82.27500	-95
82.27667	-96
82.27833	-95
82.28000	-95
82.28167	-95
82.28333	-96
82.28500	-95
82.28667	-95
82.28833	-95
82.29000	-95
82.29167	-95
82.29333	-95
82.29500	-95
82.29667	-95
82.29833	-95
82.30000	-95
82.30167	-95
82.30333	-95
82.30500	-95
82.30667	-95
82.30833	-95
82.31000	-96
82.31167	-95
82.31333	-96
82.31500	-96
82.31667	-96
82.31833	-96
82.32000	-95
82.32167	-96
82.32333	-97
82.32500	-96
82.32667	-96
82.32833	-96
82.33000	-96
82.33167	-96
82.33333	-97
82.33500	-96
82.33667	-96
82.33833	-97
82.34000	-97
82.34167	-97
82.34333	-96
82.34500	-97
82.34667	-97
82.34833	-97
82.35000	-97
82.35167	-97
82.35333	-97
82.35500	-97
82.35667	-98
82.35833	-97
82.36000	-98
82.36167	-98
82.36333	-98
82.36500	-98
82.36667	-99
82.36833	-99
82.37000	-99
82.37167	-99
82.37333	-100
82.37500	-100
82.37667	-100
82.37833	-100
82.38000	-101
82.38167	-101
82.38333	-102
82.38500	-102
82.38667	-102
82.38833	-102
82.39000	-103
82.39167	-103
82.39333	-103
82.39500	-103
82.39667	-103
82.39833	-104
82.40000	-104
82.40167	-104
82.40333	-105
82.40500	-104
82.40667	-105
82.40833	-105
82.41000	-106
82.41167	-105
82.41333	-105
82.41500	-106
82.41667	-106
82.41833	-106
82.42000	-105
82.42167	-106
82.42333	-106
82.42500	-106
82.42667	-106
82.42833	-106
82.43000	-106
82.43167	-107
82.43333	-106
82.43500	-107
82.43667	-106
82.43833	-107
82.44000	-106
82.44167	-106
82.44333	-107
82.44500	-107
82.44667	-106
82.44833	-107
82.45000	-107
82.45167	-107
82.45333	-107
82.45500	-106
82.45667	-107
82.45833	-106
82.46000	-107
82.46167	-106
82.46333	-106
82.46500	-106
82.46667	-106
82.46833	-107
82.47000	-106
82.47167	-106
82.47333	-106
82.47500	-106
82.47667	-106
82.47833	-107
82.48000	-106
82.48167	-107
82.48333	-107
82.48500	-107
82.48667	-107
82.48833	-107
82.49000	-107
82.49167	-107
82.49333	-107
82.49500	-107
82.49667	-108
82.49833	-107
82.50000	-108
82.50167	-108
82.50333	-108
82.50500	-108
82.50667	-108
82.50833	-109
82.51000	-108
82.51167	-108
82.51333	-109
82.51500	-109
82.51667	-109
82.51833	-109
82.52000	-110
82.52167	-109
82.52333	-110
82.52500	-109
82.52667	-110
82.52833	-110
82.53000	-110
82.53167	-110
82.53333	-110
82.53500	-111
82.53667	-110
82.53833	-110
82.54000	-111
82.54167	-111
82.54333	-111
82.54500	-111
82.54667	-112
82.54833	-111
82.55000	-111
82.55167	-112
82.55333	-111
82.55500	-112
82.55667	-112
82.55833	-112
82.56000	-111
82.56167	-113
82.56333	-112
82.56500	-112
82.56667	-112
82.56833	-113
82.57000	-113
82.57167	-112
82.57333	-113
82.57500	-113
82.57667	-113
82.57833	-113
82.58000	-114
82.58167	-113
82.58333	-114
82.58500	-113
82.58667	-114
82.58833	-113
82.59000	-114
82.59167	-114
82.59333	-114
82.59500	-114
82.59667	-114
82.59833	-114
82.60000	-115
82.60167	-114
82.60333	-115
82.60500	-114
82.60667	-115
82.60833	-114
82.61000	-115
82.61167	-114
82.61333	-115
82.61500	-114
82.61667	-114
82.61833	-115
82.62000	-114
82.62167	-114
82.62333	-114
82.62500	-114
82.62667	-114
82.62833	-113
82.63000	-114
82.63167	-114
82.63333	-113
82.63500	-114
82.63667	-114
82.63833	-113
82.64000	-114
82.64167	-114
82.64333	-115
82.64500	-114
82.64667	-115
82.64833	-114
82.65000	-115
82.65167	-116
82.65333	-116
82.65500	-116
82.65667	-116
82.65833	-117
82.66000	-117
82.66167	-118
82.66333	-118
82.66500	-118
82.66667	-118
82.66833	-119
82.67000	-119
82.67167	-119
82.67333	-120
82.67500	-120
82.67667	-120
82.67833	-120
82.68000	-120
82.68167	-121
82.68333	-121
82.68500	-121
82.68667	-122
82.68833	-121
82.69000	-122
82.69167	-122
82.69333	-122
82.69500	-122
82.69667	-122
82.69833	-122
82.70000	-122
82.70167	-122
82.70333	-122
82.70500	-122
82.70667	-122
82.70833	-122
82.71000	-122
82.71167	-122
82.71333	-123
82.71500	-122
82.71667	-123
82.71833	-122
82.72000	-123
82.72167	-122
82.72333	-123
82.72500	-123
82.72667	-123
82.72833	-122
82.73000	-123
82.73167	-123
82.73333	-123
82.73500	-123
82.73667	-123
82.73833	-123
82.74000	-123
82.74167	-124
82.74333	-123
82.74500	-123
82.74667	-123
82.74833	-123
82.75000	-124
82.75167	-123
82.75333	-123
82.75500	-124
82.75667	-123
82.75833	-124
82.76000	-123
82.76167	-124
82.76333	-123
82.76500	-124
82.76667	-124
82.76833	-124
82.77000	-123
82.77167	-124
82.77333	-124
82.77500	-123
82.77667	-124
82.77833	-123
82.78000	-124
82.78167	-123
82.78333	-123
82.78500	-123
82.78667	-123
82.78833	-123
82.79000	-123
82.79167	-123
82.79333	-124
82.79500	-123
82.79667	-124
82.79833	-123
82.80000	-123
82.80167	-124
82.80333	-124
82.80500	-123
82.80667	-124
82.80833	-124
82.81000	-124
82.81167	-124
82.81333	-124
82.81500	-125
82.81667	-124
82.81833	-124
82.82000	-125
82.82167	-125
82.82333	-125
82.82500	-125
82.82667	-125
82.82833	-125
82.83000	-125
82.83167	-126
82.83333	-125
82.83500	-126
82.83667	-125
82.83833	-126
82.84000	-126
82.84167	-126
82.84333	-126
82.84500	-126
82.84667	-126
82.84833	-126
82.85000	-127
82.85167	-126
82.85333	-127
82.85500	-128
82.85667	-127
82.85833	-128
82.86000	-128
82.86167	-128
82.86333	-128
82.86500	-128
82.86667	-129
82.86833	-129
82.87000	-129
82.87167	-130
82.87333	-130
82.87500	-130
82.87667	-130
82.87833	-130
82.88000	-131
82.88167	-131
82.88333	-131
82.88500	-131
82.88667	-131
82.88833	-131
82.89000	-131
82.89167	-132
82.89333	-131
82.89500	-131
82.89667	-131
82.89833	-132
82.90000	-131
82.90167	-131
82.90333	-130
82.90500	-131
82.90667	-131
82.90833	-131
82.91000	-130
82.91167	-131
82.91333	-131
82.91500	-130
82.91667	-131
82.91833	-131
82.92000	-131
82.92167	-131
82.92333	-131
82.92500	-131
82.92667	-131
82.92833	-132
82.93000	-131
82.93167	-132
82.93333	-132
82.93500	-132
82.93667	-133
82.93833	-132
82.94000	-133
82.94167	-132
82.94333	-133
82.94500	-133
82.94667	-133
82.94833	-132
82.95000	-133
82.95167	-133
82.95333	-133
82.95500	-133
82.95667	-133
82.95833	-134
82.96000	-133
82.96167	-133
82.96333	-134
82.96500	-134
82.96667	-134
82.96833	-134
82.97000	-135
82.97167	-134
82.97333	-135
82.97500	-135
82.97667	-136
82.97833	-135
82.98000	-136
82.98167	-136
82.98333	-136
82.98500	-137
82.98667	-137
82.98833	-137
82.99000	-137
82.99167	-137
82.99333	-137
82.99500	-138
82.99667	-138
82.99833	-138
83.00000	-137
83.00167	-138
83.00333	-138
83.00500	-138
83.00667	-138
83.00833	-138
83.01000	-138
83.01167	-139
83.01333	-138
83.01500	-138
83.01667	-139
83.01833	-138
83.02000	-139
83.02167	-138
83.02333	-139
83.02500	-138
83.02667	-138
83.02833	-139
83.03000	-138
83.03167	-138
83.03333	-138
83.03500	-139
83.03667	-138
83.03833	-138
83.04000	-138
83.04167	-138
83.04333	-138
83.04500	-138
83.04667	-138
83.04833	-138
83.05000	-137
83.05167	-138
83.05333	-137
83.05500	-137
83.05667	-137
83.05833	-137
83.06000	-137
83.06167	-137
83.06333	-137
83.06500	-137
83.06667	-136
83.06833	-136
83.07000	-137
83.07167	-136
83.07333	-137
83.07500	-136
83.07667	-137
83.07833	-136
83.08000	-137
83.08167	-136
83.08333	-137
83.08500	-137
83.08667	-138
83.08833	-137
83.09000	-137
83.09167	-139
83.09333	-138
83.09500	-139
83.09667	-139
83.09833	-139
83.10000	-140
83.10167	-140
83.10333	-140
83.10500	-141
83.10667	-141
83.10833	-142
83.11000	-141
83.11167	-142
83.11333	-143
83.11500	-142
83.11667	-143
83.11833	-143
83.12000	-144
83.12167	-143
83.12333	-144
83.12500	-143
83.12667	-144
83.12833	-145
83.13000	-144
83.13167	-144
83.13333	-145
83.13500	-145
83.13667	-144
83.13833	-145
83.14000	-144
83.14167	-145
83.14333	-144
83.14500	-145
83.14667	-145
83.14833	-145
83.15000	-144
83.15167	-145
83.15333	-144
83.15500	-145
83.15667	-145
83.15833	-144
83.16000	-145
83.16167	-144
83.16333	-144
83.16500	-144
83.16667	-145
83.16833	-143
83.17000	-144
83.17167	-144
83.17333	-144
83.17500	-143
83.17667	-144
83.17833	-143
83.18000	-143
83.18167	-143
83.18333	-143
83.18500	-144
83.18667	-143
83.18833	-143
83.19000	-143
83.19167	-143
83.19333	-142
83.19500	-143
83.19667	-143
83.19833	-143
83.20000	-143
83.20167	-143
83.20333	-143
83.20500	-144
83.20667	-143
83.20833	-144
83.21000	-143
83.21167	-144
83.21333	-143
83.21500	-145
83.21667	-144
83.21833	-144
83.22000	-144
83.22167	-145
83.22333	-145
83.22500	-145
83.22667	-145
83.22833	-146
83.23000	-145
83.23167	-145
83.23333	-146
83.23500	-145
83.23667	-146
83.23833	-146
83.24000	-147
83.24167	-146
83.24333	-147
83.24500	-147
83.24667	-146
83.24833	-147
83.25000	-147
83.25167	-147
83.25333	-148
83.25500	-147
83.25667	-148
83.25833	-147
83.26000	-148
83.26167	-147
83.26333	-147
83.26500	-148
83.26667	-147
83.26833	-147
83.27000	-148
83.27167	-147
83.27333	-147
83.27500	-148
83.27667	-147
83.27833	-147
83.28000	-147
83.28167	-147
83.28333	-147
83.28500	-148
83.28667	-147
83.28833	-147
83.29000	-147
83.29167	-147
83.29333	-147
83.29500	-147
83.29667	-147
83.29833	-147
83.30000	-147
83.30167	-147
83.30333	-147
83.30500	-147
83.30667	-147
83.30833	-147
83.31000	-148
83.31167	-147
83.31333	-148
83.31500	-148
83.31667	-148
83.31833	-148
83.32000	-148
83.32167	-149
83.32333	-149
83.32500	-148
83.32667	-150
83.32833	-149
83.33000	-150
83.33167	-151
83.33333	-150
83.33500	-151
83.33667	-151
83.33833	-152
83.34000	-151
83.34167	-153
83.34333	-152
83.34500	-152
83.34667	-153
83.34833	-153
83.35000	-153
83.35167	-153
83.35333	-153
83.35500	-153
83.35667	-154
83.35833	-153
83.36000	-153
83.36167	-153
83.36333	-153
83.36500	-154
83.36667	-153
83.36833	-153
83.37000	-153
83.37167	-152
83.37333	-153
83.37500	-152
83.37667	-152
83.37833	-152
83.38000	-152
83.38167	-152
83.38333	-152
83.38500	-151
83.38667	-152
83.38833	-151
83.39000	-151
83.39167	-151
83.39333	-151
83.39500	-151
83.39667	-152
83.39833	-151
83.40000	-152
83.40167	-151
83.40333	-152
83.40500	-151
83.40667	-152
83.40833	-152
83.41000	-151
83.41167	-152
83.41333	-152
83.41500	-152
83.41667	-153
83.41833	-152
83.42000	-153
83.42167	-152
83.42333	-153
83.42500	-153
83.42667	-153
83.42833	-153
83.43000	-153
83.43167	-154
83.43333	-153
83.43500	-153
83.43667	-154
83.43833	-154
83.44000	-154
83.44167	-154
83.44333	-155
83.44500	-154
83.44667	-154
83.44833	-155
83.45000	-155
83.45167	-154
83.45333	-155
83.45500	-155
83.45667	-155
83.45833	-155
83.46000	-156
83.46167	-156
83.46333	-156
83.46500	-156
83.46667	-156
83.46833	-156
83.47000	-156
83.47167	-156
83.47333	-156
83.47500	-156
83.47667	-156
83.47833	-156
83.48000	-157
83.48167	-156
83.48333	-156
83.48500	-155
83.48667	-156
83.48833	-156
83.49000	-155
83.49167	-156
83.49333	-155
83.49500	-156
83.49667	-155
83.49833	-155
83.50000	-156
83.50167	-155
83.50333	-155
83.50500	-155
83.50667	-155
83.50833	-155
83.51000	-156
83.51167	-155
83.51333	-156
83.51500	-155
83.51667	-156
83.51833	-156
83.52000	-157
83.52167	-156
83.52333	-156
83.52500	-157
83.52667	-157
83.52833	-157
83.53000	-157
83.53167	-157
83.53333	-158
83.53500	-158
83.53667	-157
83.53833	-158
83.54000	-158
83.54167	-158
83.54333	-158
83.54500	-158
83.54667	-158
83.54833	-159
83.55000	-158
83.55167	-158
83.55333	-158
83.55500	-158
83.55667	-158
83.55833	-158
83.56000	-157
83.56167	-158
83.56333	-157
83.56500	-158
83.56667	-157
83.56833	-157
83.57000	-156
83.57167	-157
83.57333	-157
83.57500	-156
83.57667	-157
83.57833	-156
83.58000	-157
83.58167	-156
83.58333	-156
83.58500	-156
83.58667	-157
83.58833	-156
83.59000	-156
83.59167	-156
83.59333	-156
83.59500	-156
83.59667	-157
83.59833	-156
83.60000	-156
83.60167	-156
83.60333	-156
83.60500	-156
83.60667	-156
83.60833	-156
83.61000	-156
83.61167	-157
83.61333	-156
83.61500	-156
83.61667	-156
83.61833	-156
83.62000	-156
83.62167	-156
83.62333	-156
83.62500	-155
83.62667	-156
83.62833	-156
83.63000	-157
83.63167	-156
83.63333	-156
83.63500	-157
83.63667	-156
83.63833	-157
83.64000	-157
83.64167	-157
83.64333	-157
83.64500	-157
83.64667	-158
83.64833	-158
83.65000	-157
83.65167	-158
83.65333	-159
83.65500	-158
83.65667	-158
83.65833	-159
83.66000	-158
83.66167	-159
83.66333	-159
83.66500	-159
83.66667	-159
83.66833	-159
83.67000	-160
83.67167	-159
83.67333	-159
83.67500	-160
83.67667	-160
83.67833	-160
83.68000	-159
83.68167	-160
83.68333	-160
83.68500	-160
83.68667	-161
83.68833	-160
83.69000	-160
83.69167	-161
83.69333	-160
83.69500	-161
83.69667	-161
83.69833	-161
83.70000	-161
83.70167	-161
83.70333	-161
83.70500	-162
83.70667	-162
83.70833	-161
83.71000	-163
83.71167	-162
83.71333	-163
83.71500	-163
83.71667	-163
83.71833	-163
83.72000	-163
83.72167	-164
83.72333	-164
83.72500	-165
83.72667	-164
83.72833	-164
83.73000	-165
83.73167	-165
83.73333	-164
83.73500	-165
83.73667	-165
83.73833	-165
83.74000	-165
83.74167	-165
83.74333	-165
83.74500	-165
83.74667	-164
83.74833	-165
83.75000	-164
83.75167	-165
83.75333	-165
83.75500	-164
83.75667	-165
83.75833	-164
83.76000	-164
83.76167	-164
83.76333	-164
83.76500	-163
83.76667	-164
83.76833	-163
83.77000	-164
83.77167	-163
83.77333	-163
83.77500	-163
83.77667	-163
83.77833	-162
83.78000	-163
83.78167	-163
83.78333	-162
83.78500	-163
83.78667	-163
83.78833	-164
83.79000	-163
83.79167	-163
83.79333	-164
83.79500	-163
83.79667	-164
83.79833	-164
83.80000	-164
83.80167	-164
83.80333	-165
83.80500	-164
83.80667	-165
83.80833	-166
83.81000	-165
83.81167	-166
83.81333	-165
83.81500	-167
83.81667	-166
83.81833	-166
83.82000	-167
83.82167	-167
83.82333	-168
83.82500	-167
83.82667	-168
83.82833	-168
83.83000	-167
83.83167	-168
83.83333	-168
83.83500	-169
83.83667	-168
83.83833	-169
83.84000	-168
83.84167	-169
83.84333	-169
83.84500	-169
83.84667	-169
83.84833	-169
83.85000	-169
83.85167	-169
83.85333	-169
83.85500	-169
83.85667	-169
83.85833	-168
83.86000	-169
83.86167	-168
83.86333	-169
83.86500	-168
83.86667	-169
83.86833	-168
83.87000	-168
83.87167	-169
83.87333	-168
83.87500	-168
83.87667	-168
83.87833	-168
83.88000	-169
83.88167	-168
83.88333	-168
83.88500	-168
83.88667	-169
83.88833	-168
83.89000	-168
83.89167	-168
83.89333	-169
83.89500	-168
83.89667	-168
83.89833	-169
83.90000	-168
83.90167	-168
83.90333	-168
83.90500	-169
83.90667	-168
83.90833	-169
83.91000	-168
83.91167	-169
83.91333	-168
83.91500	-169
83.91667	-168
83.91833	-168
83.92000	-169
83.92167	-168
83.92333	-168
83.92500	-168
83.92667	-168
83.92833	-168
83.93000	-168
83.93167	-168
83.93333	-167
83.93500	-168
83.93667	-168
83.93833	-167
83.94000	-167
83.94167	-168
83.94333	-167
83.94500	-167
83.94667	-167
83.94833	-167
83.95000	-167
83.95167	-167
83.95333	-167
83.95500	-167
83.95667	-166
83.95833	-167
83.96000	-166
83.96167	-167
83.96333	-167
83.96500	-167
83.96667	-167
83.96833	-166
83.97000	-167
83.97167	-167
83.97333	-166
83.97500	-167
83.97667	-167
83.97833	-167
83.98000	-166
83.98167	-167
83.98333	-167
83.98500	-167
83.98667	-167
83.98833	-167
83.99000	-167
83.99167	-167
83.99333	-168
83.99500	-167
83.99667	-168
83.99833	-167
84.00000	-168
84.00167	-168
84.00333	-168
84.00500	-168
84.00667	-168
84.00833	-168
84.01000	-168
84.01167	-168
84.01333	-169
84.01500	-168
84.01667	-169
84.01833	-168
84.02000	-169
84.02167	-169
84.02333	-169
84.02500	-168
84.02667	-169
84.02833	-169
84.03000	-169
84.03167	-169
84.03333	-169
84.03500	-169
84.03667	-169
84.03833	-169
84.04000	-169
84.04167	-169
84.04333	-169
84.04500	-168
84.04667	-169
84.04833	-169
84.05000	-169
84.05167	-169
84.05333	-169
84.05500	-169
84.05667	-169
84.05833	-169
84.06000	-169
84.06167	-169
84.06333	-169
84.06500	-169
84.06667	-170
84.06833	-169
84.07000	-170
84.07167	-170
84.07333	-170
84.07500	-171
84.07667	-170
84.07833	-171
84.08000	-171
84.08167	-172
84.08333	-171
84.08500	-171
84.08667	-172
84.08833	-171
84.09000	-171
84.09167	-172
84.09333	-171
84.09500	-172
84.09667	-172
84.09833	-172
84.10000	-171
84.10167	-172
84.10333	-172
84.10500	-171
84.10667	-172
84.10833	-171
84.11000	-171
84.11167	-172
84.11333	-171
84.11500	-171
84.11667	-171
84.11833	-171
84.12000	-171
84.12167	-172
84.12333	-171
84.12500	-171
84.12667	-171
84.12833	-171
84.13000	-170
84.13167	-171
84.13333	-171
84.13500	-171
84.13667	-171
84.13833	-171
84.14000	-171
84.14167	-171
84.14333	-171
84.14500	-172
84.14667	-171
84.14833	-172
84.15000	-172
84.15167	-172
84.15333	-172
84.15500	-172
84.15667	-172
84.15833	-172
84.16000	-173
84.16167	-172
84.16333	-173
84.16500	-173
84.16667	-173
84.16833	-173
84.17000	-174
84.17167	-174
84.17333	-174
84.17500	-174
84.17667	-174
84.17833	-174
84.18000	-175
84.18167	-174
84.18333	-176
84.18500	-175
84.18667	-175
84.18833	-175
84.19000	-176
84.19167	-176
84.19333	-175
84.19500	-176
84.19667	-175
84.19833	-176
84.20000	-175
84.20167	-176
84.20333	-176
84.20500	-175
84.20667	-176
84.20833	-176
84.21000	-175
84.21167	-176
84.21333	-175
84.21500	-176
84.21667	-175
84.21833	-174
84.22000	-175
84.22167	-175
84.22333	-174
84.22500	-174
84.22667	-174
84.22833	-174
84.23000	-175
84.23167	-174
84.23333	-174
84.23500	-174
84.23667	-174
84.23833	-175
84.24000	-174
84.24167	-174
84.24333	-174
84.24500	-174
84.24667	-174
84.24833	-175
84.25000	-175
84.25167	-175
84.25333	-175
84.25500	-175
84.25667	-175
84.25833	-175
84.26000	-176
84.26167	-176
84.26333	-177
84.26500	-176
84.26667	-177
84.26833	-176
84.27000	-177
84.27167	-178
84.27333	-177
84.27500	-177
84.27667	-178
84.27833	-178
84.28000	-177
84.28167	-179
84.28333	-178
84.28500	-178
84.28667	-179
84.28833	-178
84.29000	-179
84.29167	-179
84.29333	-178
84.29500	-179
84.29667	-179
84.29833	-178
84.30000	-179
84.30167	-178
84.30333	-178
84.30500	-179
84.30667	-178
84.30833	-178
84.31000	-178
84.31167	-178
84.31333	-178
84.31500	-177
84.31667	-177
84.31833	-177
84.32000	-177
84.32167	-177
84.32333	-177
84.32500	-176
84.32667	-177
84.32833	-177
84.33000	-176
84.33167	-177
84.33333	-176
84.33500	-176
84.33667	-176
84.33833	-176
84.34000	-176
84.34167	-177
84.34333	-176
84.34500	-176
84.34667	-177
84.34833	-176
84.35000	-176
84.35167	-177
84.35333	-177
84.35500	-176
84.35667	-177
84.35833	-176
84.36000	-177
84.36167	-176
84.36333	-177
84.36500	-177
84.36667	-176
84.36833	-177
84.37000	-177
84.37167	-176
84.37333	-176
84.37500	-177
84.37667	-176
84.37833	-176
84.38000	-176
84.38167	-175
84.38333	-176
84.38500	-175
84.38667	-176
84.38833	-175
84.39000	-175
84.39167	-175
84.39333	-175
84.39500	-175
84.39667	-174
84.39833	-175
84.40000	-175
84.40167	-175
84.40333	-174
84.40500	-174
84.40667	-175
84.40833	-174
84.41000	-174
84.41167	-175
84.41333	-173
84.41500	-175
84.41667	-173
84.41833	-174
84.42000	-174
84.42167	-173
84.42333	-174
84.42500	-173
84.42667	-173
84.42833	-173
84.43000	-174
84.43167	-173
84.43333	-173
84.43500	-173
84.43667	-174
84.43833	-173
84.44000	-174
84.44167	-173
84.44333	-174
84.44500	-173
84.44667	-174
84.44833	-174
84.45000	-174
84.45167	-174
84.45333	-174
84.45500	-174
84.45667	-175
84.45833	-175
84.46000	-174
84.46167	-175
84.46333	-175
84.46500	-175
84.46667	-175
84.46833	-176
84.47000	-175
84.47167	-176
84.47333	-176
84.47500	-175
84.47667	-176
84.47833	-176
84.48000	-176
84.48167	-175
84.48333	-176
84.48500	-175
84.48667	-176
84.48833	-176
84.49000	-176
84.49167	-176
84.49333	-176
84.49500	-176
84.49667	-175
84.49833	-176
84.50000	-175
84.50167	-175
84.50333	-176
84.50500	-175
84.50667	-176
84.50833	-175
84.51000	-175
84.51167	-175
84.51333	-175
84.51500	-175
84.51667	-175
84.51833	-175
84.52000	-175
84.52167	-176
84.52333	-175
84.52500	-175
84.52667	-176
84.52833	-175
84.53000	-175
84.53167	-176
84.53333	-175
84.53500	-176
84.53667	-176
84.53833	-176
84.54000	-176
84.54167	-177
84.54333	-176
84.54500	-177
84.54667	-177
84.54833	-176
84.55000	-177
84.55167	-177
84.55333	-176
84.55500	-177
84.55667	-177
84.55833	-177
84.56000	-177
84.56167	-177
84.56333	-176
84.56500	-176
84.56667	-177
84.56833	-176
84.57000	-176
84.57167	-175
84.57333	-176
84.57500	-175
84.57667	-175
84.57833	-175
84.58000	-175
84.58167	-175
84.58333	-175
84.58500	-175
84.58667	-175
84.58833	-174
84.59000	-175
84.59167	-174
84.59333	-175
84.59500	-174
84.59667	-175
84.59833	-174
84.60000	-174
84.60167	-175
84.60333	-175
84.60500	-175
84.60667	-175
84.60833	-174
84.61000	-175
84.61167	-176
84.61333	-175
84.61500	-175
84.61667	-176
84.61833	-175
84.62000	-176
84.62167	-176
84.62333	-176
84.62500	-176
84.62667	-176
84.62833	-177
84.63000	-177
84.63167	-176
84.63333	-177
84.63500	-178
84.63667	-177
84.63833	-177
84.64000	-178
84.64167	-177
84.64333	-178
84.64500	-178
84.64667	-178
84.64833	-178
84.65000	-178
84.65167	-178
84.65333	-178
84.65500	-178
84.65667	-178
84.65833	-178
84.66000	-177
84.66167	-178
84.66333	-178
84.66500	-177
84.66667	-178
84.66833	-177
84.67000	-178
84.67167	-178
84.67333	-177
84.67500	-178
84.67667	-177
84.67833	-178
84.68000	-177
84.68167	-177
84.68333	-177
84.68500	-177
84.68667	-177
84.68833	-176
84.69000	-177
84.69167	-176
84.69333	-177
84.69500	-176
84.69667	-176
84.69833	-176
84.70000	-176
84.70167	-176
84.70333	-176
84.70500	-176
84.70667	-176
84.70833	-175
84.71000	-176
84.71167	-175
84.71333	-176
84.71500	-175
84.71667	-176
84.71833	-176
84.72000	-176
84.72167	-176
84.72333	-176
84.72500	-176
84.72667	-177
84.72833	-176
84.73000	-177
84.73167	-177
84.73333	-177
84.73500	-177
84.73667	-177
84.73833	-177
84.74000	-177
84.74167	-177
84.74333	-177
84.74500	-177
84.74667	-178
84.74833	-177
84.75000	-177
84.75167	-178
84.75333	-178
84.75500	-178
84.75667	-177
84.75833	-178
84.76000	-177
84.76167	-178
84.76333	-178
84.76500	-177
84.76667	-178
84.76833	-177
84.77000	-178
84.77167	-177
84.77333	-178
84.77500	-177
84.77667	-177
84.77833	-177
84.78000	-177
84.78167	-177
84.78333	-177
84.78500	-176
84.78667	-177
84.78833	-176
84.79000	-176
84.79167	-176
84.79333	-176
84.79500	-176
84.79667	-175
84.79833	-176
84.80000	-175
84.80167	-175
84.80333	-175
84.80500	-175
84.80667	-175
84.80833	-174
84.81000	-175
84.81167	-174
84.81333	-175
84.81500	-174
84.81667	-174
84.81833	-174
84.82000	-174
84.82167	-174
84.82333	-174
84.82500	-174
84.82667	-174
84.82833	-173
84.83000	-174
84.83167	-173
84.83333	-174
84.83500	-174
84.83667	-173
84.83833	-174
84.84000	-173
84.84167	-174
84.84333	-173
84.84500	-174
84.84667	-174
84.84833	-174
84.85000	-174
84.85167	-174
84.85333	-174
84.85500	-175
84.85667	-174
84.85833	-175
84.86000	-175
84.86167	-175
84.86333	-176
84.86500	-175
84.86667	-176
84.86833	-176
84.87000	-176
84.87167	-176
84.87333	-177
84.87500	-177
84.87667	-177
84.87833	-176
84.88000	-177
84.88167	-178
84.88333	-177
84.88500	-178
84.88667	-177
84.88833	-178
84.89000	-178
84.89167	-179
84.89333	-178
84.89500	-179
84.89667	-178
84.89833	-179
84.90000	-178
84.90167	-179
84.90333	-179
84.90500	-179
84.90667	-178
84.90833	-179
84.91000	-179
84.91167	-179
84.91333	-178
84.91500	-179
84.91667	-178
84.91833	-179
84.92000	-178
84.92167	-178
84.92333	-178
84.92500	-178
84.92667	-178
84.92833	-178
84.93000	-177
84.93167	-178
84.93333	-177
84.93500	-177
84.93667	-178
84.93833	-178
84.94000	-177
84.94167	-178
84.94333	-177
84.94500	-178
84.94667	-177
84.94833	-177
84.95000	-177
84.95167	-177
84.95333	-177
84.95500	-177
84.95667	-177
84.95833	-177
84.96000	-177
84.96167	-176
84.96333	-177
84.96500	-177
84.96667	-176
84.96833	-177
84.97000	-177
84.97167	-176
84.97333	-177
84.97500	-177
84.97667	-177
84.97833	-176
84.98000	-177
84.98167	-177
84.98333	-177
84.98500	-177
84.98667	-177
84.98833	-177
84.99000	-177
84.99167	-177
84.99333	-177
84.99500	-177
84.99667	-178
84.99833	-178
85.00000	-177
85.00167	-178
85.00333	-178
85.00500	-177
85.00667	-178
85.00833	-178
85.01000	-178
85.01167	-178
85.01333	-179
85.01500	-178
85.01667	-178
85.01833	-179
85.02000	-178
85.02167	-179
85.02333	-179
85.02500	-178
85.02667	-179
85.02833	-178
85.03000	-179
85.03167	-178
85.03333	-178
85.03500	-179
85.03667	-178
85.03833	-178
85.04000	-179
85.04167	-178
85.04333	-179
85.04500	-179
85.04667	-178
85.04833	-179
85.05000	-179
85.05167	-178
85.05333	-179
85.05500	-179
85.05667	-180
85.05833	-179
85.06000	-179
85.06167	-179
85.06333	-180
85.06500	-179
85.06667	-180
85.06833	-179
85.07000	-180
85.07167	-180
85.07333	-181
85.07500	-180
85.07667	-181
85.07833	-181
85.08000	-181
85.08167	-181
85.08333	-181
85.08500	-182
85.08667	-181
85.08833	-182
85.09000	-182
85.09167	-182
85.09333	-182
85.09500	-182
85.09667	-182
85.09833	-181
85.10000	-182
85.10167	-182
85.10333	-182
85.10500	-182
85.10667	-181
85.10833	-182
85.11000	-181
85.11167	-182
85.11333	-181
85.11500	-181
85.11667	-181
85.11833	-180
85.12000	-181
85.12167	-180
85.12333	-181
85.12500	-180
85.12667	-180
85.12833	-181
85.13000	-180
85.13167	-180
85.13333	-180
85.13500	-180
85.13667	-180
85.13833	-180
85.14000	-180
85.14167	-180
85.14333	-180
85.14500	-181
85.14667	-180
85.14833	-180
85.15000	-181
85.15167	-180
85.15333	-180
85.15500	-181
85.15667	-180
85.15833	-180
85.16000	-181
85.16167	-180
85.16333	-180
85.16500	-180
85.16667	-180
85.16833	-180
85.17000	-180
85.17167	-179
85.17333	-180
85.17500	-180
85.17667	-179
85.17833	-180
85.18000	-179
85.18167	-179
85.18333	-180
85.18500	-179
85.18667	-179
85.18833	-180
85.19000	-179
85.19167	-179
85.19333	-179
85.19500	-180
85.19667	-179
85.19833	-180
85.20000	-180
85.20167	-180
85.20333	-179
85.20500	-180
85.20667	-180
85.20833	-180
85.21000	-180
85.21167	-180
85.21333	-180
85.21500	-179
85.21667	-180
85.21833	-180
85.22000	-179
85.22167	-179
85.22333	-180
85.22500	-179
85.22667	-178
85.22833	-179
85.23000	-179
85.23167	-178
85.23333	-178
85.23500	-178
85.23667	-177
85.23833	-177
85.24000	-177
85.24167	-177
85.24333	-177
85.24500	-176
85.24667	-176
85.24833	-176
85.25000	-176
85.25167	-176
85.25333	-176
85.25500	-176
85.25667	-175
85.25833	-176
85.26000	-176
85.26167	-176
85.26333	-175
85.26500	-176
85.26667	-176
85.26833	-176
85.27000	-176
85.27167	-176
85.27333	-177
85.27500	-175
85.27667	-176
85.27833	-176
85.28000	-177
85.28167	-176
85.28333	-176
85.28500	-176
85.28667	-177
85.28833	-176
85.29000	-176
85.29167	-177
85.29333	-176
85.29500	-177
85.29667	-177
85.29833	-176
85.30000	-177
85.30167	-177
85.30333	-176
85.30500	-177
85.30667	-176
85.30833	-177
85.31000	-176
85.31167	-177
85.31333	-177
85.31500	-178
85.31667	-177
85.31833	-177
85.32000	-178
85.32167	-178
85.32333	-178
85.32500	-178
85.32667	-178
85.32833	-178
85.33000	-179
85.33167	-178
85.33333	-179
85.33500	-179
85.33667	-179
85.33833	-179
85.34000	-179
85.34167	-179
85.34333	-179
85.34500	-179
85.34667	-179
85.34833	-179
85.35000	-179
85.35167	-178
85.35333	-179
85.35500	-179
85.35667	-178
85.35833	-178
85.36000	-178
85.36167	-178
85.36333	-178
85.36500	-177
85.36667	-177
85.36833	-178
85.37000	-177
85.37167	-177
85.37333	-176
85.37500	-177
85.37667	-177
85.37833	-177
85.38000	-177
85.38167	-177
85.38333	-176
85.38500	-176
85.38667	-177
85.38833	-176
85.39000	-177
85.39167	-177
85.39333	-177
85.39500	-176
85.39667	-177
85.39833	-177
85.40000	-176
85.40167	-177
85.40333	-176
85.40500	-177
85.40667	-177
85.40833	-177
85.41000	-176
85.41167	-177
85.41333	-176
85.41500	-177
85.41667	-176
85.41833	-176
85.42000	-176
85.42167	-176
85.42333	-177
85.42500	-175
85.42667	-176
85.42833	-176
85.43000	-176
85.43167	-176
85.43333	-176
85.43500	-176
85.43667	-176
85.43833	-176
85.44000	-176
85.44167	-176
85.44333	-176
85.44500	-177
85.44667	-176
85.44833	-177
85.45000	-177
85.45167	-177
85.45333	-178
85.45500	-177
85.45667	-178
85.45833	-178
85.46000	-177
85.46167	-178
85.46333	-179
85.46500	-178
85.46667	-179
85.46833	-178
85.47000	-179
85.47167	-179
85.47333	-179
85.47500	-179
85.47667	-180
85.47833	-179
85.48000	-179
85.48167	-180
85.48333	-179
85.48500	-179
85.48667	-179
85.48833	-179
85.49000	-179
85.49167	-179
85.49333	-178
85.49500	-178
85.49667	-178
85.49833	-178
85.50000	-177
85.50167	-178
85.50333	-177
85.50500	-176
85.50667	-177
85.50833	-176
85.51000	-176
85.51167	-176
85.51333	-176
85.51500	-176
85.51667	-175
85.51833	-176
85.52000	-175
85.52167	-175
85.52333	-175
85.52500	-175
85.52667	-175
85.52833	-175
85.53000	-175
85.53167	-175
85.53333	-175
85.53500	-175
85.53667	-174
85.53833	-175
85.54000	-174
85.54167	-175
85.54333	-175
85.54500	-174
85.54667	-175
85.54833	-175
85.55000	-174
85.55167	-175
85.55333	-174
85.55500	-174
85.55667	-174
85.55833	-174
85.56000	-173
85.56167	-174
85.56333	-173
85.56500	-174
85.56667	-173
85.56833	-173
85.57000	-173
85.57167	-172
85.57333	-173
85.57500	-172
85.57667	-173
85.57833	-172
85.58000	-171
85.58167	-172
85.58333	-172
85.58500	-172
85.58667	-172
85.58833	-171
85.59000	-171
85.59167	-172
85.59333	-171
85.59500	-172
85.59667	-171
85.59833	-172
85.60000	-171
85.60167	-172
85.60333	-172
85.60500	-172
85.60667	-171
85.60833	-171
85.61000	-172
85.61167	-172
85.61333	-171
85.61500	-171
85.61667	-172
85.61833	-171
85.62000	-171
85.62167	-171
85.62333	-171
85.62500	-171
85.62667	-171
85.62833	-171
85.63000	-171
85.63167	-171
85.63333	-171
85.63500	-171
85.63667	-171
85.63833	-171
85.64000	-171
85.64167	-171
85.64333	-171
85.64500	-172
85.64667	-171
85.64833	-172
85.65000	-172
85.65167	-172
85.65333	-172
85.65500	-173
85.65667	-172
85.65833	-173
85.66000	-174
85.66167	-173
85.66333	-174
85.66500	-174
85.66667	-174
85.66833	-174
85.67000	-174
85.67167	-175
85.67333	-175
85.67500	-176
85.67667	-175
85.67833	-176
85.68000	-175
85.68167	-176
85.68333	-176
85.68500	-176
85.68667	-176
85.68833	-176
85.69000	-176
85.69167	-176
85.69333	-175
85.69500	-176
85.69667	-176
85.69833	-176
85.70000	-175
85.70167	-175
85.70333	-175
85.70500	-175
85.70667	-175
85.70833	-174
85.71000	-174
85.71167	-174
85.71333	-174
85.71500	-174
85.71667	-173
85.71833	-173
85.72000	-172
85.72167	-173
85.72333	-172
85.72500	-173
85.72667	-172
85.72833	-172
85.73000	-171
85.73167	-172
85.73333	-172
85.73500	-171
85.73667	-172
85.73833	-171
85.74000	-171
85.74167	-171
85.74333	-171
85.74500	-171
85.74667	-171
85.74833	-171
85.75000	-171
85.75167	-171
85.75333	-171
85.75500	-171
85.75667	-172
85.75833	-171
85.76000	-172
85.76167	-172
85.76333	-172
85.76500	-171
85.76667	-172
85.76833	-172
85.77000	-171
85.77167	-172
85.77333	-172
85.77500	-171
85.77667	-172
85.77833	-172
85.78000	-171
85.78167	-172
85.78333	-172
85.78500	-172
85.78667	-172
85.78833	-172
85.79000	-172
85.79167	-172
85.79333	-173
85.79500	-172
85.79667	-173
85.79833	-173
85.80000	-172
85.80167	-173
85.80333	-173
85.80500	-173
85.80667	-173
85.80833	-174
85.81000	-173
85.81167	-173
85.81333	-174
85.81500	-173
85.81667	-174
85.81833	-173
85.82000	-174
85.82167	-174
85.82333	-173
85.82500	-174
85.82667	-173
85.82833	-174
85.83000	-173
85.83167	-173
85.83333	-173
85.83500	-174
85.83667	-173
85.83833	-174
85.84000	-173
85.84167	-174
85.84333	-174
85.84500	-173
85.84667	-174
85.84833	-174
85.85000	-174
85.85167	-174
85.85333	-174
85.85500	-174
85.85667	-174
85.85833	-174
85.86000	-174
85.86167	-175
85.86333	-174
85.86500	-175
85.86667	-174
85.86833	-175
85.87000	-175
85.87167	-174
85.87333	-175
85.87500	-174
85.87667	-175
85.87833	-175
85.88000	-174
85.88167	-175
85.88333	-175
85.88500	-174
85.88667	-174
85.88833	-175
85.89000	-174
85.89167	-174
85.89333	-174
85.89500	-174
85.89667	-174
85.89833	-174
85.90000	-174
85.90167	-173
85.90333	-173
85.90500	-174
85.90667	-173
85.90833	-173
85.91000	-173
85.91167	-172
85.91333	-173
85.91500	-172
85.91667	-173
85.91833	-172
85.92000	-172
85.92167	-172
85.92333	-171
85.92500	-172
85.92667	-171
85.92833	-172
85.93000	-171
85.93167	-171
85.93333	-171
85.93500	-171
85.93667	-171
85.93833	-171
85.94000	-171
85.94167	-171
85.94333	-170
85.94500	-171
85.94667	-170
85.94833	-171
85.95000	-171
85.95167	-171
85.95333	-171
85.95500	-171
85.95667	-171
85.95833	-171
85.96000	-171
85.96167	-172
85.96333	-171
85.96500	-171
85.96667	-172
85.96833	-172
85.97000	-171
85.97167	-172
85.97333	-172
85.97500	-172
85.97667	-172
85.97833	-171
85.98000	-172
85.98167	-171
85.98333	-172
85.98500	-172
85.98667	-171
85.98833	-171
85.99000	-171
85.99167	-171
85.99333	-171
85.99500	-171
85.99667	-171
85.99833	-171
86.00000	-171
86.00167	-170
86.00333	-171
86.00500	-170
86.00667	-170
86.00833	-171
86.01000	-170
86.01167	-170
86.01333	-170
86.01500	-170
86.01667	-170
86.01833	-170
86.02000	-170
86.02167	-169
86.02333	-170
86.02500	-169
86.02667	-170
86.02833	-169
86.03000	-170
86.03167	-169
86.03333	-169
86.03500	-169
86.03667	-169
86.03833	-169
86.04000	-169
86.04167	-169
86.04333	-170
86.04500	-169
86.04667	-169
86.04833	-169
86.05000	-169
86.05167	-170
86.05333	-169
86.05500	-170
86.05667	-169
86.05833	-169
86.06000	-170
86.06167	-169
86.06333	-169
86.06500	-169
86.06667	-169
86.06833	-170
86.07000	-169
86.07167	-169
86.07333	-169
86.07500	-169
86.07667	-169
86.07833	-168
86.08000	-169
86.08167	-169
86.08333	-168
86.08500	-169
86.08667	-168
86.08833	-168
86.09000	-169
86.09167	-168
86.09333	-168
86.09500	-169
86.09667	-168
86.09833	-168
86.10000	-168
86.10167	-168
86.10333	-168
86.10500	-168
86.10667	-168
86.10833	-168
86.11000	-169
86.11167	-168
86.11333	-168
86.11500	-168
86.11667	-168
86.11833	-168
86.12000	-168
86.12167	-169
86.12333	-168
86.12500	-168
86.12667	-169
86.12833	-168
86.13000	-168
86.13167	-169
86.13333	-168
86.13500	-168
86.13667	-168
86.13833	-168
86.14000	-168
86.14167	-168
86.14333	-168
86.14500	-168
86.14667	-168
86.14833	-169
86.15000	-167
86.15167	-168
86.15333	-168
86.15500	-168
86.15667	-167
86.15833	-168
86.16000	-167
86.16167	-167
86.16333	-167
86.16500	-167
86.16667	-167
86.16833	-167
86.17000	-167
86.17167	-166
86.17333	-166
86.17500	-166
86.17667	-166
86.17833	-166
86.18000	-166
86.18167	-166
86.18333	-165
86.18500	-166
86.18667	-166
86.18833	-165
86.19000	-165
86.19167	-165
86.19333	-165
86.19500	-165
86.19667	-165
86.19833	-165
86.20000	-164
86.20167	-165
86.20333	-164
86.20500	-164
86.20667	-165
86.20833	-164
86.21000	-164
86.21167	-163
86.21333	-164
86.21500	-164
86.21667	-163
86.21833	-164
86.22000	-164
86.22167	-163
86.22333	-164
86.22500	-164
86.22667	-163
86.22833	-164
86.23000	-163
86.23167	-163
86.23333	-163
86.23500	-163
86.23667	-163
86.23833	-163
86.24000	-162
86.24167	-163
86.24333	-162
86.24500	-163
86.24667	-162
86.24833	-162
86.25000	-162
86.25167	-162
86.25333	-162
86.25500	-162
86.25667	-162
86.25833	-161
86.26000	-161
86.26167	-161
86.26333	-162
86.26500	-161
86.26667	-161
86.26833	-161
86.27000	-161
86.27167	-160
86.27333	-161
86.27500	-161
86.27667	-161
86.27833	-161
86.28000	-161
86.28167	-161
86.28333	-161
86.28500	-162
86.28667	-161
86.28833	-161
86.29000	-161
86.29167	-161
86.29333	-161
86.29500	-161
86.29667	-161
86.29833	-162
86.30000	-161
86.30167	-161
86.30333	-161
86.30500	-161
86.30667	-161
86.30833	-161
86.31000	-161
86.31167	-161
86.31333	-161
86.31500	-161
86.31667	-162
86.31833	-161
86.32000	-161
86.32167	-161
86.32333	-161
86.32500	-161
86.32667	-162
86.32833	-161
86.33000	-161
86.33167	-162
86.33333	-162
86.33500	-161
86.33667	-162
86.33833	-161
86.34000	-162
86.34167	-162
86.34333	-162
86.34500	-162
86.34667	-162
86.34833	-161
86.35000	-162
86.35167	-162
86.35333	-162
86.35500	-162
86.35667	-162
86.35833	-162
86.36000	-161
86.36167	-162
86.36333	-161
86.36500	-162
86.36667	-161
86.36833	-161
86.37000	-161
86.37167	-161
86.37333	-162
86.37500	-161
86.37667	-161
86.37833	-160
86.38000	-161
86.38167	-161
86.38333	-160
86.38500	-161
86.38667	-160
86.38833	-161
86.39000	-161
86.39167	-161
86.39333	-160
86.39500	-161
86.39667	-160
86.39833	-161
86.40000	-160
86.40167	-161
86.40333	-160
86.40500	-160
86.40667	-160
86.40833	-160
86.41000	-160
86.41167	-160
86.41333	-160
86.41500	-159
86.41667	-159
86.41833	-160
86.42000	-159
86.42167	-158
86.42333	-159
86.42500	-159
86.42667	-159
86.42833	-158
86.43000	-158
86.43167	-158
86.43333	-158
86.43500	-159
86.43667	-158
86.43833	-158
86.44000	-158
86.44167	-158
86.44333	-159
86.44500	-158
86.44667	-158
86.44833	-159
86.45000	-158
86.45167	-157
86.45333	-158
86.45500	-158
86.45667	-158
86.45833	-157
86.46000	-158
86.46167	-157
86.46333	-157
86.46500	-157
86.46667	-157
86.46833	-157
86.47000	-156
86.47167	-156
86.47333	-156
86.47500	-156
86.47667	-155
86.47833	-154
86.48000	-155
86.48167	-154
86.48333	-154
86.48500	-153
86.48667	-154
86.48833	-153
86.49000	-153
86.49167	-153
86.49333	-152
86.49500	-152
86.49667	-152
86.49833	-151
86.50000	-151
86.50167	-151
86.50333	-151
86.50500	-151
86.50667	-150
86.50833	-150
86.51000	-150
86.51167	-150
86.51333	-149
86.51500	-150
86.51667	-149
86.51833	-149
86.52000	-149
86.52167	-149
86.52333	-149
86.52500	-149
86.52667	-149
86.52833	-149
86.53000	-149
86.53167	-149
86.53333	-150
86.53500	-149
86.53667	-150
86.53833	-150
86.54000	-149
86.54167	-150
86.54333	-150
86.54500	-151
86.54667	-150
86.54833	-150
86.55000	-150
86.55167	-150
86.55333	-150
86.55500	-150
86.55667	-151
86.55833	-150
86.56000	-150
86.56167	-150
86.56333	-150
86.56500	-150
86.56667	-150
86.56833	-149
86.57000	-150
86.57167	-149
86.57333	-149
86.57500	-149
86.57667	-149
86.57833	-149
86.58000	-148
86.58167	-149
86.58333	-148
86.58500	-149
86.58667	-148
86.58833	-147
86.59000	-148
86.59167	-148
86.59333	-148
86.59500	-147
86.59667	-148
86.59833	-148
86.60000	-147
86.60167	-148
86.60333	-147
86.60500	-147
86.60667	-148
86.60833	-147
86.61000	-147
86.61167	-147
86.61333	-147
86.61500	-148
86.61667	-147
86.61833	-147
86.62000	-148
86.62167	-147
86.62333	-148
86.62500	-148
86.62667	-147
86.62833	-148
86.63000	-148
86.63167	-148
86.63333	-148
86.63500	-148
86.63667	-148
86.63833	-148
86.64000	-148
86.64167	-148
86.64333	-148
86.64500	-148
86.64667	-149
86.64833	-148
86.65000	-148
86.65167	-148
86.65333	-148
86.65500	-147
86.65667	-148
86.65833	-148
86.66000	-147
86.66167	-147
86.66333	-148
86.66500	-147
86.66667	-147
86.66833	-147
86.67000	-146
86.67167	-147
86.67333	-146
86.67500	-146
86.67667	-145
86.67833	-145
86.68000	-145
86.68167	-145
86.68333	-144
86.68500	-145
86.68667	-144
86.68833	-144
86.69000	-144
86.69167	-144
86.69333	-143
86.69500	-144
86.69667	-143
86.69833	-144
86.70000	-143
86.70167	-143
86.70333	-143
86.70500	-144
86.70667	-143
86.70833	-143
86.71000	-143
86.71167	-143
86.71333	-143
86.71500	-143
86.71667	-143
86.71833	-143
86.72000	-143
86.72167	-144
86.72333	-143
86.72500	-144
86.72667	-143
86.72833	-144
86.73000	-143
86.73167	-144
86.73333	-143
86.73500	-144
86.73667	-144
86.73833	-143
86.74000	-144
86.74167	-144
86.74333	-145
86.74500	-144
86.74667	-145
86.74833	-145
86.75000	-144
86.75167	-145
86.75333	-144
86.75500	-145
86.75667	-145
86.75833	-144
86.76000	-145
86.76167	-144
86.76333	-145
86.76500	-144
86.76667	-144
86.76833	-144
86.77000	-144
86.77167	-144
86.77333	-144
86.77500	-144
86.77667	-143
86.77833	-143
86.78000	-143
86.78167	-143
86.78333	-143
86.78500	-142
86.78667	-143
86.78833	-142
86.79000	-142
86.79167	-142
86.79333	-142
86.79500	-141
86.79667	-142
86.79833	-141
86.80000	-141
86.80167	-142
86.80333	-141
86.80500	-141
86.80667	-140
86.80833	-141
86.81000	-141
86.81167	-141
86.81333	-140
86.81500	-140
86.81667	-141
86.81833	-140
86.82000	-140
86.82167	-140
86.82333	-141
86.82500	-139
86.82667	-140
86.82833	-140
86.83000	-139
86.83167	-140
86.83333	-139
86.83500	-140
86.83667	-139
86.83833	-139
86.84000	-138
86.84167	-139
86.84333	-138
86.84500	-138
86.84667	-138
86.84833	-137
86.85000	-137
86.85167	-138
86.85333	-137
86.85500	-136
86.85667	-137
86.85833	-136
86.86000	-136
86.86167	-136
86.86333	-136
86.86500	-135
86.86667	-135
86.86833	-136
86.87000	-135
86.87167	-135
86.87333	-134
86.87500	-135
86.87667	-134
86.87833	-134
86.88000	-133
86.88167	-134
86.88333	-133
86.88500	-134
86.88667	-132
86.88833	-133
86.89000	-133
86.89167	-132
86.89333	-133
86.89500	-132
86.89667	-131
86.89833	-132
86.90000	-131
86.90167	-131
86.90333	-131
86.90500	-131
86.90667	-131
86.90833	-130
86.91000	-131
86.91167	-130
86.91333	-131
86.91500	-130
86.91667	-130
86.91833	-130
86.92000	-129
86.92167	-130
86.92333	-130
86.92500	-129
86.92667	-130
86.92833	-129
86.93000	-130
86.93167	-129
86.93333	-130
86.93500	-129
86.93667	-129
86.93833	-130
86.94000	-130
86.94167	-129
86.94333	-130
86.94500	-130
86.94667	-130
86.94833	-130
86.95000	-130
86.95167	-130
86.95333	-130
86.95500	-131
86.95667	-130
86.95833	-130
86.96000	-131
86.96167	-130
86.96333	-130
86.96500	-130
86.96667	-130
86.96833	-130
86.97000	-130
86.97167	-129
86.97333	-130
86.97500	-129
86.97667	-129
86.97833	-129
86.98000	-129
86.98167	-128
86.98333	-128
86.98500	-128
86.98667	-128
86.98833	-127
86.99000	-127
86.99167	-127
86.99333	-127
86.99500	-127
86.99667	-126
86.99833	-126
87.00000	-126
87.00167	-126
87.00333	-125
87.00500	-126
87.00667	-125
87.00833	-126
87.01000	-125
87.01167	-126
87.01333	-125
87.01500	-126
87.01667	-126
87.01833	-126
87.02000	-126
87.02167	-125
87.02333	-126
87.02500	-126
87.02667	-126
87.02833	-126
87.03000	-126
87.03167	-127
87.03333	-126
87.03500	-126
87.03667	-127
87.03833	-126
87.04000	-126
87.04167	-126
87.04333	-126
87.04500	-126
87.04667	-126
87.04833	-126
87.05000	-126
87.05167	-125
87.05333	-126
87.05500	-125
87.05667	-125
87.05833	-125
87.06000	-126
87.06167	-125
87.06333	-125
87.06500	-124
87.06667	-125
87.06833	-125
87.07000	-125
87.07167	-125
87.07333	-125
87.07500	-124
87.07667	-125
87.07833	-125
87.08000	-125
87.08167	-124
87.08333	-125
87.08500	-124
87.08667	-125
87.08833	-125
87.09000	-124
87.09167	-125
87.09333	-124
87.09500	-125
87.09667	-124
87.09833	-125
87.10000	-124
87.10167	-124
87.10333	-125
87.10500	-124
87.10667	-124
87.10833	-124
87.11000	-124
87.11167	-124
87.11333	-124
87.11500	-124
87.11667	-124
87.11833	-123
87.12000	-124
87.12167	-124
87.12333	-123
87.12500	-124
87.12667	-123
87.12833	-123
87.13000	-123
87.13167	-123
87.13333	-123
87.13500	-123
87.13667	-122
87.13833	-122
87.14000	-122
87.14167	-122
87.14333	-122
87.14500	-122
87.14667	-121
87.14833	-121
87.15000	-121
87.15167	-121
87.15333	-121
87.15500	-121
87.15667	-120
87.15833	-120
87.16000	-120
87.16167	-120
87.16333	-120
87.16500	-119
87.16667	-120
87.16833	-119
87.17000	-118
87.17167	-119
87.17333	-118
87.17500	-119
87.17667	-118
87.17833	-118
87.18000	-118
87.18167	-117
87.18333	-118
87.18500	-117
87.18667	-117
87.18833	-117
87.19000	-117
87.19167	-117
87.19333	-117
87.19500	-116
87.19667	-116
87.19833	-116
87.20000	-116
87.20167	-116
87.20333	-115
87.20500	-116
87.20667	-115
87.20833	-116
87.21000	-114
87.21167	-115
87.21333	-115
87.21500	-114
87.21667	-115
87.21833	-114
87.22000	-114
87.22167	-114
87.22333	-115
87.22500	-114
87.22667	-114
87.22833	-114
87.23000	-113
87.23167	-114
87.23333	-113
87.23500	-114
87.23667	-113
87.23833	-113
87.24000	-113
87.24167	-113
87.24333	-112
87.24500	-113
87.24667	-113
87.24833	-113
87.25000	-112
87.25167	-113
87.25333	-113
87.25500	-112
87.25667	-113
87.25833	-112
87.26000	-113
87.26167	-112
87.26333	-113
87.26500	-112
87.26667	-112
87.26833	-112
87.27000	-112
87.27167	-113
87.27333	-112
87.27500	-112
87.27667	-112
87.27833	-112
87.28000	-112
87.28167	-113
87.28333	-112
87.28500	-112
87.28667	-112
87.28833	-112
87.29000	-112
87.29167	-112
87.29333	-112
87.29500	-112
87.29667	-111
87.29833	-112
87.30000	-111
87.30167	-112
87.30333	-111
87.30500	-111
87.30667	-111
87.30833	-111
87.31000	-111
87.31167	-110
87.31333	-111
87.31500	-110
87.31667	-111
87.31833	-110
87.32000	-111
87.32167	-110
87.32333	-110
87.32500	-110
87.32667	-110
87.32833	-110
87.33000	-110
87.33167	-110
87.33333	-109
87.33500	-109
87.33667	-109
87.33833	-109
87.34000	-109
87.34167	-108
87.34333	-108
87.34500	-108
87.34667	-108
87.34833	-108
87.35000	-108
87.35167	-108
87.35333	-107
87.35500	-108
87.35667	-108
87.35833	-107
87.36000	-107
87.36167	-108
87.36333	-107
87.36500	-108
87.36667	-107
87.36833	-107
87.37000	-107
87.37167	-107
87.37333	-107
87.37500	-107
87.37667	-107
87.37833	-107
87.38000	-107
87.38167	-107
87.38333	-107
87.38500	-106
87.38667	-107
87.38833	-107
87.39000	-106
87.39167	-107
87.39333	-106
87.39500	-106
87.39667	-106
87.39833	-106
87.40000	-106
87.40167	-105
87.40333	-105
87.40500	-105
87.40667	-105
87.40833	-105
87.41000	-104
87.41167	-104
87.41333	-104
87.41500	-104
87.41667	-103
87.41833	-103
87.42000	-103
87.42167	-103
87.42333	-103
87.42500	-102
87.42667	-102
87.42833	-102
87.43000	-102
87.43167	-102
87.43333	-101
87.43500	-102
87.43667	-101
87.43833	-101
87.44000	-101
87.44167	-101
87.44333	-101
87.44500	-101
87.44667	-101
87.44833	-101
87.45000	-101
87.45167	-101
87.45333	-101
87.45500	-101
87.45667	-101
87.45833	-101
87.46000	-101
87.46167	-102
87.46333	-101
87.46500	-101
87.46667	-102
87.46833	-101
87.47000	-102
87.47167	-101
87.47333	-101
87.47500	-102
87.47667	-101
87.47833	-101
87.48000	-101
87.48167	-101
87.48333	-101
87.48500	-101
87.48667	-101
87.48833	-100
87.49000	-100
87.49167	-100
87.49333	-100
87.49500	-99
87.49667	-99
87.49833	-99
87.50000	-98
87.50167	-98
87.50333	-98
87.50500	-98
87.50667	-97
87.50833	-97
87.51000	-97
87.51167	-96
87.51333	-97
87.51500	-95
87.51667	-96
87.51833	-95
87.52000	-95
87.52167	-94
87.52333	-94
87.52500	-94
87.52667	-94
87.52833	-93
87.53000	-93
87.53167	-93
87.53333	-93
87.53500	-93
87.53667	-92
87.53833	-92
87.54000	-92
87.54167	-92
87.54333	-91
87.54500	-92
87.54667	-91
87.54833	-90
87.55000	-91
87.55167	-90
87.55333	-90
87.55500	-90
87.55667	-90
87.55833	-90
87.56000	-89
87.56167	-89
87.56333	-89
87.56500	-90
87.56667	-89
87.56833	-88
87.57000	-89
87.57167	-88
87.57333	-89
87.57500	-88
87.57667	-88
87.57833	-87
87.58000	-88
87.58167	-87
87.58333	-88
87.58500	-87
87.58667	-87
87.58833	-87
87.59000	-86
87.59167	-87
87.59333	-86
87.59500	-85
87.59667	-86
87.59833	-85
87.60000	-85
87.60167	-85
87.60333	-84
87.60500	-84
87.60667	-84
87.60833	-83
87.61000	-83
87.61167	-83
87.61333	-82
87.61500	-82
87.61667	-82
87.61833	-81
87.62000	-81
87.62167	-81
87.62333	-80
87.62500	-80
87.62667	-80
87.62833	-80
87.63000	-79
87.63167	-79
87.63333	-78
87.63500	-78
87.63667	-78
87.63833	-77
87.64000	-78
87.64167	-77
87.64333	-77
87.64500	-76
87.64667	-76
87.64833	-75
87.65000	-76
87.65167	-74
87.65333	-74
87.65500	-74
87.65667	-74
87.65833	-72
87.66000	-73
87.66167	-72
87.66333	-72
87.66500	-72
87.66667	-71
87.66833	-70
87.67000	-71
87.67167	-70
87.67333	-69
87.67500	-70
87.67667	-69
87.67833	-68
87.68000	-69
87.68167	-67
87.68333	-67
87.68500	-67
87.68667	-67
87.68833	-66
87.69000	-66
87.69167	-66
87.69333	-65
87.69500	-65
87.69667	-65
87.69833	-64
87.70000	-65
87.70167	-64
87.70333	-64
87.70500	-63
87.70667	-64
87.70833	-63
87.71000	-63
87.71167	-63
87.71333	-62
87.71500	-63
87.71667	-62
87.71833	-62
87.72000	-62
87.72167	-62
87.72333	-61
87.72500	-61
87.72667	-61
87.72833	-61
87.73000	-61
87.73167	-60
87.73333	-61
87.73500	-60
87.73667	-61
87.73833	-60
87.74000	-60
87.74167	-60
87.74333	-60
87.74500	-60
87.74667	-60
87.74833	-60
87.75000	-59
87.75167	-59
87.75333	-60
87.75500	-59
87.75667	-59
87.75833	-59
87.76000	-59
87.76167	-59
87.76333	-58
87.76500	-58
87.76667	-59
87.76833	-57
87.77000	-58
87.77167	-58
87.77333	-57
87.77500	-57
87.77667	-56
87.77833	-57
87.78000	-55
87.78167	-56
87.78333	-55
87.78500	-55
87.78667	-55
87.78833	-55
87.79000	-54
87.79167	-54
87.79333	-54
87.79500	-53
87.79667	-53
87.79833	-53
87.80000	-52
87.80167	-52
87.80333	-52
87.80500	-51
87.80667	-51
87.80833	-50
87.81000	-50
87.81167	-49
87.81333	-49
87.81500	-48
87.81667	-47
87.81833	-47
87.82000	-47
87.82167	-46
87.82333	-46
87.82500	-45
87.82667	-45
87.82833	-44
87.83000	-44
87.83167	-44
87.83333	-43
87.83500	-43
87.83667	-43
87.83833	-42
87.84000	-42
87.84167	-42
87.84333	-41
87.84500	-41
87.84667	-41
87.84833	-41
87.85000	-41
87.85167	-40
87.85333	-40
87.85500	-40
87.85667	-40
87.85833	-40
87.86000	-39
87.86167	-39
87.86333	-39
87.86500	-39
87.86667	-39
87.86833	-38
87.87000	-38
87.87167	-38
87.87333	-37
87.87500	-37
87.87667	-37
87.87833	-37
87.88000	-36
87.88167	-35
87.88333	-36
87.88500	-35
87.88667	-35
87.88833	-34
87.89000	-34
87.89167	-33
87.89333	-34
87.89500	-32
87.89667	-33
87.89833	-32
87.90000	-31
87.90167	-31
87.90333	-31
87.90500	-30
87.90667	-29
87.90833	-30
87.91000	-29
87.91167	-29
87.91333	-28
87.91500	-27
87.91667	-27
87.91833	-27
87.92000	-26
87.92167	-25
87.92333	-25
87.92500	-25
87.92667	-24
87.92833	-24
87.93000	-23
87.93167	-23
87.93333	-22
87.93500	-22
87.93667	-21
87.93833	-20
87.94000	-21
87.94167	-19
87.94333	-20
87.94500	-18
87.94667	-18
87.94833	-18
87.95000	-17
87.95167	-16
87.95333	-16
87.95500	-16
87.95667	-15
87.95833	-15
87.96000	-14
87.96167	-13
87.96333	-14
87.96500	-13
87.96667	-12
87.96833	-13
87.97000	-12
87.97167	-11
87.97333	-11
87.97500	-11
87.97667	-10
87.97833	-10
87.98000	-9
87.98167	-9
87.98333	-9
87.98500	-8
87.98667	-7
87.98833	-8
87.99000	-6
87.99167	-7
87.99333	-6
87.99500	-5
87.99667	-5
87.99833	-5
88.00000	-4
88.00167	-4
88.00333	-3
88.00500	-2
88.00667	-3
88.00833	-1
88.01000	-1
88.01167	-1
88.01333	0
88.01500	1
88.01667	2
88.01833	2
88.02000	3
88.02167	3
88.02333	3
88.02500	4
88.02667	5
88.02833	6
88.03000	6
88.03167	7
88.03333	7
88.03500	8
88.03667	9
88.03833	10
88.04000	11
88.04167	11
88.04333	12
88.04500	13
88.04667	13
88.04833	15
88.05000	15
88.05167	16
88.05333	17
88.05500	17
88.05667	18
88.05833	19
88.06000	20
88.06167	21
88.06333	20
88.06500	22
88.06667	23
88.06833	23
88.07000	24
88.07167	25
88.07333	26
88.07500	26
88.07667	28
88.07833	28
88.08000	28
88.08167	30
88.08333	29
88.08500	31
88.08667	31
88.08833	33
88.09000	32
88.09167	34
88.09333	35
88.09500	35
88.09667	36
88.09833	38
88.10000	37
88.10167	38
88.10333	40
88.10500	39
88.10667	41
88.10833	41
88.11000	42
88.11167	42
88.11333	43
88.11500	44
88.11667	44
88.11833	46
88.12000	46
88.12167	46
88.12333	47
88.12500	48
88.12667	49
88.12833	49
88.13000	50
88.13167	51
88.13333	52
88.13500	53
88.13667	53
88.13833	54
88.14000	55
88.14167	56
88.14333	57
88.14500	58
88.14667	58
88.14833	60
88.15000	60
88.15167	62
88.15333	62
88.15500	63
88.15667	65
88.15833	65
88.16000	67
88.16167	67
88.16333	69
88.16500	70
88.16667	70
88.16833	72
88.17000	73
88.17167	73
88.17333	75
88.17500	76
88.17667	77
88.17833	78
88.18000	79
88.18167	80
88.18333	82
88.18500	82
88.18667	83
88.18833	85
88.19000	85
88.19167	87
88.19333	88
88.19500	88
88.19667	90
88.19833	90
88.20000	92
88.20167	93
88.20333	95
88.20500	95
88.20667	96
88.20833	98
88.21000	98
88.21167	100
88.21333	101
88.21500	102
88.21667	103
88.21833	104
88.22000	105
88.22167	107
88.22333	108
88.22500	109
88.22667	110
88.22833	111
88.23000	113
88.23167	114
88.23333	115
88.23500	116
88.23667	118
88.23833	118
88.24000	120
88.24167	121
88.24333	122
88.24500	124
88.24667	124
88.24833	126
88.25000	127
88.25167	128
88.25333	130
88.25500	130
88.25667	132
88.25833	132
88.26000	134
88.26167	135
88.26333	135
88.26500	137
88.26667	138
88.26833	140
88.27000	141
88.27167	142
88.27333	143
88.27500	144
88.27667	146
88.27833	147
88.28000	148
88.28167	150
88.28333	152
88.28500	153
88.28667	154
88.28833	155
88.29000	157
88.29167	158
88.29333	160
88.29500	162
88.29667	163
88.29833	165
88.30000	166
88.30167	167
88.30333	169
88.30500	171
88.30667	171
88.30833	174
88.31000	174
88.31167	177
88.31333	178
88.31500	179
88.31667	181
88.31833	182
88.32000	184
88.32167	185
88.32333	186
88.32500	188
88.32667	190
88.32833	191
88.33000	192
88.33167	194
88.33333	195
88.33500	197
88.33667	198
88.33833	200
88.34000	202
88.34167	203
88.34333	205
88.34500	206
88.34667	208
88.34833	210
88.35000	212
88.35167	214
88.35333	215
88.35500	218
88.35667	219
88.35833	221
88.36000	223
88.36167	225
88.36333	226
88.36500	229
88.36667	231
88.36833	232
88.37000	235
88.37167	236
88.37333	238
88.37500	241
88.37667	242
88.37833	245
88.38000	247
88.38167	249
88.38333	252
88.38500	253
88.38667	254
88.38833	258
88.39000	259
88.39167	262
88.39333	263
88.39500	266
88.39667	268
88.39833	269
88.40000	272
88.40167	275
88.40333	276
88.40500	279
88.40667	280
88.40833	284
88.41000	285
88.41167	287
88.41333	289
88.41500	292
88.41667	294
88.41833	297
88.42000	299
88.42167	301
88.42333	304
88.42500	306
88.42667	308
88.42833	310
88.43000	313
88.43167	316
88.43333	318
88.43500	321
88.43667	323
88.43833	326
88.44000	328
88.44167	331
88.44333	334
88.44500	336
88.44667	338
88.44833	341
88.45000	344
88.45167	347
88.45333	349
88.45500	351
88.45667	355
88.45833	357
88.46000	359
88.46167	363
88.46333	365
88.46500	368
88.46667	370
88.46833	374
88.47000	376
88.47167	379
88.47333	382
88.47500	384
88.47667	388
88.47833	391
88.48000	393
88.48167	397
88.48333	399
88.48500	403
88.48667	405
88.48833	409
88.49000	412
88.49167	415
88.49333	419
88.49500	421
88.49667	425
88.49833	429
88.50000	432
88.50167	435
88.50333	439
88.50500	441
88.50667	445
88.50833	449
88.51000	452
88.51167	455
88.51333	459
88.51500	463
88.51667	465
88.51833	470
88.52000	473
88.52167	476
88.52333	480
88.52500	483
88.52667	487
88.52833	491
88.53000	494
88.53167	498
88.53333	501
88.53500	506
88.53667	509
88.53833	513
88.54000	516
88.54167	520
88.54333	524
88.54500	527
88.54667	532
88.54833	535
88.55000	539
88.55167	543
88.55333	547
88.55500	551
88.55667	554
88.55833	559
88.56000	562
88.56167	566
88.56333	570
88.56500	574
88.56667	577
88.56833	582
88.57000	585
88.57167	589
88.57333	593
88.57500	597
88.57667	601
88.57833	606
88.58000	609
88.58167	613
88.58333	617
88.58500	621
88.58667	625
88.58833	630
88.59000	633
88.59167	637
88.59333	642
88.59500	645
88.59667	650
88.59833	654
88.60000	658
88.60167	663
88.60333	667
88.60500	670
88.60667	675
88.60833	679
88.61000	684
88.61167	688
88.61333	693
88.61500	697
88.61667	702
88.61833	706
88.62000	710
88.62167	715
88.62333	720
88.62500	724
88.62667	728
88.62833	733
88.63000	738
88.63167	743
88.63333	747
88.63500	753
88.63667	757
88.63833	762
88.64000	767
88.64167	772
88.64333	776
88.64500	782
88.64667	787
88.64833	791
88.65000	797
88.65167	802
88.65333	807
88.65500	812
88.65667	817
88.65833	822
88.66000	827
88.66167	833
88.66333	837
88.66500	843
88.66667	848
88.66833	853
88.67000	858
88.67167	864
88.67333	869
88.67500	874
88.67667	879
88.67833	884
88.68000	889
88.68167	894
88.68333	900
88.68500	904
88.68667	910
88.68833	915
88.69000	921
88.69167	925
88.69333	931
88.69500	936
88.69667	941
88.69833	946
88.70000	952
88.70167	957
88.70333	962
88.70500	967
88.70667	973
88.70833	979
88.71000	984
88.71167	990
88.71333	995
88.71500	1001
88.71667	1006
88.71833	1012
88.72000	1017
88.72167	1024
88.72333	1029
88.72500	1034
88.72667	1041
88.72833	1046
88.73000	1051
88.73167	1058
88.73333	1064
88.73500	1069
88.73667	1075
88.73833	1081
88.74000	1087
88.74167	1093
88.74333	1098
88.74500	1104
88.74667	1111
88.74833	1116
88.75000	1123
88.75167	1128
88.75333	1134
88.75500	1140
88.75667	1146
88.75833	1152
88.76000	1158
88.76167	1164
88.76333	1170
88.76500	1176
88.76667	1182
88.76833	1188
88.77000	1194
88.77167	1201
88.77333	1206
88.77500	1213
88.77667	1218
88.77833	1225
88.78000	1231
88.78167	1238
88.78333	1243
88.78500	1250
88.78667	1256
88.78833	1263
88.79000	1269
88.79167	1275
88.79333	1282
88.79500	1288
88.79667	1295
88.79833	1302
88.80000	1307
88.80167	1315
88.80333	1321
88.80500	1327
88.80667	1334
88.80833	1340
88.81000	1347
88.81167	1354
88.81333	1360
88.81500	1366
88.81667	1373
88.81833	1380
88.82000	1386
88.82167	1393
88.82333	1399
88.82500	1405
88.82667	1412
88.82833	1418
88.83000	1425
88.83167	1431
88.83333	1438
88.83500	1445
88.83667	1451
88.83833	1457
88.84000	1464
88.84167	1470
88.84333	1477
88.84500	1483
88.84667	1489
88.84833	1496
88.85000	1502
88.85167	1508
88.85333	1515
88.85500	1522
88.85667	1527
88.85833	1534
88.86000	1541
88.86167	1546
88.86333	1553
88.86500	1559
88.86667	1566
88.86833	1571
88.87000	1578
88.87167	1585
88.87333	1591
88.87500	1597
88.87667	1603
88.87833	1610
88.88000	1615
88.88167	1622
88.88333	1628
88.88500	1635
88.88667	1640
88.88833	1647
88.89000	1652
88.89167	1659
88.89333	1666
88.89500	1671
88.89667	1678
88.89833	1684
88.90000	1690
88.90167	1696
88.90333	1702
88.90500	1708
88.90667	1715
88.90833	1721
88.91000	1727
88.91167	1734
88.91333	1740
88.91500	1746
88.91667	1752
88.91833	1760
88.92000	1765
88.92167	1772
88.92333	1778
88.92500	1784
88.92667	1791
88.92833	1798
88.93000	1804
88.93167	1810
88.93333	1816
88.93500	1823
88.93667	1830
88.93833	1836
88.94000	1842
88.94167	1848
88.94333	1855
88.94500	1862
88.94667	1867
88.94833	1874
88.95000	1880
88.95167	1887
88.95333	1893
88.95500	1900
88.95667	1906
88.95833	1912
88.96000	1918
88.96167	1925
88.96333	1931
88.96500	1938
88.96667	1943
88.96833	1950
88.97000	1957
88.97167	1962
88.97333	1970
88.97500	1975
88.97667	1982
88.97833	1988
88.98000	1995
88.98167	2000
88.98333	2008
88.98500	2013
88.98667	2019
88.98833	2025
88.99000	2032
88.99167	2038
88.99333	2045
88.99500	2050
88.99667	2056
88.99833	2063
89.00000	2068
89.00167	2075
89.00333	2081
89.00500	2086
89.00667	2093
89.00833	2098
89.01000	2105
89.01167	2110
89.01333	2117
89.01500	2122
89.01667	2129
89.01833	2134
89.02000	2140
89.02167	2146
89.02333	2152
89.02500	2158
89.02667	2163
89.02833	2170
89.03000	2175
89.03167	2181
89.03333	2188
89.03500	2193
89.03667	2199
89.03833	2205
89.04000	2211
89.04167	2216
89.04333	2222
89.04500	2229
89.04667	2234
89.04833	2240
89.05000	2245
89.05167	2252
89.05333	2258
89.05500	2263
89.05667	2270
89.05833	2275
89.06000	2281
89.06167	2287
89.06333	2293
89.06500	2298
89.06667	2305
89.06833	2310
89.07000	2316
89.07167	2322
89.07333	2327
89.07500	2333
89.07667	2339
89.07833	2345
89.08000	2350
89.08167	2356
89.08333	2361
89.08500	2366
89.08667	2373
89.08833	2378
89.09000	2383
89.09167	2389
89.09333	2394
89.09500	2400
89.09667	2406
89.09833	2411
89.10000	2416
89.10167	2422
89.10333	2427
89.10500	2433
89.10667	2437
89.10833	2444
89.11000	2448
89.11167	2454
89.11333	2460
89.11500	2465
89.11667	2470
89.11833	2476
89.12000	2481
89.12167	2486
89.12333	2492
89.12500	2497
89.12667	2502
89.12833	2508
89.13000	2514
89.13167	2518
89.13333	2524
89.13500	2529
89.13667	2535
89.13833	2540
89.14000	2545
89.14167	2550
89.14333	2555
89.14500	2561
89.14667	2565
89.14833	2571
89.15000	2576
89.15167	2581
89.15333	2586
89.15500	2591
89.15667	2596
89.15833	2601
89.16000	2607
89.16167	2611
89.16333	2615
89.16500	2621
89.16667	2626
89.16833	2630
89.17000	2635
89.17167	2640
89.17333	2645
89.17500	2650
89.17667	2655
89.17833	2660
89.18000	2664
89.18167	2670
89.18333	2674
89.18500	2679
89.18667	2684
89.18833	2688
89.19000	2694
89.19167	2698
89.19333	2703
89.19500	2708
89.19667	2713
89.19833	2717
89.20000	2722
89.20167	2727
89.20333	2732
89.20500	2736
89.20667	2742
89.20833	2746
89.21000	2751
89.21167	2755
89.21333	2760
89.21500	2765
89.21667	2769
89.21833	2774
89.22000	2779
89.22167	2783
89.22333	2787
89.22500	2792
89.22667	2797
89.22833	2801
89.23000	2806
89.23167	2810
89.23333	2814
89.23500	2819
89.23667	2823
89.23833	2827
89.24000	2831
89.24167	2836
89.24333	2840
89.24500	2844
89.24667	2848
89.24833	2853
89.25000	2856
89.25167	2861
89.25333	2864
89.25500	2869
89.25667	2872
89.25833	2877
89.26000	2880
89.26167	2885
89.26333	2888
89.26500	2892
89.26667	2896
89.26833	2900
89.27000	2904
89.27167	2908
89.27333	2912
89.27500	2915
89.27667	2920
89.27833	2923
89.28000	2927
89.28167	2930
89.28333	2935
89.28500	2938
89.28667	2941
89.28833	2946
89.29000	2949
89.29167	2953
89.29333	2957
89.29500	2961
89.29667	2965
89.29833	2969
89.30000	2972
89.30167	2975
89.30333	2980
89.30500	2983
89.30667	2987
89.30833	2990
89.31000	2995
89.31167	2998
89.31333	3002
89.31500	3006
89.31667	3010
89.31833	3013
89.32000	3018
89.32167	3021
89.32333	3025
89.32500	3029
89.32667	3033
89.32833	3036
89.33000	3040
89.33167	3044
89.33333	3048
89.33500	3051
89.33667	3055
89.33833	3059
89.34000	3062
89.34167	3066
89.34333	3070
89.34500	3073
89.34667	3077
89.34833	3080
89.35000	3085
89.35167	3087
89.35333	3092
89.35500	3095
89.35667	3098
89.35833	3103
89.36000	3105
89.36167	3109
89.36333	3112
89.36500	3116
89.36667	3119
89.36833	3122
89.37000	3125
89.37167	3129
89.37333	3132
89.37500	3135
89.37667	3139
89.37833	3142
89.38000	3145
89.38167	3148
89.38333	3152
89.38500	3154
89.38667	3158
89.38833	3161
89.39000	3164
89.39167	3167
89.39333	3170
89.39500	3173
89.39667	3177
89.39833	3179
89.40000	3182
89.40167	3186
89.40333	3188
89.40500	3192
89.40667	3194
89.40833	3197
89.41000	3200
89.41167	3203
89.41333	3206
89.41500	3209
89.41667	3212
89.41833	3215
89.42000	3217
89.42167	3221
89.42333	3223
89.42500	3227
89.42667	3229
89.42833	3232
89.43000	3235
89.43167	3237
89.43333	3241
89.43500	3243
89.43667	3247
89.43833	3249
89.44000	3252
89.44167	3254
89.44333	3257
89.44500	3260
89.44667	3262
89.44833	3266
89.45000	3267
89.45167	3270
89.45333	3273
89.45500	3275
89.45667	3278
89.45833	3281
89.46000	3282
89.46167	3286
89.46333	3288
89.46500	3290
89.46667	3293
89.46833	3295
89.47000	3298
89.47167	3301
89.47333	3303
89.47500	3306
89.47667	3308
89.47833	3311
89.48000	3313
89.48167	3316
89.48333	3319
89.48500	3321
89.48667	3324
89.48833	3327
89.49000	3330
89.49167	3332
89.49333	3335
89.49500	3337
89.49667	3340
89.49833	3343
89.50000	3346
89.50167	3349
89.50333	3351
89.50500	3354
89.50667	3356
89.50833	3359
89.51000	3362
89.51167	3364
89.51333	3367
89.51500	3369
89.51667	3372
89.51833	3374
89.52000	3377
89.52167	3379
89.52333	3381
89.52500	3384
89.52667	3386
89.52833	3388
89.53000	3391
89.53167	3393
89.53333	3395
89.53500	3397
89.53667	3400
89.53833	3403
89.54000	3405
89.54167	3407
89.54333	3409
89.54500	3411
89.54667	3414
89.54833	3416
89.55000	3419
89.55167	3421
89.55333	3423
89.55500	3426
89.55667	3428
89.55833	3430
89.56000	3432
89.56167	3434
89.56333	3437
89.56500	3438
89.56667	3441
89.56833	3443
89.57000	3445
89.57167	3447
89.57333	3449
89.57500	3451
89.57667	3454
89.57833	3455
89.58000	3457
89.58167	3460
89.58333	3461
89.58500	3464
89.58667	3466
89.58833	3468
89.59000	3470
89.59167	3472
89.59333	3474
89.59500	3476
89.59667	3478
89.59833	3480
89.60000	3482
89.60167	3484
89.60333	3485
89.60500	3488
89.60667	3489
89.60833	3491
89.61000	3493
89.61167	3495
89.61333	3497
89.61500	3498
89.61667	3501
89.61833	3502
89.62000	3503
89.62167	3506
89.62333	3507
89.62500	3509
89.62667	3510
89.62833	3512
89.63000	3514
89.63167	3515
89.63333	3517
89.63500	3519
89.63667	3520
89.63833	3521
89.64000	3523
89.64167	3525
89.64333	3526
89.64500	3528
89.64667	3529
89.64833	3531
89.65000	3533
89.65167	3534
89.65333	3535
89.65500	3538
89.65667	3538
89.65833	3541
89.66000	3542
89.66167	3544
89.66333	3545
89.66500	3547
89.66667	3549
89.66833	3550
89.67000	3552
89.67167	3553
89.67333	3556
89.67500	3557
89.67667	3559
89.67833	3560
89.68000	3562
89.68167	3564
89.68333	3566
89.68500	3567
89.68667	3569
89.68833	3570
89.69000	3573
89.69167	3574
89.69333	3575
89.69500	3578
89.69667	3579
89.69833	3580
89.70000	3583
89.70167	3584
89.70333	3585
89.70500	3587
89.70667	3588
89.70833	3590
89.71000	3591
89.71167	3592
89.71333	3594
89.71500	3595
89.71667	3596
89.71833	3598
89.72000	3599
89.72167	3600
89.72333	3602
89.72500	3603
89.72667	3603
89.72833	3605
89.73000	3606
89.73167	3607
89.73333	3608
89.73500	3609
89.73667	3611
89.73833	3611
89.74000	3613
89.74167	3614
89.74333	3615
89.74500	3615
89.74667	3618
89.74833	3618
89.75000	3619
89.75167	3621
89.75333	3622
89.75500	3623
89.75667	3624
89.75833	3625
89.76000	3626
89.76167	3628
89.76333	3629
89.76500	3630
89.76667	3631
89.76833	3633
89.77000	3633
89.77167	3635
89.77333	3636
89.77500	3637
89.77667	3637
89.77833	3639
89.78000	3640
89.78167	3642
89.78333	3642
89.78500	3644
89.78667	3644
89.78833	3646
89.79000	3647
89.79167	3648
89.79333	3649
89.79500	3650
89.79667	3650
89.79833	3652
89.80000	3653
89.80167	3654
89.80333	3655
89.80500	3656
89.80667	3657
89.80833	3658
89.81000	3659
89.81167	3660
89.81333	3661
89.81500	3662
89.81667	3663
89.81833	3664
89.82000	3665
89.82167	3666
89.82333	3667
89.82500	3668
89.82667	3669
89.82833	3669
89.83000	3671
89.83167	3671
89.83333	3672
89.83500	3673
89.83667	3674
89.83833	3675
89.84000	3675
89.84167	3676
89.84333	3677
89.84500	3677
89.84667	3679
89.84833	3679
89.85000	3680
89.85167	3680
89.85333	3681
89.85500	3682
89.85667	3683
89.85833	3683
89.86000	3685
89.86167	3685
89.86333	3686
89.86500	3686
89.86667	3688
89.86833	3688
89.87000	3689
89.87167	3689
89.87333	3691
89.87500	3691
89.87667	3692
89.87833	3693
89.88000	3693
89.88167	3694
89.88333	3695
89.88500	3696
89.88667	3697
89.88833	3697
89.89000	3699
89.89167	3699
89.89333	3700
89.89500	3700
89.89667	3701
89.89833	3702
89.90000	3702
89.90167	3703
89.90333	3704
89.90500	3705
89.90667	3704
89.90833	3705
89.91000	3706
89.91167	3706
89.91333	3707
89.91500	3707
89.91667	3708
89.91833	3709
89.92000	3709
89.92167	3709
89.92333	3711
89.92500	3710
89.92667	3712
89.92833	3712
89.93000	3712
89.93167	3713
89.93333	3714
89.93500	3714
89.93667	3715
89.93833	3716
89.94000	3716
89.94167	3717
89.94333	3717
89.94500	3717
89.94667	3719
89.94833	3719
89.95000	3720
89.95167	3720
89.95333	3721
89.95500	3721
89.95667	3723
89.95833	3722
89.96000	3723
89.96167	3724
89.96333	3724
89.96500	3725
89.96667	3726
89.96833	3726
89.97000	3726
89.97167	3727
89.97333	3728
89.97500	3728
89.97667	3728
89.97833	3729
89.98000	3730
89.98167	3730
89.98333	3731
89.98500	3731
89.98667	3732
89.98833	3732
89.99000	3732
89.99167	3733
89.99333	3733
89.99500	3734
89.99667	3734
89.99833	3734
90.00000	3735

[Chromatogram Additional (Ch1)]
Maximum	5235
Minimum	-199

